hash,author,date,msg
915711c8a4e60f606a8417ad033cea5385364c07,Thomas Munro,2025-12-31 14:50:23+13:00,jit: Fix jit_profiling_support when unavailable.
bc6374cd76abb2e6a48c4b57c0b5a7baa5babd67,Tom Lane,2025-12-30 18:26:23-05:00,Change IndexAmRoutines to be statically-allocated structs.
736f754eed01ca81198b6cd7421321088cbe5ded,Masahiko Sawada,2025-12-30 13:12:10-08:00,Add dead items memory usage to VACUUM (VERBOSE) and autovacuum logs.
2a5225b99d7659b4e641f5397ca9e7ad625e6726,Masahiko Sawada,2025-12-30 10:56:30-08:00,Fix a race condition in updating procArray->replication_slot_xmin.
ffdcc9c638eeb71d2e6990e27f91623736603b58,Michael Paquier,2025-12-30 16:42:21+09:00,Fix comment in lsyscache.c
1a28b4b455df41725ea2115ae2a2fd9b33a20ae5,Thomas Munro,2025-12-30 20:24:42+13:00,jit: Drop redundant LLVM configure probes.
97b101776ce23dd6c4abbdae213806bc24ed6133,Michael Paquier,2025-12-30 15:38:50+09:00,Add pg_get_multixact_stats()
0e3ad4b96aedee57fc2694e28486fe0ceca8110a,Michael Paquier,2025-12-30 14:13:40+09:00,Add MultiXactOffsetStorageSize() to multixact_internal.h
9cf746a453c15ffdf652a6d50683bfd82e654950,Michael Paquier,2025-12-30 14:03:49+09:00,Change GetMultiXactInfo() to return the next multixact offset
7da9d8f2db655eefba8757a66097bfabd3660a82,Thomas Munro,2025-12-30 14:34:32+13:00,jit: Remove -Wno-deprecated-declarations in 18+.
bd3e3e9e56830e1b1448b559743b0f0a90a6e38d,Tom Lane,2025-12-29 13:01:27-05:00,Ensure sanity of hash-join costing when there are no MCV statistics.
cb77bc04422fbbd1be48dde9794bfc0d0e5d7ad5,Tom Lane,2025-12-29 12:53:49-05:00,Further stabilize a postgres_fdw test case.
45d92b76dc4ac31d44e46ca38bee12d5d8fac1f5,Thomas Munro,2025-12-29 15:47:31+13:00,Fix Mkvcbuild.pm builds of test_cloexec.c.
559f9e90dbbd5d72b1da802703317913280c5080,Richard Guo,2025-12-29 11:40:45+09:00,Ignore PlaceHolderVars when looking up statistics
ad66f705fa6796b40311a8210e9f37144df02ef5,Richard Guo,2025-12-29 11:38:49+09:00,Strip PlaceHolderVars from index operands
b7057e43467ff2d7c04c3abcf5ec35fcc7db9611,Peter Eisentraut,2025-12-28 14:34:12+01:00,Change some Datum to void * for opaque pass-through pointer
9adf32da6b48e423e632ac24d6c634021e1ab154,Michael Paquier,2025-12-28 09:17:42+09:00,Split some long Makefile lists
a9123db14a12e2e2dfb93dbbef4f2cdc2986023b,Daniel Gustafsson,2025-12-27 23:47:40+01:00,Fix incorrectly spelled city name
b63443718a4a3a50304610e6ccda93bbfa06a1e6,Peter Eisentraut,2025-12-27 23:46:28+01:00,Remove MsgType type
ec0da9b89377960553a3d9054ec79c0512742275,Daniel Gustafsson,2025-12-27 23:05:48+01:00,Add oauth_validator_libraries to variable_is_guc_list_quote
36b8f4974a884a7206df97f37ea62d2adc0b77f0,Michael Paquier,2025-12-27 17:23:30+09:00,Fix pg_stat_get_backend_activity() to use multi-byte truncated result
e82e9aaa6a2942505c2c328426778787e4976ea6,Bruce Momjian,2025-12-26 17:34:17-05:00,"doc:  warn about the use of ""ctid"" queries beyond the examples"
f8a4cad8f42ea5232b56199f677a4752940d76ea,Michael Paquier,2025-12-26 15:25:46+09:00,doc: Remove duplicate word in ECPG description
bde3a4616072534fd03c75f9019d5165665ed211,Michael Paquier,2025-12-26 08:41:56+09:00,Upgrade BufFile to use int64 for byte positions
eee19a30d60dacf571f44c252f3f8d455fee2b4f,Michael Paquier,2025-12-26 07:53:46+09:00,Fix typo in stat_utils.c
213a1b89527049cb27bbcd6871fdb0c0916b43e1,Michael Paquier,2025-12-25 15:13:39+09:00,Move attribute statistics functions to stat_utils.c
325808cac9b379869099f47fe4f8198ddd7805c0,Richard Guo,2025-12-25 12:12:52+09:00,Fix planner error with SRFs and grouping sets
c5c808f9b30b098421ad9f255954c4b16d121ab4,Masahiko Sawada,2025-12-24 13:55:29-08:00,psql: Fix tab completion for VACUUM option values.
41808377fec7e6d5bb80f550f3640a503470da23,Bruce Momjian,2025-12-24 15:12:01-05:00,"doc:  change ""can not"" to ""cannot"""
0de5f0d869d1e06f172f10adf441e504174cf2fe,Masahiko Sawada,2025-12-24 10:48:27-08:00,Fix regression test failure when wal_level is set to minimal.
008beba005c9990e2ba2a729c08585f051a24950,Fujii Masao,2025-12-25 00:27:19+09:00,doc: Use proper tags in pg_overexplain documentation.
d1b35952da0fa94329b66f8a7768c61a416c6271,Fujii Masao,2025-12-24 23:45:19+09:00,Fix CREATE SUBSCRIPTION failure when the publisher runs on pre-PG19.
5e813edb55ed16f3b5540f099319bcca7ca1b816,Fujii Masao,2025-12-24 23:25:00+09:00,Fix version check for retain_dead_tuples subscription option.
98e8fe57c24f69f9248a1fea09f618f10cc168d7,Amit Kapila,2025-12-24 10:29:53+00:00,Update comments to reflect changes in 8e0d32a4a1.
dc6c879455e2db9adb7cf656ac29fdddeac39d77,Amit Kapila,2025-12-24 09:22:00+00:00,Doc: Clarify publication privilege requirements.
c8d2f68cc800e02f858f8f59e3e9ba46ce43e880,Richard Guo,2025-12-24 18:00:44+09:00,Teach expr_is_nonnullable() to handle more expression types
cb7b7ec7a1c6d8933b7e731be2dd101080822cf8,Richard Guo,2025-12-24 18:00:02+09:00,Optimize ROW(...) IS [NOT] NULL using non-nullable fields
10c4fe074a92eccf9fa6f7a39fe4d3f97b9b87e2,Richard Guo,2025-12-24 17:58:49+09:00,Simplify COALESCE expressions using non-nullable arguments
b947dd5c75b1f9681d07bf58969233e7c9a73eff,Michael Paquier,2025-12-24 17:09:13+09:00,Improve comment in pgstatfuncs.c
1528b0d899d65e0b01120f7d06c23256d390e4fe,Amit Kapila,2025-12-24 04:36:39+00:00,Don't advance origin during apply failure.
9f7565c6c2d45df9705556c60f41394a8356cdf9,Tom Lane,2025-12-23 21:38:43-05:00,Fix another case of indirectly casting away const.
2214a207ee8170afce79478df3b37114a94d976e,Bruce Momjian,2025-12-23 20:36:11-05:00,"C comment:  fix psql ""pstdout"" duplicate to ""pstdin"""
55c46bbf3a09a20d09d423c5dd4fded64d179d3e,Masahiko Sawada,2025-12-23 10:33:06-08:00,pg_visibility: Use visibilitymap_count instead of loop.
67c20979ce72b8c236622e5603f9775968ff501c,Masahiko Sawada,2025-12-23 10:13:16-08:00,Toggle logical decoding dynamically based on logical slot presence.
955f5506863dce0a3416e3fae7c3297dbbaa946d,Heikki Linnakangas,2025-12-23 13:37:16+02:00,Fix bug in following update chain when locking a heap tuple
8e0d32a4a1bfbae7f8340679c3586626b5fe3a08,Michael Paquier,2025-12-23 14:32:14+09:00,Fix orphaned origin in shared memory after DROP SUBSCRIPTION
ea97154fc2f5ff830b1b9a6fc6cf540042c28cbc,Bruce Momjian,2025-12-22 19:42:11-05:00,"doc:  add ""DO"" to ""ON CONFLICT"" in CREATE VIEW text"
e5f3839af685c303d8ebcc1ea0d407c124372931,Michael Paquier,2025-12-23 07:41:34+09:00,Switch buffile.c/h to use pgoff_t instead of off_t
c6a7d3bab493e8d589f24d239db00ce5c2934178,Masahiko Sawada,2025-12-22 14:28:12-08:00,psql: Improve tab completion for COPY option lists.
37a1688a1bae6e6ce6e09d2ac1a5f2420f1b5775,Tom Lane,2025-12-22 14:06:54-05:00,Add missing .gitignore for src/test/modules/test_cloexec.
c5d162435ab7a6d8f992009810dfe869cfdb9dd6,Fujii Masao,2025-12-22 17:56:28+09:00,doc: Fix incorrect reference in pg_overexplain documentation.
d31276f0e290a58c3df999116bc59d2332ca3148,Michael Paquier,2025-12-22 12:38:40+09:00,Fix another typo in gininsert.c
fab5cd3dd1323f9e66efeb676c4bb212ff340204,Peter Geoghegan,2025-12-21 12:27:38-05:00,Remove obsolete name_ops index-only scan comments.
bec2a0aa306599c59f2b7d35b26eba9864f29c10,Thomas Munro,2025-12-21 17:34:20+13:00,Clean up test_cloexec.c and Makefile.
548de59d93d5593d5ef5354241510d57b68959db,Andres Freund,2025-12-19 13:28:34-05:00,heapam: Move logic to handle HEAP_MOVED into a helper function
09ae2c8bac8db409a8cd0b8ee438ea7526deb4c3,Andres Freund,2025-12-19 13:23:33-05:00,"bufmgr: Optimize & harmonize LockBufHdr(), LWLockWaitListLock()"
80f08a6e6a6c11ac3530c473cfb963f646d0891a,Bruce Momjian,2025-12-19 12:01:23-05:00,doc:  clarify when physical/logical replication is used
47a9f61fcafcf26bd3d68740ca05ba69ac729d93,Heikki Linnakangas,2025-12-19 13:40:02+02:00,Use proper type for RestoreTransactionSnapshot's PGPROC arg
44f49511b7940adf3be4337d4feb2de38fe92297,John Naylor,2025-12-19 15:48:18+07:00,Update pg_hba.conf example to reflect MD5 deprecation
5cdbec5aa9dcf5b30ad68485abdb1ec88324999f,Michael Paquier,2025-12-19 14:33:38+09:00,Fix typos in gininsert.c
b3ccb0a2cb2ef53571021d6c8f9b70809a6bf20c,Fujii Masao,2025-12-19 12:05:37+09:00,Add guard to prevent recursive memory context logging.
9d0f7996e58c2a92efe06c901c6dfe1f6ced0a1d,Michael Paquier,2025-12-19 07:55:58+09:00,Use table/index_close() more consistently
d49936f3028b0bb6ac8ff83e07e421ca2a4f5c3f,Noah Misch,2025-12-18 10:23:47-08:00,Sort DO_SUBSCRIPTION_REL dump objects independent of OIDs.
951b60f7abdcdeb37f2d73ad4822f278d2687c1c,Heikki Linnakangas,2025-12-18 15:08:48+02:00,Do not emit WAL for unlogged BRIN indexes
b47c50e5667b489bec3affb55ecdf4e9c306ca2d,Amit Kapila,2025-12-18 05:06:55+00:00,Fix intermittent BF failure in 040_standby_failover_slots_sync.
5cf03552fbb43b2d2d11369d779f9b168ea9b87a,Michael Paquier,2025-12-18 11:01:43+09:00,btree_gist: Fix memory allocation formula
167cb26718e3eae4fef470900b4cd1d434f15649,Michael Paquier,2025-12-18 07:33:40+09:00,Fix const correctness in pgstat data serialization callbacks
ab8af1db43031544a5c01314bef9f0392bfde7f9,Jacob Champion,2025-12-17 11:46:05-08:00,oauth_validator: Avoid races in log_check()
781ca72139d6f7d91629d09f55fb9c94822aa404,Jacob Champion,2025-12-17 11:46:01-08:00,libpq-oauth: use correct c_args in meson.build
8b217c96ea2d0cf5046092aef03612f46bb136e4,Jacob Champion,2025-12-17 11:45:52-08:00,libpq-fe.h: Don't claim SOCKTYPE in the global namespace
5b4fb2b97d2d953629f2a83adb6b7292b4745476,Tom Lane,2025-12-17 14:10:42-05:00,Rename regress.so's .mo file to postgresql-regress-VERSION.mo.
5cbaa00592d4c1e8ef519bf0d89c415bfa3b3473,Heikki Linnakangas,2025-12-17 16:23:13+02:00,Make postmaster 003_start_stop.pl test less flaky
85ddcc2f4cdef490276d151c80459e287bceb782,Amit Kapila,2025-12-17 09:43:53+00:00,Support existing publications in pg_createsubscriber.
f4e797171eac645eeae2a5e95bf3361bb7f7f0cc,Michael Paquier,2025-12-17 11:26:17+09:00,Change pgstat_report_vacuum() to use Relation
1d325ad99cb2dec0e8b45ba36909ee0a497d2a57,Michael Paquier,2025-12-17 08:58:58+09:00,Remove useless code in InjectionPointAttach()
0a90df58cf38cf68d59c6841513be98aeeff250e,Jeff Davis,2025-12-16 15:32:57-08:00,Avoid global LC_CTYPE dependency in pg_locale_icu.c.
87b2968df0f866aaccb6ba69adf284e3c4a79454,Jeff Davis,2025-12-16 15:32:41-08:00,downcase_identifier(): use method table from locale provider.
7f007e4a044a713df5320fca09621d6ba8e632ba,Jeff Davis,2025-12-16 12:57:00-08:00,ltree: fix case-insensitive matching.
24bf379cb15162514b01fc9fd05420a0203b82e9,Jeff Davis,2025-12-16 12:48:53-08:00,Clarify a #define introduced in 8d299052fe.
84d5efa7e3ebcf04694d312b0f14ceb35dcdfb8e,Jeff Davis,2025-12-16 10:35:40-08:00,Fix multibyte issue in ltree_strncasecmp().
f1a6e622bd94735c36d72c663813b55c442739b4,Robert Haas,2025-12-16 12:24:55-05:00,Switch memory contexts in ReinitializeParallelDSM.
462e2476525e71aa028c4a079bd77d2cac8a36b7,Tom Lane,2025-12-16 12:01:46-05:00,Test PRI* macros even when we can't test NLS translation.
bfe5c4bec75091d5c91813ff9c6994a169ceb8ef,Melanie Plageman,2025-12-16 11:04:07-05:00,Add explanatory comment to prune_freeze_setup()
4877391ce894e5b964a69e94e1750cde9df04a07,Melanie Plageman,2025-12-16 11:00:05-05:00,Fix const qualification in prune_freeze_setup()
b39013b7b1b116b5d9be51f0919b472b58b3a28d,Daniel Gustafsson,2025-12-16 09:46:53+01:00,doc: Update header file mention for CompareType
9303d62c6db0207b8c2649205f7bc9350c1f62db,John Naylor,2025-12-16 15:19:16+07:00,Separate out bytea sort support from varlena.c
15f68cebdcecf5a5508aaa12780526232c13c3f0,Michael Paquier,2025-12-16 14:28:05+09:00,Add TAP test to check recovery when redo LSN is missing
dc7c77f825d778cd49d35544c21e7efe1cd240af,Michael Paquier,2025-12-16 13:29:28+09:00,Fail recovery when missing redo checkpoint record without backup_label
84a3778c79c2d28b4dc281d03ef2ab019b16483b,Tom Lane,2025-12-15 18:36:29-05:00,"Revert ""Avoid requiring Spanish locale to test NLS infrastructure."""
f7fbd02d32c46ee1cada6c3faf94414657b7a19a,Jacob Champion,2025-12-15 13:22:04-08:00,libpq: Align oauth_json_set_error() with other NLS patterns
301a1dcf00c82350aad642b872d263730cd87f8f,Jacob Champion,2025-12-15 13:21:00-08:00,libpq-oauth: Don't translate internal errors
ea3370b18ebea536a100ae6dce25add3f5eb6565,Jacob Champion,2025-12-15 13:17:10-08:00,libpq: Add missing OAuth translations
48d4a1423d2e92d10077365532d92e059ba2eb2e,Nathan Bossart,2025-12-15 14:27:16-06:00,Allow passing a pointer to GetNamedDSMSegment()'s init callback.
64bf53dd61ea3224020bb340725a4df6a27bc974,Noah Misch,2025-12-15 12:19:49-08:00,"Revisit cosmetics of ""For inplace update, send nontransactional invalidations."""
0839fbe400d7807196d1442f4c781f9234ac2a4c,Noah Misch,2025-12-15 12:19:49-08:00,"Correct comments of ""Fix data loss at inplace update after heap_update()""."
7db6809ced4406257a80766e4109c8be8e1ea744,Tom Lane,2025-12-15 15:16:45-05:00,Avoid requiring Spanish locale to test NLS infrastructure.
95a19fefdcbe8d7c511971fe3b9554d0bdd4e26a,Jeff Davis,2025-12-15 10:38:55-08:00,Remove incorrect declarations in pg_wchar.h.
54c41a6deb9df0868da078490ef9c26d1290e490,Jeff Davis,2025-12-15 10:24:57-08:00,Remove unused single-byte char_is_cased() API.
9c8de1596912b36a8b22d880766ac660b66d03c7,Jeff Davis,2025-12-15 10:24:47-08:00,Use multibyte-aware extraction of pattern prefixes.
8191937082a2d4738afc7a232ac08789eea151a3,Tom Lane,2025-12-15 12:40:09-05:00,Add offnum range checks to suppress compile warnings with UBSAN.
bd43940b02b292c836e912a8f9423f771ec15fab,Heikki Linnakangas,2025-12-15 18:06:24+02:00,Increase timeout in multixid_conversion upgrade test
ecb553ae8211e3d135e0c9d42b90cc22be51d27c,Heikki Linnakangas,2025-12-15 13:30:17+02:00,Improve sanity checks on multixid members length
77038d6d0b49622e719fc00ed46db0ab47d2b747,Álvaro Herrera,2025-12-15 12:17:37+01:00,Disable recently added CIC/RI isolation tests
17f446784d54da827f74c2acc0fa772a41b92354,Peter Eisentraut,2025-12-15 11:54:23+01:00,Refactor static_assert() support.
366dcdaf5779792f522d1d18a8e558244850afdf,Heikki Linnakangas,2025-12-15 11:47:04+02:00,Clarify comment on multixid offset wraparound check
cd83ed9a91bbd4d05fffd059161b060b7473f5ad,David Rowley,2025-12-15 17:17:04+13:00,Fix typo in tablecmds.c
0d2d4a0ec3eca64e7f5ce7f7630b56a561b2663c,Amit Kapila,2025-12-15 02:50:21+00:00,Add retry logic to pg_sync_replication_slots().
33980eaa6df0b1358ba2e70edbe9efd56dbd7fa6,Michael Paquier,2025-12-15 10:34:18+09:00,test_custom_stats: Fix compilation warning
171198ff2a57fafe0772ec9d3dfbf061cffffacd,Michael Paquier,2025-12-15 10:28:28+09:00,pageinspect: use index_close() for GiST index relation
481783e69f144936f1ebbc3259809bee518c6c0c,Michael Paquier,2025-12-15 09:47:30+09:00,test_custom_stats: Add tests with read/write of auxiliary data
4ba012a8ed9c4214bd35b221c087f02efb1ac424,Michael Paquier,2025-12-15 09:40:56+09:00,Allow cumulative statistics to read/write auxiliary data from/to disk
58dad7f349b3fdbadda6bead21d596a448db1950,Tom Lane,2025-12-14 17:03:53-05:00,Update typedefs.list to match what the buildfarm currently reports.
66b2282b0c2237bccd933804da2e1dd0321ac151,Tom Lane,2025-12-14 16:53:34-05:00,"Make ""pgoff_t"" be a typedef not a #define."
fe7ede45f125af271fb3fef3cc5ee507d4c40d87,Tom Lane,2025-12-14 14:30:50-05:00,Looks like we can't test NLS on machines that lack any es_ES locale.
30df61990c67f0cf7450e36c1e038d513960f148,Andres Freund,2025-12-14 13:09:43-05:00,bufmgr: Add one-entry cache for private refcount
edbaaea0a95ef1c32ffe8aa62e1556588c7a714b,Andres Freund,2025-12-14 13:09:43-05:00,bufmgr: Separate keys for private refcount infrastructure
5b275a6e154833803d3beb49da0879d2fe8b1d6c,Tom Lane,2025-12-14 12:54:57-05:00,Try a few different locale name spellings in nls.sql.
b853e644d78d99ef1779c9bf7bc3944694460aa2,Tom Lane,2025-12-14 12:09:56-05:00,Fix double assignment.
8c498479d70f963533d57d8bb1b3a58e00fe0d03,Tom Lane,2025-12-14 11:55:18-05:00,Add a regression test to verify that NLS translation works.
b27e48213fbc1d0ff698be4ae5a0eb3e161d9172,Alexander Korotkov,2025-12-14 17:18:32+02:00,Refactor WaitLSNType enum to use a macro for type count
c5ae07a90a0f3594e5053a26f3c99b041df427d3,Alexander Korotkov,2025-12-14 16:10:25+02:00,Fix usage of palloc() in MERGE/SPLIT PARTITION(s) code
4b3d173629f4cd7ab6cd700d1053af5d5c7c9e37,Alexander Korotkov,2025-12-14 13:29:38+02:00,Implement ALTER TABLE ... SPLIT PARTITION ... command
f2e4cc427951b7c46629fb7625a22f7898586f3a,Alexander Korotkov,2025-12-14 13:29:17+02:00,Implement ALTER TABLE ... MERGE PARTITIONS ... command
5b3ef3055d8ec22610af399715128361a65c845f,Michael Paquier,2025-12-14 11:21:01+09:00,doc: Fix incorrect documentation for test_custom_stats
ef5f559b95e2883c32d20d309d316f0572fd84b5,Tom Lane,2025-12-13 16:18:29-05:00,Fix jsonb_object_agg crash after eliminating null-valued pairs.
315342ffedf6b81f629c42e87bfaedbcc7211646,Peter Eisentraut,2025-12-13 19:56:09+01:00,Use correct preprocessor conditional in relptr.h
abb331da0a3454aebdb416fd19baf289063c254b,Peter Eisentraut,2025-12-13 16:56:07+01:00,Fix out-of-date comment on makeRangeConstructors
ff30bad7f6f085598e61bb06a8433cb33b3400c7,Peter Eisentraut,2025-12-13 16:44:33+01:00,Clarify comment about temporal foreign keys
630a93799d538c35c94187e07ef64d566a573a4e,Álvaro Herrera,2025-12-12 14:26:42+01:00,Reject opclass options in ON CONFLICT clause
493eb0da31be4520252e1af723342dc7ead0c3e5,Peter Eisentraut,2025-12-12 10:06:40+01:00,Replace most StaticAssertStmt() with StaticAssertDecl()
87a350e1f284bb99591f9185c0be0ae28899f38a,Heikki Linnakangas,2025-12-12 10:47:34+02:00,Never store 0 as the nextMXact
b4cbc106a6ced69a0a13a980e1b4b212bb127458,Nathan Bossart,2025-12-11 15:13:04-06:00,Fix some comments.
81f72115cf189b0a428d3efca2e4beb02b825111,Álvaro Herrera,2025-12-11 20:56:37+01:00,Fix infer_arbiter_index for partitioned tables
b65f1ad9b12767dbd45d9588ce8ed2e593dbddbf,Heikki Linnakangas,2025-12-11 15:57:11+02:00,Fix comment on how temp files and subtransactions are handled
d4b7bde4183bc39c6d7a22d22188fc4aab2ba8d1,Heikki Linnakangas,2025-12-11 11:18:14+02:00,Add runtime checks for bogus multixact offsets
795e94c70cf13f60b2cb4010f29a1bca542d2031,Peter Eisentraut,2025-12-11 09:56:57+01:00,Make <assert.h> consistently available in frontend and backend
4f7dacc5b82af19788599671abe4ac633fd7ea4c,Michael Paquier,2025-12-11 14:29:12+09:00,"Use palloc_object() and palloc_array(), the last change"
3f83de20ba2e1d4bd557d92b3436ca04b7c947a8,Michael Paquier,2025-12-11 14:11:06+09:00,pg_buffercache: Fix memory allocation formula
1362bc33e025fd2848ff38558f5672e2f0f0c7de,Amit Kapila,2025-12-11 03:49:28+00:00,Enhance slot synchronization API to respect promotion signal.
e16c6f024718cf854f5b76a4a2ed402f1a7911f1,Peter Geoghegan,2025-12-10 20:50:47-05:00,Clarify why _bt_killitems sorts its items array.
06761b6096b661e838512e3a83f71345b59710b9,Michael Paquier,2025-12-11 10:25:21+09:00,Fix allocation formula in llvmjit_expr.c
473cb1b9512ef8ae5ec3ea42bcebeb7d39e79ce4,Peter Geoghegan,2025-12-10 19:31:13-05:00,Fix MULTIXACT_DEBUG builds.
0909380e4c9aa22b75dfe5a7e33393b48078db81,Tom Lane,2025-12-10 17:09:10-05:00,Allow PG_PRINTF_ATTRIBUTE to be different in C and C++ code.
bfb335df58ea4274702039083c7e08fe3dba9e10,Peter Geoghegan,2025-12-10 15:35:30-05:00,Return TIDs in desc order during backwards scans.
630706ced04e3a7a7f0070f4e8fb88f7503a1016,Jeff Davis,2025-12-10 11:56:11-08:00,Add pg_iswcased().
1e493158d3d25771ed066028c00cbbdb41573496,Jeff Davis,2025-12-10 11:55:59-08:00,Remove char_tolower() API.
820343bab30852142ddc50db3aa81ef58d7cb676,Heikki Linnakangas,2025-12-10 19:38:07+02:00,Fix bogus extra arguments to query_safe in test
343693c3c116688970be550fcbf15f7ddf55525b,Heikki Linnakangas,2025-12-10 19:27:02+02:00,Improve DDL deparsing test
eebec3ca4b5ef13d01837966f51b391143670131,Melanie Plageman,2025-12-10 11:10:13-05:00,Add comment about keeping PD_ALL_VISIBLE and VM in sync
bd298f54a0d60a0376959e10074aa07cbad267f2,Melanie Plageman,2025-12-10 11:10:01-05:00,Simplify vacuum visibility assertion
70b4d9043931a5c4cdbf7bb08b7e3cb6e8beee1b,Heikki Linnakangas,2025-12-10 15:33:29+02:00,Fix comment in GetPublicationRelations
fa44b8b7fbb7eb0f13546aa13976f9919a4ca201,Heikki Linnakangas,2025-12-10 11:43:16+02:00,Fix some near-bugs related to ResourceOwner function arguments
8268e66ac64cb846517580e0808f971343391fdf,Michael Paquier,2025-12-10 13:56:33+09:00,libpq: Authorize pthread_exit() in libpq_check
1d7b00dc14b8efd22f6e971756c2d9c052863234,Michael Paquier,2025-12-10 12:46:45+09:00,Fix failures with cross-version pg_upgrade tests
06817fc8a4b739cc2d1aa87071d9e20d483fd678,Michael Paquier,2025-12-10 11:56:42+09:00,Fix two issues with recently-introduced nbtree test
801b4ee7fae1caa962b789e72be11dcead79dcbf,Michael Paquier,2025-12-10 08:10:28+09:00,Fix meson warning due to missing declaration of NM
bae9d2f892bc7733667fa68f416b5abd8dd2fc57,Heikki Linnakangas,2025-12-10 01:06:03+02:00,Fix typo in comment
f275afc997d77ada991307d22703b08f1dedef13,David Rowley,2025-12-10 12:01:14+13:00,Fix misleading comment in tuplesort.c
1b105f9472bdb9a68f709778afafb494997267bd,Michael Paquier,2025-12-10 07:36:46+09:00,Use palloc_object() and palloc_array() in backend code
c507ba55f5bfae900baa94f1c657e1d99da5c6dc,Thomas Munro,2025-12-10 09:01:35+13:00,Fix O_CLOEXEC flag handling in Windows port.
d107176d27c73ea3589b949dde07b6bc38b8f583,Nathan Bossart,2025-12-09 13:34:22-06:00,vacuumdb: Add --dry-run.
750816971b35270971dd77f37ed1e9655fce4ed9,Nathan Bossart,2025-12-09 13:34:22-06:00,Add ParallelSlotSetIdle().
cf1450e57799afb683ccbfc482c6f1b5827c81e7,Nathan Bossart,2025-12-09 13:34:22-06:00,vacuumdb: Move some variables to the vacuumingOptions struct.
ab40db3852dfa093b64c9266dd372fee414e993f,Masahiko Sawada,2025-12-09 11:23:45-08:00,Add started_by column to pg_stat_progress_analyze view.
0d789520619803cf6629ebf980e116d733b6756f,Masahiko Sawada,2025-12-09 10:51:14-08:00,Add mode and started_by columns to pg_stat_progress_vacuum view.
b237f5422bc0667754f986f9d5bfc34a13401bc1,Nathan Bossart,2025-12-09 11:01:38-06:00,doc: Fix titles of some pg_buffercache functions.
f8715ec86608fc5f6c80f5dec3369b4cc56481a8,Tom Lane,2025-12-09 11:43:25-05:00,"Support ""j"" length modifier in snprintf.c."
3cb5808bd11c5a7ef697922335f7642f643a4e7f,Heikki Linnakangas,2025-12-09 17:06:40+02:00,Add wait event for the group commit delay before WAL flush
f231a4e8c7f2ce93203cedea7a02ef3eeb744647,Heikki Linnakangas,2025-12-09 14:05:13+02:00,Fix warning about wrong format specifier for off_t type
bd8d9c9bdfa0c2168bb37edca6fa88168cacbbaa,Heikki Linnakangas,2025-12-09 13:53:03+02:00,Widen MultiXactOffset to 64 bits
bb3b1c4f64620ca05d86a20a26c8fa4ca1cf7b78,Heikki Linnakangas,2025-12-09 13:45:01+02:00,Move pg_multixact SLRU page format definitions to a separate header
e9443a55265fbf3726f7ba4d961399b7dff3ea9f,Dean Rasheed,2025-12-09 10:49:16+00:00,doc: Fix statement about ON CONFLICT and deferrable constraints.
f00484c170f56199c3eeacc82bd72f8c1e3baf6b,Richard Guo,2025-12-09 17:09:27+09:00,Fix distinctness check for queries with grouping sets
c925ad30b047ec1388247539e86729d584c34b8d,Richard Guo,2025-12-09 16:56:26+09:00,Fix const-simplification for index expressions and predicate
04396eacd3faeaa4fa3d084a6749e4e384bdf0db,Amit Kapila,2025-12-09 07:25:20+00:00,Fix LOCK_TIMEOUT handling in slotsync worker.
2268f2b91b5513cbf430d1cca488203d66103b3a,Peter Eisentraut,2025-12-09 07:33:08+01:00,Remove useless casts in format arguments
907caf5c392ad75177bdfd48d38cf0cc6904e8e1,Peter Eisentraut,2025-12-09 07:33:08+01:00,Clean up int64-related format strings
2b117bb014d066549c319dcd73bd538e32b0c408,Peter Eisentraut,2025-12-09 07:33:08+01:00,Remove unnecessary casts in printf format arguments (%zu/%zd)
0c3c5c3b06a37c13a811ea93044202e06523b705,Michael Paquier,2025-12-09 14:53:17+09:00,Use palloc_object() and palloc_array() in more areas of the tree
aa749bde323364039f369784071f315ad53c1325,Andres Freund,2025-12-08 23:11:19-05:00,Improve documentation for pg_atomic_unlocked_write_u32()
52382feb782b76c42552e96f0bc382a87fd7c1e4,David Rowley,2025-12-09 14:41:30+13:00,Doc: fix typo in hash index documentation
4a8e6f43a6b56289cd3806b239c20ae31aa4cf2e,Michael Paquier,2025-12-09 10:39:08+09:00,libpq: Refactor logic checking for exit() in shared library builds
c004d68c9395812bfcff82c2d7c4e56d36e72f1c,Tom Lane,2025-12-08 19:06:36-05:00,Fix minor portability issue in pg_resetwal.c.
83a26ba59b1819cbd61705a3ff6aa572081ccc4b,Peter Geoghegan,2025-12-08 13:48:09-05:00,Avoid pointer chasing in _bt_readpage inner loop.
d0d0ba6cf66c4043501f6f7bf508ad920645e415,Álvaro Herrera,2025-12-08 19:25:36+01:00,Unify some more messages
65d6acbc564989af15102f69978c63c3cdb5fdbc,Peter Geoghegan,2025-12-08 13:15:00-05:00,Relocate _bt_readpage and related functions.
502e256f2262351e92994878eea3332da64834b0,Álvaro Herrera,2025-12-08 16:30:52+01:00,Unify error messages
978cf02bb8caeafd6fe5178e67016ffd898599b4,Heikki Linnakangas,2025-12-08 16:54:54+02:00,pg_resetwal: Use separate flags for whether an option is given
636c1914b483bab0eaabdec30cf1f2c743606d7f,Heikki Linnakangas,2025-12-08 16:54:50+02:00,pg_resetwal: Reject negative and out of range arguments
7f88553ceaca4af0e5bd483ab77f9f442578c18a,Peter Eisentraut,2025-12-08 15:53:52+01:00,Make ecpg parse.pl more robust with braces
804046b39a27973751c920f8f41504697f3f52d5,Peter Eisentraut,2025-12-08 14:54:32+01:00,Use PGAlignedXLogBlock for some code simplification
31280d96a64850f5a9a924088890ab43a2905237,Michael Paquier,2025-12-08 15:23:09+09:00,test_custom_stats: Test module for custom cumulative statistics
006dd4b2e5b33a3d0c2780f0bf307f6311ed776b,Amit Kapila,2025-12-08 05:21:22+00:00,Prevent invalidation of newly created replication slots.
d52c24b0f808a6644fd839c507625eafd6bb9f12,Michael Paquier,2025-12-08 12:45:20+09:00,injection_points: Remove portions related to custom pgstats
f68597ee777d0a177e84cf86b8386ea51c66b52e,Michael Paquier,2025-12-08 10:23:48+09:00,Improve error messages of input functions for pg_dependencies and pg_ndistinct
4eda42e8bdf5bd3bf69576d54a45c10e7cbc3b35,Tom Lane,2025-12-07 14:32:36-05:00,ecpg: refactor to eliminate cast-away-const in find_variable().
005a2907dc304eadb00719e5b6e08cd2cf329829,Tom Lane,2025-12-07 11:54:33-05:00,Micro-optimize datatype conversions in datum_to_jsonb_internal.
b61aa76e4585b4b71098b0990b208813a85dbbf5,Tom Lane,2025-12-07 11:52:22-05:00,Remove fundamentally-redundant processing in jsonb_agg() et al.
0986e95161cec929d8f39c01e9848f34526be421,Tom Lane,2025-12-07 11:51:33-05:00,Revise APIs for pushJsonbValue() and associated routines.
3628af42107d588af73280d7e96d1c6188aadad7,Tom Lane,2025-12-07 11:33:35-05:00,Add a macro for the declared typlen of type timetz.
6498287696dafc1ebd380ea4eb249124989294d3,Tom Lane,2025-12-06 18:31:26-05:00,Handle constant inputs to corr() and related aggregates more precisely.
25303961d09c7e2354a48cbce511a06cce691907,Tom Lane,2025-12-06 13:34:48-05:00,Doc: include JSON in the list of SQL-standard types.
47da198934e9a764ad3c60c5e573ab13b4e2d591,Michael Paquier,2025-12-06 14:41:29+09:00,Improve error reporting of recovery test 027_stream_regress
b93f4e2f98b384596a307b6ce54ce2affadc518a,Michael Paquier,2025-12-06 14:27:53+09:00,Add PostgreSQL::Test::Cluster::read_head_tail() helper to PostgreSQL/Utils.pm
6dfce8420e99d8cf41ffb7da698caee57fd73eb7,Tom Lane,2025-12-05 20:10:33-05:00,Fix text substring search for non-deterministic collations.
7c2061bdfba7c738dac1e2c14db51faeef3f34b1,Heikki Linnakangas,2025-12-05 23:39:01+02:00,Fix test to work with non-8kB block sizes
d0d873c382cd23f3a49511e2bda35b4bf068c92d,Nathan Bossart,2025-12-05 14:21:12-06:00,Add commit 86b276a4a9 to .git-blame-ignore-revs.
014f9a831a320666bf2195949f41710f970c54ad,Robert Haas,2025-12-05 12:00:18-05:00,Don't reset the pathlist of partitioned joinrels.
8f1791c61836d213acbf85d368c8762705ad9d51,Tom Lane,2025-12-05 11:17:23-05:00,Fix some cases of indirectly casting away const.
a4a0fa0c7587eb05b36c1f184d966dd5524a4b74,Álvaro Herrera,2025-12-05 16:16:27+01:00,Stabilize tests some more
4d936c3fff1ac8dead2cc240ba3da2ed6337257c,Heikki Linnakangas,2025-12-05 11:32:38+02:00,Fix setting next multixid's offset at offset wraparound
31d3847a37bec060fb4177b2fc6c0fdfc7a08011,Michael Paquier,2025-12-05 16:40:26+09:00,Use more palloc_object() and palloc_array() in contrib/
2f04110225ab30fbd9889d6f5d73fd6b3e1b308b,Michael Paquier,2025-12-05 14:15:21+09:00,Improve test output of extended statistics for ndistinct and dependencies
5db6a344abc2dfbc5df454cd93a096443ea4dd3e,Amit Kapila,2025-12-05 04:12:55+00:00,Rename column slotsync_skip_at to slotsync_last_skip.
7bc88c3d6f3af3af5330c0e209c8a3c411267d00,Michael Paquier,2025-12-05 12:30:43+09:00,Fix some compiler warnings
83f2f8413e8d9687fda7d5881c82b89b8d9d4043,Michael Paquier,2025-12-05 09:21:13+09:00,Show version of nodes in output of TAP tests
904f9f5ea0e00a88e2429682d01f2ec946bf553a,Melanie Plageman,2025-12-04 18:55:02-05:00,Suppress spurious Coverity warning in prune freeze logic
80f6e2fb4addb03e2e163a380b5e6e1f4b321286,Nathan Bossart,2025-12-04 15:42:18-06:00,Fix key size of PrivateRefCountHash.
e158fd4d68f44d0872c1d2053067fe306cc9d2b2,Peter Eisentraut,2025-12-04 20:44:52+01:00,Remove no longer needed casts from Pointer
c6be3daa054a2fac67331f3bfc348b9bfd6f690c,Peter Eisentraut,2025-12-04 19:40:08+01:00,Remove no longer needed casts to Pointer
6bd469d26aca6ea413b35bfcb611dfa3a8f5ea45,Álvaro Herrera,2025-12-04 18:12:08+01:00,amcheck: Fix snapshot usage in bt_index_parent_check
40bdd839f52a3e18a0e003f556cab3512510f633,Peter Eisentraut,2025-12-04 11:23:23+01:00,headerscheck ccache support
d0b7a0b4c8f49ea96f171883d09e902483083d98,Peter Eisentraut,2025-12-04 10:58:15+01:00,headerscheck: Use LLVM_CPPFLAGS
d6ef8ee3ee29ffa404bcd920e02fb4b196e07b0d,Alexander Korotkov,2025-12-04 10:38:12+02:00,Fix incorrect assertion bound in WaitForLSN()
6c5c393b74031351721f8a44e55bfaf6f249eefb,Andres Freund,2025-12-03 18:38:20-05:00,Rename BUFFERPIN wait event class to BUFFER
7902a47c20b1d5c0b7d20071f9ada6a0185bf39b,Andres Freund,2025-12-03 18:38:20-05:00,Add pg_atomic_unlocked_write_u64
156680055dc523425f28ff5e61acf0f5bc99294b,Andres Freund,2025-12-03 18:38:20-05:00,bufmgr: Turn BUFFER_LOCK_* into an enum
8d61228717e619b90b8ebd1d219d006b920e00e5,Tom Lane,2025-12-03 13:23:50-05:00,Make stats_ext test faster under cache-clobbering test conditions.
7b81be9b42678c7ab69c3e8f565172f1d8d9e86f,Heikki Linnakangas,2025-12-03 19:39:34+02:00,Add test for multixid wraparound
789d65364cdecd81e4bf822eec468ea3d34d28af,Heikki Linnakangas,2025-12-03 19:15:08+02:00,Set next multixid's offset when creating a new multixid
9b05e2ec08a3d174accb2a9e1c59e52e94799acc,Nathan Bossart,2025-12-03 10:54:37-06:00,"Use ""foo(void)"" for definitions of functions with no parameters."
be25c77677285d3b1365bd19280b27771a1efbce,Álvaro Herrera,2025-12-03 16:37:06+01:00,Put back alternative-output expected files
64527a17a5053fdd52322dfe32a5a13e5d3f577c,Daniel Gustafsson,2025-12-03 15:22:38+01:00,doc: Consistently use restartpoint in the documentation
9790affcce032710c907aced834e968f2fc41bce,Peter Eisentraut,2025-12-03 14:44:14+01:00,Fix stray references to SubscriptRef
1b2bb5077e9e9deac60a3e92e742465e7bcd3a21,Peter Eisentraut,2025-12-03 10:22:17+01:00,Change Pointer to void *
756a43689324b473ee07549a6eb7a53a203df5ad,Peter Eisentraut,2025-12-03 09:54:15+01:00,Don't rely on pointer arithmetic with Pointer type
8c6bbd674ed810df9af5ec42f6b38c205e3ad365,Peter Eisentraut,2025-12-03 08:52:28+01:00,Use more appropriate DatumGet* function
623801b3bdb4e16df39f945b6aa5f109744c7b6b,Peter Eisentraut,2025-12-03 08:40:33+01:00,Remove useless casts to Pointer
c252d37d8ca8f254fa715ec24fcb23a035a88993,Amit Kapila,2025-12-03 03:31:31+00:00,Fix shadow variable warning in subscriptioncmds.c.
a6d05c819380b0940fcfb428aa298f2d7e76e5c6,Nathan Bossart,2025-12-02 16:40:23-06:00,Use LW_SHARED in dsa.c where possible.
cbe04e5d729f292bcf9b06f5d774884b4511b18a,Heikki Linnakangas,2025-12-02 21:11:15+02:00,Fix amcheck's handling of half-dead B-tree pages
c085aab2781989f487364fab2978d9ee791559a4,Heikki Linnakangas,2025-12-02 21:11:05+02:00,Add a test for half-dead pages in B-tree indexes
6c05ef5729c04d47400660cd994305bc44a3c757,Heikki Linnakangas,2025-12-02 21:10:51+02:00,Fix amcheck's handling of incomplete root splits in B-tree
1e4e5783e7d77adb283ae7fa1ac99b0910a041b2,Heikki Linnakangas,2025-12-02 21:10:47+02:00,Add a test for incomplete splits in B-tree indexes
f894acb24a12cf1f369a45af36c8f4049f9af571,Nathan Bossart,2025-12-02 10:29:45-06:00,Show size of DSAs and dshashes in pg_dsm_registry_allocations.
758479213d574d6e2fbbdfee5328edef3d60da61,Álvaro Herrera,2025-12-02 16:47:18+01:00,Remove doc and code comments about ON CONFLICT deficiencies
5dee7a603f664115f8fe9819b0c19abd8209cd02,Álvaro Herrera,2025-12-02 16:43:27+01:00,Avoid use of NOTICE to wait for snapshot invalidation
90eae926abbbcedbbea2ad5302722185e8652dca,Álvaro Herrera,2025-12-02 13:51:53+01:00,Fix ON CONFLICT with REINDEX CONCURRENTLY and partitions
4f941d432b42eccd99ba0d22e3a59c073ac2406a,Peter Eisentraut,2025-12-02 10:09:32+01:00,Remove useless casting to same type
35988b31db7767ba446009611b9928add1d40f98,Peter Eisentraut,2025-12-02 09:18:54+01:00,Simplify hash_xlog_split_allocate_page()
ec782f56b0c30ef493e8356b46e1131612f01d9f,Peter Eisentraut,2025-12-02 08:39:24+01:00,Replace pointer comparisons and assignments to literal zero with NULL
376c649634bb3fbfad79940f996e2fcb4c2ea6bf,Peter Eisentraut,2025-12-02 08:20:43+01:00,Update comment related to C99
713d9a847e6409a2a722aed90975eef6d75dc701,Michael Paquier,2025-12-02 09:30:23+09:00,Update some timestamp[tz] functions to use soft-error reporting
19b966243c38196a33b033fb0c259dcf760c0d69,Jeff Davis,2025-12-01 11:06:17-08:00,"Make regex ""max_chr"" depend on encoding, not provider."
99cd8890becacf9d7059297c3d75cd388ad83ac0,Jeff Davis,2025-12-01 09:24:03-08:00,Change some callers to use pg_ascii_toupper().
2bc7e886fc1baaeee3987a141bff3ac490037d12,Álvaro Herrera,2025-12-01 17:34:13+01:00,Fix ON CONFLICT ON CONSTRAINT during REINDEX CONCURRENTLY
2fcc5a715130fbe9fb6eadf338e3bfe560eb0cb5,Peter Eisentraut,2025-12-01 16:41:08+01:00,Fix a strict aliasing violation
a87987cafca683e9076c424f99bae117211a83a4,Michael Paquier,2025-12-01 16:21:41+09:00,Move WAL sequence code into its own file
d03668ea0566b53522cf2628ab7aa630247640a4,Michael Paquier,2025-12-01 15:22:20+09:00,Switch some date/timestamp functions to use the soft error reporting
5424f4da9031ac4681ab002d20f021232070c96a,David Rowley,2025-11-30 12:55:34+13:00,Don't call simplify_aggref with a NULL PlannerInfo
c902bd57af998b52bde98c87916190309639129e,Peter Geoghegan,2025-11-29 16:41:51-05:00,Update obsolete row compare preprocessing comments.
3881561d7715647dbb4a5bc27f116504903daf1b,Dean Rasheed,2025-11-29 12:28:59+00:00,Avoid rewriting data-modifying CTEs more than once.
87c6f8b047d5b0790e6f8b8532f4adf58dc60f67,Peter Eisentraut,2025-11-28 16:01:59+01:00,Generate translator comments for GUC parameter descriptions
8b3e2c622a85208b94808c54d9b40b10b030d304,Peter Eisentraut,2025-11-28 08:33:07+01:00,Fix pg_isblank()
e68b6adad96d414fdf24e072fdb1d41fb4b8f0b7,Amit Kapila,2025-11-28 05:21:35+00:00,Add slotsync_skip_reason column to pg_replication_slots view.
9ccc049dfe655ca9927f7c62559ec32f4d1f94dd,Michael Paquier,2025-11-28 09:04:04+09:00,"pg_buffercache: Add pg_buffercache_mark_dirty{,_relation,_all}()"
d167c19295da46be1998dd474841f94170e32597,David Rowley,2025-11-28 12:40:50+13:00,Fix possibly uninitialized HeapScanDesc.rs_startblock
c75bf57a90e05bf35afa00e66986b9210833bdaf,Michael Paquier,2025-11-28 08:00:23+09:00,doc: Add missing tags in pg_buffercache page
9660906dbd696146da2c1d8bfdce26b1a2bed1c3,Michael Paquier,2025-11-28 07:39:33+09:00,Add routines for marking buffers dirty efficiently
5528e8d1046062698b7db179e4280817eaeb5f30,Tom Lane,2025-11-27 13:09:59-05:00,Allow indexscans on partial hash indexes with implied quals.
246ec4a51c16f27133a293f63aa8bc86ca4fe630,Fujii Masao,2025-11-27 23:29:57+09:00,doc: Fix misleading synopsis for CREATE/ALTER PUBLICATION.
9e8fa05d3412d6adea453a8ec24d9a794498f4cf,Álvaro Herrera,2025-11-27 13:10:56+01:00,Fix new test for CATCACHE_FORCE_RELEASE builds
e396a18f32e1a174be2492a83e7a8bfce568e6ab,Daniel Gustafsson,2025-11-27 09:25:56+01:00,doc: Fix typo in pg_dump documentation
e7075a3405cc831128a71e83b2e39d464aa67fe8,Peter Eisentraut,2025-11-27 07:53:34+01:00,Use C11 alignas in pg_atomic_uint64 definitions
519fa0433b37701b357753a568080bee2c47d238,Amit Langote,2025-11-27 12:07:01+09:00,Fix error reporting for SQL/JSON path type mismatches
0ca3b16973a8bb1c185f56e65edcadc0d9d2c406,David Rowley,2025-11-27 14:05:04+13:00,Add parallelism support for TID Range Scans
42473b3b31238b15cc3c030b4416b2ee79508d8c,David Rowley,2025-11-27 10:43:28+13:00,"Have the planner replace COUNT(ANY) with COUNT(*), when possible"
dbdc717ac6743074c3a55fc5c380638c91d24afd,Nathan Bossart,2025-11-26 15:12:25-06:00,Teach DSM registry to retry entry initialization if needed.
147602822597204aa436415ebe295926b268ab5c,Jeff Davis,2025-11-26 12:54:37-08:00,Allow pg_locale_t APIs to work when ctype_is_c.
1cdb84bb1bcd6de4abcb5b2137f57c6c7463f4ab,Daniel Gustafsson,2025-11-26 20:43:09+01:00,Check for correct version of perltidy
8d299052fe5858319fbd9be5f234026711bbc91b,Jeff Davis,2025-11-26 10:05:11-08:00,Add #define for UNICODE_CASEMAP_BUFSZ.
ec4997a9d733e91b614d0c2f3e6445cc2905fd16,Jeff Davis,2025-11-26 10:04:32-08:00,Inline pg_ascii_tolower() and pg_ascii_toupper().
2dd506b859cfacf8afaae81256ddec8cca0c0d6f,Nathan Bossart,2025-11-26 11:37:21-06:00,"Revert ""Teach DSM registry to ERROR if attaching to an uninitialized entry."""
e135e044572e88291343f45ce65b406ac963b0e7,Melanie Plageman,2025-11-26 11:00:34-05:00,Split heap_page_prune_and_freeze() into helpers
9446f918ace9c407805ba7d0a73e8370070b12f9,Nathan Bossart,2025-11-26 09:50:00-06:00,Remove a few unused struct members.
348020caa7beaa2e4b1bc10b1ea6eb2c97b894c0,Daniel Gustafsson,2025-11-26 14:24:34+01:00,ssl: Add connection and reload tests for key passphrases
b3fe098d330ff6a7c23019d66a600072b1d4664d,Daniel Gustafsson,2025-11-26 14:24:27+01:00,Add GUC to show EXEC_BACKEND state
0f4f45772c5a87ca2f228ee3bea36d313dca0b51,Daniel Gustafsson,2025-11-26 14:24:04+01:00,doc: Clarify passphrase command reloading on Windows
8fe4aef8297b9f6b27a8f9422f3fdef1f79bb189,Peter Eisentraut,2025-11-26 07:48:29+01:00,Replace internal C function pg_hypot() by standard hypot()
47c7a7ebc89eb6b8cf81c937885864f994784d38,Jacob Champion,2025-11-25 20:39:47-08:00,oauth_validator: Shorten JSON responses in test logs
e3e787ca023449127ac370e13a3887fe03eed0f4,Amit Kapila,2025-11-26 03:26:57+00:00,Fix test failure caused by commit 76b78721ca.
e1405aa5e3acd55a77838b0b7944198735ffccdf,Michael Paquier,2025-11-26 10:53:16+09:00,Add input function for data type pg_dependencies
44eba8f06e5568be35fa3d112ab781e931fe04ae,Michael Paquier,2025-11-26 10:13:18+09:00,Add input function for data type pg_ndistinct
cd38b7e77315c729ea1e52ca7b8bb0d7c20d2a3b,Melanie Plageman,2025-11-25 16:41:29-05:00,Assert that cutoffs are provided if freezing will be attempted
3b9c118920580b97d0f6f618954876227a50a14a,Jeff Davis,2025-11-25 11:39:41-08:00,Remove a useless length check.
33bb3dc2d855c0d4472372f0eb7877725af67a39,Álvaro Herrera,2025-11-25 19:08:36+01:00,pg_dump tests: don't put dumps in stdout
417ac9c1eeebc5dd8186a9089055b8af43b2450e,Álvaro Herrera,2025-11-25 18:20:06+01:00,Improve test case stability
7169c0b96bb8929c939c8e96a52b42571085efe9,Peter Eisentraut,2025-11-25 16:50:34+01:00,gen_guc_tables.pl: Validate required GUC fields before code generation
2256af4ba223e114d08208fd17a27cbce30cda9e,Peter Eisentraut,2025-11-25 15:38:23+01:00,backend/nodes cleanup: Move loop variables definitions into for statement
3df4df53b06df2a2af56a77bf44cffa6393534fe,Amit Kapila,2025-11-25 08:49:46+00:00,Fix a BF failure caused by commit 76b78721ca.
76b78721ca49c16dfcbfbd2f4f87fcdb2db2bbb6,Amit Kapila,2025-11-25 07:06:02+00:00,Add slotsync skip statistics.
c581c9a7ac2af2c75567013f25125bd294d49ff2,Peter Eisentraut,2025-11-25 06:26:49+01:00,Remove obsolete comment
ed823da12891232a6542168a0a1b7d2d1c5f3e9a,Michael Paquier,2025-11-25 10:55:40+09:00,Rename routines for write/read of pgstats file
81f773895321ac69d3d71fe9d203e09d072f9c36,Andres Freund,2025-11-24 18:10:48-05:00,"lwlock: Fix, currently harmless, bug in LWLockWakeup()"
f81bf78ce12b9fd3e50eb00dd875440007262ec4,Jeff Davis,2025-11-24 14:55:09-08:00,Avoid global LC_CTYPE dependency in pg_locale_libc.c.
698fa924b11a4ff55ac83b340dbae1e6cee00e59,Tom Lane,2025-11-24 17:00:16-05:00,Improve detection of implicitly-temporary views.
0664aa4ff89a640e5c0362cdcfc6cfc3eb63a659,Jacob Champion,2025-11-24 10:01:30-08:00,Reorganize pqcomm.h a bit
e2ceff13d83a85c634dc358b8291c7ae301e95e1,Jacob Champion,2025-11-24 09:59:54-08:00,"postgres: Use pg_{add,mul}_size_overflow()"
8934f2136cd82333fd148954a13a8ab01f7bd7ef,Jacob Champion,2025-11-24 09:59:38-08:00,Add pg_add_size_overflow() and friends
f1881c7dd32cf5f429f6bd525b5cbacef3bb9c99,Jacob Champion,2025-11-24 09:55:16-08:00,Make some use of anonymous unions [libpq-oauth]
bc32a12e0db2df203a9cb2315461578e08568b9c,Álvaro Herrera,2025-11-24 17:17:29+01:00,Fix infer_arbiter_index during concurrent index operations
e429c3cecb4ac55d997acea0f76c5f06d6cb0ab3,Michael Paquier,2025-11-24 19:33:51+09:00,Move isolation test index-killtuples to src/test/modules/index/
d4c0f91f7d57066b9d62c0eccb2a913d40c14066,Peter Eisentraut,2025-11-24 07:39:37+01:00,C11 alignas instead of unions -- extended alignments
4b203d499c610160e9867e6add2366780429344c,Michael Paquier,2025-11-24 14:29:15+09:00,pg_buffercache: Add pg_buffercache_os_pages
07d1dc3aebe4391a2711e951c69df2bb56447f8a,David Rowley,2025-11-24 17:00:01+13:00,Fix incorrect IndexOptInfo header comment
572c40ba94ef6350c8dd51539ac7d932c1d1a12a,Tom Lane,2025-11-23 15:02:55-05:00,Issue a NOTICE if a created function depends on any temp objects.
81966c5458fb0a441c69b21f63d43f04cdb0d2d6,Fujii Masao,2025-11-23 23:03:53+09:00,psql: Improve tab-completion for PREPARE.
7d9043aee803bf9bf3307ce5f45f3464ea288cb1,Michael Paquier,2025-11-23 13:37:42+09:00,pg_buffercache: Remove unused fields from BufferCacheNumaRec
b140c8d7a3f3a5de4e4cc4a0b52909aa13060d4c,Tom Lane,2025-11-22 19:33:34-05:00,Add SupportRequestInlineInFrom planner support request.
c0bc9af15197e3604a6ec205a7485de21b0b21af,Bruce Momjian,2025-11-22 12:02:14-05:00,tools:  remove src/tools/codelines
5eed8ce50ce9df1067b95593dde9f4fc526dfc72,Peter Eisentraut,2025-11-22 09:42:03+01:00,Add range_minus_multi and multirange_minus_multi functions
0dceba21d74f01e63aa690879b44808bbb74a9c3,Thomas Munro,2025-11-22 21:21:11+13:00,jit: Adjust AArch64-only code for LLVM 21.
51da766494dcc84b6f8d793ecaa064363a9243c2,Andrew Dunstan,2025-11-21 17:12:22-05:00,Add 'make check-tests' behavior to the meson based builds
51364113d5a00e53f9447de1f7056c440e0892d5,Peter Eisentraut,2025-11-21 17:36:25+01:00,Fix typo in documentation about application time
ef8fe693606add7edb563e6c8a63c6ef608338c0,Peter Eisentraut,2025-11-21 16:49:40+01:00,Remove useless casts to (void *)
2aabaa52dffdb78fbefaef95163881c15e18ef29,Heikki Linnakangas,2025-11-21 15:03:11+02:00,"Use strtoi64() in pgbench, replacing its open-coded implementation"
e6be84356bbbaf9f88b6a738e690d6fdff6fe483,Peter Eisentraut,2025-11-21 13:07:40+01:00,Update timezone to C99
97e04c74bedb902327b89eb8a9e6aea01aabdad2,Peter Eisentraut,2025-11-21 10:08:24+01:00,C11 alignas instead of unions
266543a62055541ddefe4e66797e0e1e4aa8705a,Masahiko Sawada,2025-11-20 14:50:27-08:00,"Use ""COPY table TO"" for partitioned tables in initial table synchronization."
1e14edcea5e1a122d4bf76d30fc963715e4dfe5e,Melanie Plageman,2025-11-20 17:36:40-05:00,Split PruneFreezeParams initializers to one field per line
5d4dc112c7c6c10be739d61e8be012f20e9fdbbf,Bruce Momjian,2025-11-20 15:23:39-05:00,"tools:  update tools/codelines to use ""git ls-files"""
65ec565b19fc35e9b09edcba4aecac350334ce87,Melanie Plageman,2025-11-20 11:43:18-05:00,Update PruneState.all_[visible|frozen] earlier in pruning
351d7e244183ee33400c19e4b52c5446eb29038c,Melanie Plageman,2025-11-20 10:59:24-05:00,Keep all_frozen updated in heap_page_prune_and_freeze
1937ed70621e203c99e651ce4430dd217743d150,Melanie Plageman,2025-11-20 10:32:14-05:00,Refactor heap_page_prune_and_freeze() parameters into a struct
fa0ffa28778fbf4056a77f7b76361d295a737df6,Daniel Gustafsson,2025-11-20 15:04:41+01:00,doc: Assorted documentation improvements
20bff3d7945ec23b44322232d608f5776a1f0e35,Daniel Gustafsson,2025-11-20 14:49:33+01:00,doc: Document how to run a subset of regress tests
599336c64fc9ef75727ec3ba4684644dc23f8ddb,Tomas Vondra,2025-11-20 13:26:49+01:00,Handle EPERM in pg_numa_init
b5623cc5e4197b59d37b869fbd92c1778be0438e,Peter Eisentraut,2025-11-20 07:47:48+01:00,Remove obsolete cast
aaf035790aebb4de6d85b60f8f3089c3c656b325,Fujii Masao,2025-11-20 09:18:51+09:00,doc: Update pg_upgrade documentation to match recent description changes.
99780da7209605bf9f226eac3eac30ab2bc9427c,Fujii Masao,2025-11-20 09:14:02+09:00,Add HINT listing valid encodings to encode() and decode() errors.
6b46669883fac9521c20fe4e2c55ccfbee778591,Thomas Munro,2025-11-20 10:38:15+13:00,Drop support for MSVCRT's float formatting quirk.
7ab9b34614c2d6f69070a667787e0b091ecb72b1,Thomas Munro,2025-11-20 10:07:27+13:00,Drop support for MSVCRT's %I64 format strings.
057012b205a082ec930cd7bb7f6663516be011e2,Tom Lane,2025-11-19 13:22:12-05:00,Speed up eqjoinsel() with lots of MCV entries.
d5b4f3a6d4e0c065562d1c0c69e7c4aba2623910,Heikki Linnakangas,2025-11-19 18:05:42+02:00,Print new OldestXID value in pg_resetwal when it's being changed
cbdce71b9984e9bb2d8b3a4a8de466cbb2c32ea7,Nathan Bossart,2025-11-19 10:01:37-06:00,doc: Update formula for vacuum insert threshold.
86b276a4a9b4b2c63ef00765f0e2867e1bcac4ca,Peter Eisentraut,2025-11-19 10:41:28+01:00,Fix indentation
0fc33b00536cf395b44260b6fc76b6b1d6fc0bcb,Peter Eisentraut,2025-11-19 08:48:21+01:00,Fix NLS for incorrect GUC enum value hint message
300c8f532478a387cc772a9b985b9d7a4b4dd093,Peter Eisentraut,2025-11-19 08:18:25+01:00,Add <stdalign.h> to c.h
4d3f623ea887a7b6e74d7567e3e0c4b66fd58e50,Richard Guo,2025-11-19 11:04:03+09:00,Fix typo in nodeHash.c
3e83bdd35a5f38511b396a40f060cbc49b62e74d,Tom Lane,2025-11-18 16:16:46-05:00,Fix pg_popcount_aarch64.c to build with ancient glibc releases.
77fb3959a45d1a748cb28f3f58da18c6645b45d3,Álvaro Herrera,2025-11-18 19:31:23+01:00,Fix typo
35b5c62c3ad9a28ca145691219d889c638c82e37,Tom Lane,2025-11-18 12:56:55-05:00,Don't allow CTEs to determine semantic levels of aggregates.
faf4128ad36425045c1ffb48537d094253bba0ef,Nathan Bossart,2025-11-18 10:32:22-06:00,Add commit f63ae72bbc to .git-blame-ignore-revs.
379f0e9f72b3e2504641aaabc7db2b03c00b146b,Nathan Bossart,2025-11-18 10:28:36-06:00,Check for tabs in postgresql.conf.sample.
f63ae72bbcea057534144eaf27ffe3f6e9267511,Nathan Bossart,2025-11-18 10:28:36-06:00,Switch from tabs to spaces in postgresql.conf.sample.
aeebb49b7cfeff525fafe8ae105e091c923193fb,Nathan Bossart,2025-11-18 10:28:36-06:00,Update .editorconfig and .gitattributes for postgresql.conf.sample.
c05dee191125f2dcbd0ac40534373cfc7266c0da,Álvaro Herrera,2025-11-18 16:13:29+01:00,Log a note at program start when running in dry-run mode
75e82b2f5a6f5de6b42dbd9ea73be5ff36a931b1,Alexander Korotkov,2025-11-18 09:50:12+02:00,Optimize shared memory usage for WaitLSNProcInfo
694b4ab33b24dfe1f9cc00fbbd5326f0feadee4a,Michael Paquier,2025-11-18 15:46:43+09:00,pg_buffercache: Fix incorrect result cast for relforknumber
fce13424b9c56abf8693684ab41d8fca864c1e79,Michael Paquier,2025-11-18 14:17:54+09:00,doc: Fix style of description for pg_buffercache_numa.os_page_num
3edaf29fa5e0d4fd6419c7eb73fd6df5b0406789,Amit Kapila,2025-11-18 03:58:55+00:00,Rename two columns in pg_stat_subscription_stats.
c677f2b09f24a1a92789bcbc0ee6599cfd034f27,Amit Kapila,2025-11-18 03:48:00+00:00,Doc: Use <structfield> markup for sequence fields.
792353f7d520482414e3bb5e44ed344cf78b54c6,Bruce Momjian,2025-11-17 18:55:41-05:00,"doc:  clarify that pg_upgrade preserves ""optimizer"" stats."
a6eac2273e6e762003e763f45b880261fbd473a4,Masahiko Sawada,2025-11-17 13:22:20-08:00,Use streaming read I/O in BRIN vacuum scan.
6d969ca687b4b2d4387d318c3fbcf3fc606ea55b,Tom Lane,2025-11-17 15:24:34-05:00,Fix pg_crc32c_armv8_choose.c to build with ancient glibc releases.
ed931377abc0403ce137d9a7f7ded67cb9355c8d,Tom Lane,2025-11-17 13:54:52-05:00,Clean up match_orclause_to_indexcol().
6793d6a839c1e4eac495fd0c48b75dc1871425c8,Fujii Masao,2025-11-17 23:24:39+09:00,doc: Document default values for some pg_recvlogical options.
ab805989b2ee500cfa060ea36a9133b355bb4f0f,Daniel Gustafsson,2025-11-17 13:37:25+01:00,Fix typos in logical replication code comments
721bf9ce18b63c096104efd419af7e59053a333a,Daniel Gustafsson,2025-11-17 12:18:18+01:00,Mention md5 deprecation in postgresql.conf.sample
e76defbcf09e22941d8cea462e2deef36d43fa04,Michael Paquier,2025-11-17 10:44:26+09:00,Rework output format of pg_dependencies
1f927cce44983ed59a3c1eccc95ad2946ac13b42,Michael Paquier,2025-11-17 09:52:20+09:00,Rework output format of pg_ndistinct
32b236644d33f6877a2ba0a8e18e17c985f502ce,Thomas Munro,2025-11-17 12:48:55+13:00,Define PS_USE_CLOBBER_ARGV on GNU/Hurd.
586d63214e369283472b5c03fdbaf59833209b3e,David Rowley,2025-11-17 12:27:00+13:00,Adjust MemSet macro to use size_t rather than long
9c047da51f270b25fe03ee114e1de0c64aa9cc18,David Rowley,2025-11-17 12:26:41+13:00,Get rid of long datatype in CATCACHE_STATS enabled builds
e7cde9dad285acb579b189e82a57fa7b98f23a11,Michael Paquier,2025-11-17 08:01:04+09:00,Add test for temporary file removal and WITH HOLD cursor
1b92fe7bb9d8b8977bf7e48912b12f97f128ec1d,Dean Rasheed,2025-11-16 22:14:06+00:00,Fix Assert failure in EXPLAIN ANALYZE MERGE with a concurrent update.
2b54a1abdbb09a4b170bca82726dabe7b2d6555b,David Rowley,2025-11-17 10:51:26+13:00,Doc: include MERGE in variable substitution command list
23792d7381583d04c4bbd0a8507566401ec013d3,Alexander Korotkov,2025-11-15 12:27:42+02:00,Fix incorrect function name in comments
ede6acef49673df0a880edae405ca69393bb48d0,Alexander Korotkov,2025-11-15 12:27:42+02:00,Fix WaitLSNWakeup() fast-path check for InvalidXLogRecPtr
446568c22207795da02e26b6b2956a61bd17e912,Daniel Gustafsson,2025-11-14 23:44:56+01:00,Add test for postgresql.conf.sample line syntax
478c4814a05262c0312c813bf393c4736d76f3f9,Nathan Bossart,2025-11-14 13:45:04-06:00,Comment out autovacuum_worker_slots in postgresql.conf.sample.
7506bdbbf45ea757f67162a352196976379ccdd7,Nathan Bossart,2025-11-14 13:20:09-06:00,Add note about CreateStatistics()'s selective use of check_rights.
4c00960772237325bcdf75f1a068c712e392a69b,Bruce Momjian,2025-11-14 10:45:59-05:00,doc:  clarify that logical slots track transaction activity
43e6929bb2945553df021874914ade88743abc1f,Bruce Momjian,2025-11-14 09:08:53-05:00,"doc:  double-quote use of %f, %p, and %r in literal commands."
a554389fb5f96baba834c28bd4fc802fa1c8065f,Bruce Momjian,2025-11-14 08:56:04-05:00,"doc:  remove verbiage about ""receiving"" data from rep. slots"
4aa0ac05765edf6b5f0c13e18ac677287ce78206,Fujii Masao,2025-11-14 22:40:39+09:00,pgbench: Fix assertion failure with multiple \syncpipeline in pipeline mode.
e4018f891dec09ff95ac97e5b1a2307349aeeffa,Álvaro Herrera,2025-11-14 11:45:13+01:00,Doc: add IDs to copy.sgml's <varlistentry> and <refsect1>
910690415b661186ae44e3b5e538e23eaa48de1b,Michael Paquier,2025-11-14 14:37:10+09:00,"Revert ""Drop unnamed portal immediately after execution to completion"""
8fa6b9030d689c856578e5769088a2527b7283d6,Bruce Momjian,2025-11-13 21:53:13-05:00,"doc:  adjust ""Replication Slot"" to mention physical & logical"
ada78cd7f80a818de1924180ff5a0647cf59ccfb,Bruce Momjian,2025-11-13 21:35:28-05:00,"doc:  clarify ""logical"" replication slots"
a5b69e30731fb623715ecf4c8073c0f2dee41678,Bruce Momjian,2025-11-13 20:44:00-05:00,"doc: clarify ""physical"" replication slot creation on the primary"
acbc9beaaed6ee88416e1dcef5df77fd5baba0be,Bruce Momjian,2025-11-13 18:12:37-05:00,doc:  reorder logical replication benefits in a logical order
d22cc7326ce0fe5033f2c6e3f711047d263c1c86,Daniel Gustafsson,2025-11-13 16:35:07+01:00,Document that pg_getaddrinfo_all does not accept null hints
7dc4fa91413d62c47f41043c0fce0be536f51e13,Dean Rasheed,2025-11-13 12:00:56+00:00,doc: Improve description of RLS policies applied by command type.
017249b828880073140a3e4cc13858804b4418de,Thomas Munro,2025-11-13 22:56:08+13:00,Add some missing #include <limits.h>.
e6c9186e68382d2a91e23da9225261a781a667f7,Michael Paquier,2025-11-13 14:27:24+09:00,Add commit c2b0e3a0351e to .git-blame-ignore-revs.
c2b0e3a0351e021dea9b61fe2f759570d3fedb70,Michael Paquier,2025-11-13 14:25:21+09:00,Fix indentation issue
84fb27511dbeaa0fb0d48249083d71f6cbbd4b98,Michael Paquier,2025-11-13 12:41:40+09:00,Replace off_t by pgoff_t in I/O routines
705601c5aeab56aef62dd69ac2b7acf662f08e9c,Fujii Masao,2025-11-13 08:44:33+09:00,Fix incorrect assignment of InvalidXLogRecPtr to a non-LSN variable.
180e7abe68040375b77450d389dafbb0f11186e7,Nathan Bossart,2025-11-12 15:13:08-06:00,Remove obsolete autovacuum comment.
c5c74282f2ea222beb7e07fc91b7afd7a06020c2,Nathan Bossart,2025-11-12 14:57:48-06:00,test_dsa: Avoid leaking LWLock tranches.
1165a933aab1355757a43cfd9193b6cce06f573b,Nathan Bossart,2025-11-12 14:30:11-06:00,Teach DSM registry to ERROR if attaching to an uninitialized entry.
0bdc777e80071abd77674f1e66258d410a010aa9,Heikki Linnakangas,2025-11-12 21:19:03+02:00,Clear 'xid' in dummy async notify entries written to fill up pages
797e9ea6e54b06c3e6c79b468dab89fdbf6be179,Heikki Linnakangas,2025-11-12 20:59:44+02:00,Fix remaining race condition with CLOG truncation and LISTEN/NOTIFY
8eeb4a0f7c061ece7a8836e738ea8b7764617d3b,Heikki Linnakangas,2025-11-12 20:59:36+02:00,Fix bug where we truncated CLOG that was still needed by LISTEN/NOTIFY
1b4699090eaf54d35caf13024957fb5fdefde630,Heikki Linnakangas,2025-11-12 20:59:28+02:00,Escalate ERRORs during async notify processing to FATAL
d36acd6f5c924bfe6a8618df49512cf05f898324,Daniel Gustafsson,2025-11-12 17:04:35+01:00,doc: Document effects of ownership change on privileges
877a024902a73732d9f976804aee9699dcbe1d90,Álvaro Herrera,2025-11-12 16:39:55+01:00,Split out innards of pg_tablespace_location()
a1f7f91be2c24c0a9e8d5b9e75bc43437d5476c2,Alexander Korotkov,2025-11-12 16:11:14+02:00,Add tab completion support for the WAIT FOR command
b4e32a076c95877031f34ed0f0fa5dd3a6f06421,Daniel Gustafsson,2025-11-12 13:51:53+01:00,Fix range for commit_siblings in sample conf
9122ff65a1be0fe4d55a34c6d6f7403209f326aa,Daniel Gustafsson,2025-11-12 12:37:40+01:00,libpq: threadsafety for SSL certificate callback
78aae2983091c30e4ddc801c507c17a77b6b1b58,Álvaro Herrera,2025-11-12 12:35:14+01:00,Change coding pattern for CURL_IGNORE_DEPRECATION()
040a39ed25bf8480bbd1947a2edeb0167f1e0789,Michael Paquier,2025-11-12 20:24:10+09:00,Fix comments of output routines for pg_ndistinct and pg_dependencies
94939c5f3ab0a390e52c0802c7141c42673a48b4,Heikki Linnakangas,2025-11-12 12:20:16+02:00,Fix pg_upgrade around multixid and mxoff wraparound
55cefadde874e52b57f7b3c2232744e331f9d6bb,Amit Kapila,2025-11-12 08:49:01+00:00,Doc: Add documentation for sequence synchronization.
2ddc8d9e9baae28ba63a9f1c85f0a36deb9112aa,Michael Paquier,2025-11-12 16:53:19+09:00,Move code specific to pg_dependencies to new file
a5523123430f39ba26a0d0250fbe10a396ab0703,Michael Paquier,2025-11-12 16:34:52+09:00,Move code specific to pg_ndistinct to new file
df53fa1c1ebf9bb3e8c17217f7cc1435107067fb,Fujii Masao,2025-11-12 13:37:58+09:00,doc: Fix incorrect synopsis for ALTER PUBLICATION ... DROP ...
bfb7419b0bbea96d6edde2a6063718a9cc6a1560,Amit Kapila,2025-11-12 03:28:17+00:00,Remove unused assignment in CREATE PUBLICATION grammar.
2421ade663e96e7245e6bbf960b0f6861e39e455,Thomas Munro,2025-11-12 14:35:16+13:00,"Prefer spelling ""cacheable"" over ""cachable""."
fb9bff04542138d7217e79fc5e1bb9d5fabd9026,Michael Paquier,2025-11-12 10:32:50+09:00,injection_points: Add tests for name limits
6e1535308c843dc7413a02c83a41f70449c58fb3,Michael Paquier,2025-11-12 10:18:50+09:00,Report better object limits in error messages for injection points
79cd66f28c65abbdc0ed695a9583a530fe6ece14,Michael Paquier,2025-11-12 09:02:27+09:00,Add check for large files in meson.build
6956bca515e2a07a16c6d68b208766e97b275ddc,Heikki Linnakangas,2025-11-11 19:00:41+02:00,Add warning to pg_controldata on PG_CONTROL_VERSION mismatch
676cd9ac07430282df71532b8d0a4f3c09831f76,Heikki Linnakangas,2025-11-11 19:00:34+02:00,Add pg_resetwal and pg_controldata support for new control file field
d2f24df19b7a42a0944a6926a0ca54168dcefe3a,Peter Eisentraut,2025-11-11 07:55:10+01:00,Clean up qsort comparison function for GUC entries
e510378358540703a13b77090a0021853bae0745,Heikki Linnakangas,2025-11-10 19:12:43+02:00,Bump PG_CONTROL_VERSION for commit 3e0ae46d90
5e4fcbe531c668b4112beedde97aac79724074c5,Nathan Bossart,2025-11-10 09:00:00-06:00,Check for CREATE privilege on the schema in CREATE STATISTICS.
600086f471a3bb57ff4953accf1d3f8d2efe0201,Jacob Champion,2025-11-10 06:20:33-08:00,libpq: Prevent some overflows of int/size_t
3e0ae46d907dd5f36342dd288841f4502bd571f6,Heikki Linnakangas,2025-11-10 16:11:41+02:00,Move SLRU_PAGES_PER_SEGMENT to pg_config_manual.h
3a872ddd64f908ac3dd65c544c2439ecbe737799,Daniel Gustafsson,2025-11-10 12:51:47+01:00,Fix typos in nodeWindowAgg comments
b23fe993e13612424faaee7ed35c4b830a2c0dfc,Michael Paquier,2025-11-10 14:30:10+09:00,Add more tests for relation statistics with rewrites
812367f3d48768b662e64bf2693703bbca8575d2,David Rowley,2025-11-10 17:15:03+13:00,Doc: more uppercase keywords in SQLs
16a2f706951edc1b284a66902c9e582217d37d31,Michael Paquier,2025-11-10 09:52:14+09:00,injection_points: Add variant for injection_point_attach()
9d7e851a2118286f123fd8cfc699e3db9318fba8,Michael Paquier,2025-11-09 08:17:31+09:00,Fix comment in copyto.c
980a855c5c2e21e964a739694e24004f72e03fdf,Bruce Momjian,2025-11-08 09:49:43-05:00,"doc:  consistently use ""structname"" and ""structfield"" markup"
e8bfad4ca842733b957c01e732ec009778f952cd,Bruce Momjian,2025-11-07 22:19:09-05:00,docs:  fix text by adding/removing parentheses
6204d07ad602f15c421e9b6488f0daf37ee1355c,Bruce Momjian,2025-11-07 21:54:25-05:00,Remove blank line in C code.
c5d34f4a550f26583a0b92e294eff7d001e318d3,Thomas Munro,2025-11-08 12:26:43+13:00,Fix generic read and write barriers for Clang.
7742f99a02ed1679eb6baeb35491ea3cf8a3a36e,Alexander Korotkov,2025-11-07 23:34:50+02:00,Fix checking for recovery state in WaitForLSN()
07961ef86625be91e243f1dff8911cb1d70e443f,Daniel Gustafsson,2025-11-07 15:10:50+01:00,doc: Fix incorrect wording for --file in pg_dump
0ab208fa505c04e2b3483de53a73edb71f9b9106,Fujii Masao,2025-11-07 19:17:37+09:00,pgbench: Add --continue-on-error option.
a3ea5330fcf47390c8ab420bbf433a97a54505d6,Peter Eisentraut,2025-11-07 10:14:25+01:00,"Fix ""inconsistent DLL linkage"" warning on Windows MSVC"
f6a4c498dcf6f05b4ef79051e95de12cc48bdeee,Amit Kapila,2025-11-07 08:05:08+00:00,Add seq_sync_error_count to subscription statistics.
c32e32f763b4c70cb0a85af9f12ee6badd9c860b,Fujii Masao,2025-11-07 14:54:36+09:00,doc: Fix descriptions of some PGC_POSTMASTER parameters.
6fba6cb05ddfb177ac1c4efa508707e879fb8bd3,Fujii Masao,2025-11-07 14:42:17+09:00,doc: Clarify units for io_combine_limit and io_max_combine_limit.
5310fac6e0fcb1c7fcefb3446767673f9107328c,Andres Freund,2025-11-06 16:43:16-05:00,bufmgr: Use atomic sub for unpinning buffers
c75ebc657ffce8dab76471da31aafb79fbe3fda2,Andres Freund,2025-11-06 16:42:10-05:00,bufmgr: Allow some buffer state modifications while holding header lock
448b6a4173d007c75ba30fed666b60f0bd1afe8b,David Rowley,2025-11-07 09:50:02+13:00,Tidyup WARNING ereports in subscriptioncmds.c
a2b02293bc65dbb2401cb19c724f52c6ee0f2faf,Álvaro Herrera,2025-11-06 20:33:57+01:00,Use XLogRecPtrIsValid() in various places
06edbed478625829b19c35d0c17d805be588afa6,Álvaro Herrera,2025-11-06 19:08:29+01:00,Introduce XLogRecPtrIsValid()
8fe7700b7eafe95d20244c5c85567f1573669e23,Álvaro Herrera,2025-11-06 15:50:04+01:00,"Refer readers of \? to ""\? variables"" for pset options"
aa606b9316a334cbc8c48560c72235f9e48e47bf,Peter Eisentraut,2025-11-06 13:54:42+01:00,Disallow generated columns in COPY WHERE clause
aa9c5fd3e3d7f1e6154474e39ab71377136d463a,Heikki Linnakangas,2025-11-06 14:45:00+02:00,Refactor shared memory allocation for semaphores
daf3d99d2b8bebb3361163a11ef3d232002127c9,Heikki Linnakangas,2025-11-06 14:20:48+02:00,Add comment to explain why PGReserveSemaphores() is called early
150e24501bc218057a7b9a24b19a145fa8b5c678,Peter Eisentraut,2025-11-06 10:47:45+01:00,Fix redundancy in error message
07b3df5d00cb01b024ee3c080cf15cee69ee3d95,John Naylor,2025-11-06 16:35:40+07:00,Cosmetic fixes in GiST README
5a4eba558aa76c36ecf2aab7587b233c0e2003e2,Amit Kapila,2025-11-06 08:52:31+00:00,Fix few issues in commit 5509055d69.
b498af4204bd832e11ffc87fe1999f113cc29a87,Thomas Munro,2025-11-06 21:14:05+13:00,ci: Improve OpenBSD core dump backtrace handling.
d6c132d83bff76acd569175af7f53b7c1bf429f4,Michael Paquier,2025-11-06 16:22:12+09:00,Document some structures in attribute_stats.c
489ec6b2fcd09621a2ac146298193a8231810e60,Peter Eisentraut,2025-11-06 08:00:57+01:00,Fix spurious output in configure
2307cfe31621d6077d9357aa7d6f4d8406c66b2d,Peter Eisentraut,2025-11-06 07:56:02+01:00,MSVC: Improve warning options set
01a985c3c4fb138ac2753e1210eed084e6bd181f,Peter Eisentraut,2025-11-06 07:37:22+01:00,Re-run autoheader
4b6fa00a3a91714ed19fed667abdcb5eeee69f77,Peter Eisentraut,2025-11-06 07:36:06+01:00,Re-run autoconf
05b9edcb7140101e91f7cf17c0c7d463bb41c401,Peter Eisentraut,2025-11-06 07:16:30+01:00,Update code comment
eaa159632d034a59ede1695f4b86098b1a372b48,David Rowley,2025-11-06 16:34:55+13:00,Fix UNION planner estimate_num_groups with varno==0
a3ebec4e4cf6625a2bab4db2830d57d25a34ba1f,Etsuro Fujita,2025-11-06 12:25:00+09:00,Update obsolete comment in ExecScanReScan().
c3eec94fc1a02a67ee51cdd781f24f6f28ad5b36,Etsuro Fujita,2025-11-06 12:15:00+09:00,postgres_fdw: Add more test coverage for EvalPlanQual testing.
49d43faa835f3c6817be9fc0b98bec0d661c2587,David Rowley,2025-11-06 16:03:02+13:00,Doc: use uppercase keywords in SQLs
6d0eba66275b125bf634bbdffda90c70856e3f93,David Rowley,2025-11-06 14:59:48+13:00,"Use stack allocated StringInfoDatas, where possible"
cf638b46aff2ccb8d4811e3b5d8a2c2410638190,Thomas Munro,2025-11-06 13:24:30+13:00,"ci: Add missing ""set -e"" to scripts run by su."
d4baa327a1c9c6a6e0b8f8d0ea410d19bf5dde33,Tom Lane,2025-11-05 11:09:45-05:00,Avoid possible crash within libsanitizer.
e4d8a2af07f56ec2537eb8f9a16599249db62c94,Peter Eisentraut,2025-11-05 16:38:04+01:00,doc: Add section for temporal tables
447aae13b0305780e87cac7b0dd669db6fab3d9d,Alexander Korotkov,2025-11-05 11:44:13+02:00,Implement WAIT FOR command
3b4e53a075ea5671b075f8fd873241179f8e64af,Alexander Korotkov,2025-11-05 11:44:13+02:00,Add infrastructure for efficient LSN waiting
8af3ae0d4b36f4cbd6c72b12357ba928d02b3ebd,Alexander Korotkov,2025-11-05 11:44:13+02:00,Add pairingheap_initialize() for shared memory usage
0ea5eee37606386150aa8317184617e1d5d34565,Richard Guo,2025-11-05 18:10:54+09:00,Avoid creating duplicate ordered append paths
c1777f2d6d43adf9bc65da3e44a3a5ad2cbfa86d,Richard Guo,2025-11-05 18:09:21+09:00,Fix assertion failure in generate_orderedappend_paths()
a4fd971c6f534aff96a1b3aab61d8a498b6b4ac5,Michael Paquier,2025-11-05 16:48:19+09:00,Fix timing-dependent failure in recovery test 004_timeline_switch
5509055d6956745532e65ab218e15b99d87d66ce,Amit Kapila,2025-11-05 05:59:58+00:00,Add sequence synchronization for logical replication.
1fd981f05369340a8afa4d013a350b0b2ac6e33e,Michael Paquier,2025-11-05 14:35:16+09:00,Drop unnamed portal immediately after execution to completion
59dec6c0b09f717e4ce78d54f578d56ef93bcc53,Richard Guo,2025-11-05 12:29:31+09:00,Fix comments for ChangeVarNodes() and related functions
2fc31079624e16d6b1a8508958dbf81e8edce057,Michael Paquier,2025-11-05 10:41:50+09:00,Add assertions checking for the startup process in WAL replay routines
dae00f333bdd98d094275080dba248cc80d4ca04,Andres Freund,2025-11-04 20:03:53-05:00,aio: Improve assertions related to io_method
2d83d729d5a1a6cc5c62bf3a932fdb508ce3d1ac,Andres Freund,2025-11-04 20:03:53-05:00,jit: Fix accidentally-harmless type confusion
d115de9d89164e87269d73d4f0f1368f06ebdd5e,Jeff Davis,2025-11-04 16:48:16-08:00,Special case C_COLLATION_OID in pg_newlocale_from_collation().
8ae0f6a0c3da4b1568b753906eb8ea34d41da251,Masahiko Sawada,2025-11-04 15:47:25-08:00,"Add CHECK_FOR_INTERRUPTS in Evict{Rel,All}UnpinnedBuffers."
fdda78e361f136ec2b8de579b366c1e66bba1199,David Rowley,2025-11-05 11:48:09+13:00,Fix possible usage of incorrect UPPERREL_SETOP RelOptInfo
0a3d27bfe0fb229253aa95feccd0360530b7edd8,Álvaro Herrera,2025-11-04 20:31:43+01:00,Fix snapshot handling bug in recent BRIN fix
1213cb475391640508d2495b2b560329897d152c,Tomas Vondra,2025-11-04 20:06:01+01:00,Trim TIDs during parallel GIN builds more eagerly
6d2ff1de4d0b66eb0288e21021c3741b9df1df0d,Masahiko Sawada,2025-11-04 10:51:39-08:00,psql: Add tab completion for COPY ... PROGRAM.
02fd47dbfade9b86ae4c34b5b01e10abb6dc45dc,Masahiko Sawada,2025-11-04 10:40:58-08:00,psql: Improve tab completion for COPY ... STDIN/STDOUT.
be9efd4929b0f4843cdde38866421c4d486b45e3,Andres Freund,2025-11-04 13:25:22-05:00,ci: debian: Switch to Debian Trixie release
c98dffcb7c7010d216dc16d22cb594ef7d65fde1,Tomas Vondra,2025-11-04 18:51:17+01:00,Limit the size of TID lists during parallel GIN build
4bfaea11d2d686a06487c2e33297bf17f12732d7,Jeff Davis,2025-11-04 09:46:00-08:00,Remove redundant memset() introduced by a0942f4.
ff4597acd4c3d957373335034e1ac16b6584c3e6,Tom Lane,2025-11-04 12:37:40-05:00,"Allow ""SET list_guc TO NULL"" to specify setting the GUC to empty."
93b7ab5b4beee2f0cdef9d57d934e3a57638f5ca,Álvaro Herrera,2025-11-04 17:30:44+01:00,"Have psql's ""\? variables"" show csv_fieldsep"
040cc5f3c782839ed30816671c5b5f36df0d2398,Peter Eisentraut,2025-11-04 14:46:58+01:00,Tighten check for generated column in partition key expression
a95e3d84c0e0ffd1e27c185dd69d053e43f2f8b5,Álvaro Herrera,2025-11-04 13:23:26+01:00,BRIN autosummarization may need a snapshot
c09a06918dff9a1651ed12a24eb03712331b234b,Peter Eisentraut,2025-11-04 12:25:04+01:00,Error message stylistic correction
861af9261035cec7408040d646cba92959ba6f13,Michael Paquier,2025-11-04 20:12:48+09:00,libpq: Improve error handling in passwordFromFile()
ad1581d7feaeb1d78a0858703dac1bcb52f600d8,Álvaro Herrera,2025-11-04 10:07:54+01:00,Use USECS_PER_SEC from datatype/timestamp.h
65f4976189b6cbe9aa93fc5f4b1eb7a2040b6301,Michael Paquier,2025-11-04 13:14:46+09:00,Add assertion check for WAL receiver state during stream-archive transition
e0ca61e7c4d55c34d67a3cc6fa0bdea2f41d2cf2,Michael Paquier,2025-11-04 12:57:36+09:00,Add WalRcvGetState() to retrieve the state of a WAL receiver
17b2d5ec759c0d26b29def7e57f51d0515ddca1f,Michael Paquier,2025-11-04 10:47:38+09:00,Fix unconditional WAL receiver shutdown during stream-archive transition
8b18ed6dfbb8b3e4483801b513fea6b429140569,Noah Misch,2025-11-03 12:57:09-08:00,Doc: cover index CONCURRENTLY causing errors in INSERT ... ON CONFLICT.
e7ccb247b38fff342c13aa7bdf61ce5ab45b2a85,Masahiko Sawada,2025-11-03 10:34:49-08:00,Fix outdated comment of COPY in gram.y.
645cb44c5490f70da4dca57b8ecca6562fb883a7,Álvaro Herrera,2025-11-03 17:40:39+01:00,Add \pset options for boolean value display
cf8be022538937fe9fe22de776fb8cfe6460a784,Álvaro Herrera,2025-11-03 15:58:19+01:00,Prevent setting a column as identity if its not-null constraint is invalid
f242dbcede9cb1c2f60ca31e6ad1141e0713bc65,Álvaro Herrera,2025-11-03 12:59:32+01:00,Remove WaitPMResult enum in pg_createsubscriber
ad25744f436ed7809fc754e1a44630b087812fbc,Michael Paquier,2025-11-03 19:42:03+09:00,Add wal_fpi_bytes to VACUUM and ANALYZE logs
fce7c73fba4e5e3014c27b8980aa07511d6e0f85,Peter Eisentraut,2025-11-03 10:04:14+01:00,Sort guc_parameters.dat alphabetically by name
8f29467c57f44cc2cdd9e4e53c6ab1b07375d5b4,Tom Lane,2025-11-02 16:57:43-05:00,"Change ""long"" numGroups fields to be Cardinality (i.e., double)."
1ea5bdb00bfbc6f8034859cd19769346bf31dc53,Tom Lane,2025-11-02 16:57:26-05:00,Improve planner's estimates of tuple hash table sizes.
b8f1c62807a58dc97e9262a17e7d0cadb305322b,Peter Geoghegan,2025-11-02 15:27:05-05:00,Document nbtree row comparison design.
4f08586c7ae5df69f768b3c4cf87f2e1a543a975,Peter Geoghegan,2025-11-02 13:34:18-05:00,Remove obsolete nbtree equality key comments.
645c1e2752d98dba2684a2c0d72aa788badb4908,Tom Lane,2025-11-02 12:30:44-05:00,Avoid mixing void and integer in a conditional expression.
b70cafd85fb5040d49a4e026fa9798d4ed5de17b,Tom Lane,2025-11-01 14:01:52-04:00,Remove unused variable in recovery/t/006_logical_decoding.pl.
ff8aba65d463b144db7c081181b5ccf6eaaf1af4,Tom Lane,2025-11-01 13:25:42-04:00,Fix contrib/ltree's subpath() with negative offset.
2648eab3779b0204368f785f9df84de01270e537,Álvaro Herrera,2025-10-31 18:49:50+01:00,pg_createsubscriber: reword dry-run log messages
11144915e101eff94556192f5f18f6ac133da43e,Álvaro Herrera,2025-10-31 17:43:15+01:00,pg_createsubscriber: Fix error complaining about the wrong thing
8a27d418f8fc08b62f371c1b167efbfbf0a2a24e,Peter Eisentraut,2025-10-31 10:47:25+01:00,"Mark function arguments of type ""Datum *"" as ""const Datum *"" where possible"
aa4535307e3d432f44b4c76b8ffebc5a0789250c,Peter Eisentraut,2025-10-31 09:55:12+01:00,formatting.c cleanup: Change fill_str() return type to void
da2052ab9a256277391a361715abb66c9b7956c4,Peter Eisentraut,2025-10-31 08:06:46+01:00,formatting.c cleanup: Rename DCH_S_* to DCH_SUFFIX_*
378212c68ab0f84fce2379c6e9cee750fec3c45b,Peter Eisentraut,2025-10-31 08:06:46+01:00,formatting.c cleanup: Change several int fields to enums
ce5f6817e4d572300f303a797f4f42820ead0044,Peter Eisentraut,2025-10-31 08:06:46+01:00,formatting.c cleanup: Change TmFromChar.clock field to bool
c9e38a569c5fe8006a08f63ba6b63d8021704c53,Michael Paquier,2025-10-31 11:24:24+09:00,Add test tracking WAL receiver shutdown for primary_conninfo updates
3896e861b348f282813f165f60fb8ab3342114c6,Bruce Momjian,2025-10-30 19:11:53-04:00,doc:  rewrite random_page_cost description
9c398fdf48176cde67e64ce40828aaaf98cf3750,Andres Freund,2025-10-30 16:08:21-04:00,ci: macos: Upgrade to Sequoia
0a8a4be8660dc507288961042d8994cac0045c80,Andres Freund,2025-10-30 13:06:42-04:00,ci: Fix Windows and MinGW task names
c106ef08071ad611fdf4febb3a8d2da441272a6d,Tom Lane,2025-10-30 11:21:22-04:00,"Use BumpContext contexts in TupleHashTables, and do some code cleanup."
e1ac846f3d2836dcfa0ad15310e28d0a0b495500,Peter Eisentraut,2025-10-30 14:12:06+01:00,Mark ItemPointer arguments as const throughout
a27c40bfe8ab1834c45d657844df3a84cbb292ac,Álvaro Herrera,2025-10-30 11:26:35+01:00,Simplify coding in ProcessQuery
8ce795fcb70df7a8fdf3303eec0cfcd703b0d122,Peter Eisentraut,2025-10-30 11:20:04+01:00,Fix some confusing uses of const
9fcd4874ed50ee6c60dadd0f1146d8fea9ff0055,Peter Eisentraut,2025-10-30 10:59:56+01:00,docs: Link to the correct protocol version inspection function
3479a0f823d5a6c3ec61dff6b11ea5250389e56a,Peter Eisentraut,2025-10-30 10:13:47+01:00,const-qualify ItemPointer comparison functions
e2cf524e4ad8a8667033628ca106fb7c9ebcd207,Peter Eisentraut,2025-10-30 08:35:33+01:00,formatting.c cleanup: Improve formatting of some struct declarations
9a1a5dfee8bbab0b258472800f7e0be5836ad4f6,Peter Eisentraut,2025-10-30 08:35:28+01:00,formatting.c cleanup: Remove unnecessary zeroize macros
38506f55fd4ac5ee4fe6b21bc2a380a14e7b2089,Peter Eisentraut,2025-10-30 08:35:18+01:00,formatting.c cleanup: Remove unnecessary extra line breaks in error message literals
5ab0b6a248076bf373a80bc7e83a5dfa4edf13aa,Michael Paquier,2025-10-30 15:34:01+09:00,Expose wal_fpi_bytes in EXPLAIN (WAL)
d432094689062b6a0b7b2504b289d34defca8888,Michael Paquier,2025-10-30 13:13:28+09:00,Fix regression with slot invalidation checks
257ee78341f2657d5c19cdaf0888f843e9bb0c33,Richard Guo,2025-10-30 11:58:45+09:00,Disable parallel plans for RIGHT_SEMI joins
50eb4e11815664bfcee883e92f4bf238ac23ec12,David Rowley,2025-10-30 14:48:10+13:00,"Fix bogus use of ""long"" in AllocSetCheck()"
3853a6956c3e3bc7a6fa9bcdb205a2997f46bac2,Jeff Davis,2025-10-29 14:17:13-07:00,Use C11 char16_t and char32_t for Unicode code points.
16edc1b94fc2db6e6a376471e280b50a418907c2,Álvaro Herrera,2025-10-29 12:35:02+01:00,pg_stat_statements: Fix handling of duplicate constant locations
94f95d91b025cb6752b4118bb0b30851e3d64df9,Álvaro Herrera,2025-10-29 11:41:39+01:00,CheckNNConstraintFetch: Fill all of ConstrCheck in a single pass
a13833c35f9e07fe978bf6fad984d6f5f25f59cd,Peter Eisentraut,2025-10-29 09:52:29+01:00,Reorganize GUC structs
2724830929ba29a5cf95fba6134ca4dcbfdb4109,Peter Eisentraut,2025-10-29 09:29:00+01:00,formatting.c cleanup: Remove unnecessary extra parentheses
6271d9922e040e457b58eedcfa60839146951243,Peter Eisentraut,2025-10-29 09:28:55+01:00,formatting.c cleanup: Use array syntax instead of pointer arithmetic
b9def57a3c95540737290ca88eadf33212785690,Peter Eisentraut,2025-10-29 09:28:50+01:00,formatting.c cleanup: Add some const pointer qualifiers
d98b3cdbafb8db54d08a6f122d0c22950e66f970,Peter Eisentraut,2025-10-29 09:28:43+01:00,formatting.c cleanup: Use size_t for string length variables and arguments
f0f2c0c1aef95757c4e7f144d5577e2b0d814279,Peter Eisentraut,2025-10-29 07:52:58+01:00,Replace pg_restrict by standard restrict
c094be259b918fbcae5bed12d6c6b64bcb4c4846,Peter Eisentraut,2025-10-29 07:32:21+01:00,Remove obsolete comment
d3111cb753e81a64c1a4417ed6de98a90a04432a,Michael Paquier,2025-10-29 09:13:31+09:00,Fix correctness issue with computation of FPI size in WAL stats
b3ce55f413cdf70b1bc4724052fb4eacf9de239a,Nathan Bossart,2025-10-28 14:08:38-05:00,Add psql PROMPT variable for search_path.
03fbb0814c5015ab79e670ab97bb6a3349269e4b,Peter Eisentraut,2025-10-28 19:20:17+01:00,formatting.c cleanup: Move loop variables definitions into for statement
95924672d534be7291fa6b717e146b6dcb7bc1c6,Peter Eisentraut,2025-10-28 19:20:02+01:00,formatting.c cleanup: Remove dashes in comments
d5845aa8adb25fda30cb2ad44aa2c5b0a59baa27,Álvaro Herrera,2025-10-28 19:13:32+01:00,Don't error out when dropping constraint if relchecks is already zero
4da12e9e2e3c011a3fc8354ca451d6a82c017fa3,Jeff Davis,2025-10-28 10:49:20-07:00,Move comment about casts from pg_wchar.
35e53b68418a1d06f899d4bb41be88d18f9dcb7b,Peter Eisentraut,2025-10-28 10:07:29+01:00,Check that index can return in get_actual_variable_range()
f9a09aa2952039a9956b44d929b9df74d62a4cd4,Michael Paquier,2025-10-28 16:21:51+09:00,Add wal_fpi_bytes to pg_stat_wal and pg_stat_get_backend_wal()
3e8e05596a020f043f1efd6406e4511ea85170bd,Amit Kapila,2025-10-28 05:47:50+00:00,Add worker type argument to logical replication worker functions.
8767b449a3a1e75626dfb08f24da54933171d4c5,Michael Paquier,2025-10-28 08:26:42+09:00,Simplify newline handling in two TAP tests
123661427b974777ed00abcfa10443d0ca525b3c,Nathan Bossart,2025-10-27 10:30:05-05:00,Fix a couple of comments.
2e84248d6497ce06e8c63e08d3cf3bee1e9ee105,Dean Rasheed,2025-10-27 10:21:16+00:00,Add new RLS tests to test policies applied by command type.
10b5bb3bffaee8d136d970c5b2ec1f21592b581b,Peter Eisentraut,2025-10-27 09:55:59+01:00,Add some const qualifications
76acf4b722faa2a552f62034b793c2797909f91b,Peter Eisentraut,2025-10-27 09:55:59+01:00,Remove Item type
64d2b0968ea494cb11900ffb7681b5784e4112b9,Peter Eisentraut,2025-10-27 08:53:09+01:00,Remove meaninglist restrict qualifiers
e0dc4bbfb88546cbbe53cfc7f8e9aca8e256adff,Amit Kapila,2025-10-27 06:48:32+00:00,Fix GUC check_hook validation for synchronized_standby_slots.
549d9c91b1d2fa38e374c020eb584e3e6836e27c,Amit Kapila,2025-10-27 03:52:39+00:00,Improve test in 009_matviews.pl.
371a302eecdc82274b0ae2967d18fd726a0aa6a1,Jeff Davis,2025-10-26 12:31:50-07:00,Comment typo fixes: pg_wchar_t should be pg_wchar.
39dcfda2d23ac39f14ecf4b83e01eae85d07d9e5,David Rowley,2025-10-26 10:59:50+13:00,Fix incorrect logic for caching ResultRelInfos for triggers
7e2af1fb1118a547bd831fca3afbc3ff80ebf089,Dean Rasheed,2025-10-25 11:08:46+01:00,Guard against division by zero in test_int128 module.
5173bfd0443e0c0f3fa37006727d516dc1ba4cee,Michael Paquier,2025-10-25 09:07:31+09:00,pg_rewind: Skip copy of WAL segments generated before point of divergence
14ee8e6403001c3788f2622cdcf81a8451502dc2,Fujii Masao,2025-10-24 14:31:14+09:00,psql: Improve tab completion for large objects.
0758111f5d35b64dd5ddbc716bd05806b52ea183,Tom Lane,2025-10-23 17:47:10-04:00,Update expected output for contrib/sepgsql's regression tests.
c0677d8b2e4a69fbe2174ac77aca82f45f236d71,Daniel Gustafsson,2025-10-23 21:26:15+02:00,doc: Remove mention of Git protocol support
e557c82759a3362d8fb618c798ca99ee90be96c5,Tom Lane,2025-10-23 14:23:26-04:00,Avoid memory leak in validation of a PL/Python trigger function.
9f9a04368f8055c1851f5071add393b380d1cc52,Tom Lane,2025-10-23 12:32:06-04:00,Fix off-by-one Asserts in FreePageBtreeInsertInternal/Leaf.
798b19d27b28e6dec3ae5134d396882d3197dfe8,Tom Lane,2025-10-23 11:47:46-04:00,"Fix resource leaks in PL/Python error reporting, redux."
f0b3573c3aac6c0ea4cbc278f98178516579d370,Amit Kapila,2025-10-23 08:30:27+00:00,"Introduce ""REFRESH SEQUENCES"" for subscriptions."
6ae08d9583e9a5e951286948bdd9fcd58e67718a,Michael Paquier,2025-10-23 15:57:46+09:00,pg_rewind: Extend code detecting relation files to work with WAL files
abc2b71383b4c49c2fbda74c281d50f3936551b8,Fujii Masao,2025-10-23 13:24:56+09:00,Add comments explaining overflow entries in the replication lag tracker.
20628b62e46e3a2e66c3bb9396720077c7c47018,Tatsuo Ishii,2025-10-23 10:58:41+09:00,"Fix coding style with ""else""."
b30da2d233fed10c0f0e90d95171bc927404b2b1,David Rowley,2025-10-23 13:38:39+13:00,Fix some misplaced comments in parallel_schedule
487e2bc5341c19a906db0928d09f08e935a9d737,Masahiko Sawada,2025-10-22 17:17:49-07:00,Add copyright notice to vacuum_horizon_floor.pl test.
6911f80379d48744c70e7ea7731b783c8fec01d2,David Rowley,2025-10-23 13:11:02+13:00,Fix incorrect zero extension of Datum in JIT tuple deform code
fe9c051fd3ff5c453b46cf2c958782227e4b3c69,Tom Lane,2025-10-22 17:50:11-04:00,Avoid assuming that time_t can fit in an int.
d10866f1fdf1fbf66605b47e8303848b6c7d950b,Nathan Bossart,2025-10-22 16:47:38-05:00,Fix type of infomask parameter in htup_details.h functions.
716c451128a141acbae1ccab6946c716021a977f,Tom Lane,2025-10-22 16:22:52-04:00,Remove useless pstrdup() calls.
bc310c6ff3463c65ce532a437f1d27a4318c8b4a,Tom Lane,2025-10-22 15:19:19-04:00,Fix memory leaks in scripts/vacuuming.c.
9224c3025243a3daeb49fa58b948c6e1fdf99501,Tom Lane,2025-10-22 13:38:40-04:00,Fix memory leaks in pg_combinebackup/reconstruct.c.
4c5e1d0785ce150c3e6c65b009ea56815acbc8cd,Nathan Bossart,2025-10-22 12:31:55-05:00,Remove make_temptable_name_n().
f33e60a53a9ca89b5078df49416acae20affe1f5,Fujii Masao,2025-10-22 20:09:43+09:00,Make invalid primary_slot_name follow standard GUC error reporting.
2d7b247cb414ccbc052c485fd82a841477a7e1ff,Tatsuo Ishii,2025-10-22 12:06:33+09:00,Fix multi WinGetFuncArgInFrame/Partition calls with IGNORE NULLS.
883a95646a8e67a2d316f230712ed82b8ba58e28,Fujii Masao,2025-10-22 11:27:15+09:00,Fix stalled lag columns in pg_stat_replication when replay LSN stops advancing.
2519fa836235d371a6d7f5c2eb3a8f379120a988,Michael Paquier,2025-10-22 10:08:47+09:00,Bump catalog version for new function error_on_null()
2b75c38b707a070922231de667a0bd08ee71b268,Michael Paquier,2025-10-22 09:55:17+09:00,"Add error_on_null(), checking if the input is the null value"
2470ca435c452fe4def9dcc4a831b5101691d541,David Rowley,2025-10-22 11:36:26+13:00,"Use CompactAttribute more often, when possible"
fba60a1b107df425ec9676b8cf759830a70def03,Tom Lane,2025-10-21 14:10:14-04:00,Avoid short seeks in pg_restore.
b97d8d843a2d07547f037e624fec79fd610005bb,Nathan Bossart,2025-10-21 12:23:23-05:00,Add reminder to create .abi-compliance-history.
ff53907c35713a9c0c8cbdcc8d82c54954cf8234,Jeff Davis,2025-10-21 09:32:12-07:00,Make char2wchar() static.
844385d12e7515f3461e53728f0a9358bc35b6a5,Jeff Davis,2025-10-21 09:32:04-07:00,Remove obsolete global database_ctype_is_c.
e113f9c102b7e2462facf0ecffc97f8093efed54,Jeff Davis,2025-10-21 09:31:49-07:00,tsearch: use database default collation for parsing.
776c2c2ae2d3ba7d9b5d7d780df67af1924e7591,Nathan Bossart,2025-10-21 10:02:19-05:00,Add previous commit to .git-blame-ignore-revs.
e94a7afe44bfa1bd8dc929204a2d4ac8b3fa9854,Nathan Bossart,2025-10-21 09:56:26-05:00,Re-pgindent brin.c.
b7cc6474e930d4429b15657d6910e1e32066de5e,Álvaro Herrera,2025-10-21 10:51:55+03:00,Make smgr access for a BufferManagerRelation safer in relcache inval
9fd29d7ff476f3f1c1a22d6d6f730e813eddd960,David Rowley,2025-10-21 20:46:14+13:00,Fix BRIN 32-bit counter wrap issue with huge tables
e4e496e88c9a0940abe1ade44337577b26f032a0,Michael Paquier,2025-10-21 16:12:30+09:00,Fix comment in pg_get_shmem_allocations_numa()
18d2614093481cb7ae89e1f5b72f3ddf5fb49b4c,Richard Guo,2025-10-21 12:35:36+09:00,Fix pushdown of degenerate HAVING clauses
29b039e9166d5ad70b39375faceec2167343d355,Michael Paquier,2025-10-21 08:05:28+09:00,"Fix POSIX compliance in pgwin32_unsetenv() for ""name"" argument"
4bea91f21f61d01bd40a4191a4a8c82d0959fffe,Masahiko Sawada,2025-10-20 10:38:52-07:00,Support COPY TO for partitioned tables.
d74cfe3263fa0a35cb962570697f422775cd12d6,Tom Lane,2025-10-20 08:45:57-04:00,Fix thinko in commit 7d129ba54.
762faf702c6f7292bd02705553078700d92c15f1,Fujii Masao,2025-10-20 11:44:11+09:00,pg_dump: Remove unnecessary code for security labels on extensions.
a7c30422004ae757909ed831fd8eea453022f969,Michael Paquier,2025-10-20 09:35:22+09:00,pg_checksums: Use new routine to retrieve data of PG_VERSION
92cf557ffae436235cfa3bbba1265b5807a68ef2,Tom Lane,2025-10-19 18:28:46-04:00,Add static assertion that RELSEG_SIZE fits in an int.
277dec6514728e2d0d87c1279dd5e0afbf897428,Tom Lane,2025-10-19 14:36:58-04:00,Don't rely on zlib's gzgetc() macro.
dd766a441d69d16d1c8ab0d3a41a10649702d202,Tatsuo Ishii,2025-10-19 09:29:26+09:00,Fix Coverity issue reported in commit 2273fa32bce.
e533524b23b8dd504d38c09c9f84b38289ca635d,Jeff Davis,2025-10-18 16:25:23-07:00,Add pg_database_locale() to retrieve database default locale.
67a8b49e96caf0782b556521c8d6650e78f2d88e,Jeff Davis,2025-10-18 16:25:11-07:00,"Add pg_iswxdigit(), useful for tsearch."
da44d71e799d5b3f03256169334044ad817c1dd7,Tom Lane,2025-10-18 18:36:21-04:00,Allow role created by new test to log in on Windows.
e3b9e44689051d5bee199e333c748aac83396378,David Rowley,2025-10-19 10:13:13+13:00,Tidyup truncate_useless_pathkeys() function
615ff828e1cb8eaa2a987d4390c5c9970fc1a3e6,Álvaro Herrera,2025-10-18 18:18:19+02:00,"Fix determination of not-null constraint ""locality"" for inherited columns"
4921a5972a345fd3118f47a9e425ec862d8a8333,Álvaro Herrera,2025-10-18 17:50:10+02:00,Fix pg_dump sorting of foreign key constraints
5c0a20003b4396930a354105ccf47402ca5047d2,David Rowley,2025-10-18 16:07:04+13:00,Fix reset of incorrect hash iterator in GROUPING SETS queries
86d118f9a60c6aafe1a6331fdf80455df24f32ae,David Rowley,2025-10-18 12:50:14+13:00,Englishify comment wording
b85c4700fc5124999e22ea7300ecc0a290c81cbc,Tomas Vondra,2025-10-17 22:21:50+02:00,Fix hashjoin memory balancing logic
fd530650137e41bd2c3ed2b62724d5b47721a922,Masahiko Sawada,2025-10-17 11:28:54-07:00,Remove unused data_bufsz from DecodedBkpBlock struct.
208927e656929df4ecc1efe8443dbcdbbcb23e38,Nathan Bossart,2025-10-17 11:36:50-05:00,Fix privilege checks for pg_prewarm() on indexes.
a6113dc1dae009a3d9a634d2fcc59d72d1dd7d7b,Tom Lane,2025-10-17 11:25:53-04:00,Improve TAP tests by replacing ok() with better Test::More functions
7d129ba54e7425baf43aa518d417ba3e4e94a443,Daniel Gustafsson,2025-10-17 14:21:26+02:00,Avoid warnings in tests when openssl binary isn't available
e1a912c86d5205371b043772aa89908f2452cbf0,Peter Eisentraut,2025-10-17 10:33:54+02:00,Change config_generic.vartype to be initialized at compile time
0a7bde46101697ece7549df29078ff9417347438,Peter Eisentraut,2025-10-17 10:29:42+02:00,Use designated initializers for guc_tables
0d82163958005b2ba56f8c58311888d142fa4509,Daniel Gustafsson,2025-10-17 10:03:15+02:00,ecpg: check return value of replace_variables()
6aa184c80f0cb0e20572441e0189567ed5176e1d,Daniel Gustafsson,2025-10-17 09:38:49+02:00,Replace defunct URL with stable archive.org URL in rbtree.c
fabb33b351c2504a1985f9a1cdf697924cd5f023,Michael Paquier,2025-10-17 14:39:09+09:00,Improve TAP tests by replacing ok() with better Test::More functions
e64aa1a39d4b8a9502be8ed8dfd67efd6f6acf28,Fujii Masao,2025-10-17 14:03:42+09:00,doc: Clarify when backend_xmin in pg_stat_replication can be NULL.
d1b80a31ed6dc185108af74f363bd6baad98104f,Michael Paquier,2025-10-17 13:06:04+09:00,Fix matching check in recovery test 042_low_level_backup
d372888ade9e7f4796882d3e15b0d78ae329d0cb,Michael Paquier,2025-10-17 13:01:14+09:00,pg_createsubscriber: Fix matching check in TAP test
6ad9378c9a7bf10840c884286009956f51e4924c,Álvaro Herrera,2025-10-16 20:21:05+02:00,Fix update-po for the PGXS case
20ec9958921af9698e88d6f006c49a4d9d28f210,Tom Lane,2025-10-16 12:52:10-04:00,Add more TAP test coverage for pg_dump.
9dcf7f1172cd464366ad488feae9c94a2c9ca417,Tom Lane,2025-10-16 12:51:55-04:00,Split 002_pg_dump.pl into two test files.
66ec01dc41243d756896777aa66df149ac8fa31d,Tom Lane,2025-10-16 12:50:18-04:00,Align the data block sizes of pg_dump's various compression modes.
812221b204276b884d2b14ef56aabd9e1946be81,Nathan Bossart,2025-10-16 11:31:38-05:00,Remove partColsUpdated.
41c674d2e31e8304a6edbcb5183d326798ba00f6,Amit Kapila,2025-10-16 05:10:50+00:00,Refactor logical worker synchronization code into a separate file.
905e932f0922a837bb3e4e482089c7c2e98bea67,Amit Langote,2025-10-16 14:01:44+09:00,Fix EPQ crash from missing partition directory in EState
02c171f63fca870d55c4b184a4b7c0cebb06faa1,Michael Paquier,2025-10-16 11:39:45+09:00,"Override log_error_verbosity to ""default"" in test 009_log_temp_files"
76bba033128acd8bde70f532383f80b26cc9baae,Michael Paquier,2025-10-16 09:02:51+09:00,Add tests for logging of temporary file removal and statement
079480dc20223dfe03d60fcabda9c0a65e30d0d5,Nathan Bossart,2025-10-15 16:32:40-05:00,Fix lookup code for REINDEX INDEX.
af164f31b9f5f00561d5831a72ab91cfe091f92e,Jeff Davis,2025-10-15 12:54:01-07:00,Add pg_iswalpha() and related functions.
688dc6299a5bda3221db99fdd957ac9edf11c8a6,Nathan Bossart,2025-10-15 12:47:33-05:00,"Fix lookups in pg_{clear,restore}_{attribute,relation}_stats()."
5f4c3b33a97688174dfff44bdbc9ac228095714a,Peter Eisentraut,2025-10-15 15:20:28+02:00,Change reset_extra into a config_generic common field
dd3ae378301f7e84c18f7a90f183c3cd4165c0da,Peter Eisentraut,2025-10-15 14:31:12+02:00,Add log_autoanalyze_min_duration
12609fbacb007698ec91101b6464436506518346,Etsuro Fujita,2025-10-15 17:15:00+09:00,Fix EvalPlanQual handling of foreign/custom joins in ExecScanFetch.
29dc7a668753acee03a3140f541ae6de974244bc,Peter Eisentraut,2025-10-15 10:05:53+02:00,Add some const qualifiers
1a795188889cc630f4f9ce617bfc28fb2aa1432f,Peter Eisentraut,2025-10-15 10:00:37+02:00,Modernize some for loops
594ba21bce05e8682eaf024f705fea8aeaba5ef3,Peter Eisentraut,2025-10-15 08:18:29+02:00,plpython: Remove support for major version conflict detection
2436b8c047fff793c9d115dd0acb48c0b6e114d9,Amit Kapila,2025-10-15 03:42:27+00:00,Standardize use of REFRESH PUBLICATION in code and messages.
fa55be2a506a77772cab1d62430cc2217413f9ec,Michael Paquier,2025-10-15 11:11:30+09:00,pg_createsubscriber: Use new routine to retrieve data of PG_VERSION
c6a6cd53d3ababa667aa224229550b96fb13cf26,Michael Paquier,2025-10-15 10:09:48+09:00,pg_resetwal: Use new routine to retrieve data of PG_VERSION
e4775e42cadeaa918bf5e10bf17056c51d5e16e2,Michael Paquier,2025-10-15 09:54:56+09:00,pg_combinebackup: Use new routine to retrieve data of PG_VERSION
45a7faf130176ae7c152413967c7c90068476a94,Masahiko Sawada,2025-10-14 17:36:11-07:00,"Revert ""pg_createsubscriber: Add log message when no publications exist to drop."""
3e4705484e0c64c7e90d5cc697a9aaf474287d0d,Melanie Plageman,2025-10-14 17:43:41-04:00,Make heap_page_is_all_visible independent of LVRelState
43b05b38ea4d03a0ee9a09f08a9559bc0ca6d7ad,Melanie Plageman,2025-10-14 17:03:48-04:00,Inline TransactionIdFollows/Precedes[OrEquals]()
c8dd6542bae42744c676234dca45972e2cc3dfb2,Melanie Plageman,2025-10-14 15:08:50-04:00,Add helper for freeze determination to heap_page_prune_and_freeze
74ac377d75135e02064fc4427bec401277b4f60c,Masahiko Sawada,2025-10-14 11:45:29-07:00,pg_createsubscriber: Add log message when no publications exist to drop.
8efe982fe2c5b900554d489c0409618638193aef,Jeff Davis,2025-10-14 11:04:04-07:00,pg_regc_locale.c: rename some static functions.
c9b299f6df983ff3b196677a625393c31598d86f,Nathan Bossart,2025-10-14 12:20:48-05:00,dblink: Avoid locking relation before privilege check.
4a8fb58671d36b8f6cb4f5c582b8dc5fa4d26702,Melanie Plageman,2025-10-14 10:13:10-04:00,Bump XLOG_PAGE_MAGIC after xl_heap_prune change
5f3808646f67260d5dc0d95f2602886da5cf5c52,Tatsuo Ishii,2025-10-14 19:15:24+09:00,Use ereport rather than elog in WinCheckAndInitializeNullTreatment.
1206df04c2001868204f3f79c48173065f3b8231,Richard Guo,2025-10-14 16:35:22+09:00,Rename apply_at to apply_agg_at for clarity
a7d8052910d6254688ef66840554f1bba80a2238,Michael Paquier,2025-10-14 16:27:13+09:00,pg_upgrade: Use new routine to retrieve data of PG_VERSION
cd0be131ba6f7e8b1323d188db20d15c2504b021,Michael Paquier,2025-10-14 16:20:42+09:00,Introduce frontend API able to retrieve the contents of PG_VERSION
1c05fe11abb6a1588b158e3f39b668053e24cdae,Michael Paquier,2025-10-14 08:30:54+09:00,Fix version number calculation for data folder flush in pg_combinebackup
add323da40a6bf9e01cdda510e32ea924c89cd1a,Melanie Plageman,2025-10-13 18:01:06-04:00,Eliminate XLOG_HEAP2_VISIBLE from vacuum phase III
03bf7a12c5a44ced377352c8f9bf6e9f4b863885,Tom Lane,2025-10-13 17:56:45-04:00,Fix incorrect message-printing in win32security.c.
615a0fc2f1fd30df863b0dde2c045eaab8018ec6,David Rowley,2025-10-14 09:25:02+13:00,Doc: clarify n_distinct_inherited setting
1f8062dd9668572d66549fc798a7d2057aa34ee1,Tom Lane,2025-10-13 13:17:45-04:00,Fix serious performance problems in LZ4Stream_read_internal.
fe8192a95e6c7159d639e341740e32966c9cf385,Tom Lane,2025-10-13 13:01:45-04:00,Fix poor buffering logic in pg_dump's lz4 and zstd compression code.
a239c4a0c22627a45c0a91d2f4d9755bbc5be7be,Tom Lane,2025-10-13 12:44:20-04:00,Fix issue with reading zero bytes in Gzip_read.
d3ba50db48e66be8804b9edf093b0f921d625425,Magnus Hagander,2025-10-13 15:31:25+02:00,docs: Fix protocol version 3.2 message format of CancelRequest
e062af861b453769ccf3940fe7920a87d7d31fe6,Magnus Hagander,2025-10-13 15:26:37+02:00,Remove extra semicolon in example
7a662a46ebf74e9fa15cb62b592b4bf00c96fc94,Peter Geoghegan,2025-10-12 14:04:08-04:00,Remove unused nbtree array advancement variable.
26d1cd375f156f68e12d51ba50e39ea46ea729ff,Tom Lane,2025-10-11 16:33:55-04:00,Restore test coverage of LZ4Stream_gets().
3231fd0455220194d6f75323c83819a38fc0a382,Álvaro Herrera,2025-10-11 20:30:12+02:00,Stop creating constraints during DETACH CONCURRENTLY
ff47f9c16c2f626d828a473d63c90d03f18a34a3,Álvaro Herrera,2025-10-11 16:39:22+02:00,dbase_redo: Fix Valgrind-reported memory leak
843e50208a31b9e17e9ab530c93a158425cfb8ba,Peter Geoghegan,2025-10-10 14:52:25-04:00,Remove overzealous _bt_killitems assertion.
3a36543d7d08eef6496fe3511f4cf04cba14f572,Michael Paquier,2025-10-10 11:51:45+09:00,Fix two typos in xlogstats.h and xlogstats.c
912af1c7e9c9cc5e2cff4a506e829d6ea006ba9a,Michael Paquier,2025-10-10 09:23:59+09:00,Remove state.tmp when failing to save a replication slot
c819d1017ddb349d92ab323d2631bc1f10bb4e86,Andres Freund,2025-10-09 19:17:13-04:00,bufmgr: Fix valgrind checking for buffers pinned in StrategyGetBuffer()
9d46b86529e8337e34fb5a65b1a7dca9dc53938f,Michael Paquier,2025-10-10 07:20:03+09:00,test_bitmapset: Improve random function
d96f87332b3786abd23cba47459546799c562b8c,Melanie Plageman,2025-10-09 16:29:01-04:00,Eliminate COPY FREEZE use of XLOG_HEAP2_VISIBLE
1b073cba4993b31fbf820504f297efce5d951c00,David Rowley,2025-10-10 09:25:23+13:00,Cleanup VACUUM option processing error messages
89d57c1fb35522590ec1f70b123c853cf5a9acb2,Tom Lane,2025-10-09 15:37:42-04:00,Clean up memory leakage that occurs in context callback functions.
b46efe90482bc1105a17955fce02cb3708230f0e,Masahiko Sawada,2025-10-09 10:59:27-07:00,Fix access-to-already-freed-memory issue in pgoutput.
71540dcdcb2239d9398c586615761d5ea424aaf0,Tom Lane,2025-10-09 10:33:55-04:00,Avoid uninitialized-variable warnings from older compilers.
36fd8bde1b77191eaf7d3499052c0636b6b93a87,Richard Guo,2025-10-09 17:50:54+09:00,Fix comment in eager_aggregate.sql
f997d777adf725c674e1bfcff086487f2427759e,Richard Guo,2025-10-09 17:49:20+09:00,"Remove unnecessary include of ""utils/fmgroids.h"""
8d02f49696d81b1641412c2f4545403de37faadc,Michael Paquier,2025-10-09 14:02:24+09:00,Remove duplicated log related to slot creation in pg_createsubscriber
96b37849734673e7c82fb86c4f0a46a28f500ac8,Amit Kapila,2025-10-09 03:48:54+00:00,"Add ""ALL SEQUENCES"" support to publications."
ef5e60a9d352a97791af632e0d26a572bc88e921,Amit Langote,2025-10-09 01:07:59-04:00,Fix internal error from CollateExpr in SQL/JSON DEFAULT expressions
a5a68dd6d5159626360f75ffde96eca879e6cc30,David Rowley,2025-10-09 12:38:33+13:00,Make truncate_useless_pathkeys() consider WindowFuncs
5e89985928795f243dc287210c2aa016dfd00bfe,Andres Freund,2025-10-08 17:04:07-04:00,bufmgr: Don't lock buffer header in StrategyGetBuffer()
3baae90013df58a8d124afa79df07075b8ebea09,Andres Freund,2025-10-08 16:06:19-04:00,bufmgr: fewer calls to BufferDescriptorGetContentLock
2a2e1b470b9b4e9c7d76bc227db02a2efbb57473,Andres Freund,2025-10-08 14:34:30-04:00,bufmgr: Fix signedness of mask variable in BufferSync()
3c2b97b29ee33d5619779fd10e06eee07d4700da,Andres Freund,2025-10-08 14:34:30-04:00,bufmgr: Introduce FlushUnlockedBuffer
819dc118c0f6cd1fc08f0e807702b4bc0b0d8733,Andres Freund,2025-10-08 13:10:40-04:00,Improve ReadRecentBuffer() scalability
d3b6183dd988928dd369b4b7d641917e77f1ae4e,Masahiko Sawada,2025-10-08 10:05:04-07:00,Add mem_exceeded_count column to pg_stat_replication_slots.
14ad0d7bf2b8d5f26061df7cbdf18cfffcdcb225,Tom Lane,2025-10-08 12:19:53-04:00,"Cleanup NAN code in float.h, too."
4685977cc51c91dda0f76b1ef71ba02823a57a1e,Robert Haas,2025-10-08 09:07:49-04:00,Add extension_state member to PlannedStmt.
94f3ad3961a2cb32d30c79f01a70db4caff13318,Robert Haas,2025-10-08 09:05:38-04:00,Add planner_setup_hook and planner_shutdown_hook.
c83ac02ec7309edb7561eee93895c31a54b93d3d,Robert Haas,2025-10-08 08:33:29-04:00,Add ExplainState argument to pg_plan_query() and planner().
8e11859102f947e6145acdd809e5cdcdfbe90fa5,Richard Guo,2025-10-08 17:04:23+09:00,Implement Eager Aggregation
185e304263347d0979832f7a08a812872d136b18,Richard Guo,2025-10-08 17:01:48+09:00,Allow negative aggtransspace to indicate unbounded state size
138da727a174219da2d408382e50f8628f1fa38f,Michael Paquier,2025-10-08 14:02:26+09:00,Improve description of some WAL records for GIN
b71bae41a0cdda879db39d9946d2cc4af910bed1,Michael Paquier,2025-10-08 12:43:40+09:00,Add stats_reset to pg_stat_user_functions
035b09131daab84f2ed9a4a3f766bf4781fd5cbf,Amit Kapila,2025-10-08 03:17:05+00:00,Fix typo in function header comment.
2273fa32bce7c1fb856c726d01d8cdaaba36f849,Tatsuo Ishii,2025-10-08 09:26:49+09:00,Fix Coverity issues reported in commit 25a30bbd423.
3bf905692c9db5309c5cd4c0dec7ec17ab8c7af1,David Rowley,2025-10-08 12:07:17+13:00,Cleanup INFINITY code in float.h
64095d157482136ee609586266f8a37467c69bde,Robert Haas,2025-10-07 12:43:45-04:00,Remove PlannerInfo's join_search_private method.
0132dddab33a6eae2d3d63eda9f053e745fedb06,Robert Haas,2025-10-07 12:09:30-04:00,Allow private state in certain planner data structures.
afd532c3a80c12a9c0f836c5e4fc3cfe6503b91f,Tom Lane,2025-10-07 11:47:27-04:00,Adjust new TAP test to work on macOS.
27da1a796ff9a367c34d431fd28be923cd8da507,Tom Lane,2025-10-07 10:57:56-04:00,Improve psql's ability to select pager mode accurately.
8c49a484e8ebb0199fba4bd68eaaedaf49b48ed0,Robert Haas,2025-10-07 09:18:54-04:00,Assign each subquery a unique name prior to planning it.
8c2d5d4f1195c6ea62557f5975d8794b52ab4e0f,Daniel Gustafsson,2025-10-07 15:02:20+02:00,doc: Add missing parenthesis in pg_stat_progress_analyze docs
c53775185dc4b17cd951f5fff74c020a2469da27,Álvaro Herrera,2025-10-07 10:45:57+02:00,Fix compile of src/tutorial/funcs.c
9c9d41af4db7e7f81d0f9abc7dc16402386091b0,David Rowley,2025-10-07 17:17:52+13:00,Teach planner to short-circuit EXCEPT/INTERSECT with dummy inputs
928df067d1e6ca5b747722d32c79bc3efa891a32,David Rowley,2025-10-07 14:15:04+13:00,Fix incorrect targetlist in dummy UNIONs
771cfe22a0982f8716abfa253707e74fbbad873a,Masahiko Sawada,2025-10-06 14:02:01-07:00,Avoid unnecessary GinFormTuple() calls for incompressible posting lists.
ec8719ccbfcd78c6b40b5f2b94f60769f3bd08aa,Nathan Bossart,2025-10-06 12:28:50-05:00,Optimize hex_encode() and hex_decode() using SIMD.
5b5e8a29c13aa583f8a674cb65f92a204da24be8,Andrew Dunstan,2025-10-06 07:53:31-04:00,"Revert ""Improve docs syntax checking"""
b93172ca59f4ae317b2b9dfbf7f342b237101256,Amit Kapila,2025-10-06 08:30:16+00:00,Expose sequence page LSN via pg_get_sequence_data.
42c6b74d8928885135ba35ffdb7fb60602953e2d,Michael Paquier,2025-10-06 16:23:51+09:00,Add comment in ginxlog.h about block used with ginxlogInsertListPage
7072a8855e84287f63ee4155124455145d70534c,Michael Paquier,2025-10-06 16:14:59+09:00,Remove block information from description of some WAL records for GIN
a5b543258aa29e181abe59b3183b685650d24651,Michael Paquier,2025-10-06 15:31:21+09:00,"Add stats_reset to pg_stat_all_{tables,indexes} and related views"
c173aaff98f898564998c0f5e4df9b6fca8a0f9c,Michael Paquier,2025-10-06 14:34:45+09:00,Add test for pg_stat_reset_single_table_counters() on index
0c7f103028202cec94e12cbe45cebdb5c8fbc392,Michael Paquier,2025-10-06 11:18:30+09:00,Fix two comments in numeric.c
ea78bd6d5d0f18c09db1e3ec6fd19be38d706030,Tom Lane,2025-10-05 16:27:47-04:00,Use SOCK_ERRNO[_SET] in fe-secure-gssapi.c.
1a8b5b11e48a8fb086228542d1d4b379f23bdc1e,Álvaro Herrera,2025-10-05 18:00:38+02:00,Don't include access/htup_details.h in executor/tuptable.h
1b6f61bd89889f704656005e7c1f1a40255230e5,Álvaro Herrera,2025-10-05 17:35:25+02:00,Don't include execnodes.h in brin.h or gin.h
03d40e4b523b2075c198aa89d9445ea8297f8eca,David Rowley,2025-10-04 14:30:03+13:00,Teach UNION planner to remove dummy inputs
5092aae431e3e1a20324ea3a42a181c63f703d0d,David Rowley,2025-10-04 12:19:31+13:00,Use bms_add_members() instead of bms_union() when possible
f8f4afe751fc75e1d3093fa634934018f440c29c,Nathan Bossart,2025-10-03 14:02:47-05:00,Optimize vector8_has_le() on AArch64.
74b41f5a77b8586356d02227c92e7e47380ac228,Nathan Bossart,2025-10-03 10:14:33-05:00,Make some use of anonymous unions [DSM registry].
a69b55cd47274d897f4d92c466bfda461c9acfda,David Rowley,2025-10-03 23:04:37+13:00,Tidy-up unneeded NULL parameter checks from SQL function
54ab74865147c0051357d23af63314ff5e7332f4,John Naylor,2025-10-03 16:05:02+07:00,Fix reuse-after-free hazard in dead_items_reset
605bfb7dbe5d952b91b92d8b7b98cef549dab36c,Richard Guo,2025-10-03 16:34:42+09:00,Fix incorrect function reference in comment
902c08887aa183100b161ef48f1a2434af079213,Michael Paquier,2025-10-03 14:03:55+09:00,pgbench: Fail cleanly when finding a COPY result state
25a30bbd4235a49c854036c84fe90f2bc5a87652,Tatsuo Ishii,2025-10-03 09:47:36+09:00,Add IGNORE NULLS/RESPECT NULLS option to Window functions.
381f5cffae0040a402e082adc5d5e7636035d2a7,Daniel Gustafsson,2025-10-02 22:54:37+02:00,Remove check for NULL in STRICT function
a1b064e4b22686ecaecdf1cee0abfe53b81f6aaf,Daniel Gustafsson,2025-10-02 22:41:24+02:00,Fixes for comments in test_bitmapset
b292256272623d1a7532f3893a4565d1944742b4,Andrew Dunstan,2025-10-02 10:26:32-04:00,Improve docs syntax checking
482bc0705d807a8cf4d959e9a42f179ff4b9b121,Daniel Gustafsson,2025-10-02 11:47:46+02:00,doc: Improve wording for base64url definition
3f431109dc634918f4a216963c789e842a70ea65,Michael Paquier,2025-10-02 17:16:20+09:00,Remove useless pointer update in ginxlog.c
48566180efff2f414ce806ca7705e811451b82ad,John Naylor,2025-10-02 12:36:24+07:00,Generate EUC_CN mappings from gb18030-2022.ucm
684a745f55057edd2365a7125ebcb7a54a4db8f8,Michael Paquier,2025-10-02 11:07:30+09:00,"pgstattuple: Improve reports generated for indexes (hash, gist, btree)"
fd726b8379a8191da9e74d28761c967eda13f5f2,Jacob Champion,2025-10-01 09:48:57-07:00,test_json_parser: Speed up 002_inline.pl
3e908fb54ff8fa857180bc212ca79c7bd95dcc2c,Peter Eisentraut,2025-10-01 17:13:52+02:00,Fix compiler warnings around _CRT_glob
3a661580685964dd2ca192306a202934f268fc5c,David Rowley,2025-10-01 18:50:28+13:00,Minor fixups of test_bitmapset.c
9952f6c05a40976063c3e2a4482873ec710f01a2,Michael Paquier,2025-10-01 14:17:54+09:00,test_bitmapset: Simplify code of the module
8e2acda2b098bf53120721e16a7b1055c4e5b3a6,Peter Eisentraut,2025-09-30 21:15:46+02:00,Rename pg_builtin_integer_constant_p to pg_integer_constant_p
19d4f9ffc207c66b4755ffdf2dbd84b47e31460a,Fujii Masao,2025-09-30 23:52:28+09:00,pgbench: Fix error reporting in readCommandResponse().
91df0465a69ddd249a548a63ee9d4aef6f984bf0,David Rowley,2025-10-01 00:23:38+13:00,Fix typo in pgstat_relation.c header comment
f5aabe6d58e08179cc656539c4bd0145525bf22f,Peter Eisentraut,2025-09-30 13:12:16+02:00,"Revert ""Make some use of anonymous unions [pgcrypto]"""
8b7f27fef3e225e0b34f0d9f1a9f20770b72d01c,Peter Eisentraut,2025-09-30 12:35:50+02:00,Make some use of anonymous unions [plpython]
efcd5199d8cb8e5098f79b38d0c46004e69d1a46,Peter Eisentraut,2025-09-30 12:35:50+02:00,Make some use of anonymous unions [pgcrypto]
57d46dff9b0ba8dc50fb37166373ea7638ecd2b9,Peter Eisentraut,2025-09-30 12:35:50+02:00,Make some use of anonymous unions [reorderbuffer xact_time]
4b7e6c73b0df3384345052616727a25505db5fcb,Peter Eisentraut,2025-09-30 12:35:50+02:00,Make some use of anonymous unions [pg_locale_t]
3bf31dd24314ceea078f1ae9549c1a60c8a186d8,Álvaro Herrera,2025-09-30 12:28:29+02:00,Do a tiny bit of header file maintenance
bb68cde4136b02a7e51e8876891cd0a61c5726ca,Michael Paquier,2025-09-30 09:38:32+09:00,Reorder XLogNeedsFlush() checks to be more consistent
3cc689f833b1c9c5b52f1fe07c0e0fd817e23c8b,Michael Paquier,2025-09-30 09:02:09+09:00,injection_points: Add proper locking when reporting fixed-variable stats
ef38a4d9756db9ae1d20f40aa39f3cf76059b81a,Tom Lane,2025-09-29 16:55:17-04:00,Add GROUP BY ALL.
b91067c8995235445d76353bcd218ef383fe970d,David Rowley,2025-09-30 08:37:42+13:00,Remove unused parameter from find_window_run_conditions()
a95393ecdb23563bd47eeb2c943640c88592d82b,Noah Misch,2025-09-29 11:15:44-07:00,Fix StatisticsObjIsVisibleExt() for pg_temp.
5668fff3c512a61b7f8a2b9bf04270578cf5665a,Michael Paquier,2025-09-29 15:17:27+09:00,test_bitmapset: Expand more the test coverage
2cb49c609bd9bf44d319591df7bef1eb107cb375,David Rowley,2025-09-29 14:36:39+13:00,Improve planner's width estimates for set operations
acf0960c23090ea6690f2c5da3bc2625836516a9,Michael Paquier,2025-09-29 09:06:32+09:00,injection_points: Enable entry count in its variable-sized stats
7bd2975fa92bd6b5ade5e34f75d474ac838ec0c6,Michael Paquier,2025-09-29 08:57:57+09:00,Add support for tracking of entry count in pgstats
b0fb2c6aa5a485e28210e13ae5536c1231b1261f,Tom Lane,2025-09-27 17:17:51-04:00,Refactor to avoid code duplication in transformPLAssignStmt.
7504d2be9eb45207b48476919e4539d93c389d86,Tom Lane,2025-09-27 14:29:41-04:00,Fix missed copying of groupDistinct in transformPLAssignStmt.
59c2f03d1ece7b9b215751a508b3a84728419246,David Rowley,2025-09-27 22:41:04+12:00,Teach MSVC that elog/ereport ERROR doesn't return
66cdef4425f3295a2cfbce3031b3c0f0b5dffc04,Masahiko Sawada,2025-09-26 09:23:00-07:00,Remove unused for_all_tables field from AlterPublicationStmt.
c4067383cb2c155c4cfea2351036709e2ebb3535,Álvaro Herrera,2025-09-26 16:21:28+02:00,Split vacuumdb to create vacuuming.c/h
dbf8cfb4f02eb9ec5525de1761675f9babfd30e3,Álvaro Herrera,2025-09-26 15:21:49+02:00,Create a separate file listing backend types
8bb174295e8920fe202e2fb4c8d271e4546b9e98,Fujii Masao,2025-09-26 21:23:43+09:00,pgbench: Fix assertion failure with retriable errors in pipeline mode.
85e0ff62b68224b3354e47fb71b78d309063d06c,Michael Paquier,2025-09-26 08:41:06+09:00,Improve stability of btree page split on ERRORs
3760d278dc4165d5eef7435fc62d8ebe13b8e793,David Rowley,2025-09-26 11:04:15+12:00,Fix misleading comment in pg_get_statisticsobjdef_string()
4be9024d57330b10d90e723787a83a6de8827b84,David Rowley,2025-09-26 10:21:30+12:00,Remove unused parameter from check_and_push_window_quals
76418a0b676234d2b570a1138c1a43a2018c416f,Masahiko Sawada,2025-09-25 14:28:01-07:00,psql: Add COMPLETE_WITH_FILES and COMPLETE_WITH_GENERATOR macros.
02c4bc88302a750a2aed20e6f17885bda872d228,Tom Lane,2025-09-25 17:02:15-04:00,Try to avoid floating-point roundoff error in pg_sleep().
e849bd551c323a384f2b14d20a1b7bfaa6127ed7,Tom Lane,2025-09-25 13:29:37-04:00,Add minimal sleep to stats isolation test functions.
803ef0ed49eec57990053da1091f9e3b5a7fb839,Robert Haas,2025-09-25 11:43:52-04:00,Fix array allocation bugs in SetExplainExtensionState.
507aa16125c50809dfc926e7ee72938053c01a39,Tom Lane,2025-09-25 11:23:27-04:00,Doc: clean up documentation for new UUID functions.
170a8a3f4605b2c37c36d9928ec6cd2404c615f8,Tom Lane,2025-09-25 11:09:26-04:00,Teach doc/src/sgml/Makefile about the new func/*.sgml files.
0b3ce7878af757b8c91721ccecbbb75c10a22ef4,Daniel Gustafsson,2025-09-25 15:27:33+02:00,Remove preprocessor guards from injection points
d8f07dbb81a169ff8d54c6684c0ca385b83de757,Daniel Gustafsson,2025-09-25 15:24:41+02:00,Fix comments in recovery tests
7e638d7f5093fd24837ebe709135fa16ef8e3e7b,Álvaro Herrera,2025-09-25 14:52:41+02:00,Don't include execnodes.h in replication/conflict.h
81fc3e28e383d9a21843a5ab845a1bd1a1042e12,Álvaro Herrera,2025-09-25 14:33:19+02:00,Update some more forward declarations to use typedef
668de0430942829cc6085ab6ee99fd8080d21f0a,Fujii Masao,2025-09-25 14:06:12+09:00,pgbench: Fix typo in documentation.
b6290ea48e1b8e868516d95cb86a0d3565d63847,Fujii Masao,2025-09-25 12:09:32+09:00,pgbench: Clarify documentation for \gset and \aset.
879c492480d0e9ad8155c4269f95c5e8add41901,Fujii Masao,2025-09-25 01:38:54+09:00,vacuumdb: Do not run VACUUM (ONLY_DATABASE_STATS) when --analyze-only.
ae8ea7278c16a23aa7dfb56c531706c18628ba55,Melanie Plageman,2025-09-24 12:29:56-04:00,Correct prune WAL record opcode name in comment
aadbcc40bc24362070b5d88769b62f2d62fdedfb,Tom Lane,2025-09-24 12:28:20-04:00,Ensure guc_tables.o's dependency on guc_tables.inc.c is known.
7ccbf6d8b5e5a4f45cb77e25f16afcf13cf1dfd3,Tom Lane,2025-09-24 12:09:11-04:00,Include pg_test_timing's full output in the TAP test log.
7fcb32ad023a434e07b7214c1c762ecd410b6969,Fujii Masao,2025-09-25 00:51:59+09:00,Fix incorrect and inconsistent comments in tableam.h and heapam.c.
a5b35fcedb542587e7d8b8fcd21a2e0995b82d2f,Peter Eisentraut,2025-09-24 15:17:20+02:00,Remove PointerIsValid()
0fba25eb720a6a20b8f3c9597dd0417a0d20fc94,Daniel Gustafsson,2025-09-24 14:58:18+02:00,Fix incorrect option name in usage screen
711ccce38f222e9988882493d95f244e2b02744f,Daniel Gustafsson,2025-09-24 14:57:26+02:00,Consistently handle tab delimiters for wait event names
5334620eef8f7b429594e6cf9dc97331eda2a8bd,John Naylor,2025-09-24 13:26:05+07:00,Update GB18030 encoding from version 2000 to 2022
e41d954da6aa04f0a4453e566d3bcc064512d457,Amit Kapila,2025-09-24 04:11:53+00:00,Fix LOCK_TIMEOUT handling during parallel apply.
f83fe65f3fc1cae177f6c75f7b38eb951dd217b5,Michael Paquier,2025-09-24 08:20:23+09:00,Fix compiler warnings in test_bitmapset
f2bae51dfd5b2edc460c86071c577a45a1acbfd7,Robert Haas,2025-09-23 09:07:55-04:00,Keep track of what RTIs a Result node is scanning.
a48d1ef58652229521ba4b5070e19f857608b22e,Daniel Gustafsson,2025-09-22 10:12:31+02:00,doc: Remove trailing whitespace in xref
00c3d87a5cab6e1b816658f15573ea4730c2f17b,Michael Paquier,2025-09-22 16:53:00+09:00,Add a test module for Bitmapset
9fc7f6ab7226d7c9dbe4ff333130c82f92749f69,David Rowley,2025-09-22 13:33:17+12:00,Fix various incorrect filename references
e3a0304eba2813821f3db8ab9d45fc584c23575b,Richard Guo,2025-09-22 10:04:39+09:00,Fix misleading comment in RangeTblEntry
293a3286d764df15d834fe5ac3bac4dc513817e7,Michael Paquier,2025-09-22 08:03:23+09:00,Fix meson build with -Duuid=ossp when using version older than 0.60
e1d917182c1953b16b32a39ed2fe38e3d0823047,Daniel Gustafsson,2025-09-20 23:19:32+02:00,Add support for base64url encoding and decoding
261f89a976bf3dbf25e43bab9983fdd28f20b49b,Tom Lane,2025-09-20 14:48:16-04:00,Track the maximum possible frequency of non-MCE array elements.
1eccb93150707acfcc8f24556a15742a6313c8ac,Tom Lane,2025-09-20 12:44:52-04:00,Re-allow using statistics for bool-valued functions in WHERE.
18cdf5932a279a2c035d44460e1e0cbb659471f2,Nathan Bossart,2025-09-19 09:19:03-05:00,Fix obsolete references to postgres.h in comments.
ac7c8e412cc5606ab43f641285400209a686bac8,David Rowley,2025-09-19 23:35:23+12:00,Improve wording in a few comments
5b148706c5c8ffffe5662fe569a0f0bcef2351d9,Amit Kapila,2025-09-19 05:38:40+00:00,Add optional pid parameter to pg_replication_origin_session_setup().
8aac5923a3611aa89998368a09c54892b93ebdd9,Amit Kapila,2025-09-19 04:52:59+00:00,Improve few errdetail messages introduced in commit 0d48d393d46.
deb208df4559c922df217354f2c0cb689016a2ed,Michael Paquier,2025-09-19 13:47:28+09:00,Make XLogFlush() and XLogNeedsFlush() decision-making more consistent
8741e48e5ddaab1148419ad8a4cd00098de57efc,Amit Langote,2025-09-19 11:38:29+09:00,Fix EPQ crash from missing partition pruning state in EState
3cd3a039da7f36b827455a8b9a7068c16b85e15d,Michael Paquier,2025-09-19 09:54:05+09:00,Document and check that PgStat_HashKey has no padding
16607718c0107e971bf155c6357c193cc3f8f66a,Nathan Bossart,2025-09-18 15:23:11-05:00,Add a test harness for the LWLock tranche code.
c3cc2ab87d72a1ce17a7f574756158479ef32f20,Nathan Bossart,2025-09-18 09:55:39-05:00,Fix re-initialization of LWLock-related shared memory.
2e66cae935c2e0f7ce9bab6b65ddeb7806f4de7c,Fujii Masao,2025-09-18 11:22:21+09:00,pgbench: Remove unused argument from create_sql_command().
45f50c995fb658bee11bf26b8c6f4983eaa223c0,Fujii Masao,2025-09-18 11:09:15+09:00,pg_restore: Fix security label handling with --no-publications/subscriptions.
0110e2ec5c0f230beb439885bd1f8505e783e742,Andres Freund,2025-09-17 20:28:43-04:00,Mark shared buffer lookup table HASH_FIXED_SIZE
b0cc0a71e0a0a760f54c72edb8cd000e4555442b,Tom Lane,2025-09-17 16:32:57-04:00,Calculate agglevelsup correctly when Aggref contains a CTE.
0951942bba25f85ad29a4f096ed51a356652b5a2,Thomas Munro,2025-09-17 13:38:35+12:00,jit: Fix type used for Datum values in LLVM IR.
39f67d9b554fcd6dfb6c4f02a4af757eecd1fecf,Michael Paquier,2025-09-17 10:15:13+09:00,injection_points: Fix incrementation of variable-numbered stats
158c48303e8ae0248d7d95b60b56dd67e7033c48,Michael Paquier,2025-09-17 09:33:32+09:00,Fix shared memory calculation size of PgAioCtl
ac06ea8f7b6c6aeedef9bff5fb30f606f6054a55,David Rowley,2025-09-17 12:19:15+12:00,Add missing EPQ recheck for TID Range Scan
dee21ea6d6178f1acd5044fd94e3dc4542e2656b,David Rowley,2025-09-17 11:48:55+12:00,Add missing EPQ recheck for TID Scan
e633fa6351bd7e7bc10a5e74168eed4c15992851,Tom Lane,2025-09-16 14:36:51-04:00,Add regression expected-files for older OpenSSL in FIPS mode.
8abbbbae610cd62faad4f9ec18e7cfa908593796,Tom Lane,2025-09-16 13:05:53-04:00,"Revert ""Avoid race condition between ""GRANT role"" and ""DROP ROLE""""."
c044b50d199cf592eba2ac84f48cf0fcb5fb65f8,Noah Misch,2025-09-16 09:40:44-07:00,Fix pg_dump COMMENT dependency for separate domain constraints.
83a56419457ec0eff2eddfed8eb3aba86bede9cc,Tom Lane,2025-09-16 12:17:02-04:00,Provide more-specific error details/hints for function lookup failures.
c7b0cb367d3c6b007122457ad5deb659fe8cc266,Tom Lane,2025-09-16 10:09:49-04:00,Add regression expected-files for older OpenSSL in FIPS mode.
b63a822452152a7bd613fd4b28e0967e626e274e,Richard Guo,2025-09-16 18:42:20+09:00,Treat JsonConstructorExpr as non-strict
cfa6cd29271e67c43c1040e3420c1145fdcdceb7,John Naylor,2025-09-16 16:29:08+07:00,Generate GB18030 mappings from the Unicode Consortium's UCM file
e56a601e067894002c8bbc19cef5c4ef584ba8ad,Peter Eisentraut,2025-09-16 10:48:56+02:00,Move pg_int64 back to postgres_ext.h
8e5b92928d2847f556f9fd75edf619935dc87010,Fujii Masao,2025-09-16 16:44:58+09:00,pg_dump: Fix dumping of security labels on subscriptions and event triggers.
0f42206531b3646f5bcda2bd35bb53fb0488eb00,Amit Kapila,2025-09-16 06:25:55+00:00,Fix intermittent BF failures in 035_conflicts.
bce18ef3c67be63ad2dd8d585260dcb813f5a525,Peter Eisentraut,2025-09-16 07:27:32+02:00,Fix incorrect const qualifier
66dabc06b1b0aaadfd5be640a2e3efbeea0fcaf5,Fujii Masao,2025-09-16 11:54:23+09:00,pg_restore: Fix comment handling with --no-policies.
b54e8dbfe3b17648770a60c1a1bf99479bb766ce,Fujii Masao,2025-09-16 10:35:12+09:00,pg_restore: Fix comment handling with --no-publications / --no-subscriptions.
7d9cd2df5ffc2939ac84581c9463b8afc4ca4c41,Peter Geoghegan,2025-09-15 16:56:49-04:00,Teach nbtree to avoid evaluating row compare keys.
ce71993ae46930ddb1ff790807114384898b86a7,Peter Eisentraut,2025-09-15 16:27:50+02:00,Expand virtual generated columns in constraint expressions
9ec0b29976b6d73cc08880842caa0db286e46bd4,Peter Eisentraut,2025-09-15 11:43:34+02:00,CREATE STATISTICS: improve misleading error message
4bd91912987d794c48dd4ba4c337906bd23759be,Peter Eisentraut,2025-09-15 11:04:10+02:00,Change fmgr.h typedefs to use original names
dc41d7415fc6eea3b5c5528a39d07016983ea75e,Peter Eisentraut,2025-09-15 11:04:10+02:00,Remove hbaPort type
d4d1fc527bdb333d818038081c17ed7d9b1697c1,Peter Eisentraut,2025-09-15 11:04:10+02:00,Update various forward declarations to use typedef
70407d39b7ea8fd41496489b5f6a30c285e7d7d0,Peter Eisentraut,2025-09-15 11:04:10+02:00,Improve ExplainState type handling in header files
1e3b5edb8eb236f16529ca8dae917996ad1f433e,Peter Eisentraut,2025-09-15 11:04:10+02:00,Remove workarounds against repeat typedefs
0d48d393d465b6f1abe18b86bd5ac2de0636a40e,Amit Kapila,2025-09-15 08:46:55+00:00,Resume conflict-relevant data retention automatically.
282d0bdee6192f1a859ee34672ae73abf49794dc,Peter Eisentraut,2025-09-15 08:31:11+02:00,jit: fix build with LLVM-21
748caa9dcb686a84f239ee2cc08030d7c1efddd4,Peter Eisentraut,2025-09-15 07:43:23+02:00,Some stylistic improvements in toast_save_datum()
bf5da5d6cae959d8119b4b137ddd9912292b8014,Peter Eisentraut,2025-09-15 07:30:31+02:00,Hide duplicate names from extension views
454c046094ab3431c2ce0c540c46e623bc05bd1a,Peter Geoghegan,2025-09-13 21:01:33-04:00,nbtree: Always set skipScan flag on rescan.
cdf7feb96562071f15ceb070272d7e84246d943d,Tom Lane,2025-09-13 16:55:51-04:00,Amend recent fix for SIMILAR TO regex conversion.
95bdc672282722fb52656a81fefe18296015708e,Nathan Bossart,2025-09-13 14:55:38-05:00,Add commit 7e9c216b52 to .git-blame-ignore-revs.
7e9c216b5236cc61f677787b35e8c8f28f5f6959,Nathan Bossart,2025-09-13 14:50:02-05:00,Re-pgindent nbtpreprocesskeys.c after commit 796962922e.
f6edf403a99923b98f8b8b3398c7ef32e1ae9a3e,Alexander Korotkov,2025-09-13 20:39:09+03:00,Specify locale provider for pg_regress --no-locale
88824e68611a88a4ef7218c093810a94f86e12e0,Tom Lane,2025-09-12 18:45:06-04:00,Avoid context dependency in test case added by 9a71989a8.
9a71989a8f61d7ee003c443a979a1bd43a08ff63,Tom Lane,2025-09-12 18:10:11-04:00,"Reject ""ALTER DATABASE/USER ... RESET foo"" with invalid GUC name."
f14ea34d6e563374cd71b4e7b91cf8d2f60aabb3,Tom Lane,2025-09-12 17:43:17-04:00,Fix oversights in pg_event_trigger_dropped_objects() fixes.
4adb0380b9bff5ec6424a9e87f76f8974b025367,Noah Misch,2025-09-12 12:44:14-07:00,Replace tests of ALTER DATABASE RESET TABLESPACE.
796962922e6938fdad4dbf810fb2a5dfcfc5f45a,Peter Geoghegan,2025-09-12 13:23:00-04:00,Always commute strategy when preprocessing DESC keys.
7dcea51c2a4dcf7c512bbd4f618d1d3620f9d3d7,Álvaro Herrera,2025-09-12 18:47:25+02:00,Avoid unexpected changes of CurrentResourceOwner and CurrentMemoryContext
20d541a200e9dfed8affef9e798ff35ca0f30b8e,Andres Freund,2025-09-12 10:18:31-04:00,ci: openbsd: Increase RAM disk's size
ae0e1be9f2a20f6b64072dcee5b8dd7b9027a8fa,Peter Eisentraut,2025-09-12 08:16:00+02:00,Allow redeclaration of typedef yyscan_t
675ddc4d704f4cde0bc72244263a9efbb0d32cb8,Peter Eisentraut,2025-09-12 08:15:41+02:00,Improve pgbench definition of yyscan_t
2aac62be8cbb870ccf8c5b3fbb8a4e4aa8a14a73,Peter Eisentraut,2025-09-12 07:57:06+02:00,Default to log_lock_waits=on
25f36066dd2abde74faa12f08e5e498a95128cd0,Peter Eisentraut,2025-09-12 07:39:05+02:00,Remove traces of support for Sun Studio compiler
e92677e86333562b8dd4972083c8a1abf985d90d,Peter Eisentraut,2025-09-12 07:28:32+02:00,Silence compiler warnings on clang 21
2d756ebbe857e3d395d18350bf232300ebd23981,Richard Guo,2025-09-12 11:12:19+09:00,Fix misuse of Relids for storing attribute numbers
528dadf691df3023fbb0bd71da5c6087c2d49d6a,Michael Paquier,2025-09-12 10:29:02+09:00,Add more information for WAL records of hash index AMs
306dd13079ed616c414c9411c5deadffea273266,Michael Paquier,2025-09-12 09:56:10+09:00,Remove whitespace in comment of pg_stat_statements.c
ed1aad15e09d7d523f4ef413e3c4d410497c8065,Nathan Bossart,2025-09-11 16:13:55-05:00,Move named LWLock tranche requests to shared memory.
a0b99fc12203fa179d5b4218a21de30e0e91a7b8,Tom Lane,2025-09-11 17:11:57-04:00,Report the correct is_temporary flag for column defaults.
1d5800019f68d81139021b8bab159b8578fcaa2b,Álvaro Herrera,2025-09-11 19:49:57+02:00,Improve comment about snapshot macros
e8cec3d1791c140398454aa561cf51659dd8243d,Álvaro Herrera,2025-09-11 18:16:25+02:00,Add test for temporal referential integrity
a2b4102a21ad730ce46b059acf49d72151e979f6,Álvaro Herrera,2025-09-11 18:11:46+02:00,Fill testing gap for possible referential integrity violation
4fbe0151455fefbef7abc9d507adb04c978beb0d,Peter Eisentraut,2025-09-11 12:05:59+02:00,Remove checks for no longer supported GCC versions
368c38dd47c209fa95d2df855d62bcde386f3037,Peter Eisentraut,2025-09-11 12:03:15+02:00,Remove stray semicolon at global scope
01d793698f5921547a7b5e1e003722c17f552574,Amit Kapila,2025-09-11 09:33:48+00:00,Fix intermittent test failure introduced in 6456c6e2c4.
2bbbb2eca9303df590cc79be74b13cad259124a5,Dean Rasheed,2025-09-11 09:49:39+01:00,doc: Fix indentation in func-datetime.sgml.
9c24111c4dad850bc2625c2113bb3d2dfd592efc,Dean Rasheed,2025-09-11 09:25:47+01:00,"doc: Improve description of new random(min, max) functions."
26eadf4d2b14a8a8d110b214dbb7ef952fbf8e93,Michael Paquier,2025-09-11 17:17:04+09:00,Fix description of WAL record blocks in hash_xlog.h
c88ce73eda2e0a818d730c5b72475ef99cc9c4cf,Michael Paquier,2025-09-11 10:15:33+09:00,Fix incorrect file reference in guc.h
09036dc71c682b0bf7234ed39c1429ed99fbe442,Tom Lane,2025-09-10 17:51:24-04:00,Avoid faulty alignment of Datums in build_sorted_items().
bdc6cfcd12f5c95799328e05aa4bfa75cfe3e79f,Tom Lane,2025-09-10 16:15:08-04:00,Eliminate duplicative hashtempcxt in nodeSubplan.c.
abdeacdb0920d94dec7500d09f6f29fbb2f6310d,Tom Lane,2025-09-10 16:05:03-04:00,Fix memory leakage in nodeSubplan.c.
9016fa7e3bcde8ae4c3d63c707143af147486a10,Nathan Bossart,2025-09-10 11:21:12-05:00,meson: Build numeric.c with -ftree-vectorize.
33eec809402bfbf3eb0d01ad5b023d3d05fcb3bc,Peter Eisentraut,2025-09-10 13:25:58+02:00,Fix CREATE TABLE LIKE with not-valid check constraint
e6da68a6e1d60a037b63a9c9ed36e5ef0a996769,Michael Paquier,2025-09-10 14:11:50+09:00,Remove dynahash.h
b1187266e077265cb061cbedd502e94179dc7b21,Michael Paquier,2025-09-10 11:20:46+09:00,Replace callers of dynahash.h's my_log() by equivalent in pg_bitutils.h
8c8f7b199d9095dbc2e101a4614043b5ae13bde3,Michael Paquier,2025-09-10 07:23:05+09:00,Fix leak with SMgrRelations in startup process
d96c854dfc634212193007ca58f8978bc272d457,Nathan Bossart,2025-09-09 14:35:30-05:00,Fix documentation for shmem_startup_hook.
530cfa8eb50ca5a2151dfc50a6a5999ec8aff148,Nathan Bossart,2025-09-09 14:09:36-05:00,test_slru: Fix LWLock tranche allocation in EXEC_BACKEND builds.
81a61fde84ffc74f7b3c7854ed4193cc4d31f78b,Peter Eisentraut,2025-09-09 15:33:46+02:00,Fix typo in comment
faf071b553830d39fc583beabcaf56ed65259acc,Dean Rasheed,2025-09-09 10:39:30+01:00,"Add date and timestamp variants of random(min, max)."
5ac3c1ac22cb325844d0bee37f79f2c11931b32e,Amit Kapila,2025-09-09 03:18:22+00:00,Fix Coverity issue reported in commit a850be2fe.
8ec97e78a7713a1ebf4976b55c19f6c9bc2716d9,Melanie Plageman,2025-09-08 17:13:31-04:00,Add error codes when vacuum discovers VM corruption
9af672bcb245950e58198119ba6eb17043fd3a6d,Jeff Davis,2025-09-08 12:29:42-07:00,meson: build checksums with extra optimization flags.
3bcfcd815e1a2d51772ba27e0d034467f0344f15,Nathan Bossart,2025-09-08 14:19:48-05:00,pg_upgrade: Transfer pg_largeobject_metadata's files when possible.
4b5f206de2bb9152a99a5c218caf2580cc5a0e9e,Melanie Plageman,2025-09-08 14:25:10-04:00,"Remove unused xl_heap_prune member, reason"
5a170e992a4d402ef0e1b8ce7284cd78879ece73,Robert Haas,2025-09-08 12:58:07-04:00,"Don't generate fake ""*TLOCRN*"" or ""*TROCRN*"" aliases, either."
6f79024df3461f794aace8bbc8706d8e5f7da091,Robert Haas,2025-09-08 12:24:02-04:00,"Don't generate fake ""ANY_subquery"" aliases, either."
585e31fcb6dfcb1d88cfee2371f565574db24869,Robert Haas,2025-09-08 11:50:33-04:00,"Don't generate fake ""*SELECT*"" or ""*SELECT* %d"" subquery aliases."
3399c265543ec3cdbeff2fa2900e03b326705f63,Melanie Plageman,2025-09-08 10:22:42-04:00,Remove unneeded VM pin from VM replay
6456c6e2c4ad1cf9752e09cce37bfcfe2190c5e0,Amit Kapila,2025-09-08 12:06:03+00:00,Add test to prevent premature removal of conflict-relevant data.
8191e0c16a0373f851a9f5a8112e3aec105b5276,Michael Paquier,2025-09-08 15:52:23+09:00,Fix corruption of pgstats shared hashtable due to OOM failures
1f7e9ba3ac4eff13041abcc4c9c517ad835fa449,Amit Kapila,2025-09-08 06:10:15+00:00,Post-commit review fixes for 228c370868.
43eb2c541941479714c11de9cfb7c67b54f1810d,Michael Paquier,2025-09-08 10:07:14+09:00,Update parser README to include parse_jsontable.c
06473f5a344df8c9594ead90a609b86f6724cff8,Tatsuo Ishii,2025-09-06 07:49:51+09:00,Allow to log raw parse tree.
2c789405275928ce0d2ceb7c4add91d27df92502,Andres Freund,2025-09-05 12:25:59-04:00,"bufmgr: Remove freelist, always use clock-sweep"
50e4c6ace5e69fbe69868c270a1c76acd4cb12ec,Andres Freund,2025-09-05 12:25:59-04:00,bufmgr: Use consistent naming of the clock-sweep algorithm
e3d5ddb7ca91e5982e9d4cff9eef210d97e4f47e,Melanie Plageman,2025-09-05 09:33:36-04:00,Add assert and log message to visibilitymap_set
6ede13d1b5f515df0a199a7a830e448dab1511c0,Dean Rasheed,2025-09-05 08:18:18+01:00,Fix concurrent update issue with MERGE.
567d27e8e2b752743626eb259ba75ecdc936eaf3,Michael Paquier,2025-09-05 14:10:08+09:00,Fix outdated comments in slru.c
4246a977bad6e76c4276a0d52def8a3dced154bb,Michael Paquier,2025-09-05 13:53:47+09:00,Switch some numeric-related functions to use soft error reporting
ae453120085f7da8f4082bb912e9668410cdccab,Michael Paquier,2025-09-05 12:59:29+09:00,Change pg_lsn_in_internal() to use soft error reporting
d814d7fc3d5257ae258b502229fc7ca97c97270a,Nathan Bossart,2025-09-04 15:34:48-05:00,Revert recent change to RequestNamedLWLockTranche().
f0478149c34dfe02e0f43fc5f832a63a864dc364,Peter Eisentraut,2025-09-04 17:25:43+02:00,Clean up newly added guc_tables.inc.c
1129d3e4c8883f25642d1f44750b4d36e29ec006,Nathan Bossart,2025-09-04 10:18:42-05:00,Adjust commentary for WaitEventLWLock in wait_event_names.txt.
fc6600fc1cd13b695fbde4b5f3ff0d2e97c36dea,Dean Rasheed,2025-09-04 11:45:44+01:00,Fix replica identity check for MERGE.
5386bfb9c1f566887d084e4ea2e350e7efd188c1,Dean Rasheed,2025-09-04 11:27:53+01:00,Fix replica identity check for INSERT ON CONFLICT DO UPDATE.
09119238a18191dea3deed635a2b2a6ffe904932,Michael Paquier,2025-09-04 08:34:51+09:00,Fix incorrect comment in pgstat_backend.c
e351e5c4fea463d9f96557913f7f767af3795c32,Tom Lane,2025-09-03 16:07:57-04:00,Make libpq_pipeline.c shorter and more uniform via helper functions.
38b602b0289fe1dbaf31d5737fba2d42a1e90371,Nathan Bossart,2025-09-03 13:57:48-05:00,Move dynamically-allocated LWLock tranche names to shared memory.
7b0fb9f5c68e7c7161a88b442f41b5345cd6cdd0,Jacob Champion,2025-09-03 07:54:24-07:00,ci: Explicitly enable Meson features
01c59380032fef5f0ce88234b04d0021dfd47d3e,Jacob Champion,2025-09-03 07:54:15-07:00,ci: Remove extra PG_TEST_EXTRA from NetBSD/OpenBSD
01d6e5b2cf90737395344a8233cae5891c191357,Peter Eisentraut,2025-09-03 11:48:35+02:00,Fix mistake in new GUC tables source
63599896545c7869f7dd28cd593e8b548983d613,Peter Eisentraut,2025-09-03 09:45:17+02:00,Generate GUC tables from .dat file
aba8f61c30911cbac1a310b7d21777e04711c66e,Richard Guo,2025-09-03 16:00:38+09:00,Fix planner error when estimating SubPlan cost
f2dbc83501d441a98f7799863e1b6f18af8e8fbe,Amit Kapila,2025-09-03 06:31:05+00:00,Fix use-after-free issue in slot synchronization.
db9405493b489c6a348c97f532753290eea8adbd,Michael Paquier,2025-09-03 12:54:23+09:00,libpq: Fix PQtrace() format for non-printable characters
c6ea528b470f45832437f2a937cf2f4483d23737,Michael Paquier,2025-09-03 10:20:28+09:00,Update outdated references to the SLRU ControlLock
229911c4bf9a4acfb2b81cff148fd8391e0a577b,Fujii Masao,2025-09-03 08:35:55+09:00,Add HINT for COPY TO when WHERE clause is used.
510777a2d56b5de5f55d3e995c0d0242eb630eb1,Nathan Bossart,2025-09-02 16:53:54-05:00,"Change ReplicationSlotPersistentData's ""synced"" member to a bool."
1b1960c8c9e81171efabdd9e3393b4eec1ffc477,Tom Lane,2025-09-02 13:50:56-04:00,Improve error message for duplicate labels when creating an enum type.
eccba079c2ea7d6b40a02de774e773e3aaf4bdda,Michael Paquier,2025-09-02 16:22:03+09:00,Generate pgstat_count_slru*() functions for slru using macros
a850be2fe653b3b529969946c1cefe0fd9e34a8d,Amit Kapila,2025-09-02 03:20:18+00:00,Add max_retention_duration option to subscriptions.
36aed19fd99021ad9f727e4fd4bceb086a7cf54d,Michael Paquier,2025-09-01 09:02:03+09:00,postgres_fdw: Use psql variables for connection parameters
317c117d6d23cff98c1259701495422bc952a7dd,Richard Guo,2025-08-31 08:59:48+09:00,Fix const-simplification for constraints and stats
0c6d572c11730913c8207462c5231982e6ca16cc,Bruce Momjian,2025-08-30 18:26:08-04:00,add_commit_links.pl:  error out if missing major version number
5487058b56e0a27b6b8f6bb7e819f107587c1e54,Nathan Bossart,2025-08-29 20:34:53-05:00,Prepare DSM registry for upcoming changes to LWLock tranche names.
f727b63e810724c7187f38b2580b2915bdbc3c9c,Tom Lane,2025-08-29 15:43:34-04:00,Provide error context when an error is thrown within WaitOnLock().
e686010c5b47f2e7f7e4e8d31ef69efadbbc4d72,Daniel Gustafsson,2025-08-29 19:28:46+02:00,pg_dump: Fix compression API errorhandling
67fcf48c3bb3cc3cf51788332701ffb694fb108b,Nathan Bossart,2025-08-29 12:13:37-05:00,Make LWLockCounter a global variable.
66fa3b5eef6e4764a3beb097ecc9e04b6d956bc9,Tom Lane,2025-08-29 12:05:58-04:00,Fix .gitignore for src/interfaces/libpq-oauth.
6fbd7b93c615f34df63ee978e97c6eb0c85255de,Nathan Bossart,2025-08-29 10:56:10-05:00,Remove unused parameter from ProcessSlotSyncInterrupts().
8722e7965fd24bf94c278fb86cab99d0c5360532,Tom Lane,2025-08-29 10:46:13-04:00,Silence -Wmissing-variable-declarations in headerscheck.
da9f9f75e5ce27a45878ffa262156d18f0046188,David Rowley,2025-08-30 00:50:50+12:00,Fix possible use after free in expand_partitioned_rtentry()
f225473cbae2cca5e1fde376aa4217a6b3a3f770,Álvaro Herrera,2025-08-29 14:43:47+02:00,CREATE STATISTICS: improve misleading error message
5d7f58848ce59d9e09b7214d2541ab3ec853f89c,Daniel Gustafsson,2025-08-29 13:08:32+02:00,Fix typo in isolation test spec
f5d07085822a144afb169d0f422e25689cb6209f,Peter Eisentraut,2025-08-29 09:30:50+02:00,headerscheck: Document that --with-llvm is required
da0413373c092295d89d4523be6a956c34d39540,Peter Eisentraut,2025-08-29 09:01:46+02:00,headerscheck: Ignore Windows-specific header
664e0d678965719fe0d385aa3a8f2777058b119b,Peter Eisentraut,2025-08-29 09:01:46+02:00,headerscheck: Use ICU_CFLAGS
991295f387a6a453fe061831bcc36294989fe77b,Peter Eisentraut,2025-08-29 07:39:58+02:00,Mark ItemPointer arguments as const in tuple/table lock functions
710e6c4301ee3c739a171ea12ed141b1f8df0d93,Peter Eisentraut,2025-08-29 07:18:29+02:00,Remove unneeded casts of BufferGetPage() result
97b0f36bde9a08bc6f004438ff8fc0afbcb418c0,Richard Guo,2025-08-29 13:14:12+09:00,Fix semijoin unique-ification for child relations
fabd8b8e2a72bac9e5a361856a355bd5bb2e61b8,Masahiko Sawada,2025-08-28 17:06:42-07:00,Use LW_SHARED in walsummarizer.c for WALSummarizerLock lock where possible.
b8a1bdc458e3e81898a1fe3d26188bc1dcbac965,Tom Lane,2025-08-28 13:49:23-04:00,"Fix ""variable not found in subplan target lists"" in semijoin de-duplication."
16a9165ce4a45f11aa042e12ab62be8ce6b2b93b,Álvaro Herrera,2025-08-28 18:16:08+02:00,"Glossary: improve definition of ""relation"""
325fc0ab14d11fc87da594857ffbb6636affe7c0,Álvaro Herrera,2025-08-28 12:39:04+02:00,Avoid including commands/dbcommands.h in so many places
80f11061323499ef2d07af32ae993473115ca176,Peter Eisentraut,2025-08-28 09:09:26+02:00,Message style improvements
5865150b6d535ecea241e9ad3038564cb7768b9a,Andres Freund,2025-08-27 19:12:11-04:00,aio: Stop using enum bitfields due to bad code generation
310d04169a41c20fa2e84ba6e40cffc10b8fa065,Peter Eisentraut,2025-08-27 17:46:31+02:00,Put back intra-grant-inplace.spec test coverage
e36fa9319b1366ee0194e130a9a77c4af7ee1853,Peter Eisentraut,2025-08-27 17:46:26+02:00,Improve objectNamesToOids() comment
990c8db1827c0c96fb20cb4fbfcc9690e9b45e15,Peter Eisentraut,2025-08-27 15:49:58+02:00,Fix: Don't strip $libdir from nested module_pathnames
ef5b87b970dc28adeeb88191fbf66c9d6298b112,Jeff Davis,2025-08-26 22:55:14-07:00,Check for more Unicode functions during upgrade.
85b380162cd6c66752d1dd020a2d9700da0903c9,Jacob Champion,2025-08-26 14:16:31-07:00,oauth: Explicitly depend on -pthread
e567e22290544c57293f8e5a913292dacd3bcd1a,Peter Eisentraut,2025-08-26 22:52:11+02:00,Message style improvements
984d7165dde7133dbdddc95e95ff56bbb177f628,Nathan Bossart,2025-08-26 14:49:01-05:00,Document privileges required for vacuumdb --missing-stats-only.
327b7324d0715f5e1cdd3765f96a486c7b47e778,Tom Lane,2025-08-26 12:08:57-04:00,"Put ""excludeOnly"" GIN scan keys at the end of the scankey array."
b55068236c5e92e211a6bbf8816933fdac02da80,Tom Lane,2025-08-26 11:38:41-04:00,"Do CHECK_FOR_INTERRUPTS inside, not before, scanGetItem."
5f6f951f88e53630b3ebe9bde762a9612ca6202f,Alexander Korotkov,2025-08-26 13:23:18+03:00,Improve RowMark handling during Self-Join Elimination
d713cf9b65ae1e7090a62c83bd78dec867871185,Alexander Korotkov,2025-08-26 13:22:43+03:00,Refactor variable names in remove_self_joins_one_group()
f8ce9ed220b5edd8ba751706bbcdbcc5b64be66e,Alexander Korotkov,2025-08-26 13:22:43+03:00,Further clarify documentation for the initcap function
f5e0186f865cc188ef6f4b2bc77d0c028f78195e,Peter Eisentraut,2025-08-26 11:50:46+02:00,Raise C requirement to C11
99234e9ddc02f45eb122f83d49031e2c517d0af8,Peter Eisentraut,2025-08-25 23:15:24+02:00,Message wording improvements
989b2e4d5c95f6b183e76f3eb06d2d360651ccf2,Nathan Bossart,2025-08-25 14:11:01-05:00,Use PqMsg_* macros in applyparallelworker.c.
4e1e417330d42cb19c7d439cd50eea20f25c7518,Jacob Champion,2025-08-25 09:27:45-07:00,oauth: Add unit tests for multiplexer handling
52ecd05aeef851b7d3688b0f0a633132c691eb32,Jacob Champion,2025-08-25 09:27:39-07:00,oauth: Always link with -lm for floor()
3ef2b863a376af35e8d5f2cd1bb4311ec7a9f299,Nathan Bossart,2025-08-25 11:08:26-05:00,Use PqMsg_* macros in fe-protocol3.c.
878656dbde0d2fd4b85a8c63566e2a9f0d0f4952,Peter Eisentraut,2025-08-25 09:10:27+02:00,Formatting cleanup of guc_tables.c
ad4412480d3ff475a6dfa4a7f449702eff78312d,Noah Misch,2025-08-23 16:46:20-07:00,Rewrite previous commit's test for TestUpgradeXversion compatibility.
b61a5c4bed7df87120df587731840e51ea7c7525,Noah Misch,2025-08-22 20:50:28-07:00,Sort DO_DEFAULT_ACL dump objects independent of OIDs.
c13070a27b63d9ce4850d88a63bf889a6fde26f0,Alexander Korotkov,2025-08-22 19:26:38+03:00,"Revert ""Get rid of WALBufMappingLock"""
b63952a7811319a6525a9ea23afa294a900fa895,Nathan Bossart,2025-08-22 11:11:28-05:00,vacuumdb: Fix --missing-stats-only with virtual generated columns.
807ee417e562c355360e891f415e6e8e6e4c40ed,Heikki Linnakangas,2025-08-22 14:47:19+03:00,Revert unnecessary check for NULL
e411a8d25a4b39e5a896f765ca91636057e261fc,Heikki Linnakangas,2025-08-22 14:39:29+03:00,libpq: Be strict about cancel key lengths
f6f0542266f0a04e94ac2a67ae6890d6095101ab,Heikki Linnakangas,2025-08-22 14:39:25+03:00,libpq: Handle OOM by disconnecting instead of hanging or skipping msgs
661f821ef0c3078c70096b09dc44fb8fed56f2b4,Heikki Linnakangas,2025-08-22 13:35:05+03:00,Use ereport() rather than elog()
50f770c3d92cfb2d62724d8c810d37c1f6249a11,Heikki Linnakangas,2025-08-22 13:07:46+03:00,Revert GetTransactionSnapshot() to return historic snapshot during LR
16a0039dc0d1d0cdfadaf38cd3a30f3c8f590c48,Peter Eisentraut,2025-08-22 08:56:11+02:00,Reduce lock level for ALTER DOMAIN ... VALIDATE CONSTRAINT
123e65fdb7fe51920ad29119484148ea1b0afcd2,Amit Kapila,2025-08-22 05:29:36+00:00,Doc: Fix typo in logicaldecoding.sgml.
13b935cd5217457f62e9936fce668d15515a3072,Michael Paquier,2025-08-22 11:59:02+09:00,Change dynahash.c and hsearch.h to use int64 instead of long
ef03ea01fe47a02cd9e7fd24a9cf98daacdf4550,Michael Paquier,2025-08-22 09:03:59+09:00,Ignore temporary relations in RelidByRelfilenumber()
47932f3cdc4c221dbd9207cb21e63c862fedd189,Peter Eisentraut,2025-08-21 19:45:25+02:00,Use consistent type for pgaio_io_get_id() result
12da45742cfd15d9fab151b25400d96a1febcbde,Fujii Masao,2025-08-21 22:18:11+09:00,Disallow server start with sync_replication_slots = on and wal_level < logical.
53eff471c69dc8b0c01f046d3fdcc460eb90d0e5,Peter Eisentraut,2025-08-21 09:21:11+02:00,PL/Python: Add event trigger support
6e09c960ebb353c6cbcc05191c68aea4079df277,Peter Eisentraut,2025-08-21 09:16:29+02:00,PL/Python: Refactor for event trigger support
e8eb98754b112cf00d328becbe33958229cb20bf,Michael Paquier,2025-08-21 14:17:26+09:00,Apply some fat commas to commands of TAP tests
b5d87a823f2f828f65005b31f0a547549f164e5f,Michael Paquier,2025-08-21 13:25:03+09:00,doc: Improve description of wal_compression
a67d4847a4319ddee8a8ee7d8945c07301ada66e,Tom Lane,2025-08-20 16:09:18-04:00,Fix re-execution of a failed SQLFunctionCache entry.
e9c043a11ac402d376def531a12883d1dac15315,Peter Eisentraut,2025-08-20 18:14:24+02:00,Minor error message enhancement
1f2e51e3c7c2042e4cb184b9a9030c1353de298e,Michael Paquier,2025-08-20 15:00:04+09:00,Fix assertion failure with replication slot release in single-user mode
6429e5b771dbb98aa56441677b79cdb58f6e1675,Fujii Masao,2025-08-20 13:16:06+09:00,vacuumdb: Make vacuumdb --analyze-only process partitioned tables.
3eec0e65331e4a38d0c8b3ac251ea3885452fd71,Nathan Bossart,2025-08-19 16:48:22-05:00,Fix comment for MAX_SIMUL_LWLOCKS.
eab9e4e27c0c433dbfe09914e69c875dda2af63f,Masahiko Sawada,2025-08-19 12:11:42-07:00,Add CHECK_FOR_INTERRUPTS in contrib/pg_buffercache functions.
c6abf24ebfecf0ef4f7d21750e198959b8b61586,Nathan Bossart,2025-08-19 10:43:15-05:00,"Fix misspelling of ""tranche"" in dsa.h."
38c5fbd97ee6a8409c6c41d6af0c06169cd51c2b,Fujii Masao,2025-08-19 18:54:27+09:00,doc: Improve pgoutput documentation.
34a62c2c7fae00c08aa618c584ce4c52969dbf87,Fujii Masao,2025-08-19 18:53:56+09:00,doc: Improve documentation discoverability for pgoutput.
16d434d53d56c5dd1919ca07274193ee2600ed1b,Peter Eisentraut,2025-08-19 08:41:42+02:00,Add src/include/catalog/README
aa21e49225a1b4f8465dee5a9410e52b5a889f90,Amit Kapila,2025-08-19 05:33:17+00:00,Fix self-deadlock during DROP SUBSCRIPTION.
a977e419ee6ee15cb7bd45d7c9b7540cf183d1e2,Michael Paquier,2025-08-19 14:04:09+09:00,Refactor ReadMultiXactCounts() into GetMultiXactInfo()
9b7eb6f02e8d4affb225dd0aa239c8e7e0ff2cba,Michael Paquier,2025-08-19 09:54:18+09:00,Remove useless pointer update in StatsShmemInit()
bf9ee294e567654231c5b2fef09b8a5367907366,Richard Guo,2025-08-19 09:37:04+09:00,Simplify relation_has_unique_index_for()
24225ad9aafc576295e210026d8ffa9f50d61145,Richard Guo,2025-08-19 09:35:40+09:00,Pathify RHS unique-ification for semijoin planning
3c07944d048c82ae67884c1f09e81f53f769ac2a,Michael Paquier,2025-08-19 09:08:57+09:00,test_ddl_deparse: Rename test create_sequence_1 to create_sequence
24e71d53f88e1a37506cf1c9967b6db5d685f249,Michael Paquier,2025-08-19 08:57:20+09:00,Remove unneeded header declarations in multixact.c
a98ccf727ebbb6d620b1a7995012f1751f261075,David Rowley,2025-08-19 11:14:21+12:00,Remove HASH_DEBUG output from dynahash.c
05fcb9667c371fda93830b87269c01d74ca247e5,David Rowley,2025-08-19 10:57:44+12:00,Use elog(DEBUG4) for dynahash.c statistics output
5e8f05cd70a6a5446801b4c733874bd6603eba7b,Tom Lane,2025-08-18 14:54:59-04:00,"Fix missing ""use Test::More"" in Kerberos.pm."
c61d51d50006a2a7bfe25d62ea0677e318febedc,Peter Eisentraut,2025-08-18 11:03:22+02:00,Detect buffer underflow in get_th()
df9133fa63843627fb3579c89d892dc3d9ea2b95,Michael Paquier,2025-08-18 14:57:55+09:00,Move SQL-callable code related to multixacts into its own file
4a4038068bb29eff2516296fc842b88741625afd,Peter Eisentraut,2025-08-18 07:42:39+02:00,meson: Move C99 test earlier
ba3d93b2e806a877f26922e0f9e1845d0ef1511b,Michael Paquier,2025-08-18 11:38:44+09:00,Refactor init_params() in sequence.c to not use FormData_pg_sequence_data
97ca67377aa289762af432c96c5204685b3ecd21,Michael Paquier,2025-08-18 08:18:09+09:00,Remove md5() call from isolation test for CLUSTER and TOAST
5a8ab650a782ffb78325fa66607a5fbb25c5c74a,Etsuro Fujita,2025-08-17 19:40:00+09:00,Update obsolete comments in ResultRelInfo struct.
f57e214d1cbb748b1e9be79e1b30d85fcbc9e340,Michael Paquier,2025-08-17 15:20:01+09:00,Add isolation test for TOAST value reuse during CLUSTER
928da6ff1254f471941e43f9ad258cc6b1f037e4,Masahiko Sawada,2025-08-16 01:11:40-07:00,Fix typos in comments.
37265ca01f0f361a3aff23e27dfc81b66057a039,Masahiko Sawada,2025-08-15 11:58:53-07:00,Fix constant when extracting timestamp from UUIDv7.
2e2e7ff7b891fcb880c1c221e41208dcb0787290,Peter Eisentraut,2025-08-15 10:32:35+02:00,Fix git whitespace warning
8212c8393906fe31d999a6b0d1e4cacb206529a3,Peter Eisentraut,2025-08-15 10:17:22+02:00,Add TAP tests for LDAP connection parameter lookup
296cba276081192a18c484c0716bf290c16bf362,David Rowley,2025-08-15 18:05:44+12:00,Fix invalid format string in HASH_DEBUG code
ca38912512a9b913542fa4f535885b4e5ccff02f,David Rowley,2025-08-15 17:23:45+12:00,Fix failing -D HASH_STATISTICS builds
b4632883d44eae892e28dafbf674e6ac3dfd824d,David Rowley,2025-08-15 16:33:07+12:00,Add Asserts to validate prevbit values in bms_prev_member
69f75d6714753e594fb383d2e53a8003a8b54dfd,Michael Paquier,2025-08-15 12:30:36+09:00,Add SQL test for TOAST value allocations on rewrite
60b64e6a31a21449f4db49017417c225ee322986,Andres Freund,2025-08-14 12:09:34-04:00,ci: Simplify ci-os-only handling
49cba82bec1f4fc815f929cb57064d780ee0032a,Andres Freund,2025-08-14 11:54:03-04:00,ci: Per-repo configuration for manually trigger tasks
d0e7e04ede165abc95ca16bd9fa93284cc4dac6d,Álvaro Herrera,2025-08-14 17:48:46+02:00,Avoid including tableam.h and xlogreader.h in nbtree.h
ed0736172170bdae800b28e3555241b82854f09f,Tom Lane,2025-08-14 11:39:19-04:00,Don't leak memory during failure exit from SelectConfigFiles().
4ec6e22b4358e8c8fbfa7cfd6d3314ae41663247,Heikki Linnakangas,2025-08-14 13:31:18+03:00,Fix LSN format in debug message
6304256e79c70f6446e840023fbf1cbee47fb08e,Michael Paquier,2025-08-14 16:21:50+09:00,Fix compilation warning with SerializeClientConnectionInfo()
e9a31c0cc604b015363d0aa5b018e8cea9d1d9a7,Fujii Masao,2025-08-14 12:33:14+09:00,Revert logical snapshot filename format change in SnapBuildSnapshotExists().
12f3639ee70254dc5d83f170c2f34cfeb444980e,Fujii Masao,2025-08-14 11:12:03+09:00,Fix incorrect LSN format in comment.
ee54046601de2d14ca9107ba04c50178d9b52fe6,Tom Lane,2025-08-13 17:18:22-04:00,Grab the low-hanging fruit from forcing USE_FLOAT8_BYVAL to true.
6aebedc38497ecebda22caf61bcadf78a8331b52,Tom Lane,2025-08-13 17:18:22-04:00,Grab the low-hanging fruit from forcing sizeof(Datum) to 8.
2a600a93c7be5b0bf8cacb1af78009db12bc4857,Tom Lane,2025-08-13 17:18:22-04:00,Make type Datum be 8 bytes wide everywhere.
66f8765c5331a7a27eafb1d498a12ac04bfbdab2,Andres Freund,2025-08-13 15:52:10-04:00,ci: windows: Stop using DEBUG:FASTLINK
377b7ab1452418a90d6c46dcef2d4a2d4a4517af,Andres Freund,2025-08-13 15:17:29-04:00,Add very basic test for kill_prior_tuples
21fddb3d76909e6a4d65485c0eda2cc34b2591a3,Tom Lane,2025-08-13 12:00:03-04:00,Don't treat EINVAL from semget() as a hard failure.
05f506a5158e7779484fc4dec731942eb809e609,Peter Eisentraut,2025-08-13 17:40:13+02:00,Adjust some table column widths in PDF
37e06ba6e82b44fc6ebfc9e52d71f0c21d0044c4,Peter Eisentraut,2025-08-13 15:50:14+02:00,Improve PDF documentation margins
8081e54bc52a0ea77cbe38a2a439598f361a5089,Peter Eisentraut,2025-08-13 15:09:56+02:00,Clean up order in stylesheete-fo.xsl
783cbb6d5e8bdf87d321286f210983c177ead967,Michael Paquier,2025-08-13 13:11:19+09:00,postgres_fdw: Fix tests with ANALYZE and remote sampling
5f19d13dfed35d8d4ed80d555f2d32b106771b61,Peter Eisentraut,2025-08-12 20:56:49+02:00,libpq: Set LDAP protocol version 3
b227b0bb4e032e19b3679bedac820eba3ac0d1cf,Andres Freund,2025-08-11 15:41:34-04:00,Reduce ExecSeqScan* code size using pg_assume()
01d6832c109bcc37acb30e934b7c472334b7c291,Andres Freund,2025-08-11 15:18:23-04:00,meson: add and use stamp files for generated headers
71ea0d6795438f95f4ee6e35867058c44b270d51,Nathan Bossart,2025-08-11 09:00:00-05:00,Restrict psql meta-commands in plain-text dumps.
70693c645f6e490b9ed450e8611e94ab7af3aad2,Noah Misch,2025-08-11 06:18:59-07:00,Convert newlines to spaces in names written in v11+ pg_dump comments.
22424953cded3f83f0382383773eaf36eb1abda9,Dean Rasheed,2025-08-11 09:03:11+01:00,Fix security checks in selectivity estimation functions.
b421223172a28db2e724d5e35304097fe68a1e38,Thomas Munro,2025-08-09 13:04:38+12:00,Fix rare bug in read_stream.c's split IO handling.
665c3dbba497b795c4ee46145777bc4eb89c78a1,Tom Lane,2025-08-08 18:44:57-04:00,Mop-up for Datum conversion cleanups.
ff89e182d42048380dba32fee1b491893c7b4bec,Peter Eisentraut,2025-08-08 22:06:57+02:00,Add missing Datum conversions
dcfc0f891273eeeb85ce6e723decf5cc37f9b1c3,Peter Eisentraut,2025-08-08 22:06:57+02:00,Remove useless/superfluous Datum conversions
138750dde4a8b939a30a6d650c6c8146192b39cb,Peter Eisentraut,2025-08-08 19:34:31+02:00,postgres_fdw and dblink should check if backend has MyProcPort
ebaaf386adb133010c2024256521b993c5e53e98,Jacob Champion,2025-08-08 10:16:37-07:00,"Revert ""oauth: Add unit tests for multiplexer handling"""
1443b6c0eaa2b464affc0c3aacb3c3bf09efcd6d,Jacob Champion,2025-08-08 08:45:01-07:00,oauth: Add unit tests for multiplexer handling
3e311664e4974ea0eef708d54256aacbb0239c95,Jacob Champion,2025-08-08 08:44:56-07:00,oauth: Track total call count during a client flow
1749a12f0d2005ba23236089f0a32e6c6c1533f0,Jacob Champion,2025-08-08 08:44:52-07:00,oauth: Remove expired timers from the multiplexer
3d9c03429a82c199a77563ae5d57c4c9cefa3d41,Jacob Champion,2025-08-08 08:44:46-07:00,oauth: Ensure unused socket registrations are removed
ff5b0824b3b0c58bbb322719628c42b7a4751dd9,Jacob Champion,2025-08-08 08:44:37-07:00,oauth: Remove stale events from the kqueue multiplexer
b5cd74612c26ec3f96dfe3689acd634db9385d2e,Thomas Munro,2025-08-09 01:46:04+12:00,Remove obsolete comment.
fd2ab03fea23ad6183fe694e750c901c6ff38479,Peter Eisentraut,2025-08-08 12:06:06+02:00,Fix incorrect lack of Datum conversion in _int_matchsel()
9e63f83a7e7f8211581bfe9e9d05b72695261f4f,Etsuro Fujita,2025-08-08 17:35:00+09:00,Fix oversight in FindTriggerIncompatibleWithInheritance.
85ccd7e30a6dd378e025a918916f7b1d72004001,Fujii Masao,2025-08-08 14:36:39+09:00,pg_dump: Fix incorrect parsing of object types in pg_dump --filter.
62a1211d3389095b685a4f80f7b864794cf114f6,Etsuro Fujita,2025-08-08 10:50:00+09:00,Disallow collecting transition tuples from child foreign tables.
84b32fd2283090b2ab87dc38445d487e98e9e231,Michael Paquier,2025-08-08 09:07:10+09:00,"Add information about ""generation"" when dropping twice pgstats entry"
4ae03be5473417ba5850bb0c1f0e60c1a0998dc9,Jacob Champion,2025-08-07 15:31:28-07:00,meson: Fix install-quiet after clean
04b7ff3cd33c0b9574eed3b662c16d810a903bd4,Tom Lane,2025-08-07 18:04:45-04:00,doc: add float as an alias for double precision.
d699687b329e031cd90e967b39c3fd8a53ef8208,Dean Rasheed,2025-08-07 15:49:24+01:00,Extend int128.h to support more numeric code.
0ef891e54175c6646a132bc00e330ff64edb9888,Peter Eisentraut,2025-08-07 14:07:31+02:00,doc: Formatting improvements
466c5435fd45209546c502bd1e8ee5b76b1cc0a1,Alexander Korotkov,2025-08-07 14:29:02+03:00,Fix checkpointer shared memory allocation
90bfae9f93e7eb0328cc8288bd09234315997ec8,John Naylor,2025-08-07 17:10:52+07:00,Update ICU C++ API symbols
1beda2c3cf5842c37edd7081468a703052c6d0f0,Peter Eisentraut,2025-08-07 11:48:43+02:00,pg_upgrade: Improve message indentation
d8a08dbee46c4121bbb819df1c98533824974c45,Dean Rasheed,2025-08-07 09:52:30+01:00,Simplify non-native 64x64-bit multiplication in int128.h.
d9bb8ef093d62763cfd19d37e6bb8182998a3f88,Dean Rasheed,2025-08-07 09:20:02+01:00,Optimise non-native 128-bit addition in int128.h.
572c0f1b0e2a9ed61816239f59d568217079bb8c,Michael Paquier,2025-08-07 11:49:25+09:00,Improve tests of date_trunc() with infinity and unsupported units
2242b26ce472db9ac69dc71008c566ea9cd3a5fd,Michael Paquier,2025-08-07 11:02:04+09:00,Fix incorrect Datum conversion in timestamptz_trunc_internal()
9ea3b6f751abd7701f3f32d9df26d66410754c94,Nathan Bossart,2025-08-06 13:37:00-05:00,Expand usage of macros for protocol characters.
35baa60cc7f374401f06c7dc422e93bcf31b942b,Nathan Bossart,2025-08-06 12:08:07-05:00,"Rename transformRelOptions()'s ""namspace"" parameter to ""nameSpace""."
99139c46cbf2bda7880592c4e5da1ebf177888ac,Fujii Masao,2025-08-06 22:52:13+09:00,Fix typo in comment.
5761d991c98471b7dab3147b71f9caf00a6f8ce4,Dean Rasheed,2025-08-06 11:37:07+01:00,"Refactor int128.h, bringing the native and non-native code together."
811633105a38bc40ff2f75879a4b9a1113bb0347,Dean Rasheed,2025-08-06 10:16:14+01:00,Fix printf format specfiers in test_int128 module.
73d33be4dab7923bf879b82e8ea5fa214099b516,Peter Eisentraut,2025-08-06 11:08:10+02:00,Remove INT64_HEX_FORMAT and UINT64_HEX_FORMAT
8c7445a008109100f9784ea2d8e02cb6769dfb09,Dean Rasheed,2025-08-06 09:41:11+01:00,Convert src/tools/testint128.c into a test module.
225ebfe30a1ae9fda74f3d8f98ea6fa511b60624,Michael Paquier,2025-08-06 17:22:03+09:00,Add regression test for short varlenas saved in TOAST relations
0b6aea03843dc75871b0490c6302a71a8fecb53d,Fujii Masao,2025-08-06 16:47:20+09:00,doc: Recommend ANALYZE after ALTER TABLE ... SET EXPRESSION AS.
b5c53b403c93393c3725558294cbf4dbfb575e42,Masahiko Sawada,2025-08-05 15:30:28-07:00,Suppress maybe-uninitialized warning.
80c758a2e1d720a942610f2f889448d69ce2ce95,Tom Lane,2025-08-05 16:51:10-04:00,Fix incorrect return value in brin_minmax_multi_distance_numeric().
455a040d966897edd3901f044945398450da338a,Álvaro Herrera,2025-08-05 20:22:32+02:00,Put PG_TEST_EXTRA doc items back in alphabetical order
37fc1803cc12120f19184cd952865cc35e0f1755,Álvaro Herrera,2025-08-05 20:09:42+02:00,Hide expensive pg_upgrade test behind PG_TEST_EXTRA
deb674454c5cb7ecabecee2e04ca929eee570df4,Masahiko Sawada,2025-08-05 10:50:45-07:00,Add backup_type column to pg_stat_progress_basebackup.
295a39770e6f7d9c117d52f86ff0596b7d9a590e,Jeff Davis,2025-08-05 09:25:23-07:00,Don't copy datlocale from template unless provider matches.
f291751ef86ec407b3e67a951f55e79fb160ae10,Tom Lane,2025-08-05 12:11:33-04:00,Mop-up for commit e035863c9.
e035863c9a04beeecc254c3bfe48dab58e389e10,Peter Eisentraut,2025-08-05 17:01:25+02:00,Convert varatt.h access macros to static inline functions.
0f5ade7a367c16d823c75a81abb10e2ec98b4206,Peter Eisentraut,2025-08-05 12:11:36+02:00,Fix varatt versus Datum type confusions
2ad6e80de9a6300daffcc0987667e45012fbecde,Peter Eisentraut,2025-08-05 11:47:23+02:00,Fix various hash function uses
c9a5860f7a56cc639d6a73519b8b2a00d26d960c,Amit Kapila,2025-08-05 09:34:22+00:00,Throw ERROR when publish_generated_columns is specified without a value.
1469e312977c8a5baeb1f9cb4222d171faf285b3,Peter Eisentraut,2025-08-05 10:53:49+02:00,Fix mixups of FooGetDatum() vs. DatumGetFoo()
6551a05d9cf8ea75c0db232b661dadd16e595854,Melanie Plageman,2025-08-04 15:07:32-04:00,Minor test fixes in 035_standby_logical_decoding.pl
88f0fdabead51539aa5bdefcf188f07d4651ee10,Dean Rasheed,2025-08-04 16:18:59+01:00,Fix typo in create_index.sql.
4e23c9ef65accde7eb3e56aa28d50ae5cf79b64b,Andrew Dunstan,2025-08-04 09:04:56-04:00,Split func.sgml into more manageable pieces
6ae268cf284c5a706455e164f8879bd721296535,Peter Eisentraut,2025-08-04 14:06:58+02:00,Improve prep_buildtree
07684443b1e03cd56a6a9dee589f5de91e3f9a34,Álvaro Herrera,2025-08-04 14:03:01+02:00,Rename XLogData protocol message to WALData
4614d53d4ef4d2249df45adedd85da8129feee94,Fujii Masao,2025-08-04 20:51:42+09:00,Avoid unexpected shutdown when sync_replication_slots is enabled.
126665289fa8e0f7b30165674983f079a5896d91,Álvaro Herrera,2025-08-04 13:26:45+02:00,doc: mention unusability of dropped CHECK to verify NOT NULL
bca9a1900c87df86dd10d227910050cf85000c53,David Rowley,2025-08-04 17:43:22+12:00,Fix incorrect comment regarding mod_since_analyze
fd5a1a0c3e566f7fc860838084466a1c25944281,Amit Kapila,2025-08-04 04:02:47+00:00,Detect and report update_deleted conflicts.
5c8eda1f72a2b0a8c48ada9b872eb5ef581f7c81,Tom Lane,2025-08-03 13:01:17-04:00,Take a little more care in set_backtrace().
4fbfdde58e4cd091f88737dffa241b08c23d8829,Tom Lane,2025-08-02 21:59:46-04:00,Avoid leakage of zero-length arrays in partition_bounds_copy().
b102c8c4733cf76ff0635dc440ee8dd11487ed95,Tom Lane,2025-08-02 21:59:46-04:00,Silence complaints about leaks in PlanCacheComputeResultDesc.
7f6ededa764b287ba593a2bb7fd566df8053213e,Tom Lane,2025-08-02 21:59:46-04:00,Suppress complaints about leaks in TS dictionary loading.
2c7b4ad24dda86a73d80df063e9a56c3ecb1e4bb,Tom Lane,2025-08-02 21:59:46-04:00,Suppress complaints about leaks in function cache loading.
9f18fa9995628fef752d704d874eeed0bab815e5,Tom Lane,2025-08-02 21:59:46-04:00,Reduce leakage during PL/pgSQL function compilation.
db01c90b2f024298b08dca8aed6b43a2347dee0e,Tom Lane,2025-08-02 21:59:46-04:00,Silence Valgrind leakage complaints in more-or-less-hackish ways.
e78d1d6d47dc7f04fb59fddfc38bab73ec8f1e82,Tom Lane,2025-08-02 21:59:46-04:00,Fix assorted pretty-trivial memory leaks in the backend.
9e9190154ef204a4e814dcc99f763398f7094667,Tom Lane,2025-08-02 21:59:46-04:00,Fix MemoryContextAllocAligned's interaction with Valgrind.
bb049a79d3447e97c0d4fa220600c423c4474bf9,Tom Lane,2025-08-02 21:59:46-04:00,Improve our support for Valgrind's leak tracking.
12efa48978c6dba5eca1b95758127181783fb217,Fujii Masao,2025-08-03 10:49:03+09:00,Fix assertion failure in pgbench when handling multiple pipeline sync messages.
6a46089e458f2d700dd3b8c3f6fc782de933529a,Jeff Davis,2025-08-02 07:51:42-07:00,Simplify options in pg_dump and pg_restore.
2106fe25a1c025a75effb7fefcbd47c68d4b9914,Michael Paquier,2025-08-02 19:54:23+09:00,Fix typo in foreign_key.sql
37e774458542f2fc34ce3610c5fe39cf7b1d4818,Etsuro Fujita,2025-08-02 18:30:00+09:00,Doc: clarify the restrictions of AFTER triggers with transition tables.
3b3fa949009393541e552b8ae42cc2b03be25549,Michael Paquier,2025-08-02 17:08:45+09:00,Fix use-after-free with INSERT ON CONFLICT changes in reorderbuffer.c
9eb6068fb64c36889102a09c030d1d9f4d832821,Nathan Bossart,2025-08-01 16:52:11-05:00,Allow resetting unknown custom GUCs with reserved prefixes.
a2c6c4ed3145a411c2591ebd7ca14f30dd98b896,Masahiko Sawada,2025-08-01 18:02:41+00:00,Fix typo in AutoVacLauncherMain().
0ed92cf50cc428dad1732a5e604e5450d47acba3,Jeff Davis,2025-08-01 10:06:57-07:00,"pg_dump: reject combination of ""only"" and ""with"""
a4801eb691ed18ca483f3e2b5f313d5610a7c839,Heikki Linnakangas,2025-08-01 18:24:19+03:00,libpq: Complain about missing BackendKeyData later with PGgetCancel()
2ab2d6f970584b7ca60cfdf6569336903aa88db5,Amit Kapila,2025-08-01 07:58:48+00:00,Fix a deadlock during ALTER SUBSCRIPTION ... DROP PUBLICATION.
ca09ef3a6aa69a1250bc83e6d9517f28a2ff181c,Tomas Vondra,2025-07-31 16:04:21+02:00,Fix tab completion for ALTER ROLE|USER ... RESET
dbf5a83d4650fc893838a2f92306b3d6439f55ba,Tomas Vondra,2025-07-31 16:04:06+02:00,Schema-qualify unnest() in ALTER DATABASE ... RESET
0decd5e89db9f5edb9b27351082f0d74aae7a9b6,Noah Misch,2025-07-31 06:37:56-07:00,"Sort dump objects independent of OIDs, for the 7 holdout object types."
3357471cf9f5e470dfed0c7919bcf31c7efaf2b9,Michael Paquier,2025-07-31 11:37:37+09:00,pg_stat_statements: Add counters for generic and custom plans
e125e360020a7b0affd5bea938b749e85d8999d3,Michael Paquier,2025-07-31 10:06:34+09:00,Rename CachedPlanType to PlannedStmtOrigin for PlannedStmt
ee924698d566223e927cf9d505c1ccdacd7061c8,Nathan Bossart,2025-07-30 13:04:47-05:00,doc: Adjust documentation for vacuumdb --missing-stats-only.
412036c22d6a605340dbe397da1fb12fccd3897f,Nathan Bossart,2025-07-30 10:48:41-05:00,Teach pg_upgrade to handle in-place tablespaces.
ce9a6244b5b4ce1df71611512a757353803404a5,Andrew Dunstan,2025-07-30 11:31:54-04:00,"Revert Non text modes for pg_dumpall, and pg_restore support"
00c977177956c4b4d12f8c6518d4269b086deca8,Peter Eisentraut,2025-07-30 09:51:45+02:00,Fix whitespace
1a5212775e46fd573e74c9213392177920f0efd6,Michael Paquier,2025-07-30 11:55:42+09:00,Fix ./configure checks with __cpuidex() and __cpuid()
613f64712257d4b94e068e77fb0593e0a71d8df1,Heikki Linnakangas,2025-07-30 00:39:49+03:00,Handle cancel requests with PID 0 gracefully
4300d8b6a79d61abb5ca9f901df7bde7a49322b6,Tom Lane,2025-07-29 15:17:40-04:00,Don't put library-supplied -L/-I switches before user-supplied ones.
c3019bb778b99f2541779ed23402a8f825a0000b,Peter Eisentraut,2025-07-29 18:57:14+02:00,Update comment
902f922218894dd69df1874f9f130dbbafff0499,Tom Lane,2025-07-29 12:47:38-04:00,Remove unnecessary complication around xmlParseBalancedChunkMemory.
0f3a26feddae7ae403c90742095ff4626d7e5617,Nathan Bossart,2025-07-29 10:32:53-05:00,Add commit 1d1612aec7 to .git-blame-ignore-revs.
74e121c8dc5184318478dee587cf7d8303ab1357,Tom Lane,2025-07-29 10:35:01-04:00,Split up pgfdw_report_error so that we can mark it pg_noreturn.
b9ebb92bcb6e0db111deacfbc14f470ce1b3ed8d,Tom Lane,2025-07-29 09:42:22-04:00,Suppress uninitialized-variable warning.
1d1612aec7688139e1a5506df1366b4b6a69605d,Robert Haas,2025-07-29 09:10:41-04:00,Run pgindent.
cc321b1d1c55fe208a394b0f8e0e99c5fb91742c,Fujii Masao,2025-07-29 19:43:10+09:00,Add regression test for background worker restart after crash.
cb833c1b6d19507b13a1a852feea4dbe5d6f0c20,Michael Paquier,2025-07-29 17:03:07+09:00,Handle timeout in PostgreSQL::Test::Cluster::is_alive()
c2c2c7e225669e81f83a5db3f0f57131cdaa4a2d,Alexander Korotkov,2025-07-29 10:41:13+03:00,Clarify documentation for the initcap function
4bc62b86849065939a6b85273fece6b92d6e97bf,David Rowley,2025-07-29 15:18:01+12:00,Display Memoize planner estimates in EXPLAIN
71c0921b649d7a800eb2d6f93539890eaa14d979,Tom Lane,2025-07-28 16:50:41-04:00,Avoid regression in the size of XML input that we will accept.
d5b9b2d40262f57f58322ad49f8928fd4a492adb,Robert Haas,2025-07-28 11:15:47-04:00,"Remove misleading hint for ""unexpected data beyond EOF"" error."
dcc9820a3526eb8d89c5da75dad32b8ef4bf8545,Robert Haas,2025-07-28 10:35:05-04:00,Avoid throwing away the error message in syncrep_yyerror.
3151c264d460c0be09131ce90529073631d70ae8,Michael Paquier,2025-07-28 08:38:24+09:00,ecpg: Fix memory leaks in ecpg_auto_prepare()
793928c2d5ac8e60e1e4054fa3b986369777896d,Michael Paquier,2025-07-28 08:15:11+09:00,Fix performance regression with flush of pending fixed-numbered stats
258bf0a2ea8ff86257f750018bfd44397ce7e554,Alexander Korotkov,2025-07-27 15:07:47+03:00,Process sync requests incrementally in AbsorbSyncRequests
6f22a82a401d267e4bf1fcbcff8d6adb24e14d58,Michael Paquier,2025-07-27 17:48:47+09:00,Add assertions for all the required index AM callbacks
db6461b1c9aae122b90bb52430f06efb306b371a,Tom Lane,2025-07-25 16:45:57-04:00,Add commit 73873805f to .git-blame-ignore-revs.
0f9d4d7c12dcebe951061763ca23ee3b6477e7ca,Tom Lane,2025-07-25 16:37:29-04:00,Silence leakage complaint about postgres_fdw's InitPgFdwOptions.
73873805fb3627cb23937c750fa83ffd8f16fc6c,Tom Lane,2025-07-25 16:36:44-04:00,Run pgindent on the changes of the previous patch.
80aa9848befc13c188d2775a859deaf172fdd3a2,Tom Lane,2025-07-25 16:31:43-04:00,Reap the benefits of not having to avoid leaking PGresults.
7d8f5957792421ec3bb9d1b9b6ca25d689d974b7,Tom Lane,2025-07-25 16:30:00-04:00,Create infrastructure to reliably prevent leakage of PGresults.
5457ea46d181f8b8dbe1ae482720b23bff4029de,Tom Lane,2025-07-25 10:56:55-04:00,"Fix dynahash's HASH_FIXED_SIZE (""isfixed"") option."
1dfe3ef3f960d6924eb1f18facf4fbdae6e1cc1d,Álvaro Herrera,2025-07-25 12:03:19+02:00,Refactor grammar to create opt_utility_option_list
b5d084c5353f29e2e217dfa86f327e14d02998c1,Fujii Masao,2025-07-25 18:38:36+09:00,Fix background worker not restarting after crash-and-restart cycle.
641f20d4c433b66df2928408fb2b44bd165c2329,Michael Paquier,2025-07-25 16:17:13+09:00,Fix assertion failure with latch wait in single-user mode
ac000fca743eff923d1feb4bc722d905901ae540,Michael Paquier,2025-07-25 11:17:48+09:00,Lower bounds related to pgstats kinds
15d33eb1924c1093102b8ce142ede4cb3912e85e,Nathan Bossart,2025-07-24 10:13:45-05:00,Fix return value of visibilitymap_get_status().
e1c3654839e464957675344a1e949489d98b103b,Amit Kapila,2025-07-24 09:05:32+00:00,Fix duplicate transaction replay during pg_createsubscriber.
719dcf3c42260ceebfa2e8f6171a61161737a265,Michael Paquier,2025-07-24 15:41:18+09:00,Introduce field tracking cached plan type in PlannedStmt
df335618ed87eecdef44a95e453e345a55a14ad8,Amit Kapila,2025-07-24 03:51:55+00:00,Fix cfbot failure caused by commit 228c370868.
086b9a33aafeeeaa0af0c806410ea6228f2f63f4,Fujii Masao,2025-07-24 11:43:20+09:00,doc: Add missing index entries and fix title formatting in pg_buffercache docs.
e6dfd068ed453b8690551dac700d57fbf32ba187,Tom Lane,2025-07-23 15:44:29-04:00,Fix build breakage on Solaris-alikes with late-model GCC.
2047ad068139f0b8c6da73d0b845ca9ba30fb33d,Nathan Bossart,2025-07-23 12:06:20-05:00,Cross-check lists of built-in LWLock tranches.
37c7a7eeb6d13aac8edd7af032562233b0769e34,Nathan Bossart,2025-07-23 10:29:45-05:00,Use PqMsg_* macros in walsender.c
196063d6761d2c8d6f78cc03afad08efc95a0708,Álvaro Herrera,2025-07-23 11:02:13+02:00,Move enum RecoveryTargetAction to xlogrecovery.h
228c3708685542d34e6f02c74240656327a5c622,Amit Kapila,2025-07-23 02:56:00+00:00,Preserve conflict-relevant data during logical replication.
039f7ee0fe9a25cf26d915d4b68091e080c6c6ec,David Rowley,2025-07-23 12:02:55+12:00,Use strchr instead of strstr for single-char lookups
a6eabec6808cb1b8f20974ad57275b14fc079e3b,Michael Paquier,2025-07-23 08:18:36+09:00,ecpg: Improve error detection around ecpg_strdup()
a7ca73af662bc95e14058ac3f8fcf5d257f8bf79,Fujii Masao,2025-07-22 22:08:36+09:00,Remove translation marker from libpq-be-fe-helpers.h.
d3f97fd1dda31d7bc925b226c2d9bec31bb7a6eb,Andres Freund,2025-07-22 08:30:52-04:00,"aio: Fix assertion, clarify README"
ce6513e96a170510e2c54e82e3ad39fa46babb40,Amit Kapila,2025-07-22 06:00:21+00:00,Doc: Fix logical replication examples.
19179dbffc8fb9ff12b73fa157a340cff6867ca0,Michael Paquier,2025-07-22 14:34:15+09:00,doc: Inform about aminsertcleanup optional NULLness
112faf1378ee62db75cd9e3223c86bf53b8c2736,Fujii Masao,2025-07-22 14:16:45+09:00,"Log remote NOTICE, WARNING, and similar messages using ereport()."
1b8bbee05d70deae34d0f7484afde03518c07e42,Michael Paquier,2025-07-22 14:00:00+09:00,ecpg: Fix NULL pointer dereference during connection lookup
e2debb64380ebcf0979708a0fa88d9c8d924005b,Richard Guo,2025-07-22 11:21:36+09:00,"Reduce ""Var IS [NOT] NULL"" quals during constant folding"
904f6a593a06649f77597ab9a72ef97c21e39a93,Richard Guo,2025-07-22 11:20:40+09:00,Centralize collection of catalog info needed early in the planner
e0d05295268e3811e6743403cb779f21d1662426,Richard Guo,2025-07-22 11:19:17+09:00,Expand virtual generated columns before sublink pull-up
0810fbb02dbe70b8a7a7bcc51580827b8bbddbdc,Alexander Korotkov,2025-07-21 15:07:54+03:00,Update comment for ReplicationSlot.last_saved_restart_lsn
da71717f0a7cf905a6a31ffd34552554922a0374,Álvaro Herrera,2025-07-21 11:34:10+02:00,"pg_dump: include comments on not-null constraints on domains, too"
cb937e48f01fa710d084694de8cc556223ba0967,Fujii Masao,2025-07-20 11:58:31+09:00,doc: Document reopen of output file via SIGHUP in pg_recvlogical.
aadf7db66ef5a8a723eb3362e2c8b460738f1107,Tom Lane,2025-07-19 14:23:02-04:00,Mostly-cosmetic adjustments to estimate_multivariate_bucketsize().
cdf1f5a607330eaf21a8fc669cb65cd9135472ba,Alexander Korotkov,2025-07-19 13:59:17+03:00,Reintroduce test 046_checkpoint_logical_slot
ccd945159361981d4d1583d2eccf81ddddd63fa5,Alexander Korotkov,2025-07-19 13:51:07+03:00,Improve the stability of the recovery test 047_checkpoint_physical_slot
d3917d8f13e725a3ae3be8a1c051e677ac6e3334,Alexander Korotkov,2025-07-19 13:45:51+03:00,Fix infinite wait when reading a partially written WAL record
1e9b5140c44b447c203c764dcf366472b4bec500,Michael Paquier,2025-07-19 15:03:14+09:00,Check status of nodes after regression test run in 027_stream_regress
d4c9195eff419dcad47d5c2137e31f790c32adde,Michael Paquier,2025-07-19 14:38:52+09:00,Add PostgreSQL::Test::Cluster::is_alive()
3683af617044d271ab7486d43d06f9689ed4961d,Tom Lane,2025-07-18 16:42:10-04:00,Speed up byteain by not parsing traditional-style input twice.
84409ed640568d8ccaaf1df1a41fb02f37d026ed,Nathan Bossart,2025-07-18 11:27:19-05:00,Remove unused variable in generate-lwlocknames.pl.
161a3e8b682ebb98ea0b9d5015d22990696b99ec,Nathan Bossart,2025-07-18 10:59:46-05:00,pg_upgrade: Use COPY for large object metadata.
4c5159a2d8c01e6f08ce20a51bb2dcaa9c8be526,Alexander Korotkov,2025-07-18 18:40:07+03:00,Fix a typo in the deparseArrayCoerceExpr() header comment
5022ff250eeba2367fb4e74fed8ee65bcddb6c99,Dean Rasheed,2025-07-18 09:55:43+01:00,Fix concurrent update trigger issues with MERGE in a CTE.
62c3b4cd9ddc6d3066e3f6e43b68fd00c620d9ad,Alexander Korotkov,2025-07-18 10:52:05+03:00,Support for deparsing of ArrayCoerceExpr node in contrib/postgres_fdw
b597ae6cc128b17038d461c5aa426d42f9cc33f9,Nathan Bossart,2025-07-17 16:32:10-05:00,Add a test harness for the binary heap code.
daf9bdc47d11822da8a1269bd73fb23258b24f80,Tom Lane,2025-07-17 12:46:57-04:00,Fix PQport to never return NULL unless the connection is NULL.
b8926a5b4bb82e3c56855185da4106d24d26154c,Álvaro Herrera,2025-07-17 17:40:22+02:00,Remove assertion from PortalRunMulti
26cc96d4521acb598ddcd886bd64653452c7e887,Nathan Bossart,2025-07-17 10:25:59-05:00,doc: Add note about how to use pg_overexplain.
afa5c365ec5ad978878e5d26c536d8f865abf1ae,Amit Langote,2025-07-17 14:37:06+09:00,Remove duplicate line
74a3fc36f3141677a94d1f6fbfaee4cb3896a35a,Michael Paquier,2025-07-17 14:08:55+09:00,Split regression tests for TOAST compression methods into two files
a493e741d32b7580abe4d0dcc444fcedd8feec6e,Michael Paquier,2025-07-17 09:30:26+09:00,Fix inconsistent LWLock tranche names for MultiXact*
f6ffbeda00e08c4c8ac8cf72173f84157491bfde,Daniel Gustafsson,2025-07-17 00:21:18+02:00,doc: Add example file for COPY
5e6e42e44fe10cab616b4fbe9725df03c987c90a,Jeff Davis,2025-07-16 14:13:18-07:00,Force LC_COLLATE to C in postmaster.
0858f0f96ebb891c8960994f023ed5a17b758a38,Álvaro Herrera,2025-07-16 19:22:53+02:00,Fix dumping of comments on invalid constraints on domains
4c8ad67a98b5d84c1ca00a26d53d08f2d2b881aa,Peter Geoghegan,2025-07-16 13:05:44-04:00,nbtree: Use only one notnullkey ScanKeyData.
48c2c7b4b45b3bb696d566f4f425fccdd871532f,Jeff Davis,2025-07-16 09:57:12-07:00,pg_dumpall: Skip global objects with --statistics-only or --no-schema.
ecc5161a0bd3cba8dda7ece98e0848856b97b7a1,Nathan Bossart,2025-07-16 11:50:34-05:00,psql: Fix note on project naming in output of \copyright.
1dbe6f76677c26096518998fdc72dab771a98913,Michael Paquier,2025-07-16 11:59:22+09:00,Refactor non-supported compression error message in toast_compression.c
b8341ae856f239c6d84c738e516267e890969d8a,Fujii Masao,2025-07-16 10:31:51+09:00,"pgoutput: Initialize missing default for ""origin"" parameter."
d8425811b681ea5ba48a36235de5e1332e92685c,Fujii Masao,2025-07-16 08:51:04+09:00,doc: Document default values for pgoutput options in protocol.sgml.
09fcc652fefdb58e9cb729e8a604607d8805140c,Fujii Masao,2025-07-16 08:32:52+09:00,doc: Fix confusing description of streaming option in START_REPLICATION.
7c3b591af3d83520789cf80a74624125357c6918,Fujii Masao,2025-07-16 08:03:36+09:00,doc: Clarify that total_vacuum_time excludes VACUUM FULL.
5fe55a0fe40e801c77d8b2541caaaca49e67a75f,Tom Lane,2025-07-15 18:53:00-04:00,Doc: clarify description of regexp fields in pg_ident.conf.
2a3a3964328a0b6b0cb278ae6cb595772586d654,Tom Lane,2025-07-15 18:21:12-04:00,Clarify the ra != rb case in compareJsonbContainers().
aad1617b76aef034a27f2a52903702dc5435c422,Tom Lane,2025-07-15 18:11:18-04:00,Silence uninitialized-value warnings in compareJsonbContainers().
8ffd9ac3b206c0a93f9a16e0341c9f7850d26483,Tom Lane,2025-07-15 16:35:42-04:00,Doc: clarify description of current-date/time functions.
ff0bcb248e6ef337902cb26266606c1ab4ea4048,Fujii Masao,2025-07-15 18:51:17+09:00,psql: Fix tab-completion after GRANT/REVOKE on LARGE OBJECT and FOREIGN SERVER.
006fc975a2b984249283e953900ac0ee814c5d6b,Michael Paquier,2025-07-15 16:05:59+09:00,Fix comments in index.c
88a658a42e1b3e6b1a6d4e8322d731ddc3fe9b97,Fujii Masao,2025-07-14 20:05:10+09:00,amcheck: Improve error message for partitioned index target.
6b1c4d326b064bf0eaedccb08a7fcca5db5d9629,Michael Paquier,2025-07-14 09:08:46+09:00,psql: Add variable SERVICEFILE
3c4e26a62c31ebe296e3aedb13ac51a7a35103bd,Tom Lane,2025-07-13 13:52:32-04:00,"In username-map substitution, cope with more than one \1."
092f3c63efc6a6ce235cfbed45bd05b739de8540,Michael Paquier,2025-07-13 16:52:19+09:00,"libpq: Add ""servicefile"" connection option"
8893c3ab3661eb397e68a0ace17c680d1e488360,Nathan Bossart,2025-07-12 14:34:57-05:00,Remove XLogCtl->ckptFullXid.
84ce2587075c9418deda6a2f04b9768e375ebe43,Tom Lane,2025-07-12 11:50:37-04:00,Replace float8 with int in date2isoweek() and date2isoyear().
f2c87ac04e73511a19dc36343f102eed3332573c,Andres Freund,2025-07-12 11:00:44-04:00,Remove long-unused TransactionIdIsActive()
b8e1f2d96bb99ad3528d035861bd311b9f8eb5a9,Thomas Munro,2025-07-12 16:33:02+12:00,aio: Fix configuration reload in IO workers.
177c1f05933890e0da82841bddf1ae4d1e085612,Thomas Munro,2025-07-12 14:44:22+12:00,aio: Remove obsolete IO worker ID references.
01d618bcd782b7984a4289fef25867c681f3ebbf,Thomas Munro,2025-07-12 14:44:09+12:00,aio: Regularize IO worker internal naming.
40e105042a4bec83ad8bc39e54edde2caf68d6a8,Thomas Munro,2025-07-12 13:11:47+12:00,Fix stale idle flag when IO workers exit.
64840e46243a5f672b9e2fcb8d93c63daec4bc9a,Tom Lane,2025-07-11 18:50:13-04:00,Fix inconsistent quoting of role names in ACLs.
990571a08b66c76be85b077ddcba419fd4524952,Jacob Champion,2025-07-11 10:06:41-07:00,oauth: Run Autoconf tests with correct compiler flags
8d33fbacbac93ed70757ea47cd8a4b4fae61528a,Nathan Bossart,2025-07-11 11:51:25-05:00,Add FLUSH_UNLOGGED option to CHECKPOINT command.
2f698d7f4b7b4c49c3649b2fcc063eb66f9d2e6c,Nathan Bossart,2025-07-11 11:51:25-05:00,Add MODE option to CHECKPOINT command.
a4f126516e688736bfed332b44a0c221b8dc118a,Nathan Bossart,2025-07-11 11:51:25-05:00,Add option list to CHECKPOINT command.
bb938e2c3c7a955090f8b68b5bf75d064f6a36a0,Nathan Bossart,2025-07-11 11:51:25-05:00,Rename CHECKPOINT_IMMEDIATE to CHECKPOINT_FAST.
cd8324cc89a9f95bef9593b11507ebf2b79de72a,Nathan Bossart,2025-07-11 11:51:25-05:00,Rename CHECKPOINT_FLUSH_ALL to CHECKPOINT_FLUSH_UNLOGGED.
f25792c541e559070d8e816f82cce01eb4f55ab8,Tom Lane,2025-07-11 12:49:07-04:00,Force LC_NUMERIC to C while running TAP tests.
72e6c08fea7cf59f5166e138aab927ad87570aa4,Amit Kapila,2025-07-11 10:46:43+05:30,Fix the handling of two GUCs during upgrade.
4cff01c4a3472ecd2a53f957f13ab20a2970db4c,Tatsuo Ishii,2025-07-11 10:34:57+09:00,Doc: fix outdated protocol version.
110e6dcaa6595cf71be00808e3df0087d1d2b208,Fujii Masao,2025-07-11 08:44:32+09:00,"doc: Clarify meaning of ""idle"" in idle_replication_slot_timeout."
05dedf43d380edc98546c381e76a9d907fd19bed,Fujii Masao,2025-07-11 08:39:24+09:00,Change unit of idle_replication_slot_timeout to seconds.
a6c0bf93031dac8701b8d6c1093230dc5caf190d,Daniel Gustafsson,2025-07-10 23:26:51+02:00,Fix sslkeylogfile error handling logging
fb6c860bbd1f798dc637c8aa8972570b84f01ad2,Nathan Bossart,2025-07-10 15:52:41-05:00,pg_dump: Fix object-type sort priority for large objects.
b41c4308460500f2888aff9f844458915cae1798,Michael Paquier,2025-07-10 12:23:04+09:00,btree_gist: Merge the last two versions into version 1.8
4eca711bc991954613261b7a314b1e8f5963815c,Michael Paquier,2025-07-10 10:01:20+09:00,injection_points: Add injection_points_list()
48a23f6eae710d2c5c29f38e66d76e7919117e4d,Andres Freund,2025-07-09 18:40:54-04:00,Use pg_assume() to avoid compiler warning below exec_set_found()
d65eb5b1b84e9104144b6b07b526bc73e819d6d7,Andres Freund,2025-07-09 18:38:05-04:00,Add pg_assume(expr) macro
4df477153a6b9339acafbf4162fd8fa3f33e89d2,Tom Lane,2025-07-09 14:21:06-04:00,Link libpq with libdl if the platform needs that.
53cd0b71ee2e99c611a38ce58636a04d5dde4cc1,Jeff Davis,2025-07-09 08:45:34-07:00,Change wchar2char() and char2wchar() to accept a locale_t.
9dcc7641444f6a99269b446ee3a45a080b6ceea3,Tom Lane,2025-07-09 11:26:53-04:00,Minor tweaks for pg_test_timing.
167ed8082f40ee1f3f4cd18cf02bd6d17df57dab,Nathan Bossart,2025-07-09 09:17:56-05:00,Introduce pg_dsm_registry_allocations view.
f5a987c0e5f6bbf0cc0420228dc57e7aae4d7e8f,Masahiko Sawada,2025-07-09 05:45:34-07:00,Fix tab-completion for COPY and \copy options.
86c539c5af14f42ee274c03b5eeb3c97ee5b1ec1,Fujii Masao,2025-07-09 20:33:50+09:00,psql: Improve psql tab completion for GRANT/REVOKE on large objects.
ed26c4e25a444fcdd8a9120d4fe4b5a08d2b262b,John Naylor,2025-07-09 14:20:22+07:00,Hide ICU C++ APIs from pg_locale.h
df286a5b830ae8cc8aac4bd6c999ea4991f0b092,Michael Paquier,2025-07-09 15:46:31+09:00,libpq: Add TAP test for nested service file
24f608625f9ab5632897d21e0dc27ebfea5d3661,Amit Kapila,2025-07-09 09:44:27+05:30,Doc: Improve logical replication failover documentation.
fef6da9e9c8790fa915942af2ada190c33fcf98c,Michael Paquier,2025-07-09 12:46:13+09:00,libpq: Remove PQservice()
93001888d85c21a5b9ab1fe8dabfecb673fc007c,Tom Lane,2025-07-08 17:00:34-04:00,"Fix up misuse of ""volatile"" in contrib/xml2."
e03c95287764158941d317972a332565729b6af2,Tom Lane,2025-07-08 12:50:33-04:00,Fix low-probability memory leak in XMLSERIALIZE(... INDENT).
aa39b4e35ac65d4c1672ba2a29707008a754ddf5,Álvaro Herrera,2025-07-08 18:38:47+02:00,Fix a couple more places in docs for pg_lsn change
0b096e379e6f9bd49d38020d880a7da337e570ad,Tom Lane,2025-07-08 11:23:15-04:00,Change pg_test_timing to measure in nanoseconds not microseconds.
a27893df45ec5d8c657899202e9cf0b9a816fe2f,Michael Paquier,2025-07-08 13:48:49+09:00,pg_walsummary: Improve stability of test checking statistics
f54af9f2679d5987b4680e742ac9bd585260e620,Andres Freund,2025-07-07 22:57:07-04:00,"aio: Combine io_uring memory mappings, if supported"
55a780e9476a753354a6db887e92125c7886ca6d,Richard Guo,2025-07-08 10:21:44+09:00,Consider explicit incremental sort for Append and MergeAppend
7376e6085468054328a66e8c10c007bdaaf88f91,Jacob Champion,2025-07-07 13:41:55-07:00,oauth: Fix kqueue detection on OpenBSD
3adcf9fbd8ba9c07edb3ef5168a259fb12e6e3a6,Álvaro Herrera,2025-07-07 22:38:40+02:00,Adapt pg_upgrade test to pg_lsn output format difference
87b05fdc73e84d6b0bf0e03efad95c99c203cd1f,Tom Lane,2025-07-07 14:33:20-04:00,Restore the ability to run pl/pgsql expression queries in parallel.
c61678551699610d658edb0ae838d2541688caba,Álvaro Herrera,2025-07-07 16:49:19+02:00,Refactor some repetitive SLRU code
2633dae2e4876a9b7cb90ba025e930a553e5107f,Álvaro Herrera,2025-07-07 13:57:43+02:00,Standardize LSN formatting by zero padding
62a17a92833d1eaa60d8ea372663290942a1e8eb,Michael Paquier,2025-07-07 12:50:40+09:00,Integrate FullTransactionIds deeper into two-phase code
8aa54aa7eefbf738999ae855d9192bc57756201e,Michael Paquier,2025-07-07 08:53:57+09:00,Fix incompatibility with libxml2 >= 2.14
21c9756db6458f859e6579a6754c78154321cb39,Etsuro Fujita,2025-07-06 17:15:00+09:00,postgres_fdw: Add Assert to estimate_path_cost_size().
144ad723a4484927266a316d1c9550d56745ff67,Álvaro Herrera,2025-07-04 21:30:05+02:00,Fix new pg_upgrade query not to rely on regnamespace
90a85fce5e9b9ea63ec7e1b3001e0f39d4c8b7d4,Álvaro Herrera,2025-07-04 18:31:35+02:00,pg_upgrade: Add missing newline in error message
f295494d338c452617f966d4d1f13a726cd72661,Álvaro Herrera,2025-07-04 18:05:43+02:00,pg_upgrade: check for inconsistencies in not-null constraints w/inheritance
d64d68fddf9802dea4cc5be8a491937c3aefefa0,Fujii Masao,2025-07-04 23:25:40+09:00,amcheck: Remove unused IndexCheckableCallback typedef.
5a6c39b6df3313e5c2d3aed714a56f5a5c6be3f2,Michael Paquier,2025-07-04 15:09:24+09:00,Disable commit timestamps during bootstrap
78ebda66bf2683d42b853660757aaf16268ee3b7,Fujii Masao,2025-07-04 09:03:58+09:00,Speed up truncation of temporary relations.
931766aaec58b2ce09c82203456877e0b05e1271,Tom Lane,2025-07-03 17:39:53-04:00,Simplify COALESCE() with one surviving argument.
fc896821c4448038c5cc678c1aff7349ee850b23,Tom Lane,2025-07-03 16:30:38-04:00,Add more cross-type comparisons to contrib/btree_gin.
e2b64fcef35f70f96fa92db56fbfa9ac2da136c7,Tom Lane,2025-07-03 16:24:31-04:00,Add cross-type comparisons to contrib/btree_gin.
0059bbe1ecaa5f7f19a8b3aae059f352c02e1d88,Tom Lane,2025-07-03 16:17:08-04:00,Break out xxx2yyy_opt_overflow APIs for more datetime conversions.
a10f21e6ce549705f194b8fdb28e685403e7579d,Tom Lane,2025-07-03 13:46:07-04:00,"Obtain required table lock during cross-table updates, redux."
a604affaded028b6bfba024127931289c2b756c2,Álvaro Herrera,2025-07-03 16:54:36+02:00,Add tab-completion for ALTER TABLE not-nulls
c84698ceaea8a08b1d11d527ce9530a98b156799,Fujii Masao,2025-07-03 23:39:45+09:00,Remove leftover dead code from commit_ts.h.
81a2625eb2e4608ba6ca41b2bf548dce8d81ced7,Álvaro Herrera,2025-07-03 16:27:09+02:00,Fix broken XML
ff3007c66dc6213fcdaea9a996865bbd943e3e82,Fujii Masao,2025-07-03 23:07:23+09:00,doc: Update outdated descriptions of wal_status in pg_replication_slots.
647cffd2f3210818f3882a1ea40cfbe0a4ea8fd7,Álvaro Herrera,2025-07-03 11:46:12+02:00,Prevent creation of duplicate not-null constraints for domains
87251e114967d668c8f90ed9fb8c8a8834c2d288,Álvaro Herrera,2025-07-03 11:25:39+02:00,Fix bogus grammar for a CREATE CONSTRAINT TRIGGER error
8ec04c8577a1aa3aac4b77b2747dde30c8f9c8c6,Michael Paquier,2025-07-03 16:34:28+09:00,Refactor subtype field of AlterDomainStmt
170673a22f28bd6a1d3fa56e23cd74dcbcb60c17,Fujii Masao,2025-07-03 16:03:19+09:00,doc: Remove incorrect note about wal_status in pg_replication_slots.
bc2f348e87c02de63647dbe290d64ff088880dbe,Fujii Masao,2025-07-03 15:27:26+09:00,Support multi-line headers in COPY FROM command.
fd7d7b719137b5c427681a50c0a0ac2d745b68bd,Michael Paquier,2025-07-03 11:14:20+09:00,Improve checks for GUC recovery_target_timeline
0da29e4cb161f78a5ef534b3fb4467756a422e25,Richard Guo,2025-07-03 10:57:26+09:00,Enable use of Memoize for ANTI joins
7b2eb72b1b8ce4279e42848a3978e781ae239355,Michael Paquier,2025-07-03 08:41:25+09:00,Add InjectionPointList() to retrieve list of injection points
fe05430ace8e0b3c945cf581564458a5983a07b6,Tom Lane,2025-07-02 15:48:02-04:00,Correctly copy the target host identification in PQcancelCreate.
0c2b7174c362d3092eb7eabf0117a8d47c64ce0e,Nathan Bossart,2025-07-02 13:26:33-05:00,Fix cross-version upgrade test breakage from commit fe07100e82.
bb109382ef403a4827caacf2978e82f46593600c,Nathan Bossart,2025-07-02 12:32:19-05:00,Make more use of RELATION_IS_OTHER_TEMP().
fe07100e82b096d3c848cace790d4b4daf0c4131,Nathan Bossart,2025-07-02 11:50:52-05:00,Add GetNamedDSA() and GetNamedDSHash().
9ca30a0b04d751c58d4efa0a2b3073cb285b1bd2,Peter Geoghegan,2025-07-02 12:36:35-04:00,Update obsolete row compare preprocessing comments.
7374b3a53635cb031b4d1bedfd80531409f54693,Tom Lane,2025-07-02 11:34:40-04:00,"Allow width_bucket()'s ""operand"" input to be NaN."
c989affb527d330898e92e6223e2218e702176ed,Álvaro Herrera,2025-07-02 17:02:27+02:00,Fix error message for ALTER CONSTRAINT ... NOT VALID
bd3f59fdb71721921bb0aca7e16d483f72e95779,Peter Geoghegan,2025-07-02 09:48:15-04:00,Make row compares robust during nbtree array scans.
f09816a0a7c138751b76ba3676adb75c94be2ab0,Peter Geoghegan,2025-07-02 09:40:49-04:00,Make handling of redundant nbtree keys more robust.
8eede2c7200fba0eae40a19ca78939fd0dc0ec5b,Daniel Gustafsson,2025-07-02 11:42:36+02:00,doc: pg_buffercache documentation wordsmithing
f039c2244110a55e966e8538b6be8bf83458a0fb,Peter Eisentraut,2025-07-02 11:14:53+02:00,meson: Increase minimum version to 0.57.2
de5aa15209397712dcfdeee2a72977b83374f276,Peter Eisentraut,2025-07-02 09:50:51+02:00,Reformat some node comments
3811ca3600a31f999e4709de4a9c64c789992e14,Masahiko Sawada,2025-07-01 23:25:20-07:00,Fix missing FSM vacuum opportunities on tables without indexes.
9adb58a3ccb5ad28e773684db33ffcb1ebbd5ef1,John Naylor,2025-07-02 11:51:10+07:00,Remove implicit cast from 'void *'
3369a3b49b0bc0a4205062e45623af297240c8c6,Michael Paquier,2025-07-02 13:48:36+09:00,Fix bug in archive streamer with LZ4 decompression
b45242fd30ffa6e1e7f490cc400ecbd966880f41,Michael Paquier,2025-07-02 09:52:21+09:00,Move code for the bytea data type from varlena.c to new bytea.c
bee23ea4ddc46198c95a4e73a83f453c09e04bf8,Michael Paquier,2025-07-02 08:39:25+09:00,Show sizes of FETCH queries as constants in pg_stat_statements
184595836ba37e1d35cb8a4e9298dc0eed763746,Peter Eisentraut,2025-07-01 23:12:24+02:00,Update comment for IndexInfo.ii_NullsNotDistinct
aa268cbaade2e7c87addc2fabc7fc8a43310a440,Nathan Bossart,2025-07-01 14:30:16-05:00,Add commit 9e345415bc to .git-blame-ignore-revs.
32bcf568cbc32ffc6d9be1b385d0f766720f7ebc,Nathan Bossart,2025-07-01 14:19:07-05:00,Make more use of binaryheap_empty() and binaryheap_size().
e6115394d40c5d8789b23e5badb2a7679ddd5203,Nathan Bossart,2025-07-01 13:54:38-05:00,Document pg_get_multixact_members().
7a7b3e11e6190e414ccd6ad126bed915e8be16f1,Peter Eisentraut,2025-07-01 20:37:24+02:00,Update comment for IndexInfo.ii_WithoutOverlaps
9e5fee822846763a9c04a60bd5076d6fe3248faf,Peter Eisentraut,2025-07-01 20:12:36+02:00,Fix outdated comment for IndexInfo
fff0d1edf567c412c9d78cb10e9b67ce78b8e0cb,Peter Eisentraut,2025-07-01 18:42:07+02:00,Improve code comment
1fd772d192909a4f0e1ce88ebc72c8c43b81b025,Tom Lane,2025-07-01 12:40:35-04:00,Make sure IOV_MAX is defined.
29213636e6cddcb7b2c877bff8cb9ba470d392db,Tom Lane,2025-07-01 12:08:20-04:00,Make safeguard against incorrect flags for fsync more portable.
8af0d0ab01b406b8671ff4426acfe9b1d2af30d8,Jeff Davis,2025-07-01 07:50:46-07:00,Remove provider field from pg_locale_t.
5a38104b364234615c780656a8b2424f96ed9efa,Jeff Davis,2025-07-01 07:44:47-07:00,Control ctype behavior internally with a method table.
d81dcc8d6243054e3bde40c6fb2b2a0be4b19da6,Jeff Davis,2025-07-01 07:24:23-07:00,Use pg_ascii_tolower()/pg_ascii_toupper() where appropriate.
9e345415bcd3c4358350b89edfd710469b8bfaf9,Tomas Vondra,2025-07-01 15:23:07+02:00,Fix indentation in pg_numa code
bf1119d74a79b68d9c9086e5d32d44fb294a1427,Tomas Vondra,2025-07-01 12:58:35+02:00,Add CHECK_FOR_INTERRUPTS into pg_numa_query_pages
81f287dc923f565722f46b18d71969926bc3c64f,Tomas Vondra,2025-07-01 12:32:23+02:00,Silence valgrind about pg_numa_touch_mem_if_required
953050236ab2640055d79532981f958271a33292,Peter Eisentraut,2025-07-01 12:24:17+02:00,amcheck: Improve confusing message
7fe2f67c7c9f27955df584eb79edd6ec2be7f9e4,Tomas Vondra,2025-07-01 12:02:31+02:00,Limit the size of numa_move_pages requests
b5cd0ecd4d4fa89b716785f22e9f009624104d61,Amit Kapila,2025-07-01 15:17:03+05:30,Fix typo in pg_publication.h.
83389838827b75dbdc9e4c251e2f57b23bfb2cff,Peter Eisentraut,2025-07-01 10:19:52+02:00,doc: TOAST not toast
8fd9bb1d9654c59d40613232ad964e9a648e4202,Peter Eisentraut,2025-07-01 09:41:40+02:00,Enable MSVC conforming preprocessor
732061150b004385810e522f8629f5bf91d977b7,Michael Paquier,2025-07-01 15:48:32+09:00,xml2: Improve error handling of libxml2 calls
c67989789cec3953effca4e01dff834abff9116a,Amit Langote,2025-07-01 13:13:48+09:00,Fix typos in comments
a3df0d43d93789777fd06bb7ffa8cdc1f06d63c3,Michael Paquier,2025-07-01 09:41:42+09:00,Fix typo in system_views.sql's definition of pg_stat_activity
2e947217474c15c7fd9011d1ab2b0d4657b3eae2,Michael Paquier,2025-07-01 08:57:05+09:00,Improve error handling of libxml2 calls in xml.c
0836683a8977cac07d8cbdd0462f8a3e7e32565f,Tom Lane,2025-06-30 17:06:39-04:00,Improve error report for PL/pgSQL reserved word used as a field name.
999f172ded2bae7efbd8bf1dd6f823095395493f,Tom Lane,2025-06-30 16:59:36-04:00,De-reserve keywords EXECUTE and STRICT in PL/pgSQL.
bd09f024a1bbdd7a7e2ca944595a9d4b6c90fb83,Nathan Bossart,2025-06-30 15:38:54-05:00,Add new OID alias type regdatabase.
f20a347e1a613cfc9053e7bc3d254608ae968386,Andres Freund,2025-06-30 10:22:02-04:00,aio: Fix reference to outdated name
c3e28e9fd936b83dbb6dfb5003b6221d98f8469c,Andrew Dunstan,2025-06-30 09:49:50-04:00,Avoid uninitialized value error in TAP tests' Cluster->psql
40a96cd1484fdf3ab57e8cb7b09767ec7a7f73b1,Peter Eisentraut,2025-06-30 12:24:48+02:00,pgflex: propagate environment to flex subprocess
cc2ac0e6f99e4efc3ae5710010ff35e646990a60,Peter Eisentraut,2025-06-30 12:00:00+02:00,Remove unused #include's in src/backend/utils/adt/*
a6a4641252ed166ba187d7fbe0504ddb5a5f0e33,Peter Eisentraut,2025-06-30 11:38:18+02:00,Fix whitespace
a4c10de9291291bce3dd2b81bd8b5f0b98649244,Fujii Masao,2025-06-30 18:36:24+09:00,psql: Improve tab completion for COPY command.
960135114629bc89da0dd1d839541098c7e6401a,Peter Eisentraut,2025-06-30 11:30:56+02:00,doc: explain pgstatindex fragmentation
3431e3e4aa3a33e8411f15e76c284cdd4c54ca28,Peter Eisentraut,2025-06-30 10:47:42+02:00,pgbench: Use standard option handling test routines
2e640a0fa224e4233220252b360efd33c98b3e90,Peter Eisentraut,2025-06-30 10:38:43+02:00,doc: Some copy-editing around prefix operators
c5c4fbb4d482b87c2a6c90337f3b657b2d0002ca,Daniel Gustafsson,2025-06-30 10:12:31+02:00,doc: Fix typo in pg_sync_replication_slots documentation
2252fcd4276cfeabae8786ab7c5a421dd674743e,Michael Paquier,2025-06-30 15:42:50+09:00,Rationalize handling of VacuumParams
5ba00e175a4eaefa4dc38ea14c667bbeb13af305,Michael Paquier,2025-06-30 13:56:31+09:00,Align log_line_prefix in CI and TAP tests with pg_regress.c
2652835d3efa003439ecc23d5fc3cf089c5952a6,Joe Conway,2025-06-29 22:28:10-04:00,Stamp HEAD as 19devel.
9c5b9a280cb6089c011a01797868da83f97d0230,Joe Conway,2025-06-29 21:43:39-04:00,Do pre-release housekeeping on catalog data.
0ebd24255581837f9a5b189ef15147b769df116b,Joe Conway,2025-06-29 21:14:21-04:00,Run pgperltidy
66e9df9f6ef50719b25ca63b60aad934e14f4a1c,Tom Lane,2025-06-29 15:04:32-04:00,Fix some new issues with planning of PlaceHolderVars.
8319e5cb5493046e65d60da3cc17ab78c91749b1,Tom Lane,2025-06-29 13:56:03-04:00,Obtain required table lock during cross-table constraint updates.
6d12d5a433c9c8cbf92fc19afd2a3465f275564c,Peter Eisentraut,2025-06-29 17:19:58+02:00,pg_recvlogical: Rename --two-phase and --failover options.
50fd428b2b9cb036c9c5982b56443d7e28119707,Peter Eisentraut,2025-06-28 19:18:06+02:00,Message style improvements
bbccf7ecb363e50ae9d9aa71d0e7c6d49ee0bb06,Nathan Bossart,2025-06-27 13:37:26-05:00,Use correct DatumGet*() function in test_shm_mq_main().
7195c804bd12f47a9f1b2df9c2e1794bb04c5987,Alexander Korotkov,2025-06-27 11:49:00+03:00,Fix CheckPointReplicationSlots() with max_replication_slots == 0
94e2e150ec72a3b37e3847be99c4aca3320c38f9,Michael Paquier,2025-06-27 09:31:23+09:00,Correct list of files in src/backend/lib/README
7fb3c38e7d7d12a742e1e7600879570251e1886a,Peter Eisentraut,2025-06-26 22:13:53+02:00,libpq: Message style improvements
95e12d4d9b228855af8a2a34ca28c33924d4edd1,Peter Eisentraut,2025-06-26 22:02:16+02:00,Correct misleading error messages
483f7246f39b3af250fed1e613d962b85b568861,Melanie Plageman,2025-06-26 15:03:48-04:00,Remove unused check in heap_xlog_insert()
060f420a03a8d8186423e7d64302b72e01365c20,Melanie Plageman,2025-06-26 14:25:45-04:00,Simplify vacuum VM update logging counters
a3994ec6acb27545300ce1e336e4d119d8000ba9,Álvaro Herrera,2025-06-26 18:33:48+02:00,Fix typo in comment
48c80aba7538d7c515d0c89f4d11f88974fee851,Álvaro Herrera,2025-06-26 18:25:05+02:00,docs: fix typo
47fb87563bf3cca2244840241dde2eb93830559b,Álvaro Herrera,2025-06-26 18:24:12+02:00,"pg_dump: include comments on valid not-null constraints, too"
81ce602d48e8b9cbc3c3a7d5b9d9ddbea7789c02,Fujii Masao,2025-06-26 20:25:34+09:00,Make CREATE TABLE LIKE copy comments on NOT NULL constraints when requested.
3ba9639e39ed8cf2d9dd30f6b8a3b3e9fffb9a64,Dean Rasheed,2025-06-26 10:13:00+01:00,doc: Updates for RETURNING OLD/NEW.
eca624c6591be14a1a03f0b2d374043cdf276431,Dean Rasheed,2025-06-26 09:36:05+01:00,doc: Fix indentation of MERGE synopsis.
5069fef1cfae271ca62e254b16dc831145bc5a4f,Richard Guo,2025-06-26 12:17:12+09:00,Expand virtual generated columns for ALTER COLUMN TYPE
62a47aea1d8d8ea36e63fe6dd3d9891452a3f968,Peter Eisentraut,2025-06-25 12:46:16+02:00,doc: Some copy-editing around constraint validation and enforcement
60dda7bbc45f30e2ba50ecf20dfb9d944a589a38,Peter Eisentraut,2025-06-25 10:50:43+02:00,pg_createsubscriber: Rename option --remove to --clean
0cd69b3d7ef357f2b43258de5831c4de0bd51dec,Peter Eisentraut,2025-06-25 09:56:49+02:00,Restrict virtual columns to use built-in functions and types
69e5cdc47fa1fbd97c8b8c7abe6fb0b9a9822acb,Amit Kapila,2025-06-25 10:25:15+05:30,Doc: Improve documentation of stream abort.
661643dedad97f8b924991fdc739b1f47b0fb60b,Michael Paquier,2025-06-25 10:03:46+09:00,Avoid scribbling of VACUUM options
82015fd9bdc0827c33245a0eef620f854d53b720,Fujii Masao,2025-06-25 09:02:31+09:00,doc: Fix type description of io_workers GUC for consistency.
a9c2bde9295574fc79ce0dea1a2b481c8804c1a5,Fujii Masao,2025-06-25 09:01:13+09:00,doc: Mention ANALYZE VERBOSE in track_cost_delay_timing description.
84c4e10e130f411a89a2f9fd9184075ef02b0eaf,Fujii Masao,2025-06-25 08:59:25+09:00,doc: Add secondary index entries for vacuum-related parameters.
fd519419c9484a47f068cc04e2db81a4ec661669,Tom Lane,2025-06-24 14:14:07-04:00,Prevent excessive delays before launching new logrep workers.
c2da1a5d6325a92d834c9cb036f65d362e4bfc3e,Álvaro Herrera,2025-06-24 19:36:32+02:00,Make query jumbling also squash PARAM_EXTERN params
debad29d22152d7fe4c4e671090e20238647c460,Álvaro Herrera,2025-06-24 19:36:12+02:00,Improve jumble squashing through CoerceViaIO and RelabelType
303ba0573ce656b98620133cd17418dcd217318f,Melanie Plageman,2025-06-24 09:20:16-04:00,Test that vacuum removes tuples older than OldestXmin
054beebb7c9fb94ed17bda9381dbd204f32adf42,Daniel Gustafsson,2025-06-24 11:49:37+02:00,doc: Remove dead link to NewbieDoc Docbook Guide
49fe1c83ecf3474776ea9d0db47ae5644d29b67b,Peter Eisentraut,2025-06-24 11:31:26+02:00,Fix virtual generated column type checking for ALTER TABLE
0cb5145a32c1a867a157e18493e24930338f5d6f,Fujii Masao,2025-06-24 14:21:10+09:00,doc: Fix incorrect UUID index entry in function documentation.
6531f36283f05219464dd2084a17aab5747f7de8,Amit Kapila,2025-06-24 09:51:07+05:30,Fix missing comment update in 1462aad2e4.
fc39b286ad7262a4aac8ff9a34f244763bed7a53,Michael Paquier,2025-06-24 13:12:46+09:00,psql: Rename meta-command \close to \close_prepared
f3ed72ca0765bdd726a31b7fa20219e96baf312c,Alexander Korotkov,2025-06-23 21:33:50+03:00,Temporarily remove 046_checkpoint_logical_slot.pl
70d8a91f82f19d270facd25bb6292a949773dfce,Alexander Korotkov,2025-06-23 21:27:42+03:00,Remove excess assert from InvalidatePossiblyObsoleteSlot()
ccd5bc93fdfeae22c935f405b0687be5cfa9caa4,Tom Lane,2025-06-23 11:50:21-04:00,Include _mm512_zextsi128_si512() in AVX-512 configure probes.
43da394304fba820830da2cef2c0214fe292c037,John Naylor,2025-06-23 18:03:56+07:00,Properly fix AVX-512 CRC calculation bug
2c0d8b95080e1d51c60d9c6f6a2e4460d6dfaf77,Peter Eisentraut,2025-06-22 14:13:46+02:00,meson: Fix meson warning
ea06263c4aa5abadc97a6928c6b2aff0e29698ae,Tom Lane,2025-06-21 12:52:37-04:00,Doc: improve documentation about width_bucket().
fa638edc74ee4be90e94a45f8489f3be9a926d7e,Bruce Momjian,2025-06-20 23:53:15-04:00,"doc PG 18 relnotes:  update to current, add one commit"
d21cf31f7c3f2657d9396913c5cea91f01a88105,Bruce Momjian,2025-06-20 23:37:30-04:00,doc PG 18 relnotes:  indent tag blocks
fed7aa8f56064e3e492c9e145a3197128d6abdf7,Bruce Momjian,2025-06-20 22:44:42-04:00,doc PG 18 relnotes:  add remaining missing link tags
a16ef313f2c21225e89ddb9168f30601f21c7d07,Tom Lane,2025-06-20 15:55:12-04:00,Remove planner's have_dangerous_phv() join-order restriction.
5861b1f343b52ac358912707788214fb8dc981e5,Tom Lane,2025-06-20 13:41:11-04:00,Use SnapshotDirty when checking for conflicting index names.
2f6e240d7ac930698995ac608695cb0368f504f2,Tom Lane,2025-06-20 12:12:29-04:00,pgxs.mk: remove unreachable rule for deleting regress.def.
4464fddf7b50abe3dbb462f76fd925e10eedad1c,Alexander Korotkov,2025-06-20 01:41:28+03:00,Improve runtime and output of tests for replication slots checkpointing.
a8360f074cc03a7cb73a4aaa6d8caab0e0bf0a0f,Bruce Momjian,2025-06-19 17:14:20-04:00,doc PG 18 relnotes:  add links to command and struct tags
6c29088fc6e269b7d64797bb62533b82afe03d93,Jeff Davis,2025-06-19 12:43:27-07:00,Correct docs about partitions and EXCLUDE constraints.
ed117c4c6c4feb1362abbb417ac6e6525dd8789b,Bruce Momjian,2025-06-19 11:59:00-04:00,doc PG 18 relnotes:  add links for applications
d8aa21b74ff4e3d767c3344484c3cb22b9f0ec0d,Bruce Momjian,2025-06-19 11:51:12-04:00,doc:  add xreflabel text for libpq and PL/Python
dec6643487bbed8f5d771e9b9aff772e5c711d4d,Peter Eisentraut,2025-06-19 13:57:16+02:00,Improve pg_dump/pg_dumpall help synopses and terminology
1546e17f9d067e714e066fcdd57d5f56c14f4174,Amit Kapila,2025-06-19 09:48:08+05:30,Improve log messages and docs for slot synchronization.
a03805920b36b79b7ddf97c6804117f3296b2900,Bruce Momjian,2025-06-18 21:20:04-04:00,doc PG 18 relnotes:  add links for server variables
db0c93f172a41515734a774f0412ff9557eca8ed,Fujii Masao,2025-06-19 09:12:34+09:00,doc: Mention GIN indexes support parallel builds.
b57d707708181f988fd1fa697976059510fc4f76,Fujii Masao,2025-06-19 09:07:19+09:00,doc: Fix incorrect description of INCLUDING COMMENTS in CREATE FOREIGN TABLE.
d0d1bcb1e8b2e324bc243d69ccfce55b25a79f8c,Bruce Momjian,2025-06-18 16:48:26-04:00,"doc:  fix for commit 09f7d36ba16 in changing ""_"" to ""-""."
09f7d36ba16e9665bb25d2c097e71c7439485fd7,Bruce Momjian,2025-06-18 16:43:27-04:00,"doc config.sgml:  use ""-"" and not ""_"" for varlistentry ""id""s"
c2e2589ab969eb802493191c79de844bf7dc3a6e,Fujii Masao,2025-06-18 14:53:55+09:00,pg_dump: Allow pg_dump to dump the statistics for foreign tables.
9e1183953f0aee6b8040cd782a8af9996f5ca942,Michael Paquier,2025-06-18 11:03:21+09:00,"Document ""relrewrite"" at the top of heap_create_with_catalog()"
428a87607b58949cfc35eeab94825e2de0d541a5,Fujii Masao,2025-06-18 09:18:40+09:00,doc: Reorder protocol version option descriptions in libpq docs.
bb43c97babdf09efbd97bb535d2acb522678f977,Bruce Momjian,2025-06-17 20:00:38-04:00,"doc PG 18 relnotes:  add markup, still need to add links"
917c00d761fa9ba3b2bc365804ef38fc60ec023e,Daniel Gustafsson,2025-06-17 22:42:38+02:00,Fix allocation check to test the right variable
0cf205e122ae0fe9333ccf843c2269f13ddc32fc,Tomas Vondra,2025-06-17 16:48:11+02:00,amcheck: Fix posting tree checks in gin_index_check()
cdd1a431f21dbd2b7b675a9db1c24b97d713f38b,Tomas Vondra,2025-06-17 15:46:29+02:00,amcheck: Fix parent key check in gin_index_check()
0b54b392334b255abeac7c2718de7071600444ad,Tomas Vondra,2025-06-17 14:55:29+02:00,amcheck: Fix checks of entry order for GIN indexes
8dd41c0bff5b6944fb536cf8f2627d5f542581cd,Tomas Vondra,2025-06-17 14:17:38+02:00,amcheck: Remove unused GinScanItem->parentlsn field
c89d6b889ce958dcab27b0342eca36634c0fefaf,Tomas Vondra,2025-06-17 14:14:54+02:00,amcheck: Test gin_index_check on a multicolumn index
6f55fb741147c49dc20dd2e4597363b2cc04acb4,Peter Eisentraut,2025-06-17 07:41:15+02:00,doc: Mention the default io_method
23c67e8a839441c9d6a307b531a3369b677c91eb,Bruce Momjian,2025-06-16 21:04:14-04:00,doc PG 18 relnotes:  add author for initdb commit 04bec894a04
d87d07b7ad3b782cb74566cd771ecdb2823adf6a,Masahiko Sawada,2025-06-16 17:36:01-07:00,Fix re-distributing previously distributed invalidation messages during logical decoding.
33b06a20016d8dd8dbdc1f6d6a9d79477c1104c5,David Rowley,2025-06-17 10:49:36+12:00,Fix possible Assert failure in verify_compact_attribute()
e9a3615a5224236917af161d9b6a55ba8f129b4d,Andres Freund,2025-06-16 12:36:01-04:00,aio: Add missing memory barrier when waiting for IO handle
ee685c9baf987984dbd2194d74576422996d95f4,Peter Eisentraut,2025-06-16 11:43:52+02:00,doc: Clean up title case use
f24fdf985561e7166d7d54459b764daae8efda44,Peter Eisentraut,2025-06-16 11:16:52+02:00,libpq-oauth: Add exports.list to .gitignore
a876464abc73eccc04543da6a12eb5b1ffcd6dfd,Peter Eisentraut,2025-06-16 11:14:39+02:00,Message style improvements
f83f14881c7a09198863cb46033af8959a462d8b,John Naylor,2025-06-16 09:27:15+07:00,Workaround code generation bug in clang
fd385c4c62d1762c88c0cdb145f354c834875dce,Tom Lane,2025-06-15 13:11:04-04:00,Add commit b27644bad to .git-blame-ignore-revs.
b27644bade0348d0dafd3036c47880a349fe9332,Tom Lane,2025-06-15 13:04:24-04:00,Sync typedefs.list with the buildfarm.
6d6480066c1a96c7130b97b1139fdada9d484f80,Peter Eisentraut,2025-06-15 11:07:00+02:00,psql: Change new \conninfo to use SSL instead of TLS
2f98f967fa78fd36279989ecdd5fbf74ab332fa9,David Rowley,2025-06-14 17:18:31+12:00,Improve comments for TidRangeEval
0fe50417eca46d6993da350845dc09d7e899c6d6,Fujii Masao,2025-06-14 10:39:26+09:00,"doc: Add note about ""Client User"" and ""Superuser"" fields in \conninfo output."
be37ac20fc23511c49b9c56567c7c707b73d10b0,Fujii Masao,2025-06-14 10:37:12+09:00,psql: Report full protocol version in \conninfo output.
eb124c3d6deb5d0c7a588d847e3840bcc2cd0dcc,Alexander Korotkov,2025-06-14 03:55:21+03:00,Add TAP tests to check replication slot advance during the checkpoint
ca307d5cec90a4fde62a50fafc8ab607ff1d8664,Alexander Korotkov,2025-06-14 03:36:04+03:00,Keep WAL segments by slot's last saved restart LSN
c45a1dba0d85c7a44f29f1841afd877ba4f4c683,Peter Geoghegan,2025-06-13 19:58:47-04:00,nbtree: _bt_readnextpage doesn't affect markPos.
a0c7b765372d949cec54960dafcaadbc04b3204e,Jeff Davis,2025-06-13 10:02:24-07:00,Comment fixups from 626df47ad9.
29aaeceee2f3420fb6ecb8e6aae311076c17f687,Daniel Gustafsson,2025-06-13 15:13:09+02:00,psql: Reword help message and docs for WATCH_INTERVAL
6e951f279beab566efa267151d028c3684f6095e,Michael Paquier,2025-06-13 10:15:17+09:00,psql: Forbid use of COPY and \copy while in a pipeline
2c76c6ac470fb0b5bcaec095c1ed90e45cebba75,Michael Paquier,2025-06-13 08:59:47+09:00,Replace %llu by PRIu64 in AIO io_uring code
84914e964b447a63c5208ca2ec11ec3abfda0879,Fujii Masao,2025-06-12 23:25:21+09:00,"pg_restore: Fix wrong descriptions of --with-{schema,data,statistics} options."
0f65f3eec478db8ac4f217a608b4478fed023bac,Álvaro Herrera,2025-06-12 14:21:21+02:00,Fix squashing algorithm for query texts
f7b11414e939a00faa63e27feae69ceef5bf4b02,Fujii Masao,2025-06-12 14:53:32+09:00,doc: Document that MAINTAIN privilege allows statistics manipulation functions.
f85f6ab051b7cf6950247e5fa6072c4130613555,Michael Paquier,2025-06-12 10:08:55+09:00,Revert support for improved tracking of nested queries
dd2ce3792754e0705884aed15d1fd2ae43cc1500,Peter Geoghegan,2025-06-11 18:16:15-04:00,"Revert ""nbtree: Remove useless row compare arg."""
e1458f2f1b56cfe07b3e8fc99b223ea8c852d7ce,Jeff Davis,2025-06-11 15:10:12-07:00,Revert a few small patches that were intended for version 19.
b774ad49336764aef063b9dbc1e7b7eb11c36e11,Masahiko Sawada,2025-06-11 11:44:25-07:00,Add tab completion for REJECT_LIMIT option.
7c319f54917faf564b660fe9027c4835a422bad6,Peter Geoghegan,2025-06-11 09:17:35-04:00,Make _bt_killitems drop pins it acquired itself.
361499538c9d3640e1ed5522e08fdf81b08e76ae,Michael Paquier,2025-06-11 09:27:28+09:00,psql: Remove PARTITION BY clause in tab completion for unlogged tables
137935bd1167a94b0bfea7239033f1ba1a1d95bb,Tom Lane,2025-06-10 18:39:34-04:00,Don't reduce output request size on non-Unix-socket connections.
8898082a5d3e94eef073f0e08124137e096e78ef,Jeff Davis,2025-06-10 11:23:20-07:00,inet_net_pton.c: use pg_ascii_tolower() rather than tolower().
7a6880fadc177873d5663961ec3a02d67e34dcbe,Jeff Davis,2025-06-10 11:23:11-07:00,isn.c: use pg_ascii_toupper() instead of toupper().
78bd364ee39ca70a8f9cb8719282389866a08e14,Jeff Davis,2025-06-10 11:23:05-07:00,contrib/spi/refint.c: use pg_ascii_tolower() instead.
4c787a24e7e220a60022e47c1776f22f72902899,Jeff Davis,2025-06-10 11:22:57-07:00,copyfromparse.c: use pg_ascii_tolower() rather than tolower().
3feff3916ee106c084eca848527dc2d2c3ef4e89,Peter Eisentraut,2025-06-10 07:04:43+02:00,Use exported symbols list on macOS for loadable modules as well
166b4f4560d68e2bcf0f82eb898ac5ee15147b82,Tom Lane,2025-06-08 17:06:39-04:00,pg_restore: fix incompatibility with old directory-format dumps.
7d4667c6203d0174903a53de9d1730fbec26576b,Etsuro Fujita,2025-06-08 17:30:00+09:00,"Revert ""postgres_fdw: Inherit the local transaction's access/deferrable modes."""
73e26cbeb5927053eea4e209e5eda34a30c353f1,Bruce Momjian,2025-06-07 11:25:17-04:00,doc PG 18 relnotes:  add AFTER trigger user change item
37e5f0b61fa8aad82a0b06438ed95c282ace994a,Bruce Momjian,2025-06-07 11:06:47-04:00,doc PG 18 relnotes:  adjust wording of initdb item 48814415d5a
1a857348e47dc4f1bbf104e746abe542c99004e8,Peter Eisentraut,2025-06-07 09:04:29+02:00,plpython: Remove obsolete test expected file
5b40feab594c3019fd6b09e46f97f5b367050cf9,Jeff Davis,2025-06-06 15:28:51-07:00,Improve CREATE DATABASE error message for invalid libc locale.
a31767fc0935bf8dce884ed35dbe644516d0115e,Nathan Bossart,2025-06-06 12:08:17-05:00,Use NULL instead of 0 for pointer arguments.
304862973e9a77c31cbf05d10b8b71c1a2870e59,Nathan Bossart,2025-06-06 11:40:52-05:00,Fixed signed/unsigned mismatch in test_dsm_registry.
e6eed40e44419e3268d01fe0d2daec08a7df68f7,Peter Geoghegan,2025-06-06 10:19:44-04:00,Avoid BufferGetLSNAtomic() calls during nbtree scans.
016e407f4ba10b230f5094c9ba36a1df3d34fb22,Robert Haas,2025-06-06 08:18:27-04:00,pg_prewarm: Allow autoprewarm to use more than 1GB to dump blocks.
c37be39a74b25cc9c7b052ddae43061a6a2c6019,Tom Lane,2025-06-05 15:24:15-04:00,Doc: improve description of which role runs a trigger.
54c6ea8c81db718508eeea50991d3c1c5dff54a5,Peter Geoghegan,2025-06-05 14:50:43-04:00,nbtree: Remove useless row compare arg.
e6f98d8848f1803fda32011998c786a1bf4eb87c,Álvaro Herrera,2025-06-05 18:39:06+02:00,Avoid bogus scans of partitions when marking FKs enforced
04acad82b0f912e779795a4661f7d63f5e35b9da,Tom Lane,2025-06-05 11:30:12-04:00,Doc: you must own the target object to use SECURITY LABEL.
cc733ed164c5b57fdf34d16e4cc8e9bbdc171699,Álvaro Herrera,2025-06-05 17:17:13+02:00,Avoid bogus scans of partitions when validating FKs to partitioned tables
4b05ebf0957bc796b9ea8f4d2ab5985714ef3252,Tom Lane,2025-06-05 11:05:53-04:00,Change role names used in trigger test.
112e40b867b3351ecc49b86a4fa07ec182b82e65,Magnus Hagander,2025-06-05 09:54:16+02:00,psql: fix order of join clauses when listing extensions
b87163e5f3847730ee5f59718d215c6e63e13bff,Michael Paquier,2025-06-05 09:39:24+09:00,Fix copy-pasto with process count calculation in method_io_uring.c
f9b1192190aac56a319a1e3e93cf3c29d9f722dd,Nathan Bossart,2025-06-04 09:47:25-05:00,"doc: Remove notes about ""unencrypted"" passwords."
30c15987d9b7ecc93674cf8ade0ad53ac265ec3b,Peter Eisentraut,2025-06-04 15:27:44+02:00,doc: Update description of pg_constraint.convalidated
48814415d5aa0baa31622dd1ede9012e66232ca0,Peter Eisentraut,2025-06-04 12:06:08+02:00,doc PG 18 relnotes: Add incompatibility note about checksums now default
f777d773878ddda3388bb18dbcb93e97a0fb52e2,Peter Eisentraut,2025-06-04 11:38:12+02:00,Don't strip $libdir from LOAD command
7f3381c7ee661e552634f06509a3452988a15845,Michael Paquier,2025-06-04 09:01:29+09:00,psql: Abort connection when using \syncpipeline after COPY TO/FROM
58fbfde152b28ca119fef4168550a1a4fef61560,Peter Eisentraut,2025-06-03 21:38:04+02:00,Fix incorrect format placeholders
0e164eb9f43626dc9e31f4bae26eeb3e8422584a,Noah Misch,2025-06-03 11:18:52-07:00,Fix a pg_dump scenario for platforms where SEEK_CUR != 1.
73bdcfab35ec0a7eff1a5dd630cbad8e77054547,Fujii Masao,2025-06-03 10:02:55+09:00,Rename log_lock_failure GUC to log_lock_failures for consistency.
aa87f69c009a062685f0c984dbcc18e60c02920d,Tom Lane,2025-06-02 15:22:44-04:00,"Disallow ""="" in names of reloptions and foreign-data options."
31a7e175fd8f6079555f2bba95c7cc118236bb20,Melanie Plageman,2025-06-02 10:54:07-04:00,Correct heap vacuum boundary state setup ordering
fc32be3c941f9d98dd9f549153a5fcea6c3e9b8b,Peter Eisentraut,2025-06-02 10:12:58+02:00,Fix incorrect format placeholders
32edf732e8dc9eb3e7a923aeb67d49246744a20a,Peter Eisentraut,2025-06-02 08:41:27+02:00,Rename gist stratnum support function
5231ed8262c94936a69bce41f64076630bbd99a2,Michael Paquier,2025-06-02 12:03:59+09:00,Use replay LSN as target for cascading logical WAL senders
c98975ba85f64ad95368575cf419813bfb8027b0,Tom Lane,2025-06-01 14:58:42-04:00,Add commit 4672b6223 to .git-blame-ignore-revs.
4672b6223910687b2aab075bcd2dd54ce90d5171,Tom Lane,2025-06-01 14:55:24-04:00,Run pgindent on the previous commit.
c6f7f11d8f4cd28a83c638c3bc3758c1c091657b,Tom Lane,2025-06-01 14:48:35-04:00,Fix edge-case resource leaks in PL/Python error reporting.
e5a3c9d9b5ce535151d3a7e3173e8d27d2d8cd58,Etsuro Fujita,2025-06-01 17:30:00+09:00,postgres_fdw: Inherit the local transaction's access/deferrable modes.
b006bcd5310eb2dad0828a286b79babce4953143,Dean Rasheed,2025-05-31 12:12:58+01:00,Fix MERGE into a plain inheritance parent table.
e050af28686e796bdf22cb53fe3fdf1c6655f315,Michael Paquier,2025-05-31 09:40:45+09:00,Change internal plan ID type from uint64 to int64
706054b11b959c865c0c7935c34d92370d7168d4,Nathan Bossart,2025-05-30 15:17:28-05:00,Ensure we have a snapshot when updating various system catalogs.
232d8caeaaa6ef7e7dfdc1a349ac956690949076,Tom Lane,2025-05-30 13:45:41-04:00,Fix memory leakage in postgres_fdw's DirectModify code path.
d98cefe1143eea010048dc1525a51b77e11b2935,Tom Lane,2025-05-30 12:55:15-04:00,Allow larger packets during GSSAPI authentication exchange.
961553daf5d6087b175aa98f3031a46a8666cecf,Fujii Masao,2025-05-31 00:08:40+09:00,Make XactLockTableWait() and ConditionalXactLockTableWait() interruptable more.
c3eda50b0648005281c2a3cf95375708f8ef97fc,David Rowley,2025-05-30 22:59:39+12:00,Change internal queryid type from uint64 to int64
03c53a73141aa0e0ee6b0c7642671c1e972bae32,Bruce Momjian,2025-05-29 12:37:05-04:00,doc PG 18 relnotes: modify async I/O item for other improvements
470273da0ff766d098c5bc4d0acf3991451b755b,Tom Lane,2025-05-29 10:39:55-04:00,Avoid resource leaks when a dblink connection fails.
3c4d7557e03ba1ca988a2d1a2518a4ad93976f86,Fujii Masao,2025-05-29 17:50:32+09:00,Fix assertion failure in pg_prewarm() on objects without storage.
c3623703f3630c7b89adc865bbec7cb55e87185a,Michael Paquier,2025-05-29 13:25:05+09:00,Add AioUringCompletion in wait_event_names.txt
a1de1b0833b8e940f33fb2c7ab011e841a4d9063,Bruce Momjian,2025-05-28 22:43:36-04:00,doc PG 18 relnotes: split apart log_connections item
35a428f30b15a3ab0c9a0cc26ade3b4cc3e47d8e,Michael Paquier,2025-05-29 11:26:03+09:00,pg_stat_statements: Fix parameter number gaps in normalized queries
089f27cf8aa4716acc5601abce4b14a372c8569e,Bruce Momjian,2025-05-28 21:42:34-04:00,"doc:  clarify log_connections new ""setup_durations"" output"
bf6034d00dd4c7e82fe281df5a22c8e49ad76dde,Bruce Momjian,2025-05-28 18:43:31-04:00,"doc PG 18 relnotes: move ANALYZE item,split ANALYZE/EXPLAIN item"
e5d64fd6545d1339b58e604b812f1a1200b48839,Tom Lane,2025-05-28 15:10:48-04:00,Tighten parsing of datetime input.
be86ca103a41224e091a0d9aaf30605a935546ec,Tom Lane,2025-05-28 13:29:45-04:00,Fix memory leakage when function compilation fails.
c861092b0e0fe2393bc5910843254714121f9e8f,Bruce Momjian,2025-05-28 12:34:11-04:00,doc PG 18 relnotes:  clarify multiplication item
4fbb46f61271f4b7f46ecad3de608fc2f4d7d80f,Michael Paquier,2025-05-28 09:43:31+09:00,Adjust regex for test with opening parenthesis in character classes
d46911e584d48ee01d5bf75699a77fbf635c865d,Michael Paquier,2025-05-28 08:58:40+09:00,Fix conversion of SIMILAR TO regexes for character classes
3e782ca32225e5d5219251a5a3c06698c1e824f8,Bruce Momjian,2025-05-27 17:50:52-04:00,doc PG 18 relnotes:  add removal details to MD5 item
08b8aa1748400ca7dcecb289ffca5e90ac33d274,Bruce Momjian,2025-05-27 17:34:45-04:00,doc PG 18 relnotes:  fix markup
34eb2a80d5a3ea1392e4a9f16ebac54e96d0c6ed,Jeff Davis,2025-05-27 13:54:38-07:00,Change pg_dump default for statistics export.
4c08ecd1618e3c5da664ba24a4aa7052772c4616,Masahiko Sawada,2025-05-27 11:42:36-07:00,Fix assertion when decrementing eager scanning success and failure counters.
c53f3b9cc8b1ece539291860a2def55ce1abf64a,Peter Eisentraut,2025-05-26 14:52:00+02:00,Improve file_copy_method entry in postgresql.conf.sample
1f62dbf5f0ae375320b11362e0fccf8ec2766288,Daniel Gustafsson,2025-05-26 13:30:01+02:00,doc: Fix wording in JIT README
52a1df85f29b7955e33e5ce69bc8b46ee499dbfd,Michael Paquier,2025-05-26 17:28:37+09:00,Fix race condition in subscription TAP test 021_twophase
3bcb554fd2154d2d9b25e942970163e581d0d5fc,Amit Kapila,2025-05-26 11:05:05+05:30,Doc: Make logical replication examples executable in bulk.
47d90b741d097f2881b258de3aedcef2876b3f17,Fujii Masao,2025-05-26 12:47:33+09:00,doc: Fix documenation for snapshot export in logical decoding.
44ce4e1593b1821005b29ffaa19d9cbdd80747b2,Bruce Momjian,2025-05-23 17:02:33-04:00,doc PG 18 relnotes:  clarify btree skip-scan item
a8f093234d78ff2bbcf6489ac213064aa584ad2b,Jacob Champion,2025-05-23 13:05:38-07:00,oauth: Correct missing comma in Requires.private
cbc8fd0c9aec01f451af5e4eeb0eb2c5d5e47eb2,Jacob Champion,2025-05-23 13:05:33-07:00,oauth: Limit JSON parsing depth in the client
1ca583f6c0f9c178dd2721886c723791ced65520,Bruce Momjian,2025-05-23 16:01:07-04:00,doc PG 18 relnotes:  update to current
02502c1bca544e25cc891d8ea596f6d89c540bcf,Tom Lane,2025-05-23 14:43:43-04:00,Fix per-relation memory leakage in autovacuum.
6aa33afe6da1ce5e6a9c68900727db4621f899cd,Tom Lane,2025-05-23 11:47:33-04:00,Fix AlignedAllocRealloc to cope sanely with OOM.
fb844b9f06568aa29303122ac0bb7b4c3cce2542,Daniel Gustafsson,2025-05-23 15:44:54+02:00,Revert function to get memory context stats for processes
70a13c528b6e382a381ff95c15a4989e2dd9360b,Peter Eisentraut,2025-05-23 09:03:09+02:00,Move oauth_validator_libraries in postgresql.conf.sample
883339c170d1c73162283506c85536f735e42baa,Bruce Momjian,2025-05-22 23:02:11-04:00,doc PG 18 relnotes:  adjust CREATE SUBSCRIPTION attribution
7ddfac79f2cd315314efb1402e896fa4386a1995,Bruce Momjian,2025-05-22 22:24:18-04:00,doc PG 18 relnotes:  clarify btree skip scan item
3b7140d27e248171fc4a9a18bdfd2288054e8bde,Bruce Momjian,2025-05-22 21:41:38-04:00,doc PG 18 relnotes:  remove duplicate commit entry
b7ab88ddb1b9872cd997aea921df99eed8ac220b,Tom Lane,2025-05-22 20:35:32-04:00,Fix assorted new memory leaks in libpq.
cb1456423d3925f9c70a488b58f03f186561f00f,Melanie Plageman,2025-05-22 17:14:54-04:00,Replace deprecated log_connections values in docs and tests
d376ab570ef95f2eae13a77cbd9ba21383f195f7,Tom Lane,2025-05-22 14:28:51-04:00,"In ExecInitModifyTable, don't scribble on the source plan."
f24605e2dc1687917766f43775f0dcde2cf678a0,Tom Lane,2025-05-22 13:52:46-04:00,Fix memory leak in XMLSERIALIZE(... INDENT).
5d6eac80cdce7aa7c5f4ec74208ddc1feea9eef3,Nathan Bossart,2025-05-22 10:23:26-05:00,pg_dump: Adjust reltuples from 0 to -1 for dumps of older versions.
1722d5eb05d8e5d2e064cd1798abcae4f296ca9d,Amit Langote,2025-05-22 17:02:35+09:00,"Revert ""Don't lock partitions pruned by initial pruning"""
f3622b64762bb5ee5242937f0fadcacb1a10f30e,Peter Eisentraut,2025-05-21 16:29:05+02:00,doc: Move documentation of md5_password_warnings to a better place
3d0c3a418fc2448a156164a96804dd6d7c8516fe,Michael Paquier,2025-05-21 15:58:03+09:00,Adjust operation names of pg_aios to match the documentation
0bd762e81f6c73679b4f3072d9d9f359d47e43ab,Fujii Masao,2025-05-21 11:55:14+09:00,Fix incorrect WAL description for PREPARE TRANSACTION record.
06450c7b8c70120cebe91e4b6ed3cec9d7051d0a,Michael Paquier,2025-05-21 10:22:12+09:00,Fix regression with location calculation of nested statements
a6060f1cbec39575634043baeeaeb11e86042fa6,Nathan Bossart,2025-05-20 16:31:00-05:00,pg_dump: Fix array literals in fetchAttributeStats().
cbf53e2b8a8ed3fc6f554095a4e99591bd5193f6,Heikki Linnakangas,2025-05-20 10:39:14+03:00,Fix cross-version upgrade test failure
54675d89863378b092c838a4e110551203d89b54,Michael Paquier,2025-05-20 14:39:06+09:00,doc: Clarify use of _ccnew and _ccold in REINDEX CONCURRENTLY
acad909321a4742a78b83cf7e975e627e786af5c,Andres Freund,2025-05-19 21:07:06-04:00,aio: Fix possible state confusions due to interrupt processing
29f7ce6fe78e3f8d520764b5870453d791a3ca65,Heikki Linnakangas,2025-05-19 18:50:26+03:00,Fix deparsing FETCH FIRST <expr> ROWS WITH TIES
ad5eaf390c58294e2e4c1509aa87bf13261a5d15,Amit Kapila,2025-05-19 12:13:06+05:30,Don't retreat slot's confirmed_flush LSN.
f8db5c7a3f91aa07d53592f6e6e6378e26c7b55d,Tom Lane,2025-05-18 23:31:44-04:00,Doc: add pre-branch task to run src/tools/copyright.pl.
2c6469d4cd8175349abfe8da89dd642bca68fcfa,Michael Paquier,2025-05-19 09:46:52+09:00,Fix incorrect year in some copyright notices
11b2dc37097f981b523ccca2b46a3e7b1a5e0a97,Michael Paquier,2025-05-19 09:44:17+09:00,ecpg: Add missing newline in meson.build
3d3a81fc24b07f04df81d898f6b4e85c553ef604,Alexander Korotkov,2025-05-18 23:49:50+03:00,Fix tuple_fraction calculation in generate_orderedappend_paths()
12eee85e511ff8854ac61e8caad8cec218b20513,Tom Lane,2025-05-18 12:45:55-04:00,Make our usage of memset_s() conform strictly to the C11 standard.
0d4dad200d78da6c1c2c705315a04c2080cdd975,Daniel Gustafsson,2025-05-18 10:05:38+02:00,Fix function name reference in comment
5987553fde2cb22b69cf9c7d71a92573b7a3b7c9,Daniel Gustafsson,2025-05-16 11:20:07-04:00,Align organization wording in copyright statement
fe29b2a1dab2b3d81e6c350679b7d9b0e1c8c850,Richard Guo,2025-05-15 17:09:04+09:00,Fix Assert failure in XMLTABLE parser
2c0ed86d393670c7054d051490063de771f1791e,Richard Guo,2025-05-14 09:59:31+09:00,Add explicit initialization for all PlannerGlobal fields
6e289f2d5da02b450f00fb57f0facc60bd73c0d1,Daniel Gustafsson,2025-05-13 07:29:14-04:00,Fix order of parameters in POD documentation
8ede692de512750ecb6930213e6d78ed90ef06d0,Amit Kapila,2025-05-13 09:54:29+05:30,Fix the race condition in the test added by 7c99dc587.
dbf42b84ac7b4e1dfd1ac6e618e247100b6aa08b,Álvaro Herrera,2025-05-11 10:16:45-04:00,Add tab-complete for ALTER DOMAIN ADD  [CONSTRAINT]
0588656366687887d06b0b1f79c9adc142ea1595,Álvaro Herrera,2025-05-11 09:47:10-04:00,Fix comment of tsquerysend()
dc9a2d54fd2571c21c074103cc8ddd93e840b985,Álvaro Herrera,2025-05-11 09:22:12-04:00,relcache: Avoid memory leak on tables with no CHECK constraints
7b2ad4342603c9796bf28dbe84aca247b2bfa9f8,Álvaro Herrera,2025-05-11 09:15:05-04:00,Sort includes in alphabetical order
d4a7e4e179f946e12708f758d30a07f931fd5a84,Tom Lane,2025-05-10 20:22:39-04:00,"Fix incorrect ""return NULL"" in BumpAllocLarge()."
4a4ee0c2c1e53401924101945ac3d517c0a8a559,Noah Misch,2025-05-10 07:36:27-07:00,Remove GLOBALTABLESPACE_OID assert for locked buffers.
99ddf8615c215bb81655574b9a9f7e8ebb2cb89e,Bruce Momjian,2025-05-09 23:40:02-04:00,doc PG 18 relnotes:  mv. hash joins and GROUP BY item to General
c259ba881c1098e75b53d5b232600b49e3301058,Michael Paquier,2025-05-10 12:36:57+09:00,aio: Use runtime arguments with injections points in tests
36e5fda6326045f4523568d4c9d682ee5d2f0867,Michael Paquier,2025-05-10 07:40:25+09:00,injection_points: Add support and tests for runtime arguments
371f2db8b05e4d46cbf489f05cbfc4d6ed6976d4,Michael Paquier,2025-05-10 06:56:26+09:00,Add support for runtime arguments in injection points
89372d0aaa4a6f0e560acdf9014c5ad66fdde1b1,Bruce Momjian,2025-05-09 14:16:17-04:00,doc PG 18 relnotes:  fix missing parens for crc32c()
95129709fd9b153226c1874549d37fa9246b78aa,Tom Lane,2025-05-09 12:29:01-04:00,Skip RSA-PSS ssl test when using LibreSSL.
75d73331d0146871c846e849be626cb220e7e013,Tom Lane,2025-05-09 11:53:51-04:00,Hack one ssl test case to pass with current LibreSSL.
0aaf69965dbd92072911cc46e4b28b9a37c38fad,Tom Lane,2025-05-09 11:50:33-04:00,Centralize ssl tests' check for whether we're using LibreSSL.
bc35adee8d7ad38e7bef40052f196be55decddec,Peter Eisentraut,2025-05-09 09:03:41+02:00,doc: Put new options in consistent order on man pages
b28c59a6cd089902e66a91e0d0974da34d1c922b,Heikki Linnakangas,2025-05-08 22:01:25+03:00,"Use 'void *' for arbitrary buffers, 'uint8 *' for byte arrays"
965213d9c56a671086525a65f5427653b4a66350,Heikki Linnakangas,2025-05-08 22:01:20+03:00,Use more mundane 'int' type for cancel key lengths in libpq
9d710a1ac0912244934277a99fe4666df3d2b825,Bruce Momjian,2025-05-08 11:11:08-04:00,PG 18 relnotes:  adjust RETURNING new/old item
8fcc6487809efa5508a4b70049402236a53be84d,Daniel Gustafsson,2025-05-08 13:53:16+02:00,doc: Fix title markup for AT TIME ZONE and AT LOCAL
c06e909c26f070dee78f73c35565d6f4a4ffdcda,Richard Guo,2025-05-08 18:21:32+09:00,Track the number of presorted outer pathkeys in MergePath
773db22269d474fab46d25e9e15b1e55252cf92c,Richard Guo,2025-05-08 18:20:18+09:00,Suppress unnecessary explicit sorting for EPQ mergejoin path
9fef27a83b3112655509241107834086628f7fa8,Bruce Momjian,2025-05-07 21:11:16-04:00,doc PG 18 relnotes: adjust pg_log_backend_memory_contexts()
f8d49aa130b213d66beae0f574917c1884f7b2a9,Bruce Momjian,2025-05-07 20:36:21-04:00,doc PG 18 relnotes: add pg_log_backend_memory_contexts() mention
69aca072ebf64dcf36958b6958ce4388480fcba2,Bruce Momjian,2025-05-07 16:56:26-04:00,doc PG 18 relnotes:  adjust pgbench per-script reporting item
3bd5271729c5496e3712c9ffbb002a6bef99a4c3,Bruce Momjian,2025-05-07 16:39:49-04:00,doc PG 18 relnotes:  mention GROUP SET fixes
16bf24e0e471c975f0877d6612eacdae7ce4a30e,Nathan Bossart,2025-05-07 14:47:36-05:00,Remove pg_replication_origin's TOAST table.
5f4d98d4f3718cf7a0597c37f3ee4a4485de6ef8,Peter Geoghegan,2025-05-07 15:20:42-04:00,Prevent premature nbtree array advancement.
7e25c9363a82b6974c1ca2303ae8ded98af3bb24,Peter Geoghegan,2025-05-07 15:17:40-04:00,nbtree: tighten up array recheck rules.
acea3fc49f006a08e6c540ac0bacc2c2577a5ff9,Nathan Bossart,2025-05-07 13:36:51-05:00,pg_dumpall: Add --sequence-data.
ab42d643c14509cf1345588f55d798284b11a91e,Alexander Korotkov,2025-05-07 11:10:16+03:00,Refactor ChangeVarNodesExtended() using the custom callback
2448c7a9e00536bac8704bff402bc02c2b2f23de,Peter Eisentraut,2025-05-07 08:23:44+02:00,doc: Put some psql documentation pieces back into alphabetical order
c0cf28255178f1d6e20a26c8df0a4cfdd0ab3b24,Peter Eisentraut,2025-05-07 08:23:44+02:00,Remove some tabs in C string literals
c11bd5f500f0b774a766ed67b769d63abdbdae91,Peter Eisentraut,2025-05-07 08:23:44+02:00,doc: Add link to table
a2c6d84acd72d6c43ab7361fb34fa4f758da7a41,Peter Eisentraut,2025-05-07 08:23:44+02:00,doc: Fix up spacing around verbatim DocBook elements
c4c236ab5c416131baa7109cdc25ccaadd4d7158,Michael Paquier,2025-05-07 14:55:57+09:00,Fix some comments related to IO workers
09a47c68e2fce446849ce0262eff1bfbf921fa18,Peter Eisentraut,2025-05-07 07:01:03+02:00,Fix whitespace
b560ce7884a32ba6409adab340b9732dcd210284,Bruce Momjian,2025-05-06 21:15:44-04:00,doc PG 18 relnotes:  adjust partition planning item
ada78f9bef2eb47b0711a9eec07529c0da7c5672,Bruce Momjian,2025-05-06 17:17:46-04:00,doc PG 18 relnotes:  small adjustments regarding options
575f6003eddbaf0d08195e1e48aee9a741518d6d,Bruce Momjian,2025-05-06 16:03:56-04:00,doc PG 18 relnotes:  move partition locking item to General Perf
45750c6cfe8d1ba6018366642a35e661b9d6f3af,Bruce Momjian,2025-05-06 15:45:03-04:00,doc PG 18 relnotes:  adjust partition items
caa76b91a60681dff0bf193b64d4dcdc1014e036,Tom Lane,2025-05-05 16:25:46-04:00,Stamp 18beta1.
c0e6aace02b6c47e7b99d49cc0e88918349ac30a,Bruce Momjian,2025-05-05 15:42:03-04:00,doc PG 18 relnotes:  reword OAuth item
0de2e1c8b5423c07700112f44499a5fdc0ab0991,Bruce Momjian,2025-05-05 14:56:58-04:00,doc PG 18 relnotes: add mention of pg_stat_reset_backend_stats()
092e72a93023fc9cea9cf673ab577ccd8537fb69,Bruce Momjian,2025-05-05 12:30:35-04:00,doc PG 18 relnotes:  adjust hash item
cf847d6340a6620251315fccae3bd87d2116d308,Bruce Momjian,2025-05-05 11:59:56-04:00,doc PG 18 relnotes:  split partition optimizer item into two
627acc3caa74caa736b2c5587e944d2ea510ea67,Noah Misch,2025-05-05 04:52:04-07:00,"With GB18030, prevent SIGSEGV from reading past end of allocation."
5be213caaa1a9a65dfdbbf400b6a53b5e743b8d1,Noah Misch,2025-05-05 04:52:04-07:00,Refactor test_escape.c for additional ways of testing.
18c4fff640b5a5a12efc61fb202355675b9ce904,Peter Eisentraut,2025-05-05 12:04:49+02:00,Translation updates
b3754dcc9ff7aba2268e98ecf4b5546353305cd2,Bruce Momjian,2025-05-04 22:37:20-04:00,doc PG 18 relnotes:  adjust COPY and REJECT_LIMIT items
d83981c24be76b64205158b59b6c05cf118187c3,Bruce Momjian,2025-05-04 22:08:20-04:00,doc PG 18 relnotes:  move and clarify constraint items
8c9eec540dc4ba684b74e3ccab8413f358a2f93d,Bruce Momjian,2025-05-04 21:44:39-04:00,doc PG 18 relnotes:  add commit for cancel key and protocol neg.
a675149e87706d01e4007150a0124b89bdef08be,Bruce Momjian,2025-05-03 18:50:03-04:00,doc PG 18 relnotes: fix libpq wording
2782f3b8454676c9df408aa0bc960efca0f3eb22,Alexander Korotkov,2025-05-03 22:42:05+03:00,"Revert ""Refactor ChangeVarNodesExtended() using the custom callback"""
250a718aadad68793e82103282247556a46a3cfc,Alexander Korotkov,2025-05-03 22:30:52+03:00,Refactor ChangeVarNodesExtended() using the custom callback
fb21ed6c38da719149443e78048790c0347e2c9b,Bruce Momjian,2025-05-03 14:45:26-04:00,doc:  update guidelines on non-ASCII characters in docs
24987c6f0687576da97b593c6dd5740ccdd23277,Bruce Momjian,2025-05-03 12:57:18-04:00,doc PG 18 relnotes:  add GROUP BY column elimination item
04b269da56db966bd439bf4634a0f33c166eae2e,Bruce Momjian,2025-05-03 12:19:54-04:00,"doc PG 18 relnotes:  move protocol version item to ""server"""
5201bba266d7127397e08a2d954faa5a996c0139,Etsuro Fujita,2025-05-03 20:00:00+09:00,Fix memory allocation/copy mistakes.
6e91b9c16ff53fadf75a545aabe5907f1c046d2f,Etsuro Fujita,2025-05-03 19:10:00+09:00,Fix typos in comments.
9fd989ff9937966a8c3f28bfb6cce8f8071b3289,Bruce Momjian,2025-05-02 20:10:10-04:00,doc PG 18 relnotes:  update chapter tags for recent commit
9f8fcadb2087d3178dc01de37e59ba9a0c70dd31,Bruce Momjian,2025-05-02 20:09:12-04:00,doc PG 18 relnotes:  adjust libpq trace & potocol version items
aa82ebdc297073ab1bb51cfc0322a6f9e81a13f5,Bruce Momjian,2025-05-02 19:59:17-04:00,doc PG 18 relnotes:  reword and reorder items
0f08df406822bfa697dbcabef55728a8cb3e7fdb,Peter Geoghegan,2025-05-02 17:50:58-04:00,Avoid treating nonrequired nbtree keys as required.
1681a70df3d68b6f9dc82645f97f8d4668edc42f,Tomas Vondra,2025-05-02 23:05:18+02:00,Fix memory leak in _gin_parallel_merge
e83a8ae44729bfdd15d31101bd2c99be98cfc691,Tom Lane,2025-05-02 16:16:20-04:00,Don't use a tuplestore if we don't have to for SQL-language functions.
c83a38758d2a9b4a72ec8f7e218f7546457f265d,Álvaro Herrera,2025-05-02 21:25:50+02:00,Handle self-referencing FKs correctly in partitioned tables
ac557793d478c34967a862e7104e524820e24cdd,Tom Lane,2025-05-02 15:12:49-04:00,Doc: correct spelling of meson switch.
3db68212a39351804b2b4fb70a05cab76be32ce7,Jacob Champion,2025-05-02 10:45:12-07:00,oauth: Correct SSL dependency for libpq-oauth.a
81eaaa2c41dd29b06edf8b234753debbd1a581d5,Peter Eisentraut,2025-05-02 16:35:48+02:00,"Make ""directory"" setting work with extension_control_path"
a724c7889f74cc4e76e1979f90808decbc744c79,Bruce Momjian,2025-05-01 22:36:58-04:00,doc:  first draft of the PG 18 release notes
c6a26e4ccd1bf090ab755df2f597103798284d3a,Noah Misch,2025-05-01 16:51:59-07:00,Doc: stop implying recommendation of insecure search_path value.
0064020680c1293ec6ce9fe2588e33d6aebdb015,Peter Eisentraut,2025-05-01 22:23:52+02:00,"doc: Flesh out extension docs for the ""prefix"" make variable"
4ea1254f35b27ed35a389e720ab2e614fc1e1d4d,Jacob Champion,2025-05-01 12:35:52-07:00,oauth: Fix Autoconf build on macOS
b0635bfda0535a7fc36cd11d10eecec4e2a96330,Jacob Champion,2025-05-01 09:14:30-07:00,oauth: Move the builtin flow into a separate module
a3ef0b570c56f7bb15e4aa5caf0125fff92a557a,Nathan Bossart,2025-05-01 09:31:36-05:00,"Remove extra ""not"" in pg_upgrade documentation."
d73d4cfdfce897bd42ef6466e6cece5d35a91779,Dean Rasheed,2025-05-01 11:03:43+01:00,doc: Warn that ts_headline() output is not HTML-safe.
06c4f3ae804e6680ff03a09c1f89dfb1ca3d90e9,Peter Eisentraut,2025-05-01 08:57:48+02:00,doc: Improve explanations when a table rewrite is needed
9d924dbb37103b647c72a5252ad20770b8bae3a1,Peter Geoghegan,2025-04-30 23:15:51-04:00,Adjust overstrong nbtree skip array assertion.
92ee8a4df5b529efbc2455d7a171054c88b43a33,Michael Paquier,2025-05-01 08:52:19+09:00,"doc: Mention cost-based delays for total_[auto]{vacuum,analyze}_time"
45e7e8ca9e9382e8f5e51fe0c085ea7f5d408ac8,Daniel Gustafsson,2025-04-30 23:00:47+02:00,Convert strncpy to strlcpy
2d6745a66b12e980fb12bd06d583a66231b5ed5c,Nathan Bossart,2025-04-30 14:45:54-05:00,doc: Add missing reference to track_cost_delay_timing.
987910502420b77eaf7c3e807f6b0fc1cffced29,Nathan Bossart,2025-04-30 14:12:59-05:00,vacuumdb: Don't skip empty relations in --missing-stats-only mode.
d5f1b6a75ba3f55a78959c957c3fd25d9569057c,Nathan Bossart,2025-04-30 14:12:59-05:00,Further adjust guidance for running vacuumdb after pg_upgrade.
f60420cff66a9089a9b431f9c07f4a29aae4990a,Nathan Bossart,2025-04-30 13:07:51-05:00,doc: Alphabetize long options for pg_dump[all].
368c3fbf9da96787d4e7cae61e11518d72f75071,Tom Lane,2025-04-30 11:13:49-04:00,Update time zone data files to tzdata release 2025b.
f8c115a6cb6531ca86e7b0febd02698135827337,Daniel Gustafsson,2025-04-30 11:10:27+02:00,Typo and doc fixups for memory context reporting
d2a1ed1727a8ef45eab1a8ddb3d375c1ce839aac,Daniel Gustafsson,2025-04-30 10:34:08+02:00,Add missing string terminator
991407ae86785ef38bb1ebfea679a70bcd76574d,David Rowley,2025-04-30 19:27:56+12:00,Add 918e7287e to .git-blame-ignore-revs
918e7287ed20eb1fe280ab6c4056ccf94dcd53a8,David Rowley,2025-04-30 19:18:30+12:00,Fix broken indentation
d8555e522eca00f1b4b6cd0b75269b7176fb7931,David Rowley,2025-04-30 13:40:46+12:00,Fix a couple of comment typos
810a8b1c8051d4e8822967a96f133692698386de,Tom Lane,2025-04-29 17:27:52-04:00,Give up on running with NetBSD/OpenBSD's default semaphore settings.
e974f1c2164bc677d55f98edaf99f80c0b6b89d9,Jacob Champion,2025-04-29 13:08:55-07:00,oauth: Classify oauth_client_secret as a password
d2e7d2a09d7d17656418f8c859074db690af19ec,Jacob Champion,2025-04-29 13:08:24-07:00,oauth: Disallow OAuth connections via postgres_fdw/dblink
45363fca6372a04e90d1c2628c3cbfe8894b811b,Jacob Champion,2025-04-29 13:04:19-07:00,Bump the minimum supported Python version to 3.6.8
eec34099c3bfe0ed4b33e77f38cab3b221cd3b37,Peter Eisentraut,2025-04-29 19:16:11+02:00,Fix whitespace typo in string
2b49492eda3f2a30ee41038b3132338d2587f433,Nathan Bossart,2025-04-29 11:41:42-05:00,initdb: Do not report default autovacuum_worker_slots.
faced8e6a40b469bf9603db868beb6604c95df32,Bruce Momjian,2025-04-29 10:30:08-04:00,doc:  adjust max_files_per_process again
9a9e60fed39268bb85b59dde3cdb0b0166c85cc5,Bruce Momjian,2025-04-29 09:45:41-04:00,doc:  clarify new behavior of max_files_per_process
913c60b067aa1a618420fd0372c4df3cf5501863,Peter Eisentraut,2025-04-29 14:43:35+02:00,doc: Small example improvement
2260c7f6d90ecf76d3806d32890a0890688b41e8,Alexander Korotkov,2025-04-29 14:34:44+03:00,Fixes for ChangeVarNodes_walker()
15b1b4dd3fccfd2576f44841863153c312de011b,Peter Eisentraut,2025-04-29 11:32:49+02:00,pg_restore: Improve --help synopsis
dadc58f50ac9697907e04422615d79762533496c,Peter Eisentraut,2025-04-29 10:59:05+02:00,pg_restore: Put new option in consistent order in --help output
3ff2a1f0c9e8d016f3288f4da3962eb1f1592cd8,Amit Kapila,2025-04-29 12:52:05+05:30,Fix assertion failure during decoding from synced slots.
ef1811ac9a7b9c5accde1652c22fb041cb0f34b3,Peter Eisentraut,2025-04-29 09:19:15+02:00,pg_verifybackup: Message style improvements
c893245ec388499426ac609812ab76a416343c7a,Peter Eisentraut,2025-04-29 09:09:00+02:00,test_slru: Fix incorrect format placeholders
9807617a9293f3fce867fbde99e0840cb5695a12,Amit Kapila,2025-04-29 09:01:43+05:30,Doc: Specify the interaction of publish_generated_columns with column list.
f132815fd717f26613dcc3888608044eac91a7ac,Melanie Plageman,2025-04-28 14:19:45-04:00,Add maintenance_io_concurrency flag to some read stream users
ce72e7e02e1c9075f8dd492f55281398d0721eb8,Peter Geoghegan,2025-04-28 12:49:17-04:00,Fix obsolete nbtree array advancement comment.
b75fedcab7916e1c955dbab565b7ad0cee6b37c6,Peter Geoghegan,2025-04-28 12:11:08-04:00,Make NULL tuple values always advance skip arrays.
0e13b13d26e870cb18fe6ecf9f8697ddfcf2c740,Álvaro Herrera,2025-04-28 16:25:06+02:00,Fix pg_dump for inherited validated not-null constraints
c061000311029d2ef0129ad5eee32e698221d43d,Peter Eisentraut,2025-04-28 14:26:49+02:00,pg_combinebackup: Message style improvements
73e736137616b86d8bc21ec3cba098e187d883d5,Alexander Korotkov,2025-04-28 11:20:22+03:00,Restore comments in ChangeVarNodesExtended()
aaf9e95e8764093ab55baf27c35705f406f592f9,Amit Kapila,2025-04-28 11:35:54+05:30,Fix xmin advancement during fast_forward decoding.
b225c5e76ed1053e505e392423b0dab065a3b813,Michael Paquier,2025-04-28 09:08:15+09:00,Remove circular #include's between wait_event.h and wait_event_types.h
1aa7cf9eb85972aaf2969306e84f5fc794fbef7f,Alexander Korotkov,2025-04-28 01:40:42+03:00,Disallow removing placeholders during Self-Join Elimination.
2f5b05620330baed1648a1a6e2f231c7ba1368d1,Tom Lane,2025-04-27 16:58:57-04:00,Remove inappropriate inclusions of c.h and postgres_fe.h.
94b84a60729e15ee071739c3aec7fdd781123aab,Tom Lane,2025-04-27 13:23:19-04:00,"Don't use double-quotes in #include's of system headers, redux."
2311f193ea7db23f68f5471ae2c35940fc0d4794,Tom Lane,2025-04-27 11:43:02-04:00,Remove circular #include's between plpython.h and plpy_util.h.
e8ca9ed1d260e214f02f7f5464f125fe86e55597,Tom Lane,2025-04-26 20:30:27-04:00,Don't use double-quotes in #include's of system headers.
936457419d797dfaf37191db53d5efb1279eae6d,David Rowley,2025-04-27 11:53:40+12:00,Eliminate divide in new fast-path locking code
27757677ca4da566ff21f65c58a008818afb5b06,John Naylor,2025-04-27 03:03:52+07:00,Match parameter in new function to earlier equivalents
10e8176950b14ab7710a1ea65cad3179b52edbe3,Bruce Momjian,2025-04-26 11:41:23-04:00,doc:  improve wording of vacuum_max_eager_freeze_failure_rate
039bfc457e436dc5c6b1d6ef996048ae19ff480d,Andres Freund,2025-04-25 13:31:25-04:00,aio: Improve debug logging around waiting for IOs
500b61769fa27e9f00a03c3f544f70da3bf3d679,Andres Freund,2025-04-25 13:31:24-04:00,Fix bug allowing io_combine_limit > io_max_combine_combine limit
0d9114b7040d7503096e2897f4c856b17d461f6a,Andres Freund,2025-04-25 13:31:13-04:00,aio: Fix crash potential for pg_aios views due to late state update
76d52e71659149d20d616c8a94c02793cedce066,Peter Eisentraut,2025-04-25 16:49:30+02:00,Fix incorrect format placeholders
385959bdeafb2e4c4b02adb55b78bde6eac616f7,Peter Eisentraut,2025-04-25 16:26:28+02:00,Fix terminology in comment and message
0787646e1dce966395f211fb9475dcab32daae70,Peter Eisentraut,2025-04-25 13:01:31+02:00,Small code consistency improvement
50b8ad30f7541ff48f50a42be9d6bd59b8ce4074,Amit Kapila,2025-04-25 12:46:02+05:30,Fix typo in test file name added in commit 4909b38af0.
632f62dcecc78fe66f06a1ce1b0c57d16f32e191,Fujii Masao,2025-04-25 14:58:14+09:00,doc: remove unnecessary secondary index terms for replication settings.
6389db23209a3a9b99759b26fbd26a9da5693116,Bruce Momjian,2025-04-24 22:02:35-04:00,doc: simplify new EXPLAIN ANALYZE BUFFERS description
3631612eae9c2def99151c4f36b1b3771f53cba7,Michael Paquier,2025-04-24 12:22:53+09:00,psql: Fix assertion failures with pipeline mode
923ae50cf55986efb5f3feb0f15253a69a5e224c,Michael Paquier,2025-04-24 09:20:01+09:00,Add sanity check for dshash entries when reading pgstats file
bc19f63f80109737e2610c81f65d33fc93246b2e,Tom Lane,2025-04-23 16:04:55-04:00,Avoid possibly-theoretical OOM crash hazard in hash_create().
005ccae0f2d68ad3d44141a748635f3dd4a46c1f,Jacob Champion,2025-04-23 11:16:45-07:00,oauth: Support Python 3.6 in tests
bb78e4267817b5c1f5a8ff5b0b93fe756e514bb0,Alexander Korotkov,2025-04-23 20:26:52+03:00,Maintain RelIdToTypeIdCacheHash in TypeCacheOpcCallback()
9f404d7922e8831dc49bfa225530ba5309900e4e,Alexander Korotkov,2025-04-23 20:25:21+03:00,Properly prepare varinfos in estimate_multivariate_bucketsize()
3db61db48ef5b8898f7e85f98548fdec79d76524,Tom Lane,2025-04-23 12:03:02-04:00,Change the names generated for child foreign key constraints.
994a100b37ad8c2fb8282a9fce91a16b4c832277,Daniel Gustafsson,2025-04-23 11:02:05+02:00,Allocate JsonLexContexts on the heap to avoid warnings
0ff95e0a5be1372bfba9db284ea17c8e0e5da3a0,Michael Paquier,2025-04-23 15:33:07+09:00,psql: Rework TAP routine psql_fails_like() to define WAL sender context
0e091ce409e06cd89baf81306cc92c496d8ba58d,Amit Kapila,2025-04-23 11:08:24+05:30,Fix an oversight in 3f28b2fcac.
1f7878c33cab8b741ecb0d145809cdd3000677be,Michael Paquier,2025-04-23 13:53:29+09:00,Remove assertion based on pending_since in pgstat_report_stat()
e0f373ee42a40a41bdfc025a1641d351580991c4,Tom Lane,2025-04-22 15:10:50-04:00,"Re-enable SSL connect_fails tests, and fix related race conditions."
da83b1ea10c2b7937d4c9e922465321749c6785b,Tom Lane,2025-04-22 14:24:21-04:00,Avoid depending on post-UPDATE row order in float4/float8 tests.
eaf582806c0d6b19c081c5afecd9ddb7003e6f80,Tom Lane,2025-04-22 13:56:31-04:00,gen_node_support.pl: improve error message for unclosed struct.
e29df428a1dca4112aad640c889a9a54642759c9,Michael Paquier,2025-04-22 12:41:29+09:00,doc: Mention naming convention used by injection points
0b06459f3c0a515c922f2a22974acea9db38c024,David Rowley,2025-04-22 14:54:22+12:00,Doc: reword text explaining the --maintenance-db option
02c63f9438e082ac58284eed52a9a46015a83432,Michael Paquier,2025-04-22 10:01:38+09:00,Rename injection point for invalidation messages at end of transaction
5e6f9a9c4e7edbe110eab25f9fc05a6d136b950a,David Rowley,2025-04-22 11:10:08+12:00,Doc: various fixups
d010cc6ccacf88926255d3ae2d67dad3e332ae8a,David Rowley,2025-04-22 11:04:04+12:00,Doc: fix incorrect punctuation
90260e2ec6bbfc3dfa9d9501ab75c535de52f677,Jeff Davis,2025-04-21 12:34:58-07:00,Fix INITCAP() word boundaries for PG_UNICODE_FAST.
80b727eb9deab589a8648750bc20f1623d5acd3e,Tom Lane,2025-04-21 12:09:36-04:00,Use the same cmd_context throughout a walsender's lifetime.
5ec8b01c30e7ea34bb42592ad9d34d4b02ea593d,Tom Lane,2025-04-21 11:34:36-04:00,MemoryContextCreate: assert parent is valid and different from node.
706cbed351037fb5e886815506515d1281e62d40,Fujii Masao,2025-04-21 14:53:25+09:00,doc: Fix memory context level in pg_log_backend_memory_contexts() example.
78eda9e2648ab3f8c0df0d4aca53eb0ad6399c59,David Rowley,2025-04-21 13:50:50+12:00,Fix a few more duplicate words in comments
84fd3bc141039b32f25c3c9f6157163a56ab5f66,David Rowley,2025-04-21 10:41:18+12:00,Fix a few duplicate words in comments
818013665259d4242ba641aad705ebe5a3e2db8e,Noah Misch,2025-04-20 12:00:17-07:00,Comment on need to MarkBufferDirty() if omitting DELAY_CHKPT_START.
714bd9e3a733a98da47531a750182ee5981cc3ed,Noah Misch,2025-04-20 08:28:48-07:00,Test restartpoints in archive recovery.
2d5350cfbdc6e61124214d68713295bb060bc541,Noah Misch,2025-04-20 08:28:48-07:00,Avoid ERROR at ON COMMIT DELETE ROWS after relhassubclass=f.
d47f922246b54f0290811951e0b73a3d6110437c,David Rowley,2025-04-20 22:12:07+12:00,Fix issue with ORDER BY / DISTINCT aggregates and FILTER
78231baaf967166776de8262072acb8d589d3b6a,Michael Paquier,2025-04-20 08:34:38+09:00,psql: Split extended query protocol meta-commands in --help=commands
5743d122fcf35edba801609fcde7410610ed0f19,Michael Paquier,2025-04-20 08:16:57+09:00,psql: Improve descriptions of \\flush[request] in --help
5ee7bd944ee812e988a7dee52613ee1c80c13579,Michael Paquier,2025-04-20 08:15:39+09:00,psql: Fix incorrect status code returned by \getresults
d05996340d7a4bc32c464be085727ccddf28376b,Tom Lane,2025-04-19 16:37:42-04:00,Be more wary of corrupt data in pageinspect's heap_page_items().
88e947136b47664b6936b35542f2d1eda0c90588,Michael Paquier,2025-04-19 19:17:42+09:00,Fix typos and grammar in the code
114f7fa81c72637d75b574269f2076dcc1104e24,Michael Paquier,2025-04-19 18:53:35+09:00,Rename injection points used in AIO tests
3aad76a0a970faf22ea38dd61b5668d480b5a92f,Fujii Masao,2025-04-18 18:35:40+09:00,Make pg_upgrade log message with control file path translatable.
05883bd6e556bb4d86c7ece4c37080d00cdb0d34,Tatsuo Ishii,2025-04-18 09:38:46+09:00,Doc: fix missing comma at the end of a line.
1bd08f6ba56ac9b23dc46ab634d82327395e882e,David Rowley,2025-04-18 12:15:08+12:00,Fixup various older misuses of appendPQExpBuffer
d9e03864b6b4c7fe2988393c22e2355786c4c1f7,David Rowley,2025-04-18 09:04:28+12:00,Make levels 1-based in pg_log_backend_memory_contexts()
fc5e966f73f06ab2b3e7fa488fc2712d77639947,Tom Lane,2025-04-17 16:47:04-04:00,"Suppress ""may be used uninitialized"" warnings from older compilers."
4aad2cb7707dfb239eaaad29a8a7155027d8e8b8,Tom Lane,2025-04-17 16:33:21-04:00,Portability fix: isdigit() must be passed an unsigned char.
0400ae4a68831250347407463453447daa9548df,Tom Lane,2025-04-17 12:56:40-04:00,Cache typlens of a SQL function's input arguments.
0313c5dc627a1407344617fa8dd84ce1374ec915,Tom Lane,2025-04-17 12:56:31-04:00,Make SQLFunctionCache long-lived again.
f45a5444ee7612bcca31172035c9638fed77afcc,Tom Lane,2025-04-17 12:56:21-04:00,Split some storage out to separate subcontexts of fcontext.
595d1efeda11186ac6850f5e0bfec877da363e1e,Tom Lane,2025-04-17 12:56:08-04:00,Make functions.c mostly run in a short-lived memory context.
09b07c29532fe7db87cbfe1c54355cfc80291b6c,Tom Lane,2025-04-17 12:55:58-04:00,Minor performance improvement for SQL-language functions.
f4ece891fc2f3f96f0571720a1ae30db8030681b,Noah Misch,2025-04-17 05:00:30-07:00,Assert lack of hazardous buffer locks before possible catalog read.
b669293e3432ee8fdcd44854a945837bb18eea5c,Daniel Gustafsson,2025-04-17 12:58:00+02:00,pg_dump: Set private_date pointer to NULL in callback
e4b0f86e1fe38147b0bcf6e50862d0899a31201c,Fujii Masao,2025-04-17 09:52:47+09:00,pg_dump: Fix incorrect archive format shown in error message.
2e5353be2534aed99a714f99c8a193f85777e64a,Jeff Davis,2025-04-16 16:49:42-07:00,Another unintentional behavior change in commit e9931bfb75.
b107744ce73782a996aaa65dfd9d1bb3c543503d,Jeff Davis,2025-04-16 16:49:35-07:00,Improve comment in regc_pg_locale.c.
3fae25cbb35aa885c411fb51f55a64bb80dc5844,David Rowley,2025-04-17 11:37:55+12:00,Fixup various new-to-v18 usages of appendPQExpBuffer
f3281f9f9395099724b55ddc52991a92795c6068,David Rowley,2025-04-17 11:03:24+12:00,Improve comments for estimate_multivariate_ndistinct()
ab3d8afc7f426cb562d96a673f620fc6fa404ebd,Tom Lane,2025-04-16 17:59:08-04:00,Sync declarations and definitions of two new tablecmds.c functions.
11ff192b5bb707ba9ec13a0b6c7468874403abb3,Álvaro Herrera,2025-04-16 21:51:23+02:00,Elide not-null constraint checks on child tables during PK creation
1fd3566ebc1fa626e0fa9bc0265542fd0638d39a,Daniel Gustafsson,2025-04-16 20:16:57+02:00,Update pg_config.h.in with libnuma changes
1fc3403626d4aa99a81996435549e47c56c16897,Tom Lane,2025-04-16 13:31:59-04:00,Fix pg_dump --clean with partitioned indexes.
40b9c27014d90d77c61e8f5c77ddeb84fa9a6b69,Andrew Dunstan,2025-04-16 12:04:34-04:00,pg_restore cleanups
3b35f9a4c5e0ed85c367b1397dac02fe7bd5b8a8,Richard Guo,2025-04-16 10:55:44+09:00,Fix an incorrect check in get_memoize_path
5ee476294c517ce0024e865e6f51c4ce34bc044e,Daniel Gustafsson,2025-04-15 21:32:18+02:00,doc: Fix typos in documentation
7c872849407730fa01e2c13b2d47483bc3ff6e7e,Tom Lane,2025-04-15 12:08:34-04:00,Fix failure for generated column with a not-null domain constraint.
f840f8ee304cb756638fd82254e3d00150a9b409,Fujii Masao,2025-04-15 23:15:06+09:00,doc: Fix missing whitespace in pg_restore documentation.
7ae13170ba556e51a8e89f1b8a16535a857263ab,Daniel Gustafsson,2025-04-15 15:27:08+02:00,pg_combinebackup: Fix incorrect code documentation
c55df7c6eae5a5c6f91cd029fb91913db7f2089c,Peter Eisentraut,2025-04-14 08:56:33+02:00,Fix incorrect format placeholders
7cd171a5d2c4b99eceb2659ce8c88d9b1bc3bf1e,Peter Eisentraut,2025-04-14 08:32:46+02:00,Add more source files to pg_verifybackup/nls.mk
b51f86e49a7f119004c0ce5d0be89cdf98309141,David Rowley,2025-04-14 11:55:18+12:00,"Doc: use ""an SQL"" consistently rather than ""a SQL"""
2970c75dd9824a0eeb1d1aeb5a42f59d5c9904d8,Daniel Gustafsson,2025-04-13 21:53:03+02:00,Mark sslkeylogfile as Debug option
64e193f5dda2075ecc6356625992e190a4347df6,Andrew Dunstan,2025-04-13 14:39:45-04:00,Make AIO error test more portable
f09088a01d3372fdfe5da12dd0b2e24989f0caa6,Andrew Dunstan,2025-04-12 14:54:48-04:00,Free memory properly in pg_restore.c
78637a8be20e49d8cbfdecf2d6db1f45b9695211,Tom Lane,2025-04-12 13:42:31-04:00,Doc: do a little copy-editing on Index Storage Parameters list.
e708ffe79df07fe26801869f391f4c227615dd42,Tom Lane,2025-04-12 12:28:02-04:00,Fix GIN's shimTriConsistentFn to not corrupt its input.
a6cab6a78ee58356967a447fa2c6414732856986,Peter Geoghegan,2025-04-12 12:07:36-04:00,Harmonize function parameter names for Postgres 18.
fdb69dd582427e4976897d544867e65a0e767002,Michael Paquier,2025-04-12 13:09:48+09:00,Fix instability with WAL fsync test in stats.sql
847bbb21f8c4eb0e2b47417684ad2ba9255c9e80,Daniel Gustafsson,2025-04-11 22:17:12+02:00,Fix recently introduced typos
5822bf21d50eb3a4938066951727294e3d33ca6c,Nathan Bossart,2025-04-11 10:05:32-05:00,Add missing space in pg_restore documentation.
914ea1c93c0e446a0cd174497fd6a22fd6071c5e,Peter Eisentraut,2025-04-11 10:53:36+02:00,Add missing source file to pg_verifybackup/nls.mk
b63cbacb86cf7fa75ca872633ce55fd327b5c7e7,Peter Eisentraut,2025-04-11 10:28:59+02:00,Add missing source file to pg_dump/nls.mk
9e0e1cfc3ef2f683be514b9ef7a7567404fc327f,Peter Eisentraut,2025-04-11 10:26:51+02:00,Add missing source file to pg_upgrade/nls.mk
7d430a57281f0050b66e5eb9eb587193e4cc54ed,Peter Eisentraut,2025-04-11 08:59:52+02:00,Add missing PGDLLIMPORT markings
2e57790836c636d579871b13de13850e013f511c,Michael Paquier,2025-04-11 10:00:21+09:00,Fix race with synchronous_standby_names at startup
530050d8d2850d0453bb56e2bfa7cae216ee8a18,David Rowley,2025-04-11 11:36:21+12:00,Add code comment explaining ins_since_vacuum and aborted inserts
39729ec01d25dbe12e0dd8322c68f242650235c9,Andrew Dunstan,2025-04-10 19:08:04-04:00,Fix fat fingering in 22cb6d28950
928394b664bc4afef2fe6dc69a70e4074886e065,David Rowley,2025-04-11 10:07:22+12:00,Improve various new-to-v18 appendStringInfo calls
55ef7abf88c07e9f716846e645e1628c667c54a7,Daniel Gustafsson,2025-04-10 22:40:27+02:00,Rename global variable backing DSA area
22cb6d289500ef22163a9d7cf2afa496f41b4d4c,Andrew Dunstan,2025-04-10 14:57:02-04:00,Fix memory leak in pg_restore.c
d89335eea67c1cb55b03d5235320cc107287b59a,Tom Lane,2025-04-10 14:49:10-04:00,Doc: remove long-obsolete advice about generated constraint names.
f27eb0325b7b2cff3b880fa669913693849521dc,Tom Lane,2025-04-10 14:18:07-04:00,Remove useless check for negative result of ip_addrsize().
4170298b6ecff7ce697b81e13d9a81e3b825798c,Andrew Dunstan,2025-04-10 12:11:36-04:00,Further cleanup for directory creation on pg_dump/pg_dumpall
4909b38af034fa4d2c67c5c71fd8509f870c1695,Amit Kapila,2025-04-10 13:14:40+05:30,Fix data loss in logical replication.
9ad19295e934e261bb22463d71af3f69699053ea,Peter Eisentraut,2025-04-10 08:04:35+02:00,Fix incorrect format placeholders
d7c04db27aeba1718d8059eae9a6e6a5eedc01b8,David Rowley,2025-04-10 17:33:58+12:00,Update wording in optimizer/README for EquivalenceClasses
d438515c29c3cc539c79292c040335804183ca3e,Amit Kapila,2025-04-10 10:30:05+05:30,Cosmetic fixes for pg_createsubscriber's -all option.
d15acc915de196df799ba000dd6842bbd4a60339,Tomas Vondra,2025-04-09 22:01:58+02:00,ci: Check for missing dependencies in meson builds
3887d0cfeb3315bc4c6219bd2eb90e89cf487fa8,Tomas Vondra,2025-04-09 21:50:17+02:00,Cleanup of pg_numa.c
e2665efd0f4d2ae90d3245f9425d379d75c66645,Nathan Bossart,2025-04-09 14:27:08-05:00,pg_upgrade: Mention that we preserve database OIDs in a comment.
837cc73af29cd9c63515a6f2a36f54dd703a3a3f,Tom Lane,2025-04-09 12:28:34-04:00,Fix performance issue in deadlock-parallel isolation test.
5bbc596391aeaf9042536cc25ce71f1e4fce6db8,Noah Misch,2025-04-09 07:23:39-07:00,Fix test races between syscache-update-pruned.spec and autovacuum.
306dd6e727bf7a4e76f02cb31c2e22ac3b0deca3,Peter Eisentraut,2025-04-09 12:41:54+02:00,Update config.guess and config.sub
0f1433f05356e8de7c4125e5192a54355e12359d,Heikki Linnakangas,2025-04-09 13:11:42+03:00,Fix a few oversights in the longer cancel keys patch
ef366b7d7e3e66ca55ce80c9dfa3254ada727754,Daniel Gustafsson,2025-04-09 09:29:12+02:00,Perform missed catversion bump
dd496eedeaac7cc9023e8fbca709475868ed5d9a,Tom Lane,2025-04-08 23:03:33-04:00,Doc: note that two examples in optimizer/README are oversimplified.
b65b9da568fd93f8fe3b41f4074f225eead104d2,Tom Lane,2025-04-08 20:21:03-04:00,Adjust AdjustUpgrade.pm for commit b1720fe63.
b1720fe63f344adeb8a75b22e8f31b127c814f35,Tom Lane,2025-04-08 19:12:03-04:00,Move contrib/spi testing from core regression tests to contrib/spi.
c57971034e69ca5705ac2be893a80ea82aca978b,Daniel Gustafsson,2025-04-08 23:09:13+02:00,Rename argument in pg_get_process_memory_contexts().
8969194b73dbc9642a0302225f686f9febd95c90,Peter Eisentraut,2025-04-08 19:12:03+02:00,Fix incorrect format placeholder
b0a4c3e88b8b527679216dca5e2e9cbd49514e99,Nathan Bossart,2025-04-08 10:57:31-05:00,Prevent 006_transfer_modes.pl from leaving files behind.
88edd661c881562869e8a02f135c897cdd55103f,Daniel Gustafsson,2025-04-08 15:28:29+02:00,ci: Add MBUILD_TARGET for NetBSD and OpenBSD
91f1fe90c7d42641201bd2c474bd86d703b5e830,Tomas Vondra,2025-04-08 12:38:42+02:00,pg_buffercache: Change page_num type to bigint
b8a6078ca8f446a6271b26101de75ee48e288a3a,Tomas Vondra,2025-04-08 12:36:36+02:00,doc: Correct pg_shmem_allocations_numa.size data type
12eece5fd54c2aa3dbdefb6de7f18566f5c00357,Amit Kapila,2025-04-08 15:35:42+05:30,Fix uninitialized index information access during apply.
7ea21f4ee2721be4239657e74c2ae8f88fb5a3ef,Thomas Munro,2025-04-08 22:02:45+12:00,Fix typo in docs.
f78ca6f3ebbbff8c675c34b8ee61047223073866,Thomas Munro,2025-04-08 21:35:38+12:00,Introduce file_copy_method setting.
042a66291b04f473cbc72f95f07438abd75ae3a9,Daniel Gustafsson,2025-04-08 11:06:56+02:00,Add function to get memory context stats for processes
15f0cb26b530b6725a37391738cfc62d4745c49b,Andres Freund,2025-04-08 02:41:03-04:00,Increase BAS_BULKREAD based on effective_io_concurrency
dcf7e1697ba75ce7883ad7c6bc26ba24422eb892,Andres Freund,2025-04-08 02:19:32-04:00,"Add pg_buffercache_evict_{relation,all} functions"
d69d45a5a956e930dc91b3ca09a0188bf9fe2176,David Rowley,2025-04-08 18:09:57+12:00,Speedup child EquivalenceMember lookup in planner
105b2cb336173d7c62e26ad104682175ddad4cff,Amit Kapila,2025-04-08 09:38:02+05:30,Stabilize 035_standby_logical_decoding.pl.
46b4ba533cee9f64a60714d91607e74362abf67f,Bruce Momjian,2025-04-07 21:33:42-04:00,Fix PG 17 [NOT] NULL optimization bug for domains
039549d70f6aa2daa3714a13752a08fa8ca2fb05,Michael Paquier,2025-04-08 07:57:19+09:00,Flush the IO statistics of active WAL senders more frequently
ba2a3c2302f1248496322eba917b17a421499388,Tomas Vondra,2025-04-07 23:08:17+02:00,Add pg_buffercache_numa view with NUMA node info
8cc139bec34a2971b0682a04eb52ce7b3f5bb425,Tomas Vondra,2025-04-07 23:08:17+02:00,Introduce pg_shmem_allocations_numa view
65c298f61fc70f2f960437c05649f71b862e2c48,Tomas Vondra,2025-04-07 23:08:17+02:00,Add support for basic NUMA awareness
17bcf4f5450430f67b744c225566c9e0e6413e95,Álvaro Herrera,2025-04-07 21:58:06+02:00,Use specific collation where needed in new test
8cfbdf8f4dfbb2204df32fbc7d5dcd4d1b465723,Tom Lane,2025-04-07 15:54:16-04:00,Fix some issues in contrib/spi/refint.c.
8e293e689bab0267d26e3705fe1d537cd43e633a,Andres Freund,2025-04-07 15:20:30-04:00,aio: Make AIO more compatible with valgrind
8ab4241b9f4f73f2168bcaebc990f8b0a6b7bc81,Andres Freund,2025-04-07 15:20:30-04:00,localbuf: Add Valgrind buffer access instrumentation
a13d49014dea39bbe436fd6c28fc65f927038ed7,Masahiko Sawada,2025-04-07 12:13:08-07:00,doc: Fix a typo in pg_recvlogical documentation.
969ab9d4f5d141ac25db092a0e5cd004d3d60a60,Tom Lane,2025-04-07 14:14:28-04:00,Follow-up fixes for SHA-2 patch (commit 749a9e20c).
b73e6d71a89f92436c71467acda1d47552f568a0,Tom Lane,2025-04-07 13:31:37-04:00,Fix erroneous construction of functions' dependencies on transforms.
a379061a22a8fdf421e1a457cc6af8503def6252,Álvaro Herrera,2025-04-07 19:19:50+02:00,Allow NOT NULL constraints to be added as NOT VALID
b52a4a5f285df49399fe6deefa1bf63dc88cd3d1,Andrew Dunstan,2025-04-07 12:22:41-04:00,Clean up error messages from 1495eff7bdb
3516ea768c92ad0abc16dc4dd97e5eef6eab4237,Tom Lane,2025-04-07 11:06:05-04:00,"Add local-address escape ""%L"" to log_line_prefix."
8f5e419484c3efb613d971ec25b9bf344db3d0b0,Andrew Dunstan,2025-04-07 11:01:15-04:00,"Revert ""Use workaround of __builtin_setjmp only on MINGW on MSVCRT"""
8ce79483dc47df11159f506cf51bacec9f874055,Andres Freund,2025-04-07 09:45:00-04:00,read_stream: Fix overflow hazard with large shared buffers
717d0e8dd945edea7c7e875bdb2553238a94f885,Alexander Korotkov,2025-04-07 16:28:54+03:00,Remove GUC_NOT_IN_SAMPLE from enable_self_join_elimination
ae60947643722da257a59f8f16f855add307583f,Daniel Gustafsson,2025-04-07 13:44:58+02:00,psql: Clarify help message for WATCH_INTERVAL
d6f118444db320d13b70e7fbb8eac3ab2113b93d,Michael Paquier,2025-04-07 15:37:34+09:00,Fix grammar in log message of pg_restore.c
2c7bd2ba507e273f2d7fe1b2f6d30775ed4f3c09,Michael Paquier,2025-04-07 12:55:09+09:00,libpq: Fix some issues in TAP tests for service files
c36eda259130faf3559b751b9e81a5c7e2bee0d7,Michael Paquier,2025-04-07 10:02:12+09:00,Clarify comment for worst-case allocation in quote_literal_cstr()
3191a593d6dea56def460d06adc779f2aca44976,Michael Paquier,2025-04-07 09:51:40+09:00,Fix use-after-free in pgstat_fetch_stat_backend_by_pid()
173c97812ffcc48082355df71470974c33379d3f,Fujii Masao,2025-04-07 09:27:33+09:00,Use XLOG_CONTROL_FILE macro consistently for control file name.
a233a603bab80fdf6da2b4908c98f166273aa0cb,Daniel Gustafsson,2025-04-07 00:03:18+02:00,doc: Clarify project naming
643a1a61985bef25904965053020057200d4ae48,Andrew Dunstan,2025-04-06 17:04:58-04:00,Clean up checking for pg_dumpall output directory
218ab682751dfe75667456019364187758d4871a,Tom Lane,2025-04-06 16:27:39-04:00,"Doc: fix PDF ""contents ... exceed the available area"" warnings."
de48056ec7d237e6a48dce907804ac26c87311ec,Nathan Bossart,2025-04-06 15:11:41-05:00,pg_upgrade: Fix memory leak in check_for_unicode_update().
57dec20fd4691900fbe118699d32640fc538dc20,Andres Freund,2025-04-06 12:07:02-04:00,aio: Avoid spurious coverity warning
8ab6ef2bb8d9a00d205742932eb0b6daf62b34e0,Tom Lane,2025-04-06 11:57:22-04:00,Fix memory leaks in px_crypt_shacrypt().
2e4ccf1b4508cc337bb4d0afff1e32a049d549fc,Tom Lane,2025-04-06 11:37:09-04:00,"Use ""(void)"" to mark pgstat_lock_entry(..., false) calls."
5e1915439085014140314979c4dd5e23bd677cac,Andrew Dunstan,2025-04-06 09:21:09-04:00,Avoid unnecessary copying of a string in pg_restore.c
6d5417e634b3841dcc44bdb43f5586bcde33ddb4,Andrew Dunstan,2025-04-06 09:09:25-04:00,Fix a couple of memory leaks in pg_restore.c
a8025f544854ad8b865c6b4509030ee84aa8f4a0,Peter Eisentraut,2025-04-06 14:43:51+02:00,Relax ordering-related hardcoded btree requirements in planning
3a1a7c5a7071c75676c15b26e242c7df17560bd1,Alexander Korotkov,2025-04-06 14:30:20+03:00,"Revert ""Put enable_self_join_elimination into postgresql.conf.sample"""
c2d329260cd885a937014cecd38b51bdeae65216,Alexander Korotkov,2025-04-06 13:24:16+03:00,Put enable_self_join_elimination into postgresql.conf.sample
3c6e8c123896584f1be1fe69aaf68dcb5eb094d5,John Naylor,2025-04-06 14:04:30+07:00,Compute CRC32C using AVX-512 instructions where available
683df3f4de00bf50b20eae92369e006badf7cd57,Daniel Gustafsson,2025-04-05 22:10:28+02:00,Quote filename in error message
691836405f1ecae2368a0f2fdbfee3b2cb53375b,Tom Lane,2025-04-05 15:01:48-04:00,Fix parse_cte.c's failure to examine sub-WITHs in DML statements.
749a9e20c9790006f3af47f7a8faf4ad8dc358d9,Álvaro Herrera,2025-04-05 19:17:13+02:00,Add modern SHA-2 based password hashes to pgcrypto.
e33f2335a9d9754ccf3bf7181085cfa581ee03c3,Tom Lane,2025-04-05 12:13:35-04:00,Avoid double transformation of json_array()'s subquery.
5db3bf7391d77ae86bc9b5f580141e022803b744,Andrew Dunstan,2025-04-05 08:00:24-04:00,Clean up from commit 1495eff7bdb
64fba9c61787c98d019c3b5099e21286b61a56d5,Álvaro Herrera,2025-04-05 11:41:01+02:00,Set log_statement=none in t/002_pg_upgrade.pl
4be6a74cfb1ef4c50740e4c2f97a3b478c16de73,Álvaro Herrera,2025-04-05 11:22:40+02:00,pg_dump: Tiny header cleanup
f0d0083f52f994989b1bb6723e7bd0fad9f586cd,Nathan Bossart,2025-04-04 21:05:30-05:00,pg_dump: Fix query for gathering attribute stats on older versions.
43b8e6c4abfb632bbff5b3a26dc39bf3f188afff,Tom Lane,2025-04-04 20:11:48-04:00,Repair misbehavior with duplicate entries in FK SET column lists.
0f43083d16f4be7c01efa80d05d0eef5e5ff69d3,Tom Lane,2025-04-04 18:26:51-04:00,functions.c: copy trees from source_list before parse analysis etc.
2ef57908067ab29c22ae13f7775fe2afc330e8f6,Andrew Dunstan,2025-04-04 17:07:45-04:00,Fix a couple of error messages and tests for them
8ec0aaeae09482925d2d15ce4a91f6953bdb1566,Nathan Bossart,2025-04-04 15:56:23-05:00,Prevent redeclaration of typedef TocEntry.
289f74d0cb247ebdb443fec65fb2500531c961b4,Andrew Dunstan,2025-04-04 16:07:46-04:00,Add more TAP tests for pg_dumpall
1495eff7bdb0779cc54ca04f3bd768f647240df2,Andrew Dunstan,2025-04-04 16:01:22-04:00,"Non text modes for pg_dumpall, correspondingly change pg_restore"
2b69afbe50d5e39cc7d9703b3ab7acc4495a54ea,Andrew Dunstan,2025-04-04 16:01:22-04:00,add new list type simple_oid_string_list to fe-utils/simple_list
c1da7281060d646f863e920a1aac3b9dbc997672,Andrew Dunstan,2025-04-04 16:01:22-04:00,Move common pg_dump code related to connections to a new file
ff3a7f0b686068d093933a7bdedca1fa57fc5158,Nathan Bossart,2025-04-04 14:55:04-05:00,Remove unused function parameters in pg_backup_archiver.c.
9c02e3a986daa865ecdc2e3d8183e2d83b8f4824,Nathan Bossart,2025-04-04 14:51:08-05:00,pg_dump: Retrieve attribute statistics in batches.
7d5c83b4e90c7156655f98b7312a30ae5eeb4d27,Nathan Bossart,2025-04-04 14:51:08-05:00,pg_dump: Reduce memory usage of dumps with statistics.
e3cc039a7d930ffe86e706944a2b3368bd3ef506,Nathan Bossart,2025-04-04 14:51:08-05:00,Skip second WriteToc() call for custom-format dumps without data.
d9c7911e1a5f354b7c34b7f53a52e0a690e7ebc9,Melanie Plageman,2025-04-04 15:28:54-04:00,Use streaming read I/O in autoprewarm
6acab8bdbcda735ef47b1bb0ba2284d6c465cd88,Melanie Plageman,2025-04-04 15:28:49-04:00,Refactor autoprewarm_database_main() in preparation for read stream
7f848cb788ee05b9a4896ad2e19b9ee724577439,Melanie Plageman,2025-04-04 15:28:39-04:00,Remove superfluous autoprewarm check
b3f1a13f22f9e28842ee5fbd08b7ec805e27aaac,Peter Geoghegan,2025-04-04 14:14:08-04:00,Avoid extra index searches through preprocessing.
21a152b37f36c9563d1b0b058fe1436baf578b4c,Peter Geoghegan,2025-04-04 13:58:05-04:00,Improve nbtree skip scan primitive scan scheduling.
cf2655a9029aff63dd567dbbdcdee15ec969905d,Masahiko Sawada,2025-04-04 10:39:57-07:00,pg_recvlogical: Add --failover option.
3556c89321e8baa2242288bd4f015efd1e9d6be0,Jeff Davis,2025-04-04 10:28:52-07:00,Oversight in commit b81ffa13e3.
8a510275dd6b343b8e1646e4754078eab8ef3ab5,Peter Geoghegan,2025-04-04 12:27:52-04:00,Further optimize nbtree search scan key comparisons.
92fe23d93aa3bbbc40fca669cabc4a4d7975e327,Peter Geoghegan,2025-04-04 12:27:04-04:00,Add nbtree skip scan optimization.
3ba2cdaa45416196fadc7163998cda7b4e07e7d7,Tom Lane,2025-04-04 11:57:26-04:00,Stabilize regression test from c0962a113.
64e7fa43a948a82f97e305f020f924c02671a434,Melanie Plageman,2025-04-04 11:34:06-04:00,Fix autoprewarm neglect of tablespaces
742317a80f89a5d6476c20b3d07330f3ec0d4357,Nathan Bossart,2025-04-04 09:41:59-05:00,Add commit e1a8b1ad58 to .git-blame-ignore-revs.
e1a8b1ad587112e67fdc5aa7b388631dde4dbdda,Nathan Bossart,2025-04-04 09:38:22-05:00,Re-pgindent pg_largeobject.c after commit 0d6c477664.
c0962a113d1f2f94cb7222a7ca025a67e9ce3860,Alexander Korotkov,2025-04-04 16:01:50+03:00,Convert 'x IN (VALUES ...)' to 'x = ANY ...' then appropriate
d48d2e2dc8be50d3ca13305b5699384329b15433,Alexander Korotkov,2025-04-04 16:01:28+03:00,Extract make_SAOP_expr() function from match_orclause_to_indexcol()
ee1ae8b99f964ca1edc038dd558e541832164d52,Peter Eisentraut,2025-04-04 14:45:53+02:00,Fix crash/valgrind error
b4f453f6ab71eb72cb3a46a5be18e07e5cc285df,Heikki Linnakangas,2025-04-04 15:17:17+03:00,docs: Clarify that NULL arg to set_config() means reset to default
7afca7edef751b8d7c0f5b6402ffcefc11c67fdd,Heikki Linnakangas,2025-04-04 13:49:00+03:00,Relax assertion in finding correct GiST parent
534874fac0b34535c9a5ab9257d6574f78423578,Fujii Masao,2025-04-04 19:32:00+09:00,"Allow ""COPY table TO"" command to copy rows from materialized views."
9ef1851685b718264de47bf543505cf3ec25aaea,Peter Eisentraut,2025-04-04 12:21:34+02:00,Support non-btree indexes in get_actual_variable_range()
0d6c4776647feeee26f3e29fff6a5edb222fa260,Fujii Masao,2025-04-04 19:02:17+09:00,Extend ALTER DEFAULT PRIVILEGES to define default privileges for large objects.
6e9c81836e101bc7f37ddc5e2f6ab58d62efcb24,Heikki Linnakangas,2025-04-04 12:38:32+03:00,Use standard die() signal handler in walreceiver
8123e91f5aeb26c6e4cf583bb61c99281485af83,Peter Eisentraut,2025-04-04 11:22:20+02:00,Convert PathKey to use CompareType
daa16893faa96246d758eb2cc27e2f75c5308296,Daniel Gustafsson,2025-04-04 09:47:36+02:00,doc: Clarify the system value for sslrootcert
898c131b58a0b62833e10f3556f993d0d385f941,Amit Kapila,2025-04-04 10:58:59+05:30,pg_createsubscriber: Improve error messages.
d5d85f1881615f8fb9ee9ecfed4d77f550ec1c75,Fujii Masao,2025-04-04 13:32:46+09:00,Fix logical decoding test to correctly check slot removal on standby.
c754bdd8a2e5ae388d48dc2a219f9f6b65e3ca3a,Fujii Masao,2025-04-04 13:09:06+09:00,Fix logical decoding regression tests to correctly check slot existence.
1aff1dc8dfa7584ddbc695e1aae0f767db66326f,Tomas Vondra,2025-04-04 04:43:50+02:00,"Revert ""Improve accounting for memory used by shared hash tables"""
88f55bc97622bce000a8c90f8ef58dacc926de19,Amit Langote,2025-04-04 10:45:05+09:00,Make derived clause lookup in EquivalenceClass more efficient
887160d1beaec607187261ab1a9411040da3d7b5,Amit Langote,2025-04-04 10:45:05+09:00,Add assertion to verify derived clause has constant RHS
67be093562b6b345c170417312dff22f467055ba,Melanie Plageman,2025-04-03 18:23:02-04:00,Use AIO batchmode for bitmap heap scans
54a3615f15b9b2e1433bc47cfb150317885d7c1f,Melanie Plageman,2025-04-03 18:22:37-04:00,Remove misleading read stream asserts in a few users
dbd437e670b88ca67f6b2477e853412a0e82a8cc,Tom Lane,2025-04-03 16:03:12-04:00,Fix oversight in commit 0dca5d68d.
46c4c7cbc6d562d5f1b784fea9527c998c190b99,Daniel Gustafsson,2025-04-03 20:41:09+02:00,oauth: Remove timeout from t/002_client when not needed
8ae0a37932d81082ec7e4b10eb304a83c561408e,Daniel Gustafsson,2025-04-03 20:37:52+02:00,oauth: Fix build on platforms without epoll/kqueue
945126234bbc03a5a8f40e46383f550c08fce08e,Jeff Davis,2025-04-03 11:04:37-07:00,Fix unintentional 'NULL' string literal in pg_upgrade.
b81ffa13e35693af8accf00f1694bbeca6809fb6,Jeff Davis,2025-04-03 10:45:38-07:00,pg_upgrade check for Unicode-dependent relations.
fd09c1316bc37773d115d918dded660a7f5f08fb,Masahiko Sawada,2025-04-03 10:30:00-07:00,Restrict copying of invalidated replication slots.
f104192e52fe01592689c6a896fb29facf03bd12,Álvaro Herrera,2025-04-03 17:34:25+02:00,Remove duplicate set of print_notnull
b82e7eddb023ade0739002b3ef05939ea6937e57,Daniel Gustafsson,2025-04-03 13:57:27+02:00,Add missing declarations to pg_config.h.in
2da74d8d6400975bf73fb0df97c3943ad3ed9a36,Daniel Gustafsson,2025-04-03 13:16:43+02:00,libpq: Add support for dumping SSL key material to file
e4309f73f698851a2f7d49ca5e98e3e188400891,Heikki Linnakangas,2025-04-03 13:46:35+03:00,Add support for sorted gist index builds to btree_gist
9370978da8ac8f0e31867859282b0f2be724fe48,Heikki Linnakangas,2025-04-03 13:39:33+03:00,Fix boilerplate comments in btree_gist
82a46cca99fa967cc3c6c2cf55254dd44eebbcfd,Peter Eisentraut,2025-04-03 12:00:09+02:00,Update Unicode data to Unicode 16.0.0
231064aa0fbcdf12b7248e8d8d43a75482afbf1f,Peter Eisentraut,2025-04-03 11:09:50+02:00,plpython: Add test for returning Python set from SETOF function
d1d83827ba4d8c5c87cd59a164a2c7a99f897512,Amit Kapila,2025-04-03 14:27:13+05:30,Doc: Improve -R option added in e5aeed4b80.
8806e4e8deb1e21715e031e17181d904825a410e,Álvaro Herrera,2025-04-03 10:16:24+02:00,002_pg_upgrade.pl: Move pg_dump test code for better stability
abe56227b2e213755dd3e194c530f5f06467bd7c,Álvaro Herrera,2025-04-03 09:56:58+02:00,002_pg_upgrade.pl: rename some variables for clarity
ea5d3f52334a1693a8b9e110095718c79a678a5f,Richard Guo,2025-04-03 16:43:53+09:00,Remove duplicated comment in get_relation_constraints
84fea854c990a59d00d2fec15f81a96565d4bce4,Peter Eisentraut,2025-04-03 09:20:25+02:00,Update Unicode data to CLDR 47
bbf24fe2f19a426097c208c355e61e257cd76bac,Peter Eisentraut,2025-04-03 09:20:25+02:00,Update code comment
34f04aa6533b6f6f9894907cd29f5d52d9e0df92,Peter Eisentraut,2025-04-03 09:20:25+02:00,Fix update-unicode make target
4868c96bc8c60145958f1a83bbe9409718a696cb,Amit Kapila,2025-04-03 12:26:54+05:30,Fix slot synchronization for two_phase enabled slots.
a7187c3723b41057522038c5e5db329d84f41ac4,Tom Lane,2025-04-02 16:17:43-04:00,Remove unnecessary type violation in tsvectorrecv().
24da5b239a4b50798fb2cbe46597cc932a5210f2,Andres Freund,2025-04-02 14:58:39-04:00,Add test for HeapBitmapScan's broken skip_fetch optimization
459e7bf8e2f8ab894dc613fa8555b74c4eef6969,Andres Freund,2025-04-02 14:54:20-04:00,Remove HeapBitmapScan's skip_fetch optimization
0dca5d68d7bebf2c1036fd84875533afef6df992,Tom Lane,2025-04-02 14:06:02-04:00,Change SQL-language functions to use the plan cache.
e9e7b66044c9e3dfa76fd1599d5703acd3e4a3f5,Heikki Linnakangas,2025-04-02 19:51:28+03:00,Add GiST and btree sortsupport routines for range types
ea3f9b6da34a1a4dc2c0c118789587c2a85c78d7,Heikki Linnakangas,2025-04-02 18:21:07+03:00,docs: Fix column count attribute in table
46df9487d973d00c83a7962935063f3a6518939c,Tomas Vondra,2025-04-02 17:14:28+02:00,"Improve accounting for PredXactList, RWConflictPool and PGPROC"
f5930f9a98ea65d659d41600a138e608988ad122,Tomas Vondra,2025-04-02 17:14:28+02:00,Improve accounting for memory used by shared hash tables
bd178960c69bae972c274af8102da9018df8196a,Tom Lane,2025-04-02 11:13:01-04:00,Need to do CommandCounterIncrement after StoreAttrMissingVal.
b05751220b0cab7bdf9b729f4fcf6f2adb2d1b46,Heikki Linnakangas,2025-04-02 16:41:51+03:00,docs: Add a new section and a table listing protocol versions
a460251f0a1ac987f0225203ff9593704da0b1a9,Heikki Linnakangas,2025-04-02 16:41:48+03:00,Make cancel request keys longer
285613c60a7aff5daaf281c67002483b0d26e715,Heikki Linnakangas,2025-04-02 16:41:45+03:00,libpq: Add min/max_protocol_version connection options
5070349102af12832c8528651c8ed18b16346323,Heikki Linnakangas,2025-04-02 16:41:42+03:00,libpq: Handle NegotiateProtocolVersion message differently
748e98d05b752e05c0f860f35f17bb0ba83631ed,Peter Eisentraut,2025-04-02 14:46:47+02:00,Fix code comment
09be39112654c3f158098fdb5f820143c0330763,Heikki Linnakangas,2025-04-02 15:32:40+03:00,"Add timingsafe_bcmp(), for constant-time memory comparison"
85d799ba8a7fe3f6a462fcccbb449e08d21f4ea4,Heikki Linnakangas,2025-04-02 15:32:33+03:00,docs: Update phrase on message lengths in the protocol
a6285b150ad308fbba3ca832fccd199ba38fac60,Andres Freund,2025-04-02 07:57:11-04:00,tests: Fix incompatibility of test_aio with *_FORCE_RELEASE
43dca8a11624d02dde2b4bd348d77b7045c0dfbc,Andres Freund,2025-04-02 07:51:48-04:00,tests: Cope with WARNINGs during failed CREATE DB on windows
eec0040c4bcd650993bb058ebdf61ab94171fda4,Peter Eisentraut,2025-04-02 13:36:44+02:00,Add support for NOT ENFORCED in foreign key constraints
327d987df1e72a9b146f312df0a5ed34ef148720,Andres Freund,2025-04-02 07:00:40-04:00,tests: Cope with io_method in TEMP_CONFIG in test_aio
bc22dc0e0ddc2dcb6043a732415019cc6b6bf683,Alexander Korotkov,2025-04-02 12:44:24+03:00,Get rid of WALBufMappingLock
b53b88109f94bd81ed0ac580035a936000bc2865,Fujii Masao,2025-04-02 15:13:01+09:00,Improve error message when standby does accept connections.
121d774caea4c93c8b36fb20a17ef774e60894d6,David Rowley,2025-04-02 14:02:44+13:00,Doc: add information about partition locking
b3219c69fc1e161df8d380c464b3f2cce3b6cab9,Melanie Plageman,2025-04-01 19:53:07-04:00,aio: Add errcontext for processing I/Os for another backend
b136db07c651e5048d44add0a01d5fc01b6fe0dc,David Rowley,2025-04-02 11:56:29+13:00,Fix planner's failure to identify multiple hashable ScalarArrayOpExprs
6c12ae09f5a5d6c153eaea7901542591dc28fb9e,Tom Lane,2025-04-01 18:03:55-04:00,Introduce a SQL-callable function array_sort(anyarray).
6da2ba1d8a031984eb016fed6741bb2ac945f19d,Tom Lane,2025-04-01 16:50:09-04:00,Fix detection and handling of strchrnul() for macOS 15.4.
c313fa4602defe1be947370ab5b217ca163a1e3c,Andrew Dunstan,2025-04-01 16:24:59-04:00,Use workaround of __builtin_setjmp only on MINGW on MSVCRT
e19dc74491e68e1df05c99c4937929cef3092a3b,Andres Freund,2025-04-01 16:06:48-04:00,aio: Minor comment improvements
fdd146a8ef2bc0c24e8d27e3773feeb8ef0a9c25,Andres Freund,2025-04-01 16:06:48-04:00,aio: Add README.md explaining higher level design
5aec7e07fb9fd5d8d046a2b19c793d7e4cecf5e4,Nathan Bossart,2025-04-01 14:37:47-05:00,doc: Adjust some notes about pg_upgrade's file transfer modes.
00066aa1733d84109f7569a7202c3915d8289d3a,Andres Freund,2025-04-01 13:50:39-04:00,md: Add comment & assert to buffer-zeroing path in md[start]readv()
93bc3d75d8e1aabdc256ff6da2282266dca82537,Andres Freund,2025-04-01 13:47:46-04:00,aio: Add test_aio module
60f566b4f24362f54003569d5f6e24137bcd83fc,Andres Freund,2025-04-01 13:30:33-04:00,aio: Add pg_aios view
46250cdcb037e302ec5f0734ea0d06e2d21193e0,Andres Freund,2025-04-01 13:30:33-04:00,docs: Add acronym and glossary entries for I/O and AIO
172259afb563d35001410dc6daad78b250924038,Álvaro Herrera,2025-04-01 18:50:40+02:00,Verify roundtrip dump/restore of regression database
764d501d24baab8ead6dc3bf7bb0dbd13ea86084,Peter Eisentraut,2025-04-01 15:28:22+02:00,"Remove a stray ""pgrminclude"" annotation"
113ecf1f8c8c783d4c5ffb4ff934fcb441b3bc2a,Peter Eisentraut,2025-04-01 15:28:22+02:00,Fix minor C type confusion
2904324a88f672b2ecc22735279c16d6e1ee178c,Heikki Linnakangas,2025-04-01 13:24:27+03:00,heapam: Only set tuple's block once per page in pagemode
af0c248557aecb335462d980cb7319bdf85a5c66,John Naylor,2025-04-01 12:01:58+07:00,Use function attributes for SSE 4.2 even when targeting that extension
3dbdf86c6364d6b8470fa4067096062cea62405a,David Rowley,2025-04-01 10:52:25+13:00,Fix failing regression test on x86-32 machines
2fd3e2fa5c908d05ac4d8b6c2c80fd50c506f32e,Tom Lane,2025-03-31 12:16:32-04:00,Fix accidentally-harmless thinko in psqlscan_test_variable().
0fcf02ad456862d8523a1918e2882e7697a52896,Peter Eisentraut,2025-03-31 16:54:50+02:00,doc: Mention clock synchronization recommendation for hot_standby_feedback
e2809e3a1015697832ee4d37b75ba1cd0caac0f0,John Naylor,2025-03-31 13:17:21+07:00,Inline CRC computation for small fixed-length input on x86
4694aedf63bf5b5d91f766cb6d6d6d14a9e4434b,Jeff Davis,2025-03-30 22:14:06-07:00,Add relallfrozen to pg_dump statistics.
2a5e709e721cf5f890cde51755b84cfe25d1c4d9,Andres Freund,2025-03-30 19:16:47-04:00,Enable IO concurrency on all systems
ae3df4b34155d4a3811762e78d5076e64df66fba,Andres Freund,2025-03-30 18:36:41-04:00,read_stream: Introduce and use optional batchmode support
f4d0730bbca1b338b8f06389d04816c6c9f06e58,Andres Freund,2025-03-30 18:26:44-04:00,aio: Basic read_stream adjustments for real AIO
b27f8637ea708c4b6113f0d29a76cb411b430a27,Andres Freund,2025-03-30 18:04:40-04:00,docs: Reframe track_io_timing related docs as wait time
12ce89fd0708207f21a8888e546b9670a847ad4f,Andres Freund,2025-03-30 18:02:23-04:00,bufmgr: Use AIO in StartReadBuffers()
047cba7fa0f8c6930b0dd1d93d98c736ef1e4a5a,Andres Freund,2025-03-30 17:28:03-04:00,bufmgr: Implement AIO read support
ef64fe26bad92a7b8425767cdbbe8b946d4637f0,Andres Freund,2025-03-30 16:27:10-04:00,aio: Add WARNING result status
d445990adc419f435360f0dcd91c05c082f5fa3f,Andres Freund,2025-03-30 16:27:10-04:00,Let caller of PageIsVerified() control ignore_checksum_failure
b96d3c389755fc5d20f4a5b9ded58b68541b8ba3,Andres Freund,2025-03-30 16:12:04-04:00,pgstat: Allow checksum errors to be reported in critical sections
4244cf68769773ba30b868354f1f2fe93238e98b,Andres Freund,2025-03-30 16:10:51-04:00,Add errhint_internal()
49b82522f13fa5f756687f5609f687877fc970ff,Tomas Vondra,2025-03-30 13:22:39+02:00,Remove incidental md5() function use from test
d6d8054dc72d4844f52f1552f8d3074c16987e32,Andres Freund,2025-03-29 16:36:51-04:00,localbuf: Track pincount in BufferDesc as well
08ccd56ac765496a152ba50cf0ae743c39396f52,Andres Freund,2025-03-29 14:45:42-04:00,"aio, bufmgr: Comment fixes/improvements"
50cb7505b3010736b9a7922e903931534785f3aa,Andres Freund,2025-03-29 13:38:35-04:00,aio: Implement support for reads in smgr/md/fd
dee80024688c32fc259a3cff040b609b837a35ec,Andres Freund,2025-03-29 13:38:35-04:00,Fix mis-attribution of checksum failure stats to the wrong database
68f97aeadb8e50794addaf5c1f8e9a67f75691b8,Tomas Vondra,2025-03-29 16:47:44+01:00,amcheck: Add a GIN index to the CREATE INDEX CONCURRENTLY tests
ca738bdc4c9d32c05a6abd125ce495dfb82be492,Tomas Vondra,2025-03-29 16:47:44+01:00,amcheck: Add a test with GIN index on JSONB data
ec4327d106be745534592e8aff14effb716f4dc9,Tomas Vondra,2025-03-29 16:47:44+01:00,amcheck: Fix indentation in verify_gin.c
116e851db5b3e51c962cc3468ba3055291cd8697,Andres Freund,2025-03-29 10:48:59-04:00,"Fix ""‘static’ is not at beginning of declaration"" warning"
14ffaece0fb53fed8ddbc46d2b353e1c4834863a,Tomas Vondra,2025-03-29 15:44:29+01:00,amcheck: Add gin_index_check() to verify GIN index
53a2a1564ae450a46a7c565756ab536b84150e36,Peter Eisentraut,2025-03-29 15:24:42+01:00,pgbench: Make set_random_seed() 64-bit everywhere.
d70b17636ddf1ea2c71d1c7bc477372b36ccb66b,Tomas Vondra,2025-03-29 15:14:49+01:00,amcheck: Move common routines into a separate module
fb9dff76635d4c32198f30a3cb503588d557d156,Tomas Vondra,2025-03-29 15:14:25+01:00,Fix grammar in GIN README
8b6a0e2392b9fc3f9b821da705797bb54c982dc1,Dean Rasheed,2025-03-29 09:58:40+00:00,Fix MERGE with DO NOTHING actions into a partitioned table.
a0ed19e0a9efe93b3b83d6e3fe8f77656be253a2,Peter Eisentraut,2025-03-29 10:43:57+01:00,"Use PRI?64 instead of ""ll?"" in format strings (continued)."
a0a4601765b896079eb82a9d5cfa1f41154fcfdb,Jeff Davis,2025-03-28 16:12:55-07:00,Matview statistics depend on matview data.
775a06d44c04e323158826ec256386e7211e154d,Alexander Korotkov,2025-03-28 23:37:49+02:00,Make group_similar_or_args() reorder clause list as little as possible
519338ace410d9b1ffb13176b8802b0307ff0531,Nathan Bossart,2025-03-28 16:20:20-05:00,Optimize popcount functions with ARM SVE intrinsics.
3c8e463b0d885e0d976f6a13a1fb78187b25c86f,Peter Eisentraut,2025-03-28 21:27:37+01:00,"Revert ""Tidy up locale thread safety in ECPG library."""
6be53c27673a5fca64a00a684c36c29db6ca33a5,Nathan Bossart,2025-03-28 14:49:35-05:00,Optimize popcount functions with ARM Neon intrinsics.
51a0382e8d8793b5cc89b69285e5ecdffe03c2bf,Heikki Linnakangas,2025-03-28 20:19:17+02:00,Fix crash if LockErrorCleanup() is called twice
9ac6f7e7ceb6e7c9b168bbf02bbe4662782dfa6e,Nathan Bossart,2025-03-28 12:27:47-05:00,Rename TRY_POPCNT_FAST to TRY_POPCNT_X86_64.
a5419bc72e22337a16655aa28e2e20ecb65f65c3,Masahiko Sawada,2025-03-28 09:39:11-07:00,Fix timestamp overflow in UUIDv7 implementation.
8e993bff5326b00ced137c837fce7cd1e0ecae14,Peter Eisentraut,2025-03-28 16:18:36+01:00,Tidy up locale thread safety in ECPG library.
2247281c470502c799fc2153a3583c025e894a9c,Peter Eisentraut,2025-03-28 14:34:57+01:00,Cast result of i64abs() back to int64
83ccc85859f30af44785b0dee830f7071d99ec4f,Robert Haas,2025-03-28 09:16:29-04:00,pg_overexplain: Use PG_MODULE_MAGIC_EXT.
9f0c36aea0fba7d2b737964d34ed582edf644283,Robert Haas,2025-03-28 09:02:37-04:00,pg_overexplain: Call previous hooks as appropriate.
cdc168ad4b22ea4183f966688b245cabb5935d1f,Peter Eisentraut,2025-03-28 13:53:37+01:00,Add support for not-null constraints on virtual generated columns
747ddd38cbf6d32bca496e69c1efb2ae4fe333cc,Peter Eisentraut,2025-03-28 10:49:15+01:00,Modernize some code a bit
9a9ead1105482fc292eccf707697da2ebcc578e5,Peter Eisentraut,2025-03-28 09:50:01+01:00,Rename a node field for clarity
fb2ea12f42b9453853be043b8ed107e136e1ccb7,Amit Kapila,2025-03-28 12:26:39+05:30,pg_createsubscriber: Add '--all' option.
890fc826c91f153ae8c084d3a008f91798495b13,Peter Eisentraut,2025-03-28 07:13:43+01:00,Use thread-safe strftime_l() instead of strftime().
474d7a1fd858d5ee138cf4504dcd93a9a3123a7d,Amit Kapila,2025-03-28 11:03:05+05:30,Stablize tests added in 3abe9dc188.
058b5152f02ef86c98a795c14dbd6a8e195f4fd1,Daniel Gustafsson,2025-03-27 22:57:34+01:00,Fix guc_malloc calls for consistency and OOM checks
043799fa08c2c71f35816ca067951266d2e9ebe0,Melanie Plageman,2025-03-27 14:04:14-04:00,Use streaming read I/O in heap amcheck
4623d71443de40781135a7040079ab4538974a6f,Tom Lane,2025-03-27 13:20:23-04:00,Prevent assertion failure in contrib/pg_freespacemap.
d66997dfe8fe5a2fc6e25a64e78309ca2094f396,Tom Lane,2025-03-27 11:06:30-04:00,Avoid mixing designated and non-designated field initializers.
0f3604a518f8b3fd35ffc344d85c71693ded0dde,Daniel Gustafsson,2025-03-27 14:09:25+01:00,psql: Fix incorrect equality comparison
081ec08e6a148b06a0179bf8ac50524b1f142b68,Robert Haas,2025-03-27 09:00:46-04:00,pg_overexplain: Filter out actual row count from test result.
9fbd53dea5d513a78ca04834101ca1aa73b63e59,Álvaro Herrera,2025-03-27 13:33:37+01:00,Remove the query_id_squash_values GUC
5d5f415816a60a3c5c5e4420eff55e73edfbd9f5,Peter Eisentraut,2025-03-27 12:11:15+01:00,Expand test a bit
b98be8a2a2a6196dc24631dfe4d8785b86800d23,Peter Eisentraut,2025-03-27 10:54:28+01:00,Provide thread-safe pg_localeconv_r().
4a02af8b1a5f3f8221c7381bc4de08a3d830f682,Álvaro Herrera,2025-03-27 09:24:52+01:00,Simplify syntax for ALTER TABLE ALTER CONSTRAINT NO INHERIT
72c2f36d572763201430a35414138c1b9ec3a106,Michael Paquier,2025-03-27 16:01:38+09:00,libpq: Add TAP tests for service files and names
ad9a23bc4f51eea829ee99c7d9940b7ac9f523e3,David Rowley,2025-03-27 18:34:34+13:00,Optimize Query jumble
f31aad9b07b7a6ef693d7059830bd2f1504976ae,David Rowley,2025-03-27 18:23:00+13:00,Fix query jumbling to account for NULL nodes
44fe6ceb51f001689048c19ea3ea53fbf2572581,Michael Paquier,2025-03-27 10:20:41+09:00,doc: Correct description of values used in FSM for indexes
c325a7633fcb33dbd73f46ddbbe91e95ddf3b227,Andres Freund,2025-03-26 19:49:13-04:00,aio: Add io_method=io_uring
8eadd5c73c44708ecd45b9fd3ac54a550511d16f,Andres Freund,2025-03-26 19:45:32-04:00,aio: Add liburing dependency
f056f75dafd0025d26efaca026a87f14c079a130,Michael Paquier,2025-03-27 08:07:54+09:00,doc: Mention possible ephemeral discrepancies in pg_stat_activity
9469d7fdd2bcf2327ad91a1022885953a461942a,Andres Freund,2025-03-26 16:10:29-04:00,aio: Rename pgaio_io_prep_* to pgaio_io_start_*
f321ec237a54912b28d81acc4bfc4e434d9339c7,Andres Freund,2025-03-26 16:06:54-04:00,aio: Pass result of local callbacks to ->report_return
96da9050a57aece4a48ab34a84bc3b3412708a20,Andres Freund,2025-03-26 16:06:54-04:00,aio: Be more paranoid about interrupts
47a1f076a7c9789134a29dc738db0152e5f71b4c,Robert Haas,2025-03-26 15:43:25-04:00,pg_overexplain: SET jit=off when running tests.
de65c4dade0a36026f3d0745dc8134186dab49cf,Robert Haas,2025-03-26 14:22:45-04:00,Fix oversights in commit 8d5ceb113e3f7ddb627bd40b26438a9d2fa05512
8d5ceb113e3f7ddb627bd40b26438a9d2fa05512,Robert Haas,2025-03-26 13:52:21-04:00,pg_overexplain: Additional EXPLAIN options for debugging.
818245506c285e0325141dabb1ced45057937502,Tomas Vondra,2025-03-26 17:01:41+01:00,Keep the decompressed filter in brin_bloom_union
55527368bd07248e91e3d37a782bf66b76f06865,Tom Lane,2025-03-26 11:11:02-04:00,Use PG_MODULE_MAGIC_EXT in our installable shared libraries.
9324c8c580655800331b0582b770e88c01b7a5c4,Tom Lane,2025-03-26 11:06:12-04:00,Introduce PG_MODULE_MAGIC_EXT macro.
e92c0632c1473fe57383c58f0dfdde3bae7044f4,Daniel Gustafsson,2025-03-26 15:31:46+01:00,Move GSSAPI includes into its own header
1eb399366ed658d41b8795a0a25599a8599bbcfb,Daniel Gustafsson,2025-03-26 13:20:56+01:00,psql: Make test robust against locale variations
3642df265d09779443a9f44f5cb873df40974e89,Peter Eisentraut,2025-03-26 10:49:23+01:00,dblink: SCRAM authentication pass-through
a3b6dfd410699a19209be3cb3c7a74e5ff1da830,Dean Rasheed,2025-03-26 09:35:53+00:00,Add support for gamma() and lgamma() functions.
7c82b4f711877b175142bb2b2a6e2c2ee2429441,Richard Guo,2025-03-26 17:46:51+09:00,Fix integer-overflow problem in scram_SaltedPassword()
787514b30bb7dd0b3484d6cb717e3b9aafc06c4a,Michael Paquier,2025-03-26 15:21:05+09:00,Use relation name instead of OID in query jumbling for RangeTblEntry
d2028e9bbc1af94d2ac390146293f02b548c95c9,Peter Eisentraut,2025-03-26 07:00:00+01:00,postgres_fdw: Fix tests on some Windows variants
bde2fb797aaebcbe06bf60f330ba5a068f17dda7,Jeff Davis,2025-03-25 17:36:38-07:00,Add pg_dump --with-{schema|data|statistics} options.
27ee6ede6bc9ee287f321d396c5c777083d40ecd,Michael Paquier,2025-03-26 09:06:36+09:00,Fix two issues with custom_query_jumble in gen_node_support.pl
cb36f8ec2124b0c495da057a2f55735fe858be0e,Tom Lane,2025-03-25 20:03:56-04:00,Fix order of -I switches for building pg_regress.o.
3430215fe35f96e4be355c93e275f00656800602,Michael Paquier,2025-03-26 07:25:23+09:00,pg_stat_statements: Add more tests with temp tables and namespaces
626d7236b65da50423df7de035e86f273cd36b49,Nathan Bossart,2025-03-25 16:02:35-05:00,pg_upgrade: Add --swap for faster file transfer.
9c49f0e8cd7d59e240f5da88decf2d62d8a4ad0d,Nathan Bossart,2025-03-25 16:02:35-05:00,pg_dump: Add --sequence-data.
cf131fa942855acd42e8283185837566c7e8c15e,Nathan Bossart,2025-03-25 16:02:35-05:00,initdb: Add --no-sync-data-files.
650ab8aaf1957863ae14c80265e79f5d903b49fd,Jeff Davis,2025-03-25 11:16:06-07:00,Stats: use schemaname/relname instead of regclass.
2a420f7995e415f4813fccf1c42ab29a3a32182f,Jeff Davis,2025-03-25 11:15:52-07:00,Minor doc update for commit 99f8f3fbbc.
1a759c83278fcdae11ee5da8318b646b9d47129c,Daniel Gustafsson,2025-03-25 17:53:33+01:00,psql: Make default \watch interval configurable
a19db082749662a933d0bf72722982b1ee2c4725,Daniel Gustafsson,2025-03-25 17:24:23+01:00,pg_basebackup: Add missing PQclear in error path
ef7a5af77d449ee2b426f627c1f7472740350040,Peter Eisentraut,2025-03-25 17:04:12+01:00,refactor: Pass relation OID instead of Relation to createForeignKeyCheckTriggers()
639238b978fefe53b8412f2cc0265f6a2512887a,Peter Eisentraut,2025-03-25 16:18:00+01:00,refactor: Split ATExecAlterConstraintInternal()
a3280e2a494fe369a041ebdefdf2afb515952c18,Peter Eisentraut,2025-03-25 14:37:22+01:00,refactor: Move some code that updates pg_constraint to a separate function
f4b2a62ae3147ab262eaa21f8be76e569ffd8dfa,Peter Eisentraut,2025-03-25 13:40:24+01:00,Small fixes for Add ALTER TABLE ... ALTER CONSTRAINT ... SET [NO] INHERIT
62f36d6924c740b5a566d64c563789d20cd4a5e1,Alexander Korotkov,2025-03-25 12:49:01+02:00,postgres_fdw: Remove redundant check in semijoin_target_ok()
3c86223c998280ea313480d319ec39f802453218,Thomas Munro,2025-03-25 21:40:00+13:00,libpq: Deprecate pg_int64.
be1cc9aaf5b79f07bc0483a0c95366c77a844d0a,Peter Eisentraut,2025-03-25 07:11:56+01:00,Generalize index support in network support function
5ac462e2b7ac97685de9f34b17296640220d0bfc,Michael Paquier,2025-03-25 14:18:00+09:00,Add support for custom_query_jumble as a node field attribute
626df47ad9db809dc8f93330175ab95b75914721,Jeff Davis,2025-03-24 22:06:02-07:00,Remove 'additional' pointer from TupleHashEntryData.
a0942f441ed651f6345d969b7a8f4774eda1fceb,Jeff Davis,2025-03-24 22:05:53-07:00,Add ExecCopySlotMinimalTupleExtra().
4d143509cbfae0207c35abffae7b0e3b4d078349,Jeff Davis,2025-03-24 22:05:41-07:00,Create accessor functions for TupleHashEntry.
cc721c459d3783bbdb4beb1bbfa802a5328d15a2,Jeff Davis,2025-03-24 22:05:33-07:00,HashAgg: use Bump allocator for hash TupleHashTable entries.
cc4331605ad81ad3040704470ff56904624eef75,Amit Kapila,2025-03-25 09:39:53+05:30,Fix the typo in the test case added in 73eba5004a.
b87ced747df74fd094aba3902bca3d3c6b5b247d,Amit Kapila,2025-03-25 09:26:23+05:30,Fix an oversight in 3abe9dc188.
023fb512755ffb64949eb6de8464c259ca70f1bd,Alexander Korotkov,2025-03-25 05:49:47+02:00,postgres_fdw: Avoid pulling up restrict infos from subqueries
adb5f85fa5a00d6d5759df55feb16dc22b0fc8d7,Andres Freund,2025-03-24 18:20:18-04:00,Redefine max_files_per_process to control additionally opened files
7d559c8580f722dc40f2c34573e53e33626679e0,Nathan Bossart,2025-03-24 15:47:02-05:00,Expand comment for isset_offset.
aea916fe555a351fe20bf31d56f5f0d027d9db61,Melanie Plageman,2025-03-24 16:40:59-04:00,Fix bitmapheapscan incorrect recheck of NULL tuples
0e3e0ec06b995f6809f315752cbf5ff67902e095,Álvaro Herrera,2025-03-24 17:36:44+01:00,Fix typo
c68100aa4313cf1cef826cf2d50f67164d13ebe4,Fujii Masao,2025-03-25 00:18:27+09:00,Allow pg_recvlogical --drop-slot to work without --dbname.
dfc13428a9088dd37ec8ed64de37fb1655355f9a,Fujii Masao,2025-03-25 00:14:38+09:00,doc: Clarify required options for each action in pg_recvlogical.
76563f88cfbd91696e7ebe568dead648f2d229ff,Peter Eisentraut,2025-03-24 15:56:53+01:00,postgres_fdw: improve security checks
a8eeb22f171437f11ca2098f9b3094545263d8cd,Magnus Hagander,2025-03-24 14:31:28+01:00,psql: use consistent alias for pg_description
d696406a9b255546bc1716d07199103abd8bb785,Magnus Hagander,2025-03-24 14:25:05+01:00,psql: show default extension version in \dx output
19c6eb06c51f4da70e2ea0f1bdb64a0142e8e2aa,Heikki Linnakangas,2025-03-24 12:13:32+02:00,Add test case for when subscriber table is missing a column
73eba5004a06a744b6b8570e42432b9e9f75997b,Amit Kapila,2025-03-24 12:30:44+05:30,Detect and Log multiple_unique_conflicts type conflict.
35a92b7c2520cca3df9ecddab1dcad14ff71ec0b,David Rowley,2025-03-24 19:32:02+13:00,"Add tests for POSITION(bytea, bytea)"
2a0cd38da5ccf70461c51a489ee7d25fcd3f26be,Michael Paquier,2025-03-24 13:23:42+09:00,Allow plugins to set a 64-bit plan identifier in PlannedStmt
8a3e4011f02dd2789717c633e74fefdd3b648386,Tom Lane,2025-03-23 17:16:08-04:00,psql: Add tab completion for VACUUM and ANALYZE ... ONLY option.
2817525f0d56075e1f3a14c0dc6a180b337d8aed,Heikki Linnakangas,2025-03-23 20:41:16+02:00,"Fix rare assertion failure in standby, if primary is restarted"
f0446384ea7c4274894d7f5b215bfc2496ace85d,Noah Misch,2025-03-23 06:12:02-07:00,"Fix ""make clean"" for new TAP suite."
ca3067cc573d7c1ed617cfb959ae8507be17f1aa,Andres Freund,2025-03-22 17:30:44-04:00,aio: Change prefix of PgAioResultStatus values to PGAIO_RS_
58fdca2204de5f683f025df37553e5e69cb6adb1,Tom Lane,2025-03-22 14:17:00-04:00,plpgsql: make WHEN OTHERS distinct from WHEN SQLSTATE '00000'.
9a2e2a285a149490a69a7bd92dd618bb7ca975b3,Peter Geoghegan,2025-03-22 13:02:18-04:00,Improve nbtree array primitive scan scheduling.
e215166c9c810950cff101cc098e66c8758538fa,Melanie Plageman,2025-03-21 17:51:22-04:00,Use streaming read I/O in SP-GiST vacuuming
e51ca405ed823b28358f216642b5a80f1f886f5d,Thomas Munro,2025-03-22 10:13:23+13:00,Fix ps display for IO workers.
16a3ae504e2030583851c8f45cbed14b0c546d6e,Tom Lane,2025-03-21 15:55:06-04:00,Revert inappropriate weakening of an Assert in plpgsql.
04ff636cbce4b91fba1f334e1bc0dc88686e7b2d,Masahiko Sawada,2025-03-21 12:20:15-07:00,Add GUC option to control maximum active replication origins.
0e032a2240a98669546023f7707030ea3ce4ded7,Tom Lane,2025-03-21 15:14:15-04:00,"Place ""extern"" declaration in the right part of pg_class.h."
cd72c1b76e36525fb6b23418d232df661634afd5,Tom Lane,2025-03-21 15:09:46-04:00,Label the contents of pg_*_d.h files a little better.
69273b818b1df82c36b2b2acb592db3d0743cc7c,Melanie Plageman,2025-03-21 14:06:45-04:00,Use streaming read I/O in GiST vacuuming
3f850c3fc5442084d13122be7f54335e4d017bef,Melanie Plageman,2025-03-21 14:06:40-04:00,Assorted trivial cleanup of c5c239e26e
7fe312f6092f47724a29e30fb2992bd2bc287687,Tom Lane,2025-03-21 11:30:42-04:00,Fix plpgsql's handling of simple expressions in scrollable cursors.
c5c239e26e3876c05b3a2c5e8989817fd38ceed1,Melanie Plageman,2025-03-21 09:09:39-04:00,Use streaming read I/O in btree vacuuming
1d617a20284f887cb9cdfe5693eec155e8016517,Álvaro Herrera,2025-03-21 10:55:06+01:00,Change one loop in ATRewriteTable to use 1-based attnums
ce1a75c4feada55e7435edc5aac4b85afec734e6,Thomas Munro,2025-03-21 20:43:59+13:00,Support buffer forwarding in StartReadBuffers().
ed0b87caaca1eb3daa0f76f32499da7628286919,Thomas Munro,2025-03-21 18:44:47+13:00,Support buffer forwarding in read_stream.c.
14413d0ef5df4df4cad36cfe657e3f9d1f94bc2f,Fujii Masao,2025-03-21 12:56:39+09:00,doc: Remove incorrect description about dropping replication slots.
00b52c3db66c5ec2593463c43371525deff95347,David Rowley,2025-03-21 13:40:05+13:00,Simplify EXPLAIN code for Memoize
202b12774d092baf7e5d3309aa3cb0cd1e8a606b,Andres Freund,2025-03-20 19:58:22-04:00,bufmgr: Improve stats when a buffer is read in concurrently
12604593e9f3b3460f7359a39d25731aff6beb88,Andrew Dunstan,2025-03-20 18:55:29-04:00,Show plperl version in the meson setup summary.
fc51a60dd45bb39d21d09a890da2f21ac8e61532,Andres Freund,2025-03-20 17:33:57-04:00,smgr: Hold interrupts in most smgr functions
fdb5dd6331e305f797bb589747f056062c305f0b,Tom Lane,2025-03-20 16:23:09-04:00,Be more paranoid in configure's checks for CRC and POPCNT intrinsics.
50ba65e73325cf55fedb3e1f14673d816726923b,Robert Haas,2025-03-20 13:47:55-04:00,Add an additional hook for EXPLAIN option validation.
af0d4901c1c39b3e3425522834708e0992592bb8,Nathan Bossart,2025-03-20 11:08:42-05:00,Add test for pg_upgrade file transfer modes.
0164a0f9ee12e0eff9e4c661358a272ecd65c2d4,Nathan Bossart,2025-03-20 10:16:50-05:00,Add vacuum_truncate configuration parameter.
618c64ffd3967cb5313b4b11e1e1043a074f2139,Peter Eisentraut,2025-03-20 11:25:58+01:00,Revert workarounds for -Wmissing-braces false positives on old GCC
b7076c1e7f43f61515fa9a8c4f75e4329aef69ce,Peter Eisentraut,2025-03-20 10:53:59+01:00,Fix extension control path tests
47929324c522cecfa8e0f64c6833f1dc3a67a735,Peter Eisentraut,2025-03-20 10:44:12+01:00,Fix typo in comment
e5aeed4b8020424fa882c3d1969d00c2b2d8cf30,Amit Kapila,2025-03-20 12:21:54+05:30,pg_createsubscriber: Add -R publications option.
5941946d0934b9eccb0d5bfebd40b155249a0130,Andres Freund,2025-03-19 09:04:09-04:00,meson: Flush stdout in testwrap
190dc27998d5b7b4c36e12bebe62f7176f4b4507,Peter Eisentraut,2025-03-19 10:39:06+01:00,Update a code comment
4f7f7b0375854e2f89876473405a8f21c95012af,Peter Eisentraut,2025-03-19 07:03:20+01:00,extension_control_path
2cce0fe440fb3f252a7be70a89298168009a2c15,Michael Paquier,2025-03-19 13:34:59+09:00,psql: Allow queries terminated by semicolons while in pipeline mode
0b53c08677a6515786bde9d4471b42ef7289759e,Thomas Munro,2025-03-19 17:26:16+13:00,Fix compiler warning for commit 434dbf69.
1cf4c56480f883bec50753e092da51ceaf3cea67,Thomas Munro,2025-03-19 16:59:25+13:00,oauth: Simplify copy of PGoauthBearerRequest
873c0fd67872426e88ac07cbb7ae07457416aafa,Thomas Munro,2025-03-19 16:58:06+13:00,oauth: Improve validator docs on interruptibility
d7e40845f923ed5091b334b1018a547e39846415,Thomas Munro,2025-03-19 16:56:19+13:00,oauth: Disallow synchronous DNS in libcurl
434dbf6907ec8fafa6862a0f00385f293e63ac0e,Thomas Munro,2025-03-19 16:45:01+13:00,oauth: Fix postcondition for set_timer on macOS
8d9d5843b55f47d24031165f99b07d41715b93e9,Thomas Munro,2025-03-19 16:45:01+13:00,oauth: Use IPv4-only issuer in oauth_validator tests
28317de723b60b61c40e7de4341a3029f698ddaf,Amit Langote,2025-03-19 12:14:24+09:00,Ensure first ModifyTable rel initialized if all are pruned
06fb5612c970b3af95aca3db5a955669b07537ca,Thomas Munro,2025-03-19 15:40:35+13:00,Increase io_combine_limit range to 1MB.
10f6646847515b1ab02735c24b04abaf1996f65f,Thomas Munro,2025-03-19 15:23:54+13:00,Introduce io_max_combine_limit.
17d8bba6dad12e14a7cafca9ef5eef21e577e9c3,Michael Paquier,2025-03-19 08:52:10+09:00,Fix copy-paste error related to the autovacuum launcher in pgstat_io.c
f4290f20dd4d6f75e01fbb87304c3b8f31d1cfea,Masahiko Sawada,2025-03-18 16:37:02-07:00,Fix assertion failure in parallel vacuum with minimal maintenance_work_mem setting.
6d3ea48ff1aea5fb1ccfed69424bf93a8643b4a4,Michael Paquier,2025-03-19 08:03:06+09:00,Optimize check for pending backend IO stats
7fb418f020815a146c5c9f33e3b344ea9d6df3c7,Nathan Bossart,2025-03-18 17:00:23-05:00,Add commit 796bdda484 to .git-blame-ignore-revs.
c9d502eb68094d817fe94c2e954f6fdbb62f4d48,Nathan Bossart,2025-03-18 16:32:56-05:00,Update guidance for running vacuumdb after pg_upgrade.
edba754f052ea0c02287080004aa6051eaa4f597,Nathan Bossart,2025-03-18 16:32:56-05:00,vacuumdb: Add option for analyzing only relations missing stats.
9c03c8d187210f112371aab881b379bd4800562c,Nathan Bossart,2025-03-18 16:32:55-05:00,vacuumdb: Teach vacuum_one_database() to reuse query results.
a6524105d20b190fb4f5b2116e044e29be88f215,Tom Lane,2025-03-18 15:35:13-04:00,Doc: manually break lines in wide UUID examples.
499faf9063a4c5a9985d7ac657b86e8e34e02199,Andres Freund,2025-03-18 14:04:44-04:00,smgr: Make SMgrRelation initialization safer against errors
62d712ecfd940f60e68bde5b6972b6859937c412,Álvaro Herrera,2025-03-18 18:56:11+01:00,Introduce squashing of constant lists in query jumbling
247ce06b883d7b3a40d08312dc03dfb37fbff212,Andres Freund,2025-03-18 11:54:01-04:00,aio: Add io_method=worker
55b454d0e14084c841a034073abbf1a0ea937a45,Andres Freund,2025-03-18 11:54:01-04:00,aio: Infrastructure for io_method=worker
549ea06e4217aca10d3a73dc09cf5018c51bc23a,Jeff Davis,2025-03-18 08:37:07-07:00,Fix headerscheck warning.
4078da6c478039bbafdd58138957dc47db545935,Tom Lane,2025-03-18 10:54:10-04:00,Silence compiler warning.
daa02c6bd9262adeb44f4a9ed9d94fa6259afd94,Daniel Gustafsson,2025-03-18 15:26:27+01:00,Add X25519 to the default set of curves
4fd02bf7cf94c3b6807dcf0b13e076de94f1e4ff,Robert Haas,2025-03-18 09:28:01-04:00,Add some new hooks so extensions can add details to EXPLAIN.
f76892c9ff7e5f2dcb4073310d1a5273f47d1d9d,Álvaro Herrera,2025-03-18 14:21:26+01:00,Simplify reindexdb coding
cc6be07ebde2aef7cc0507f997f563ce77c00a00,Melanie Plageman,2025-03-18 09:08:10-04:00,Increase default maintenance_io_concurrency to 16
796bdda484c838313959f65e2b700f14ac7c0e66,Robert Haas,2025-03-18 09:02:36-04:00,Fix indentation again.
c65bc2e1d14a2d4daed7c1921ac518f2c5ac3d17,Robert Haas,2025-03-18 08:41:12-04:00,Make it possible for loadable modules to add EXPLAIN options.
9d6db8bec19413cd0167f1e59d1af005a997bd3e,Peter Eisentraut,2025-03-18 11:29:15+01:00,Allow non-btree unique indexes for matviews
f278e1fe300ab1b7d43c3efb55a29aa17e5f5dda,Peter Eisentraut,2025-03-18 11:25:36+01:00,Allow non-btree unique indexes for partition keys
7317e641268fb9b08d32519920adf1f16c8591ea,Peter Eisentraut,2025-03-18 11:17:43+01:00,Add some opfamily support functions to lsyscache.c
122a9af5def2db78f2c2131958eab8873bfee93b,Amit Kapila,2025-03-18 14:18:09+05:30,Fix typo.
01e27aab05f5f83ab4b79688795848d787dab738,Amit Kapila,2025-03-18 14:06:51+05:30,Use correct variable name in publicationcmds.c.
c462b054ba605d23c1ec139fcca3d758ac139026,Masahiko Sawada,2025-03-17 21:34:10-07:00,Fix the test 005_char_signedness.
17caf6644546eccb4a1f6e0137ea1d0f58da8c16,Michael Paquier,2025-03-18 09:41:21+09:00,psql: Add \sendpipeline to send query buffers while in a pipeline
da7226993fd4b73d8b40abb7167d124eada97f2e,Andres Freund,2025-03-17 18:51:33-04:00,aio: Add core asynchronous I/O infrastructure
02844012b304ba80d1c48d51f6fe10bb622490cc,Andres Freund,2025-03-17 18:51:33-04:00,aio: Basic subsystem initialization
65db3963ae7154b8f01e4d73dc6b1ffd81c70e1e,Nathan Bossart,2025-03-17 15:58:02-05:00,Add commit 203c1b4cc4 to .git-blame-ignore-revs.
203c1b4cc49455364b6bcab8034900d1c016b9cd,Robert Haas,2025-03-17 16:06:17-04:00,Fix indentation.
7e05df430be36ad34d9c797b21f56a4b9c64bbc8,Nathan Bossart,2025-03-17 13:18:14-05:00,pg_upgrade: Remove some dead code.
1a22a8a0f1319e3d80cab0962374f235359b59ff,Andres Freund,2025-03-17 14:12:44-04:00,tests: Expand temp table tests to some pin related matters
99aeb84703177308c1541e2d11c09fdc59acb724,Robert Haas,2025-03-17 14:03:14-04:00,"pg_combinebackup: Add -k, --link option."
ed762e94253d5dd7810da13b8dd802baa876c55e,Tom Lane,2025-03-17 12:53:50-04:00,"Unify wording of user-facing ""row security"" messages."
3943f5cff6a66639d295a6f1922e54b79d2ab16f,Michael Paquier,2025-03-17 14:07:12+09:00,Fix inconsistent quoting for some options in TAP tests
19c6e92b13b2336d1db1b236457ab15d0894b506,Michael Paquier,2025-03-17 12:42:23+09:00,Apply more consistent style for command options in TAP tests
5721e5453ebc59360b6756fe72d7499c4a02177c,Michael Paquier,2025-03-17 08:35:12+09:00,"Revert ""Add redo LSN to pgstats files"""
cd3c45125d2d92e86ad7530b162562a23d063c26,Tom Lane,2025-03-16 18:08:15-04:00,"pg_dump, pg_dumpall, pg_restore: Add --no-policies option."
44890442398cf3a65230d53167e61905d2b0d348,Tom Lane,2025-03-16 13:45:48-04:00,"contrib/isn: Make weak mode a GUC setting, and fix related functions."
682c5be25c28192c56e9d5e2a9ca14673a2fcf4b,Alexander Korotkov,2025-03-16 13:29:15+02:00,reindexdb: Fix the index-level REINDEX with multiple jobs
83e5763d4dddd9b24b738d8335b3cbfc2742e4ac,Michael Paquier,2025-03-16 19:20:49+09:00,pg_createsubscriber: Remove some code bloat in the atexit() callback
771ba90298e2b79a94678c96f7960274a7896feb,Andres Freund,2025-03-15 22:07:48-04:00,localbuf: Introduce StartLocalBufferIO()
4b4d33b9ea9ff6bdc813b5b7b1aa4a6a3a2a2d5c,Andres Freund,2025-03-15 22:07:48-04:00,localbuf: Introduce FlushLocalBuffer()
dd6f2618f681e699cb5f2122a3f036beaa89f992,Andres Freund,2025-03-15 22:07:48-04:00,localbuf: Introduce TerminateLocalBufferIO()
0762a151b0e018944694ccac07e521adcdf7a06f,Andres Freund,2025-03-15 22:07:48-04:00,localbuf: Introduce InvalidateLocalBuffer()
fa6af9b25e4b449e6e006d9b3434315c0e8e4402,Andres Freund,2025-03-15 22:07:48-04:00,localbuf: Fix dangerous coding pattern in GetLocalVictimBuffer()
5eabd91a83adae75f53b61857343660919fef4c7,Andrew Dunstan,2025-03-15 17:41:54-04:00,Silence perl critic
27bdec06841d1bb004ca7627eac97808b08a7ac7,Jeff Davis,2025-03-15 13:00:50-07:00,"Optimization for lower(), upper(), casefold() functions."
c3953226a07527a1e2f7f410b83e1a7021f42888,Melanie Plageman,2025-03-15 10:37:46-04:00,Remove table AM callback scan_bitmap_next_block
2b73a8cd33b745c5b8a7f44322f86642519e3a40,Melanie Plageman,2025-03-15 10:34:42-04:00,BitmapHeapScan uses the read stream API
944e81bf99db2b5b70b8a389d4f273534da73f74,Melanie Plageman,2025-03-15 10:11:19-04:00,Separate TBM[Shared|Private]Iterator and TBMIterateResult
799959dc7cf0e2462601bea8d07b6edec3fa0c4f,Thomas Munro,2025-03-16 03:05:07+13:00,Simplify distance heuristics in read_stream.c.
7ea8cd15661e3b0da4b57be2f25fdd512951576f,Thomas Munro,2025-03-15 19:04:54+13:00,Improve read_stream.c advice for dense streams.
11bd8318602fc2282a6201f714c15461dc2009c6,Álvaro Herrera,2025-03-14 20:44:59+01:00,doc: Explain more thoroughly when a table rewrite is needed
1c9242b2cdc358b8be9c4e9967823a24a7807525,Tom Lane,2025-03-14 14:08:47-04:00,Doc: remove obsolete comment.
6d376c3b0d1e79c318d2a1c04097025784e28377,Fujii Masao,2025-03-14 23:14:12+09:00,Add GUC option to log lock acquisition failures.
e80171d57c25caf4362a7de17e96195f905386ea,Fujii Masao,2025-03-14 22:49:29+09:00,Optimize iteration over PGPROC for fast-path lock searches.
a359d3701991d040bf7b66cfa7052546eb923c38,Peter Eisentraut,2025-03-14 10:34:08+01:00,Simplify and generalize PrepareSortSupportFromIndexRel()
1548c3a30436dd825cfbf57923c6766b2fddd355,Álvaro Herrera,2025-03-14 09:28:51+01:00,Remove direct handling of reloptions for toast tables
92fc6856cb4c598f99c58b862bc34aebc6f2ec25,Thomas Munro,2025-03-14 21:21:09+13:00,Respect changing pin limits in read_stream.c.
0793ab810038999c0659b3aad9525aa7ef4c8c26,Peter Eisentraut,2025-03-14 08:57:02+01:00,"Activate Python ""Limited API"" in PL/Python"
05cbd6cb22d235d2e52ac309266a5fc50053dc16,Peter Eisentraut,2025-03-14 07:18:07+01:00,Swap order of extern/static and pg_nodiscard
01261fb07888642efa98ba8d4117654bfd2a413d,Thomas Munro,2025-03-14 17:13:09+13:00,Improve buffer manager API for backend pin limits.
7c99dc587a010a0c40d72a0e435111ca7a371c02,Amit Kapila,2025-03-14 08:57:40+05:30,Fix ALTER SUBSCRIPTION ... SET PUBLICATION ... command.
4618045bee4a6d3efcb489c319649d8dd9aaa738,Tom Lane,2025-03-13 16:07:55-04:00,Fix ARRAY_SUBLINK and ARRAY[] for int2vector and oidvector input.
c7fc8808a91ed1b5810abb5f6043be7b6d58dbcf,Álvaro Herrera,2025-03-13 18:15:59+01:00,ATExecSetRelOptions: Reduce scope of 'isnull' variable
da0f0582e81e2fc42e19feaece56364acfb3f640,Álvaro Herrera,2025-03-13 17:38:21+01:00,Make lwlocknames.h generated file less ugly
0697b23906adabccba41fa7bf19909eb98bdf0dd,Nathan Bossart,2025-03-13 11:20:53-05:00,Add reverse(bytea).
bb25276205b45b60b5a1ddb7db3b66f501a02164,Peter Eisentraut,2025-03-13 15:17:08+01:00,Fix copy-and-paste mistake in error message
3691edfab97187789b8a1cbb9dce4acf0ecd8f5a,Peter Eisentraut,2025-03-13 12:37:26+01:00,pg_noreturn to replace pg_attribute_noreturn()
cc5d98525d43c22b98f360ef0f2c8d7dc57f04dc,Richard Guo,2025-03-13 16:36:03+09:00,Fix incorrect handling of subquery pullup
4c4961171577e292220d050c338020f2c6bf4c76,Richard Guo,2025-03-13 16:34:28+09:00,Remove code setting wrap_non_vars to true for UNION ALL subqueries
d3b2e5e1ab5ca3e9738d20409debfdd299e65a2e,Jeff Davis,2025-03-12 21:51:52-07:00,Refactor convert_case() to prepare for optimizations.
3abe9dc18892b9f69bb48a2eb21fbe5cf348a489,Amit Kapila,2025-03-13 09:16:33+05:30,Avoid invalidating all RelationSyncCache entries on publication rename.
75da2bece670059f3c1a3628dfbc3d24cc9638b8,Thomas Munro,2025-03-13 15:43:34+13:00,Fix read_stream.c for changing io_combine_limit.
d4f79865d4207bd93fa00f521638c289f036e276,Amit Langote,2025-03-13 09:56:36+09:00,Fix copy-paste error in datum_to_jsonb_internal()
4ecdd4110d5cbaf107c0c85d16df78dffe0a9574,Masahiko Sawada,2025-03-12 16:56:04-07:00,pg_rewind: Add dbname to primary_conninfo when using --write-recovery-conf.
cdc1471cc7626ffd44416abe92d37de038a0a0ec,David Rowley,2025-03-13 12:44:26+13:00,Add b955df443 to .git-blame-ignore-revs
b955df443405e056fd9047ef819a1465654f9d79,David Rowley,2025-03-13 12:41:44+13:00,Fix indentation issue
9e088f7dd8cd1f14813d0919a68564d55cbff18a,Masahiko Sawada,2025-03-12 14:23:56-07:00,Fix compiler warning in pg_logicalinspect.
ac4494646daee27df20f7cded3ad49be24e9a98c,Heikki Linnakangas,2025-03-12 22:03:39+02:00,Rename alloc/free functions in reorderbuffer.c
025e7e1eb4b884a187ade19f2ed479b256306a82,Nathan Bossart,2025-03-12 15:01:52-05:00,Remove count_one_bits() in acl.c.
ff79b5b2aba02d720f9b7fff644dd50ce07b8c6e,Melanie Plageman,2025-03-12 15:57:44-04:00,Increase default effective_io_concurrency to 16
af717317a04f5217728ce296edf4a581eb7e6ea0,Heikki Linnakangas,2025-03-12 20:53:09+02:00,Handle interrupts while waiting on Append's async subplans
f4e7756ef9a437f30a4dc5ded41b8824a9d291b9,Tom Lane,2025-03-12 11:47:38-04:00,Build whole-row Vars the same way during parsing and planning.
18cd15e706ac1f2d6b1c49847a82774ca143352f,Melanie Plageman,2025-03-12 11:35:27-04:00,Add connection establishment duration logging
9219093cab2607f34ac70612a65430a9c519157f,Melanie Plageman,2025-03-12 11:35:21-04:00,Modularize log_connections output
f554a95379a9adef233d21b1e1e8981a8f5f8de3,Michael Paquier,2025-03-12 20:37:43+09:00,Remove initialization from PendingBackendStats
72a3d0462b9a7f6265267950668af0c0246e7c01,Peter Eisentraut,2025-03-12 08:53:54+01:00,"Prepare for Python ""Limited API"" in PL/Python"
c872516d8fe5ba3ce27e7020fad887d90d308e29,Tom Lane,2025-03-11 23:35:39-04:00,Doc: silence A4 PDF build warnings.
043745c3a01fece996e4818945138320d10261bf,Heikki Linnakangas,2025-03-11 23:28:38+02:00,Improve snapmgr.c comment
8076c00592e40e8dbd1fce7a98b20d4bf075e4ba,Heikki Linnakangas,2025-03-11 23:20:34+02:00,Assert that a snapshot is active or registered before it's used
bd65cb3cd48a7a5ce48b26f8031ad3968efed87e,Masahiko Sawada,2025-03-11 09:56:40-07:00,pg_logicalinspect: Fix possible crash when passing a directory path.
a49927f04cd0c66e1bc41f551160fce50f382d8c,Masahiko Sawada,2025-03-11 09:30:00-07:00,pg_logicalinspect: Stabilize isolation tests.
8b1b342544b69b281ffd3aafe594aec629ec4d3c,Tom Lane,2025-03-11 11:19:54-04:00,Improve EXPLAIN's display of window functions.
426ea611171da4e60ab4f3863fa3cc3683ae9547,Peter Geoghegan,2025-03-11 10:35:56-04:00,nbtree: Make BTMaxItemSize into object-like macro.
0fbceae841cb5a31b13d3f284ac8fdd19822eceb,Peter Geoghegan,2025-03-11 09:20:50-04:00,"Show index search count in EXPLAIN ANALYZE, take 2."
12c5f797ea6a8e96de661e3838410b9775061796,Peter Eisentraut,2025-03-11 13:48:14+01:00,Update nls.mk for newly added file
17ce344f86f1a9a9002d8b668ea7d77234ec3e60,Álvaro Herrera,2025-03-11 12:50:35+01:00,BRIN: be more strict about required support procs
d35d32d7112bc632c6a305e9dffdec0082bbdf00,Daniel Gustafsson,2025-03-11 12:02:42+01:00,Add special case fast-paths for strict functions
8dd7c7cd0a2605d5301266a6b67a569d6a305106,Daniel Gustafsson,2025-03-11 12:02:38+01:00,Replace EEOP_DONE with special steps for return/no return
dabccf45139a8c7c3c2e7683a943c31077e55a78,Peter Eisentraut,2025-03-11 10:43:48+01:00,Move RemoveInheritedConstraint() call slightly earlier
1d26c2d2c4b8d833a63ba403bc9313db2c091aa7,Peter Eisentraut,2025-03-11 09:35:24+01:00,refactor: Split tryAttachPartitionForeignKey()
64224a834ce4c899e878db27b14ea3412a6ddbed,Peter Eisentraut,2025-03-11 08:43:35+01:00,refactor: re-add ATExecAlterChildConstr()
76def4cdd7c2b32d19e950a160f834392ea51744,Michael Paquier,2025-03-11 09:04:11+09:00,Add WAL data to backend statistics
59a1592e39fed164d4d6437d62a55aef36e866a5,Andres Freund,2025-03-10 19:32:26-04:00,tests: Make postmaster/002_connection_limits deal verbose logs
29d6808edebb3eced76e2acbbcf453dd693ac6bf,Tom Lane,2025-03-10 17:49:27-04:00,CREATE INDEX: do update index stats if autovacuum=off.
f7c566a1a276c5f228891c7599df1c0b8878eb35,Heikki Linnakangas,2025-03-10 18:58:10+02:00,Fix a few more redundant calls of GetLatestSnapshot()
23675031774c1644c32ff052a1c3e9fb87261023,Heikki Linnakangas,2025-03-10 17:07:38+02:00,Fix snapshot used in logical replication index lookup
9f87e2593febf0ff024c11b9a97703bce0eee7be,Tom Lane,2025-03-10 10:22:08-04:00,Doc: improve description of window function processing.
6bb6a62f3cc45624c601d5270673a17447734629,Alexander Korotkov,2025-03-10 13:42:01+02:00,Use extended stats for precise estimation of bucket size in hash join
fae535da0ac2a8d0bb279cc66d62b0dcc4b5409b,Alexander Korotkov,2025-03-10 13:38:39+02:00,Teach Append to consider tuple_fraction when accumulating subpaths.
b83e8a2ca2eb381ea0a48e5b2d4e4cdb74febc45,Peter Eisentraut,2025-03-10 11:31:01+01:00,Remove support for temporal RESTRICT foreign keys
e033696596566d422a0eae47adca371a210ed730,David Rowley,2025-03-10 13:36:04+13:00,Fix incorrect #endif comment
03f8e9a7fee0ad4d87bfe48cb22dbca08fd8e6c4,Heikki Linnakangas,2025-03-09 20:40:45+02:00,Fix incorrect assertion in libpqwalreceiver
2a943afcff444bade64ad5209f8b248d8d449383,Heikki Linnakangas,2025-03-09 19:47:55+02:00,Fix test name and username used in failed connection attempts
fedfcf66506fa9bf2259a88ae711e7ad7bde0011,Tom Lane,2025-03-09 13:11:20-04:00,Don't try to parallelize array_agg() on an anonymous record type.
3c472a18296e473270b6ff611b898592263a6ed1,Nathan Bossart,2025-03-08 14:28:16-06:00,doc: Adjust note about pg_upgrade's --jobs option.
1852aea3f526b124b95585f7b1f655f3af04afd5,Jeff Davis,2025-03-08 11:25:36-08:00,Don't convert to and from floats in pg_dump.
7fb880102138e45f58bf626cb2a4599bade8b172,Tom Lane,2025-03-08 11:24:25-05:00,Clear errno before calling strtol() in spell.c.
67fc4c9fd7fab7004b656e0cc27826c75d7ea7ad,Peter Geoghegan,2025-03-08 11:10:14-05:00,Make parallel nbtree index scans use an LWLock.
8021c77769e90cc804121d61a1bb7bcc4652d48b,Peter Eisentraut,2025-03-08 09:37:06+01:00,Make amcanorder independent of amconsistentordering
661781f3a3ed37249cd468db27050ab3d4d662b7,Peter Eisentraut,2025-03-08 08:06:30+01:00,Fix typo
21f653cc0024100f8ecc279162631f2b1ba8c46c,Michael Paquier,2025-03-08 13:39:57+09:00,Use stricter ordering in regression test query for pg_stat_io
8b532771a09975f274b35823aa355d8ca90c77db,Michael Paquier,2025-03-08 12:22:41+09:00,Add regression test listing all the possible tuples in pg_stat_io
9a8dd2c5a6d9d2538444c156e6b273b1b4f4e3a4,Michael Paquier,2025-03-08 10:56:30+09:00,Improve check for detection of pending data in backend statistics
8e167e618893b59ee45317c43055002ba71f955b,Peter Geoghegan,2025-03-07 18:35:13-05:00,nbtree: refine _bt_readnextpage contract comments.
088f8e2d568eaa963fe68a15287002081314fad8,Nathan Bossart,2025-03-07 15:23:09-06:00,Assert that wrapper_handler()'s argument is within expected range.
34c3c5ce1c0b2a27de212076c2e5aaa8e82fac31,Tom Lane,2025-03-07 13:24:20-05:00,Include column name in build_attrmap_by_position's error reports.
b48832cddbf57a3428f1a553e395f1870e1b0cb5,Andres Freund,2025-03-07 13:09:16-05:00,tests: Don't fail due to high default timeout in postmaster/003_start_stop
71d1ed6fe129935ce2764c5d34924512ed046f69,Andres Freund,2025-03-07 13:09:16-05:00,tests: Fix race condition in postmaster/002_connection_limits
d3fc7a51208b3f4f2be2476d44aa2542f52879de,Robert Haas,2025-03-07 09:00:53-05:00,doc: Add missing decimal places to example rowcount.
7f24c0274385ea3d4c797cc2fd60d9a55f3a8d74,Peter Eisentraut,2025-03-07 11:46:33+01:00,Improve possible performance regression
af4002b381d86df6479962953d82f03ecb4e2e06,Peter Eisentraut,2025-03-07 11:46:33+01:00,Rename amcancrosscompare
6da469badaffec32f8a804181cca279561467378,Dean Rasheed,2025-03-07 09:31:18+00:00,Allow casting between bytea and integer types.
d611f8b1587b8f30caa7c0da99ae5d28e914d54f,Jeff Davis,2025-03-06 19:39:14-08:00,CREATE INDEX: don't update table stats if autovacuum=off.
19e57f4f78e4354d9a21c284868373d28bb0d368,John Naylor,2025-03-07 10:35:21+07:00,"Revert ""vacuumdb: Add option for analyzing only relations missing stats."""
fcabc3adf889ebf2c2d8d1c084989f5fd95aac2f,John Naylor,2025-03-07 10:22:56+07:00,Doc: correct aggressive vacuum threshold for multixact members storage
5f8eb25706b62923c53172e453c8a4dedd877a3d,Nathan Bossart,2025-03-07 10:17:35+07:00,vacuumdb: Add option for analyzing only relations missing stats.
e2080261cc8c1a962708843dc4c806e19fb2c44e,Michael Paquier,2025-03-07 08:12:45+09:00,Fix race condition in TAP test 007_pre_auth
24503fa95cd8cd57a8d695a910056a1cfcbacefc,Álvaro Herrera,2025-03-06 19:40:06+01:00,reindexdb: move PQfinish() calls to the right place
0f21db36d663fcf0789290902c84cc460ef0df8b,Tom Lane,2025-03-06 11:54:31-05:00,Fix some performance issues in GIN query startup.
e33969abc1934cc7fd92d539e51a2b8ae46d6a33,Andrew Dunstan,2025-03-06 10:24:03-05:00,Further fix for json_strip_nulls documentation
0e76f253f4f0bf3d8a85e88dbea62a09be1f3ff8,Andrew Dunstan,2025-03-06 08:46:15-05:00,Remove extraneous commas in json{b}_strip_nulls documentation
588acf6d0ec15d9384c2f712585c0f56936d7bac,Amit Kapila,2025-03-06 14:19:38+05:30,Avoid invalidating all RelationSyncCache entries on publication change.
1d33de9d683722bfa14e436e30a8f5b999a4e2e7,Jeff Davis,2025-03-06 00:19:22-08:00,Organize and deduplicate statistics import tests.
f9f4b43b8dc0174797f939af986d8c9bb52269eb,Jeff Davis,2025-03-06 00:11:12-08:00,Address stats export review comments.
298944e8d80252820531309e5b73d7de7d85e2df,Jeff Davis,2025-03-05 23:07:25-08:00,Address stats import review comments.
39de4f157d3ac0b889bb276c2487fe160578f967,Heikki Linnakangas,2025-03-06 03:10:22+02:00,Fix compiler warnings about typedef redefinitions
7f7f324eb5a4754ab9fa1c68dfef952555a94d1b,Michael Paquier,2025-03-06 09:41:37+09:00,Add more monitoring data for WAL writes in the WAL receiver
393e0d2314050576c9c039853fdabe7f685a4f47,Heikki Linnakangas,2025-03-06 01:26:16+02:00,Split WaitEventSet functions to separate source file
84e5b2f07a5e8ba983ff0f6e71b063b27f45f346,Heikki Linnakangas,2025-03-06 01:26:12+02:00,Use ModifyWaitEvent to update exit_on_postmaster_death
9f25b9f7392267c5628af09f498086ad9f33ccbd,Fujii Masao,2025-03-06 08:22:30+09:00,ecpg: Fix compiler warning in ecpg build with Meson.
a98e4dee63ce594ed32d1b004385d6ffa8b57dc5,Heikki Linnakangas,2025-03-05 23:52:04+02:00,Remove unused ShutdownLatchSupport() function
153836b99acb5c432b9e2326dbd75ac239f3c320,Daniel Gustafsson,2025-03-05 22:12:20+01:00,ci: Remove installation of libcurl
d4a6c847ca0afc40a558c53995eaaf393cf66785,Andres Freund,2025-03-05 13:19:28-05:00,ci: Document what makes certain tasks special
0a2f5df88168e3d8c50e3a26bf1ca45c61f9d6f2,Andres Freund,2025-03-05 13:19:28-05:00,ci: freebsd: Specify debug_parallel_query=regress
ad40644eb8582fc1f537330b76ae7893cacf7b21,Andres Freund,2025-03-05 10:33:47-05:00,ci: Upgrade FreeBSD image
d00107cd63e780753aa25563fa37603369997d0c,Peter Geoghegan,2025-03-05 10:27:31-05:00,"Revert ""Show index search count in EXPLAIN ANALYZE."""
4603903d294bbdd644afecf9b5970827db6d1ff5,Andrew Dunstan,2025-03-05 10:04:02-05:00,Allow json{b}_strip_nulls to remove null array elements
5ead85fbc81162ab1594f656b036a22e814f96b3,Peter Geoghegan,2025-03-05 09:36:48-05:00,Show index search count in EXPLAIN ANALYZE.
635f580120b99f6df71d7c12749b22acde61c5ad,Heikki Linnakangas,2025-03-05 16:22:26+02:00,Rename some signal and interrupt handling functions for consistency
f4e53e10b6ce0eedeb98caa4356facb47c7bb9cb,Álvaro Herrera,2025-03-05 13:50:22+01:00,Add ALTER TABLE ... ALTER CONSTRAINT ... SET [NO] INHERIT
f4694e0f35b218238cbc87bcf8f8f5c6639bb1d4,Michael Paquier,2025-03-05 10:17:39+09:00,Fix some gaps in pg_stat_io with WAL receiver and WAL summarizer
54d23601b978d2552696fb7fe35ae5d6102ea2cb,Michael Paquier,2025-03-05 07:56:03+09:00,psql: Fix memory leak with \gx used within a pipeline
b229c10164770769c3b5033785917ca7a43a2471,Tomas Vondra,2025-03-04 20:41:13+01:00,Enforce memory limit during parallel GIN builds
f52345995d3691de7b0a888903b6cfed1497c672,Masahiko Sawada,2025-03-04 11:16:12-08:00,pg_upgrade: Check for the expected error message in TAP tests.
7bbc46213de9301795da90923a015070239c1fcc,Álvaro Herrera,2025-03-04 20:07:30+01:00,Fix ALTER TABLE error message
bacbc4863b3bfb79b9577f11f2c77e4df9f66d66,Masahiko Sawada,2025-03-04 10:38:41-08:00,Refactor Copy{From|To}GetRoutine() to use pass-by-reference argument.
0b2a45a5d1f2b088640a7eb7817ca6a0513a2717,Tomas Vondra,2025-03-04 19:02:05+01:00,Compress TID lists when writing GIN tuples to disk
9b4bdf876a2e4fc9db80cb0137911a8d53bdbe1e,Tom Lane,2025-03-04 12:58:07-05:00,Add .gitignore entry for ecpg test detritus.
c878de1db438f9f4747374c286d4319cc527eec2,Tomas Vondra,2025-03-04 18:33:12+01:00,Make FP_LOCK_SLOTS_PER_BACKEND look like a function
91ecb5e0bc7f8373ec9ff7d188bfd0d45f13a333,Fujii Masao,2025-03-04 23:56:49+09:00,Add regression tests for pg_stat_progress_copy.tuples_skipped.
d2e7068392b22218b83b7e275b77968027ac3d29,Heikki Linnakangas,2025-03-04 15:33:19+02:00,Fix outdated comment
ad13490be0005b0f467879d8f88db003b7494138,Daniel Gustafsson,2025-03-04 12:08:27+01:00,doc: Expand version compatibility for pg_basebackup features
3abbd8dbeb8f0e4764ad6edb1ab3a71d4c3023f0,Peter Eisentraut,2025-03-04 09:45:01+01:00,Fix accidental use of = instead of ==
f011acdd61fc296ec8822ca4edc18e32b6bd2b56,Peter Eisentraut,2025-03-04 09:18:32+01:00,Fix ALTER TABLE ADD VIRTUAL GENERATED COLUMN when table rewrite
716a051aaccdef9296c41826034d85c196549146,Richard Guo,2025-03-04 16:11:03+09:00,Avoid NullTest deduction for clone clauses
28f04984f0c240b76e61f00cd247554fbc850056,Fujii Masao,2025-03-04 14:58:46+09:00,ecpg: Add TAP test for the ecpg command.
c76db55c9085d0b7984ea337576e45a7d1268b97,Michael Paquier,2025-03-04 14:09:44+09:00,Split pgstat_bestart() into three different routines
40d3f8274499cb1dd349f60f2e5915f907acce6e,Michael Paquier,2025-03-04 10:53:10+09:00,Add more assertions in palloc0() and palloc_extended()
ba57dcfdcda824e92eeb30b8863be8bf784908a8,Masahiko Sawada,2025-03-03 15:44:01-08:00,doc: Convert UUID functions list to table format.
246dedc5d028800b393920184e5e6319c6805253,Tom Lane,2025-03-03 18:00:13-05:00,Allow => syntax for named cursor arguments in plpgsql.
b6904afae40d94c2f34bc3c94aee1cdbe0bcfbe9,Thomas Munro,2025-03-04 11:29:21+13:00,ci: Use a RAM disk for NetBSD and OpenBSD.
06eae9e6218ab2acf64ea497bad0360e4c90e32d,Melanie Plageman,2025-03-03 14:42:00-05:00,Trigger more frequent autovacuums with relallfrozen
35c8dd9e1176ae0c3cb060b0da9cb2bba925363c,Tom Lane,2025-03-03 13:35:48-05:00,Simplify some logic around setting pg_attribute.atthasdef.
4528768d98f83070d625207dcb526982fb18f1ce,Tom Lane,2025-03-03 13:09:20-05:00,Remove now-dead code in StoreAttrDefault().
95f650674d2ceea1ba6440a9b0ae89ed3867fd7e,Tom Lane,2025-03-03 12:43:44-05:00,Fix broken handling of domains in atthasmissing logic.
99f8f3fbbc8f743290844e8c676d39dad11c5d5d,Melanie Plageman,2025-03-03 11:18:05-05:00,Add relallfrozen to pg_class
8492feb98f6df3f0f03e84ed56f0d1cbb2ac514c,Tomas Vondra,2025-03-03 16:53:06+01:00,Allow parallel CREATE INDEX for GIN indexes
3f1db99bfabbb9d4afc41f362d9801512f4c7c65,Michael Paquier,2025-03-03 09:57:48+09:00,Handle auxiliary processes in SQL functions of backend statistics
fe186bda78c4a0ccbb691489c744e6317f648434,Fujii Masao,2025-03-03 08:51:30+09:00,postgres_fdw: Extend postgres_fdw_get_connections to return remote backend PID.
15a79c73111f0c9738ee81b796f7de5bfeb3aedc,Peter Eisentraut,2025-03-02 13:53:03+01:00,"Use PRI*64 instead of ""ll*"" in format strings (minimal trial)"
00d61a08c5fadca869c66a988b722e543d8e7100,Tom Lane,2025-03-01 14:22:56-05:00,Fix pg_strtof() to not crash on NULL endptr.
56ba0463d38c17400a090353db47cf455ce01c3d,Peter Eisentraut,2025-03-01 09:15:27+01:00,Set amcancrosscompare to true for hash
c301a0a74a8aa9ec4fe1f364e05aa17a649f7260,Thomas Munro,2025-03-01 14:41:02+13:00,Work around OAuth/EVFILT_TIMER quirk on NetBSD.
8a1012b35d6123d8ee1818fce68f435459e297b7,Masahiko Sawada,2025-02-28 15:11:41-08:00,Re-export NextCopyFromRawFields() to copy.h.
e636da92002857c24f8b66b6ac4a47ff91803c06,Nathan Bossart,2025-02-28 16:05:51-06:00,Adjust auto_explain's GUC descriptions.
8b49392b270b4ac0b9f5c210e2a503546841e832,Tom Lane,2025-02-28 15:20:24-05:00,Tweak regex to avoid a bug in Perl 5.16.3.
7717f63006935de00fafd000bff450280508adf1,Masahiko Sawada,2025-02-28 10:29:36-08:00,Refactor COPY FROM to use format callback functions.
77cb08be510623421fc727f35980de5107eea735,Robert Haas,2025-02-28 13:17:29-05:00,Avoid including explain.h in explain_format.h and explain_dr.h
51d3e279c3e1f6548794d5e7b5206ad1e080568f,Robert Haas,2025-02-28 13:04:12-05:00,Fix missing space in EXPLAIN ANALYZE output.
424ededc580b03e1bcf8aff18a735e519c80061f,Jeff Davis,2025-02-27 20:42:12-08:00,Adjust pg_dump tag for relation stats.
c2a50ac678eb5ccee271aef3e7ed146ac395a32b,Michael Paquier,2025-02-28 11:20:31+09:00,Invent pgstat_fetch_stat_backend_by_pid()
2a083ab807db6d9e2e0e3aa82ee8f6ff9fc44c8d,Michael Paquier,2025-02-28 10:15:29+09:00,pg_upgrade: Fix inconsistency in memory freeing
2e4127b6d2d8f3a9d67a21d1905703d5be46970c,Masahiko Sawada,2025-02-27 15:03:52-08:00,Refactor COPY TO to use format callback functions.
555960a0fbf0590a744f36e90e69e2501dc06146,Robert Haas,2025-02-27 13:14:16-05:00,Create explain_dr.c and move DestReceiver-related code there.
9173e8b604636633a8e3aca54bb56a437bffa718,Robert Haas,2025-02-27 12:37:10-05:00,Create explain_format.c and move relevant code there.
95dbd827f2edc4d10bebd7e840a0bd6782cf69b7,Robert Haas,2025-02-27 11:27:16-05:00,EXPLAIN: Always use two fractional digits for row counts.
ce62f2f2a0a48d021f250ba84dfcab5d45ddc914,Peter Eisentraut,2025-02-27 17:03:31+01:00,Generalize hash and ordering support in amapi
6eb8a1a4f90c542d7ce9dcc381528fcb81390ab9,Tom Lane,2025-02-27 10:57:55-05:00,Avoid unnecessary computation of pgbench's script line number.
c8c74ad7e1cbc71b616f8ae786776c521729976b,Tom Lane,2025-02-27 10:53:38-05:00,Get rid of O(N^2) script-parsing overhead in pgbench.
e167191dc146b65146fbd32e147be30dd8f1f166,Alexander Korotkov,2025-02-27 11:22:01+02:00,Get rid of ojrelid local variable in remove_rel_from_query()
55918f798bc2d1846eea0d805fbec91d4e1816e0,Thomas Munro,2025-02-27 20:49:48+13:00,Remove arbitrary cap on read_stream.c buffer queue.
48e4ae9a0707b22cf874a4e8e531a07077318424,Michael Paquier,2025-02-27 14:05:51+09:00,pg_amcheck: Fix inconsistency in memory freeing
8709dccc793da0c0c6619cafa182c8e67a871154,Amit Kapila,2025-02-27 09:47:04+05:30,Fix the race condition in ReplicationSlotAcquire().
845511a72ad01838c9e1766e031d2862cd021801,Amit Kapila,2025-02-27 08:50:03+05:30,Doc: Additional clarification for -d option of pg_createsubscriber.
495864a4cf16530c5174f264668c87b780c4cf22,Michael Paquier,2025-02-27 11:54:36+09:00,Refactor code of pg_stat_get_wal() building result tuple
62ec3e1f6786181431210643a2d427b9a98b8af8,Michael Paquier,2025-02-27 09:43:06+09:00,Fix possible double-release of spinlock in procsignal.c
15df9d7b5123b2b478886175c17cd0c0359d9996,Jeff Davis,2025-02-26 13:37:14-08:00,Remove stray diff introduced by a5cbdeb98a.
40e27d04b4f643cfb78af8db42a1f2e700ec9876,Tom Lane,2025-02-26 16:36:20-05:00,Use attnum to identify index columns in pg_restore_attribute_stats().
f734c9fc3a91959c2473a1e33fd9b60116902175,Peter Eisentraut,2025-02-26 21:58:38+01:00,"Revert ""Prepare for Python ""Limited API"" in PL/Python"""
945a9e3832c3ede20e2c575b796a4f16687a1949,Masahiko Sawada,2025-02-26 11:10:03-08:00,Fix a typo in 005_char_signedness.pl test.
c47e8df815c1c45f4e4fc90d5817d67ab088279f,Peter Eisentraut,2025-02-26 16:14:39+01:00,"Prepare for Python ""Limited API"" in PL/Python"
0e42d31b0b2273c376ce9de946b59d155fac589c,Michael Paquier,2025-02-26 16:48:54+09:00,Adding new PgStat_WalCounters structure in pgstat.h
d7cbeaf261da346d8c745870da1d31075ae0313c,Michael Paquier,2025-02-26 15:37:28+09:00,Remove pgstat_flush_wal()
e117cfb2f6c67fe4ba46720bc6917da3dbd48c10,Amit Kapila,2025-02-26 11:12:50+05:30,Add two-phase option in pg_createsubscriber.
adc6032fa8824e7653252b02abc6a59d8b9d01a6,Michael Paquier,2025-02-26 14:26:16+09:00,Improve FATAL message for invalid TLI history at recovery
6ee3b91bad269b8f1acee38607bd17923efd6e06,Jeff Davis,2025-02-25 19:52:11-08:00,pg_dump: prepare attribute stats query.
8f427187db78a549af316a69d54f5969db5f4951,Jeff Davis,2025-02-25 19:51:45-08:00,Avoid unnecessary relation stats query in pg_dump.
6c349d83b607cfe20a685a5f66a4fa0e24dbe458,Michael Paquier,2025-02-26 09:49:59+09:00,Re-add GUC track_wal_io_timing
a5cbdeb98af9a8d4f683fbffa69cd74be1f4a084,Jeff Davis,2025-02-25 16:15:47-08:00,Remove redundant pg_set_*_stats() variants.
ecbff4378beecb0b1d12fc758538005a69821db1,Andres Freund,2025-02-25 09:02:07-05:00,Change _mdfd_segpath() to return paths by value
37c87e63f9e1a2d76db54fedcdf91d3895d200a6,Andres Freund,2025-02-25 09:02:07-05:00,Change relpath() et al to return path by value
32c393f9f1f148febcd741e7067e9537825587cc,Peter Eisentraut,2025-02-25 14:11:38+01:00,Remove obsolete Python version check
363a6e8c6fcf9f3e19fe673ae02554645974a388,Richard Guo,2025-02-25 16:11:34+09:00,Eliminate code duplication in replace_rte_variables callbacks
1e4351af329f2949c679a215f63c51d663ecd715,Richard Guo,2025-02-25 16:10:25+09:00,Expand virtual generated columns in the planner
560a842d639f28497ab6df08ac0305240be79803,Michael Paquier,2025-02-25 15:53:32+09:00,Fix untranslatable string concatenation in pg_upgrade
5b8f2ccc0a93375acb64a457817e61f400404a1f,Amit Kapila,2025-02-25 09:42:07+05:30,Doc: Fix pg_copy_logical_replication_slot description.
15601fa21a5509b83a871c39ab98671f560da905,Jeff Davis,2025-02-24 17:27:32-08:00,Missing doc update for f3dae2ae58.
f3dae2ae5856dec9935a51e53216400566ef8d4f,Jeff Davis,2025-02-24 17:10:59-08:00,Do not use in-place updates for statistics import.
3ce357584e795762aa6dc45fafc21dccea7e5ec6,Michael Paquier,2025-02-25 10:07:24+09:00,psql: Add pipeline status to prompt and some state variables
cbb9086c9ef64b020cb9036f50afc14644bbf734,Amit Langote,2025-02-25 09:24:42+09:00,Fix bug in cbc127917 to handle nested Append correctly
48796a98d5aed68e349118d4e05ac26b76c765b0,Masahiko Sawada,2025-02-24 14:03:04-08:00,Fix assertion when decoding XLOG_PARAMETER_CHANGE on promoted primary.
d1146dc2a72e96294045f7feb6d0f29082e1c71c,Daniel Gustafsson,2025-02-24 22:20:37+01:00,oauth: Rename macro to avoid collisions on Windows
03366b61dfe596796a19368f851859a4764229b9,Daniel Gustafsson,2025-02-24 22:20:29+01:00,oauth: Fix incorrect const markers in struct
bfe56cdf9a4e07edca46254a88efd9ef17421cd7,Melanie Plageman,2025-02-24 16:10:19-05:00,Delay extraction of TIDBitmap per page offsets
b8778c4cd8bc924ce5347cb1ab10dfbf34130559,Melanie Plageman,2025-02-24 16:10:13-05:00,Add lossy indicator to TBMIterateResult
c56e8af75e081383e05cf544f372506c8da4efe7,Nathan Bossart,2025-02-24 15:02:09-06:00,Fix comment for MAX_BACKENDS.
e87c14b19ed458f6e07d2df338e5000453ad785d,Robert Haas,2025-02-24 12:06:21-05:00,libpq: Trace all NegotiateProtocolVersion fields
c9d94ea2158b7b16f8a7edbb18e504068771c91f,Robert Haas,2025-02-24 11:47:31-05:00,libpq: Add PQfullProtocolVersion to exports.txt
9de2cc455eb9c60dda979c32985df967522a8ab2,Tom Lane,2025-02-24 11:16:04-05:00,Fix confusion about data type of pg_class.relpages and relallvisible.
e889422d98e066dcf095fa275fbcb14ffd45708c,Daniel Gustafsson,2025-02-24 16:03:19+01:00,pg_amcheck: PQclear query results
5ee75e32fa734e8ae85ff096f1523be8e16e1b8d,Andres Freund,2025-02-24 06:23:41-05:00,Add static asserts for MAX_BACKENDS limiting factors
418451bfe161e4b86c29f098e4d93b2347d35774,Andres Freund,2025-02-24 06:23:41-05:00,bufmgr: Make it easier to change number of buffer state bits
cd3ccf88aacb43b7232d6834dc886ff8538c6ce8,Andres Freund,2025-02-24 06:23:41-05:00,Base LWLock limits directly on MAX_BACKENDS
6394a3a61c0deae34ad9e94505d319cebe9e09a1,Andres Freund,2025-02-24 06:23:41-05:00,Move MAX_BACKENDS to procnumber.h
0600d276d485a8222eb6b571b08889c9f539e86f,John Naylor,2025-02-24 18:03:29+07:00,Silence warning in older versions of Valgrind
2421e9a51d20bb83154e54a16ce628f9249fa907,Michael Paquier,2025-02-24 09:51:56+09:00,Remove read/sync fields from pg_stat_wal and GUC track_wal_io_timing
fc0d0ce978752493868496be6558fa17b7c4c3cf,Tom Lane,2025-02-23 14:16:26-05:00,Ignore hash's relallvisible when checking pg_upgrade from pre-v10.
454c182f8542890d0e2eac85f70d9a254a34fce3,Peter Eisentraut,2025-02-23 14:27:02+01:00,backend libpq void * argument for binary data
ebdccead1647aec1122810dad498438d9964f35f,Peter Eisentraut,2025-02-23 12:38:21+01:00,SnapBuildRestoreContents() void * argument for binary data
a4e986ef5a4698b43a3a9b11791b282734938ed1,Michael Paquier,2025-02-23 16:43:07+09:00,Add more tests for utility commands in pipelines
f98765f0ce90e465e35c809f4b3caaeeb3d24610,Peter Eisentraut,2025-02-23 08:34:55+01:00,jsonb internal API void * argument for binary data
cb45dc3afb05ce5e5267b1a9be4725d0be7ee33c,Jeff Davis,2025-02-22 10:03:11-08:00,Documentation fixups for dumping statistics.
bba2fbc6238b2a0a7f348fbbb5c31ffa7623bc39,Álvaro Herrera,2025-02-22 10:05:26+01:00,Change \conninfo to use tabular format
4f1b6e5bb4fe9bc74395d30d689b28e9cda654a5,Amit Langote,2025-02-22 15:19:23+09:00,Remove unstable test suite added by 525392d57
f8d7f29b3e81db59b95e4b5baaa6943178c89fd8,Andres Freund,2025-02-21 20:55:23-05:00,Allow lwlocks to be disowned
44cbba9a7f51a3888d5087fc94b23614ba2b81f2,Robert Haas,2025-02-21 19:20:41-05:00,"Adjust EXPLAIN test case to filter out ""Actual Rows"" values."
98fc31d6499163a0a781aa6f13582a07f09cd7c6,Tom Lane,2025-02-21 17:07:01-05:00,"Avoid race condition between ""GRANT role"" and ""DROP ROLE""."
ddb17e387aa28d61521227377b00f997756b8a27,Robert Haas,2025-02-21 16:14:13-05:00,Allow EXPLAIN to indicate fractional rows.
78d3f48895029e2c7c579fc38c07f2a197f85ed9,Masahiko Sawada,2025-02-21 12:31:16-08:00,Add test 005_char_signedness.pl to meson.build.
29d75b25b567e5c91b895a6148211399c9c97554,Tom Lane,2025-02-21 13:37:15-05:00,Fix pg_dumpall to cope with dangling OIDs in pg_auth_members.
dfd8e6c73eeaa8a4d53851ba01e8d7b1c0bef0e3,Masahiko Sawada,2025-02-21 10:27:39-08:00,Fix an issue with index scan using pg_trgm due to char signedness on different architectures.
1aab6805919b84a2f2477132d96f2147ed36150e,Masahiko Sawada,2025-02-21 10:23:39-08:00,pg_upgrade: Add --set-char-signedness to set the default char signedness of new cluster.
a8238f87f980848c2d69c105555c4383e20e7670,Masahiko Sawada,2025-02-21 10:19:40-08:00,pg_upgrade: Preserve default char signedness value from old cluster.
30666d1857d7a785331f5805c20ec19430500466,Masahiko Sawada,2025-02-21 10:14:36-08:00,pg_resetwal: Add --char-signedness option to change the default char signedness.
44fe30fdab6746a287163e7cc093fd36cda8eb92,Masahiko Sawada,2025-02-21 10:12:08-08:00,Add default_char_signedness field to ControlFileData.
901a1cf8b4a291a3a22021bf7acb516c1d278e53,Bruce Momjian,2025-02-21 13:03:29-05:00,doc:  clarify default checksum behavior in non-master branches
6ea0734e41de4f7f39c0df05736c1714aa004b61,Bruce Momjian,2025-02-21 12:15:53-05:00,"doc: remove non-breaking space in SGML files, causes make error"
32ce58e9e97723958d43e09fc3203a302c1eb4b5,Andres Freund,2025-02-21 11:25:05-05:00,Make test portlock logic work with meson
665cafe8a4bd23b4f14194b0671d3ef09dc55864,Michael Paquier,2025-02-21 20:37:31+09:00,Fix cross-version upgrades with XMLSERIALIZE(NO INDENT)
329304c9012b2ac6d906afeb18062f9080dceef9,Peter Eisentraut,2025-02-21 12:21:17+01:00,Support text position search functions with nondeterministic collations
41336bf085599892b37ecfeace1576d9ae9a599a,Daniel Gustafsson,2025-02-21 11:28:42+01:00,doc: Add links to olsen93 and ong90 in bibliography
b4e0d0c53fabe7d19b6a081d6c2b98aa4df55295,Amit Kapila,2025-02-21 14:34:40+05:30,Fix a WARNING for data origin discrepancies.
984410b923263cac901fa81e0efbe523e9c36df3,Michael Paquier,2025-02-21 17:30:56+09:00,Add missing deparsing of [NO] IDENT to XMLSERIALIZE()
7d6d2c4bbd730bd9af191d46d4fb01d5f5c30cf1,Peter Eisentraut,2025-02-21 09:07:16+01:00,Drop opcintype from index AM strategy translation API
7202d72787d3b93b692feae62ee963238580c877,Peter Eisentraut,2025-02-21 08:03:33+01:00,backend launchers void * arguments for binary data
b50a554cc84066577f0f0a3baafe2f1fac302006,Jeff Davis,2025-02-20 22:31:22-08:00,Fix for pg_restore_attribute_stats().
41625ab8ea3d0a2656dd0f067f1f0b61df63af97,Michael Paquier,2025-02-21 11:19:59+09:00,psql: Add support for pipelines
40af897eb777bc8a6afca14195587e79e57a5c06,Michael Paquier,2025-02-21 09:18:49+09:00,Add braces for if block with large comment in psql's common.c
2c53dec7f4407c022f8b83e1a63fe0ae1bbb4dc2,Daniel Gustafsson,2025-02-20 21:29:21+01:00,Add missing entry to oauth_validator test .gitignore
3e4d868615408370fe6c2977c32f45a47c372b00,Peter Eisentraut,2025-02-20 19:49:27+01:00,Remove various unnecessary (char *) casts
ab84d0ff806dd791ea9da5f1ca302daf3cf42980,Jeff Davis,2025-02-20 10:21:24-08:00,Trial fix for old cross-version upgrades.
8e4d72573cc8b8bdc081661c0a3a76d6573eaa38,Andrew Dunstan,2025-02-20 11:36:07-05:00,Ignore blank lines in pgindent exclude files
9d9a71002a1c1a04005c40d9cd5a6d3db50d32b0,Daniel Gustafsson,2025-02-20 16:25:47+01:00,cirrus: Temporarily fix libcurl link error
b3f0be788afc17d2206e1ae1c731d8aeda1f2f59,Daniel Gustafsson,2025-02-20 16:25:17+01:00,Add support for OAUTHBEARER SASL mechanism
1fd1bd871012732e3c6c482667d2f2c56f1a9395,Jeff Davis,2025-02-20 01:29:06-08:00,Transfer statistics during pg_upgrade.
7da344b9f84f0c63590a34136f3fa5d0ab128657,Amit Kapila,2025-02-20 14:02:29+05:30,Improve errdetail message added by ac0e33136a.
525392d5727f469e9a5882e1d728917a4be56147,Amit Langote,2025-02-20 17:09:48+09:00,Don't lock partitions pruned by initial pruning
4aa6fa3cd0a2422f1bb47db837b82f2b53d4c065,Amit Kapila,2025-02-20 11:25:29+05:30,Include schema/table publications even with exclude options in dump.
f11674f8dfe811390dfeaf6f3c3a554dbeb790e1,Michael Paquier,2025-02-20 14:22:00+09:00,"doc: Fix typo in section ""WAL configuration"""
4538bd3f1dde065820438ea461ad30c993982d92,Michael Paquier,2025-02-20 14:16:23+09:00,"doc: Add details about object ""wal"" in pg_stat_io"
2f70871c2bc18d103d5dd25ff9d91e0da29412ee,Michael Paquier,2025-02-20 13:55:00+09:00,doc: Recommend pg_stat_io rather than pg_stat_wal in WAL configuration
71f17823ba010296da9946bd906bb8bcad6325bc,Michael Paquier,2025-02-20 10:42:20+09:00,Fix FATAL message for invalid recovery timeline at beginning of recovery
d38bab5edd60dbe6309512b6c8daea37ce579b70,Andres Freund,2025-02-19 19:35:09-05:00,pgbench: Increase RLIMIT_NOFILE if necessary
9b1cb58c5f2127ddc682778b486739059ea2479d,Michael Paquier,2025-02-20 09:30:54+09:00,test_escape: Fix output of --help
9ba7bcc894f1cafb0793a3a62658bd91db1dbecf,Tomas Vondra,2025-02-19 23:53:37+01:00,Correct relation size estimate with low fillfactor
e596e077bbb3b512bbc80610d64dc007a5761ce6,Tom Lane,2025-02-19 16:45:12-05:00,Assert that ExecOpenIndices and ExecCloseIndices are not repeated.
9ff68679b50f291d1c38e09748721a9732439508,Tom Lane,2025-02-19 16:35:15-05:00,Fix crash in brininsertcleanup during logical replication.
a1b4f289beec19534e5e34e1a962c5828b306ce2,Tomas Vondra,2025-02-19 21:08:20+01:00,Consider BufFiles when adjusting hashjoin parameters
8b886a4e34886bf2d1dd4f5e7d95f4ddadc3afa8,Andres Freund,2025-02-19 10:45:48-05:00,tests: BackgroundPsql: Fix potential for lost errors on windows
80d7f990496b1c7be61d9a00a2635b7d96b96197,Álvaro Herrera,2025-02-19 13:06:13+01:00,Add ATAlterConstraint struct for ALTER .. CONSTRAINT
e983ee9380fcac746f9b6b7c360d255d9fcd0907,Alexander Korotkov,2025-02-19 11:59:30+02:00,Improve statistics estimation for single-column GROUP BY in sub-queries
8a695d7998be67445b9cd8e67faa684d4e87a40d,Amit Kapila,2025-02-19 15:02:22+05:30,Add a test for commit ac0e33136a using the injection point.
302cf15759233e654512979286ce1a5c3b36625f,Michael Paquier,2025-02-19 15:50:37+09:00,Add support for LIKE in CREATE FOREIGN TABLE
e7563e3c75a83898eff495533b4736093c73778a,Amit Langote,2025-02-19 15:08:17+09:00,doc: Fix some issues with JSON_TABLE() examples
ac0e33136abc4668c9b08e1ba7db69afe1e0e2c3,Amit Kapila,2025-02-19 09:29:50+05:30,Invalidate inactive replication slots.
b464e51ab32fbf09cf5d9c911a8e26f491ad1f44,Tom Lane,2025-02-18 21:13:54-05:00,Update to latest Snowball sources.
71d02dc478d574c75bd0af82cec774c7b9059a61,Richard Guo,2025-02-19 11:05:35+09:00,Fix unsafe access to BufferDescriptors
c39392ebaeeff7dafbc255844bcc605aaef01d7d,Richard Guo,2025-02-19 10:02:32+09:00,Fix freeing a child join's SpecialJoinInfo
aef6f907f63106437d059e1a0a2b696b067fb0af,Michael Paquier,2025-02-19 09:45:42+09:00,test_escape: Fix handling of short options in getopt_long()
f2e4c2b2039e8e1944c6b50531910cc389f47ace,Michael Paquier,2025-02-19 08:42:35+09:00,Make the description of some GUCs more consistent
06dc1ffd24096f7c71d1abeaa9e96fec4db9313d,Bruce Momjian,2025-02-18 15:51:31-05:00,doc: add example of sign mismatch with POSIX/ISO-8601 time zones
a1f7f80bfef105c8c02153e8832d4106df3cf459,Jeff Davis,2025-02-18 10:37:50-08:00,Update outdated comments in nodeAgg.c.
c623e8593ec4ee6987f3cd9350ced7caf8526ed2,Melanie Plageman,2025-02-18 09:29:10-05:00,Reduce scope of heap vacuum per_buffer_data
95ef3d902950317650ccea4b9a8bef47936eae35,Daniel Gustafsson,2025-02-18 13:23:13+01:00,Add PGErrorVerbosity to typedefs.list
593509202f669dbc4a9db33bb3aca2bd68f7ab5c,David Rowley,2025-02-19 00:42:22+13:00,Fix poorly written regression test
217919dd0954f54402e8d0a38cd203a740754077,Amit Kapila,2025-02-18 12:15:43+05:30,Raise a WARNING for max_slot_wal_keep_size in pg_createsubscriber.
53d3daa491be458e543dd5bf24d40595e588e4e7,John Naylor,2025-02-18 11:04:55+07:00,Specialize intarray sorting
164bac92f08ccddd6701d44a5338d72c22f7b5c2,Amit Kapila,2025-02-18 09:23:43+05:30,Doc: Improve pg_replication_slots.inactive_since description.
2509b857cc1067be628291864289f27325760477,Thomas Munro,2025-02-18 14:44:59+13:00,Fix typo in 2a8a0067.
9cdc21b533d43829eb1337c8b16e147f6de7c53e,Daniel Gustafsson,2025-02-17 20:23:34+01:00,Fix translator notes in comments
c407d5426b877b41be87f9e679e321bb2c42e47d,Tomas Vondra,2025-02-17 18:12:15+01:00,Add tab completion for ALTER USER/ROLE RESET
9df8727c5067916580f82da8b249136391de8544,Tomas Vondra,2025-02-17 18:12:15+01:00,Add tab completion for ALTER DATABASE RESET
fc069a3a6319b5bf40d2f0f1efceae1c9b7a68a8,Alexander Korotkov,2025-02-17 12:44:12+02:00,Implement Self-Join Elimination
3fb58625d18fd226cb929c9700d0db72ac92c075,Alexander Korotkov,2025-02-17 12:35:28+02:00,Revert: Get rid of WALBufMappingLock
75dfde13639a57513e23e58c961a69c5bbf017b6,Amit Langote,2025-02-17 16:12:03+09:00,Fix an oversight in cbc127917 to handle MERGE correctly
6a8a7ce476bd5f042999a04a0d767b38ea6faec0,Michael Paquier,2025-02-17 15:09:51+09:00,Add information about WAL buffers full to VACUUM/ANALYZE (VERBOSE)
320545bfcfee9c6826d9ae96a880ec82fc03d860,Michael Paquier,2025-02-17 14:50:33+09:00,Add information about WAL buffers being full to EXPLAIN (WAL)
ce5bcc4a9f26484746f82d23584c8e342cba9b10,Michael Paquier,2025-02-17 13:55:17+09:00,pg_stat_statements: Add wal_buffers_full
eaf502747bacee0122668eb1ba3979f86b8d8342,Michael Paquier,2025-02-17 13:14:28+09:00,Move wal_buffers_full from PgStat_PendingWalStats to WalUsage
6a2275b8953a4462d44daf001bdd60b3d48f0946,Alexander Korotkov,2025-02-17 04:25:29+02:00,Get rid of WALBufMappingLock
fbc0fe9a2efeb6172f93ad74a9656fdac5de2507,Richard Guo,2025-02-17 11:13:15+09:00,Adjust tuples estimate for appendrels
a7f95859ef7763ffb7f87894553ab25f5268f33c,Tom Lane,2025-02-16 12:46:35-05:00,"In fmtIdEnc(), handle failure of enlargePQExpBuffer()."
9f45e6a91d8460ac0b1f30e6ae3eefb185b8d0ab,Tom Lane,2025-02-15 16:20:21-05:00,Make escaping functions retain trailing bytes of an invalid character.
2a8a00674e973dec4d7d74d5e16c7d7cdedf2be5,Thomas Munro,2025-02-15 13:14:03+13:00,Fix explicit valgrind interaction in read_stream.c.
efdadeb2238f5b5f0f32df2f3e7d277d1faf1c4f,Andres Freund,2025-02-14 18:09:19-05:00,Fix PQescapeLiteral()/PQescapeIdentifier() length handling
7720082ae53280857f1eacb86134a9a759290f40,Nathan Bossart,2025-02-14 14:53:28-06:00,Add delay time to VACUUM/ANALYZE (VERBOSE) and autovacuum logs.
9ad1b3d01f369f1b204324857e58d9283ff0a527,Daniel Gustafsson,2025-02-14 21:18:37+01:00,pgcrypto: Add support for CFB mode in AES encryption
760bf588de91daa5426e3d7aaf77de5abde063b4,Nathan Bossart,2025-02-14 12:57:13-06:00,Use PqMsg_Progress macro in HandleParallelMessage().
c3e775e608f2a6d0bcfba147bf08a506827cc567,Melanie Plageman,2025-02-14 12:57:49-05:00,Use streaming read I/O in VACUUM's third phase
9256822608f3b0636cfd88c3436cdceda7003cf3,Melanie Plageman,2025-02-14 12:57:43-05:00,Use streaming read I/O in VACUUM's first phase
32acad7d1d0a83a1815e15fe28b421d3471ef774,Melanie Plageman,2025-02-14 12:57:37-05:00,Convert heap_vac_scan_next_block() boolean parameters to flags
977d865c36cc6ed4e813b8545b09d06f51534011,Nathan Bossart,2025-02-14 10:44:30-06:00,Describe special values in GUC descriptions more consistently.
67a02341572e0dcf27a290953317a39c7f15cc82,Daniel Gustafsson,2025-02-14 11:50:56+01:00,Fix assertion on dereferenced object
9e17ac997f921c9de99125a97a0f34ae50f5c498,Thomas Munro,2025-02-14 13:16:05+13:00,Remove obsolete comment.
432c30dc4ee05bda56f8de9f3da8bb958400ade9,Nathan Bossart,2025-02-13 16:47:42-06:00,Remove unused parameter from execute_extension_script().
ed5e5f071033c8bdaabc8d9cd015f89aa3ccfeef,Peter Eisentraut,2025-02-13 10:57:07+01:00,Remove unnecessary (char *) casts [xlog]
cdaeff9b39d9ea0cdd8a0676dc6aac7d719b4541,Peter Eisentraut,2025-02-13 10:33:14+01:00,"XLogRegisterData, XLogRegisterBufData void * argument for binary data"
773c51dd39ada5f107a3656377a9611ff89132f1,Michael Paquier,2025-02-13 16:30:58+09:00,Fix MakeTransitionCaptureState() to return a consistent result
abfb29648f9adcde84656afde1d50bc8b8e9b6e0,Masahiko Sawada,2025-02-12 16:55:00-08:00,Rename RBTXN_PREPARE to RBTXN_IS_PREPARE for better clarification.
072ee847ad4c3fb52b0c24f7dddbe0798bd70c24,Masahiko Sawada,2025-02-12 16:31:34-08:00,Skip logical decoding of already-aborted transactions.
9e66a2b7841a5c1f929103c82c73244d3f5f3416,Nathan Bossart,2025-02-12 15:45:40-06:00,Remove unneeded volatile qualifier in fmgr.c.
fd602f29c19d4f483f54d93abe240c12219d9f51,Tom Lane,2025-02-12 16:07:23-05:00,Clean up impenetrable logic in pg_basebackup/receivelog.c.
fcd77a6873018c06a34761b7be0c0d1fd847fdd5,Tom Lane,2025-02-12 15:46:31-05:00,Fix minor memory leaks in pg_dump.
c45963c5d5cc0a3b8739ba158f781452a3fd89c5,Andres Freund,2025-02-12 09:40:20-05:00,ci: Collect core files on NetBSD and OpenBSD
e291573534237c154609f320d774ef293c0cd2ee,Andres Freund,2025-02-12 09:40:07-05:00,ci: Test NetBSD and OpenBSD
b64d83115cba32b3baf7bd985fc628efbc2dbc3b,Andres Freund,2025-02-12 08:15:53-05:00,meson: Fix failure to detect bsd_auth.h presence
0fc68c8421b656f2ad03e788d97ff0c59da60e6f,Michael Paquier,2025-02-12 17:58:25+09:00,Fix issue in recovery test 041_checkpoint_at_promote
5b94e2753439b699b78aacbb53e89bf0e814becc,Michael Paquier,2025-02-12 17:11:43+09:00,Fix some inconsistencies with memory freeing in pg_createsubscriber
1b5841d4615045e48c3a0019e36f91e4e71d0912,Peter Eisentraut,2025-02-12 08:59:48+01:00,Remove unnecessary (char *) casts [checksum]
827b4060a8e35047c1adc9ca2ab3d8e7ad905df0,Peter Eisentraut,2025-02-12 08:50:13+01:00,Remove unnecessary (char *) casts [mem]
506183bce73a2b22308a54876f0a56a249bc26e9,Peter Eisentraut,2025-02-12 08:49:18+01:00,Remove unnecessary (char *) casts [string]
0bc34ad69204dded9cd06d03c3ced656eb137dc3,John Naylor,2025-02-12 13:18:14+07:00,Doc: Fix punctuation errors
bb8dff9995f2cf501376772898bcbcf58aa05cde,Nathan Bossart,2025-02-11 16:38:14-06:00,Add cost-based vacuum delay time to progress views.
e5b0b0ce150972bf162a059430d84e5f8e07cf30,Nathan Bossart,2025-02-11 16:38:14-06:00,Add is_analyze parameter to vacuum_delay_point().
d0d649e91685081e6c5334d6d01ab4cd735b397d,Melanie Plageman,2025-02-11 16:52:08-05:00,Limit pgbench COPY FREEZE to ordinary relations
38172d1856b34792a5ee60eaa0d883166e90d33d,Jeff Davis,2025-02-11 11:26:25-08:00,Injection points for hash aggregation.
052026c9b903380b428a4c9ba2ec90726db81288,Melanie Plageman,2025-02-11 13:53:48-05:00,Eagerly scan all-visible pages to amortize aggressive vacuum
4dd09a1d415d143386d5e6dc9519615a8b18f850,Andres Freund,2025-02-11 12:53:40-05:00,"config: Rename ""Asynchronous Behavior"" to ""I/O"""
740766d37cdf466438c0ccb6c4c8acaa62a7fc90,Andres Freund,2025-02-11 12:53:40-05:00,"config: Split ""Worker Processes"" out of ""Asynchronous Behavior"""
c366d2bdba7c3b9b2cca1429d4535866e231ca55,Tom Lane,2025-02-11 12:49:34-05:00,Allow extension functions to participate in in-place updates.
6c7251db0ce12a83dd03c840e7d0ff7516b27229,Tom Lane,2025-02-11 12:34:59-05:00,Implement new optimization rule for updates of expanded variables.
36fb9ef269a092a1203c9482bdf9b3e963728fd9,Tom Lane,2025-02-11 12:27:15-05:00,"Detect whether plpgsql assignment targets are ""local"" variables."
a654af21ae522cc8e867e052defd16f76ffaef2e,Tom Lane,2025-02-11 12:20:05-05:00,Preliminary refactoring of plpgsql expression construction.
6a7283dd2f1c573f2cf3daaf14e8a246577da57d,Tom Lane,2025-02-11 12:14:12-05:00,Refactor pl_funcs.c to provide a usage-independent tree walker.
6998db59c2959c4f280a9088054e6dbf7178efe0,Peter Eisentraut,2025-02-11 11:12:05+01:00,Replace AssertMacro() with Assert() when not in macro
c9238ad853258c3f72d8671df5690f526c973f68,Michael Paquier,2025-02-11 07:40:03+09:00,Fix indentation of comment in plannodes.h
5bf12323b6b8b05790aab6876555568898f4fc81,Tom Lane,2025-02-10 16:30:03-05:00,Adapt appendPsqlMetaConnect() to the new fmtId() encoding expectations.
9f12da78d9538016efccbf17e6f816f1c286b7f5,Jeff Davis,2025-02-10 12:58:13-08:00,Lock table in ShareUpdateExclusive when importing index stats.
979205e47bdc094787b10142e84a7634f7c720dd,Andres Freund,2025-02-10 12:12:14-05:00,Fix type in test_escape test
32c34006b24bf7432c2d0f47da10492de7253d52,Andres Freund,2025-02-10 10:03:37-05:00,"docs: EUC_TW can be up to four bytes wide, not three"
ac00ff1c96081ea4981f1001209b4719f5cd82ac,Andres Freund,2025-02-10 10:03:37-05:00,Add test of various escape functions
5dc1e42b4fa6a4434afa7d7cdcf0291351a7b873,Andres Freund,2025-02-10 10:03:37-05:00,Fix handling of invalidly encoded data in escaping functions
3e98c8ce50e46d58b91bf3ea806e995296dc5b91,Andres Freund,2025-02-10 10:03:37-05:00,Specify the encoding of input to fmtId()
4dc28963533704fc7dd922b9447467466a233d89,Andres Freund,2025-02-10 10:03:37-05:00,Add pg_encoding_set_invalid()
3d17d7d7fb7a4603b48acb275b5a416f110db464,Michael Paquier,2025-02-10 09:58:25+09:00,Reformat node comments in plannodes.h
9926f854d07784d72aada16c8038b558fbc45d13,Peter Eisentraut,2025-02-09 13:43:56+01:00,Cache NO ACTION foreign keys separately from RESTRICT foreign keys
a9258629edabd461f998ec7d06cdf554e8a6a6ec,Peter Eisentraut,2025-02-09 12:43:30+01:00,Make TLS write functions' buffer arguments pointers const
169208092f5c98a6021b23b38f03a5d65f84ad96,Michael Paquier,2025-02-09 16:52:33+09:00,Refactor TAP test code for file comparisons into new routine in Utils.pm
ecb8226af63dc8f1c0859977102764704368693b,Tom Lane,2025-02-07 22:12:38-05:00,"PDF docs build: avoid spurious ""warn"" in build logs."
fb056564ec5bc1c18dd670c963c893cdb6de927e,Tom Lane,2025-02-07 13:41:42-05:00,Fix pgbench performance issue induced by commit af35fe501.
11bba6e49407cbaa3a9cd317bb3a1f08b8c5609b,Tom Lane,2025-02-07 12:40:41-05:00,Doc: clarify behavior of timestamptz input some more.
b92c03342dcd69d259262b06b5c290e27249cb11,Peter Eisentraut,2025-02-07 11:23:34+01:00,Allow non-btree speculative insertion indexes
bfe21b760e039163b91279f58fd09a0298572775,Peter Eisentraut,2025-02-07 11:23:34+01:00,Support non-btree indexes for foreign keys
83ea6c54025bea67bcd4949a6d58d3fc11c3e21b,Peter Eisentraut,2025-02-07 09:46:59+01:00,Virtual generated columns
cbc127917e04a978a788b8bc9d35a70244396d5b,Amit Langote,2025-02-07 17:15:09+09:00,Track unpruned relids to avoid processing pruned relations
926c7fce03603b49dd2529e37d47b805730584fc,Michael Paquier,2025-02-07 13:58:22+09:00,"injection_points: Tweak more permutation in isolation test ""basic"""
428fadb7e97e3c95180d75dea73de99c491a9f65,Michael Paquier,2025-02-07 09:42:31+09:00,Move SQL tests of pg_stat_io for WAL data to recovery test 029_stats_restart
401a6956fa69c9202cbc14c09ba8a9c430b90cac,Nathan Bossart,2025-02-06 15:23:40-06:00,Disallow COPY FREEZE on foreign tables.
a99a32e43ed72bd4fdb0950d2359fa4aa50fab76,Daniel Gustafsson,2025-02-06 22:19:21+01:00,libpq: Handle asynchronous actions during SASL
44ec09575145e908be8130de701e5c83995d1abe,Daniel Gustafsson,2025-02-06 20:26:46+01:00,Remove support for linking with libeay32 and ssleay32
527f8fec220b4c3b84d353543e9741b76d396a11,Nathan Bossart,2025-02-06 11:59:12-06:00,Fix autovacuum_vacuum_max_threshold's GUC description.
affd38e55a3cabbc4c64198dde71c22a94877690,Daniel Gustafsson,2025-02-06 15:13:40+01:00,pgcrypto: Remove static storage class from variables
9e020050b8fa8e184bc1d58e6a4bc1edfa76cb8c,Michael Paquier,2025-02-06 10:39:41+09:00,"injection_points: Re-enable permutation in isolation test ""basic"""
306dc520b9dfd6014613961962a89940a431a069,Nathan Bossart,2025-02-05 15:48:18-06:00,Introduce autovacuum_vacuum_max_threshold.
a14707da564e8c94bd123f0e3a75e194fd7ef56a,Tom Lane,2025-02-05 12:45:58-05:00,"Show more-intuitive titles for psql commands \dt, \di, etc."
ee4667f0184d87a2e58822e6a9edad563fa164fd,Daniel Gustafsson,2025-02-05 13:58:40+01:00,doc: Update links which returned 404
0ec3c295e7594ed3af86bca1a4b4be269c2f069d,Amit Kapila,2025-02-05 08:56:14+05:30,Avoid updating inactive_since for invalid replication slots.
b2bdb972c0df3b7091e39d1a31484e5e065519f4,Andres Freund,2025-02-04 17:56:19-05:00,meson: ci: ensure tests are built before running them
26aca4de43d5b17916cd9204e9e2d1bf0964f6cb,Andres Freund,2025-02-04 17:56:19-05:00,meson: Add missing dependencies for libpq tests
c89525d57bce57f759042c746b15676e0ea30ce2,Andres Freund,2025-02-04 17:56:19-05:00,meson: Add missing dependencies to libpq_pipeline test
1be5c37372432d88925d4bc6ab08b1249b558a8f,Andres Freund,2025-02-04 17:56:19-05:00,meson: Add test dependencies for test_json_parser
69b05d581eca97fd4de5860cd91ea457fcbfd161,Andres Freund,2025-02-04 17:56:19-05:00,meson: Add pg_regress_ecpg to ecpg test dependencies
74ef4855b08125390f9142517d5e8eff2257900c,Andres Freund,2025-02-04 17:56:19-05:00,meson: Improve dependencies for tmp_install test target
c2ede6640ca2d0f2966ef6aaa5d9b245642cdb53,Andres Freund,2025-02-04 17:56:19-05:00,meson: Narrow dependencies for 'install-quiet' target
ff1975ddd0270703306dee56601b17742d0934b6,Alexander Korotkov,2025-02-05 00:45:49+02:00,pg_controldata: Fix possible errors on corrupted pg_control
627d63419e22054551327216d2b2de3e6977fade,Alexander Korotkov,2025-02-04 23:21:49+02:00,Allow usage of match_orclause_to_indexcol() for joins
23ef119f58e3eaa29bedc69320fd61b108ab8c10,Alexander Korotkov,2025-02-04 23:18:47+02:00,Revise the header comment for match_clause_to_indexcol()
f3e4aeb744da6acf909e9c5a7a83338fba1984a7,Nathan Bossart,2025-02-04 13:26:57-06:00,vacuumdb: Add missing PQfinish() calls to vacuum_one_database().
cc2c9fa6960c4abd5e4f4bcafb35fd3ba7b5ee98,Peter Eisentraut,2025-02-04 15:51:42+01:00,sepgsql: update TAP test to use fat comma style
a051e71e28a12342a4fb39a3c149a197159f9c46,Michael Paquier,2025-02-04 16:50:00+09:00,Add data for WAL in pg_stat_io and backend statistics
622f678c10202c8a0b350794d504eeef7b773e90,Peter Eisentraut,2025-02-03 10:53:18+01:00,Integrate GistTranslateCompareType() into IndexAmTranslateCompareType()
43a15eb9400dba2b0b97be72d1a3745a6a6f7136,Tom Lane,2025-02-02 22:37:13-05:00,Fix incorrect range in pg_regress comment.
b998fedab74c6cf4e564c17f4171881759a093ee,Michael Paquier,2025-02-03 11:19:58+09:00,Improve comment on top of pgstat_count_io_op_time()
fcce828529ee36ac452aead60fe95648bde3256c,Michael Paquier,2025-02-03 09:22:45+09:00,Fix typo in xlog.c
c09e5a6a01659a66dd84f3e745694999d3414ddd,Peter Eisentraut,2025-02-02 10:26:04+01:00,Convert strategies to and from compare types
119fc30dd5bd918819b864107ddc8baac51f4d22,Peter Eisentraut,2025-02-02 08:11:57+01:00,Move CompareType to separate header file
d61b9662b09ea55d175680cc31b24768d95972f6,Michael Paquier,2025-02-02 11:31:21+09:00,Mention jsonlog in description of logging_collector in GUC table
43493cceda2fb75e07a63cec46000407661d505d,Peter Eisentraut,2025-02-01 10:42:58+01:00,Add get_opfamily_name() function
a5709b5bb293a554913c4b1f6a9c58d1915ba3f7,Peter Eisentraut,2025-02-01 10:18:46+01:00,Rename GistTranslateStratnum() to GistTranslateCompareType()
2452e71ff2fe642ff35535d48a728aeca2d61a8d,Peter Eisentraut,2025-02-01 10:09:45+01:00,Add script to keep .editorconfig in sync with .gitattributes
79e872fedb4d2f73baa0a80ba572480774edc61b,Amit Langote,2025-02-01 16:48:18+09:00,Add commit 76aa615943 to .git-blame-ignore-revs
53a49365052026907afff7613929710d1e7f0da0,Tom Lane,2025-01-31 15:17:15-05:00,Doc: add commentary about cowboy assignment of maintenance_work_mem.
d4c3a6b8ad830882066122081a7141ecd573f45d,Tom Lane,2025-01-31 14:36:56-05:00,Remove obsolete restriction on the range of log_rotation_size.
041e8b95b8cd251bfec6a3c9c3dd6614de6a4c9b,Tom Lane,2025-01-31 13:52:40-05:00,"Get rid of our dependency on type ""long"" for memory size calculations."
f8d8581ed882b79b512daaa7f71ca19c8eafcaef,Daniel Gustafsson,2025-01-31 15:47:28+01:00,require_auth: prepare for multiple SASL mechanisms
e21d6f297158db1383a7c9a668ebe1048f2eac39,Daniel Gustafsson,2025-01-31 15:39:35+01:00,Move PG_MAX_AUTH_TOKEN_LENGTH to libpq/auth.h
59d6c03956193f622c069a4ab985bade27384ac4,Daniel Gustafsson,2025-01-31 10:44:21+01:00,doc: Fix pg_buffercache_evict() title
76aa615943049c04efd36ab4765c06eda89cdfea,Amit Langote,2025-01-31 16:44:24+09:00,Fix bad indentation introduced in commit d47cbf474
d47cbf474ecbd449a47c8c1b4aaa1874f7698271,Amit Langote,2025-01-31 15:47:15+09:00,Perform runtime initial pruning outside ExecInitNode()
f41d8468ddea34170fe19fdc17b5a247e7d3ac78,Amit Kapila,2025-01-31 10:27:35+05:30,Raise an error while trying to acquire an invalid slot.
a632cd354d35e1c3352061c375b4458876c9f10a,Michael Paquier,2025-01-31 12:41:39+09:00,injection_points: Add routine able to drop all stats
ce5c620fb6252dca00d3856d5f09d56c7f1215d0,Michael Paquier,2025-01-31 12:27:19+09:00,Add pgstat_drop_matching_entries() to pgstats
1e380fa7d82df8a1730b80a911f50952c711f2a8,Michael Paquier,2025-01-31 11:05:57+09:00,Fix comment of StrategySyncStart()
b9d232b9de89aa9282f9a2e7c85f783bcd334af2,Tom Lane,2025-01-30 16:44:47-05:00,"Use ""ssize_t"" not ""long"" in max_stack_depth-related code."
b9aa4166fa3823d4f1f76286ca21fcfa991ce036,Tom Lane,2025-01-30 15:36:44-05:00,Avoid integer overflow while testing wal_skip_threshold condition.
a5358c14b2fe2210a1ac0b836f8d54723043fba2,Melanie Plageman,2025-01-30 15:28:33-05:00,Move BitmapTableScan per-scan setup into a helper
115a365519bfd53a65bf17d253b26902eff0c337,Tom Lane,2025-01-30 13:21:42-05:00,Simplify executor's handling of CaseTestExpr & CoerceToDomainValue.
6252b1eaf82bb8db361341d1c8651e43b29be816,Amit Kapila,2025-01-30 11:09:18+05:30,Doc: Generated column replication.
bb3ec16e14ded1d23a46d3c7e623a965164fa124,Amit Langote,2025-01-30 11:57:32+09:00,Move PartitionPruneInfo out of plan nodes into PlannedStmt
ba0da16bd054de854c200a2dfa0b21c70e0300cf,Tom Lane,2025-01-29 15:42:25-05:00,Require callers of coerce_to_domain() to supply base type/typmod.
0da39aa7667b06e16189d318f7850d559d446d52,Tom Lane,2025-01-29 15:31:55-05:00,Handle default NULL insertion a little better.
6cddecdfb00b35c1d0256600d76f68c702dedec7,Tom Lane,2025-01-29 14:24:36-05:00,Avoid breaking SJIS encoding while de-backslashing Windows paths.
f6ff75f79689d2d0c5bb241435d7fc6a63273223,Tom Lane,2025-01-29 13:23:31-05:00,Make BufferIsExclusiveLocked and BufferIsDirty work for local buffers.
128897b101e0a7bc8621abac746ea99d444d83ae,John Naylor,2025-01-29 14:39:14+07:00,"Fix grammatical typos around possessive ""its"""
235328ee4ae49cd5abf3c1c9b81f3b809507e5f2,John Naylor,2025-01-29 13:35:43+07:00,"Revert ""Speed up tail processing when hashing aligned C strings, take two"""
4f071349c0c28543fa8b84a5ce0b2f619c089ace,Michael Paquier,2025-01-29 08:49:48+09:00,Improve test coverage of network address functions
75eb9766ec201b62f264554019757716093e2a2f,Amit Kapila,2025-01-28 10:42:46+05:30,Rename pubgencols_type to pubgencols in pg_publication.
30a6ed0ce4bb18212ec38cdb537ea4b43bc99b83,Michael Paquier,2025-01-28 09:57:32+09:00,Track per-relation cumulative time spent in [auto]vacuum and [auto]analyze
5afaba6297a8dd6999c8bc9f517a3ad38bd39652,Peter Eisentraut,2025-01-27 12:02:00+01:00,doc: Meson is not experimental on Windows
65281391a937293db7fa747be218def0e9794550,Michael Paquier,2025-01-27 13:51:23+09:00,Print out error position for some ALTER TABLE ALTER COLUMN type
14793f47192b5eb02197cd03afb88559d7514b76,Michael Paquier,2025-01-27 08:00:19+09:00,pg_amcheck: Fix test failure on Windows with non-existing role
2f12df7eb46d5eb428a77a8aa5dc951011418935,Noah Misch,2025-01-26 09:39:05-08:00,Test postmaster with program_options_handling_ok() et al.
0a16c8326c5a14abd180eeefe5e5ee4263513c2a,Álvaro Herrera,2025-01-26 17:34:28+01:00,Add missing CommandCounterIncrement
d28cd3e7b21c41a710fd9c188a57dad99f28805f,Noah Misch,2025-01-25 11:28:14-08:00,"At update of non-LP_NORMAL TID, fail instead of corrupting page header."
81772a495ec98d36eabf5cc294e7031a9545c5c1,Noah Misch,2025-01-25 11:28:14-08:00,Merge copies of converting an XID to a FullTransactionId.
4f6ec3831d3e6a237eb6197451472e70282654db,Noah Misch,2025-01-25 11:28:14-08:00,Disable runningcheck for src/test/modules/injection_points/specs.
7819a25cd101b574f5422edb00fe3376fbb646da,Noah Misch,2025-01-25 11:28:14-08:00,"Test ECPG decadd(), decdiv(), decmul(), and decsub() for risnull() input."
d83a108c10a3ec886a24c620a915aa2c5bc023aa,Tom Lane,2025-01-25 12:42:22-05:00,"Doc: recommend ""psql -X"" for restoring pg_dump scripts."
87a6690cc69530703b7da7e72769bae2ac5b2e77,Andres Freund,2025-01-25 11:37:13-05:00,Change shutdown sequence to terminate checkpointer last
04ace176e08f2c694bb66b5b91cbd9d4d0bd77ea,Tom Lane,2025-01-25 11:24:16-05:00,Tighten pg_restore's recognition of its -F (format) option values.
d2ca16bb509c453eac181c1ef805ff55289df779,Jeff Davis,2025-01-25 00:12:30-08:00,Fix PDF doc build.
38273b5f831bc7651fc479eacf3644e96a551af8,Tomas Vondra,2025-01-25 02:12:59+01:00,Use the correct sizeof() in BufFileLoadBuffer
bfc5992069cf00b189af83d96a83ae5ebb65e938,Jeff Davis,2025-01-24 14:56:22-08:00,Add SQL function CASEFOLD().
f15538cd27d4eeb7d665263a3d7b5700362d7eb0,Andres Freund,2025-01-24 17:08:33-05:00,postmaster: Adjust which processes we expect to have exited
463a2ebd9fda4fa94833838d0a372f7fd53b5b8a,Andres Freund,2025-01-24 17:08:31-05:00,postmaster: Commonalize FatalError paths
8edd8c77c88e75822334ccb8376d2c151d6e5615,Andres Freund,2025-01-24 17:00:10-05:00,postmaster: Move code to switch into FatalError state into function
f0b7ab7251390544c5e79d1d9c96da254181fc4f,Andres Freund,2025-01-24 17:00:10-05:00,postmaster: Don't repeatedly transition to crashing state
d239c1a8e5b6ac467b3479bf3840e3d297a40bef,Andres Freund,2025-01-24 17:00:10-05:00,postmaster: Don't open-code TerminateChildren() in HandleChildCrash()
4d271e3ec25138be360b5a6ee40ec8bfa12459e0,Andres Freund,2025-01-24 17:00:10-05:00,checkpointer: Request checkpoint via latch instead of signal
a5579a90af05814eb5dc2fd5f68ce803899d2504,Tom Lane,2025-01-24 13:20:44-05:00,Make jsonb casts to scalar types translate JSON null to SQL NULL.
13a255c195c9911d6b66179f5c2344597dc47155,Peter Eisentraut,2025-01-24 17:45:55+01:00,Fix copy-and-paste typo
035f99cbebe5ffcaf52f8370394446cd59621ab7,Daniel Gustafsson,2025-01-24 14:25:08+01:00,pgcrypto: Make it possible to disable built-in crypto
924d89a354750976cdd271d1dfc6c1e97cbb8851,Daniel Gustafsson,2025-01-24 14:18:40+01:00,pgcrypto: Add function to check FIPS mode
c44c2d2759876463dcbab2eb608e33ed2e772d12,Álvaro Herrera,2025-01-24 12:54:46+01:00,Fix instability in recently added regression tests
aeb8ea361a0a321a0e1cbc79a4cd3ec0b1191bf2,Peter Eisentraut,2025-01-24 12:39:47+01:00,Convert sepgsql tests to TAP
02ed3c2bdcefab453b548bc9c7e0e8874a502790,Peter Eisentraut,2025-01-24 10:26:12+01:00,meson: Fix sepgsql installation
fd4c4ede708fc5affb04362bb5a8bdc3136fa963,Michael Paquier,2025-01-24 15:19:38+09:00,initdb: Convert tests to use long options with fat comma style
473a575e05979b4dbb28b3f2544f4ec8f184ce65,Peter Eisentraut,2025-01-24 06:55:39+01:00,Return yyparse() result not via global variable
6fc4fc42da07c47a9b8d014ab18d005cf8b3e176,Amit Kapila,2025-01-24 08:25:21+05:30,Doc: Fix a typo introduced in 4a0e7314f1.
117f9f328e0f146a4b6de517501f4d5d994040a9,Amit Kapila,2025-01-24 08:11:29+05:30,Doc: Fix column name in pg_publication catalog.
4f15759bdcddd23e874526a6b2c0ff86e0beb042,Tom Lane,2025-01-23 14:23:04-05:00,Don't ask for bug reports about pthread_is_threaded_np() != 0.
01463e1cccd33fb11b33a4dd6dbebcad3c534102,Tom Lane,2025-01-23 12:25:55-05:00,Ensure that AFTER triggers run as the instigating user.
4e7f62bc386a479593e4e8ecfb94370f5a88e522,Jeff Davis,2025-01-23 09:06:50-08:00,Add support for Unicode case folding.
7921927bbb9d4a80ced9283b27c26eedb638f555,Tom Lane,2025-01-23 11:08:05-05:00,Reverse the search order in afterTriggerAddEvent().
b663b9436e7509b5e73c8c372539f067cd6e66c1,Álvaro Herrera,2025-01-23 15:54:38+01:00,Allow NOT VALID foreign key constraints on partitioned tables
b35434b134b1e1a306649a8c63c5c46afdcf7b1e,Amit Kapila,2025-01-23 17:47:15+05:30,Fix buildfarm failure introduced by commit e65dbc9927.
34694ec888d6783c3222134305a86e533b43071d,Peter Eisentraut,2025-01-23 12:12:08+01:00,"Convert macros to static inline functions (htup_details.h, itup.h)"
b15b8c5cf882e725c4f4f4628ac6f4d054065b4c,Peter Eisentraut,2025-01-23 12:12:08+01:00,Add some const decorations (htup.h)
e65dbc9927fb86aa3c8a914ede6a6ae934384f5a,Amit Kapila,2025-01-23 15:28:37+05:30,Change publication's publish_generated_columns option type to enum.
eef4a33f62f7300765b5ffa8c966fa2fba50d176,Michael Paquier,2025-01-23 16:03:48+09:00,Add error pattern checks for some TAP tests for non-existing objects
858b4db378f2ba1dacd078b3b052027c3518fd13,Michael Paquier,2025-01-23 15:15:36+09:00,Improve TAP tests of pg_basebackup
172e6b3adb2e2749883ad0746172e4cf97139961,Tom Lane,2025-01-22 15:18:50-05:00,Support RN (roman-numeral format) in to_number().
f0ee648527e54c465e398d993db892af61a228da,Nathan Bossart,2025-01-22 14:11:37-06:00,Fix comment about AVX-512 popcount support.
ea68ea6320ff84f55cf30dff1af662fc0bf5dafa,Tom Lane,2025-01-22 11:58:20-05:00,Repair incorrect handling of AfterTriggerSharedData.ats_modifiedcols.
991974bb48886201948cd8d3f4ea7bce2c6bda4b,Amit Kapila,2025-01-22 15:27:37+05:30,Fix \dRp+ output when describing publications with a lower server version.
41084409f635453efce03f1114880189b4f6ce4c,Peter Eisentraut,2025-01-22 07:32:21+01:00,Additional tests for stored generated columns
ce1b0f9da03e1cebc293f60b378079b22bd7cc0f,Michael Paquier,2025-01-22 14:47:13+09:00,Improve grammar of options for command arrays in TAP tests
4a0e7314f11ee03adfe9df945598c068b4179314,Amit Kapila,2025-01-22 10:54:53+05:30,Doc: Update the interaction of tablesync with wal_retrieve_retry_interval.
be31ac25191b26a8a1db345a727545959654f4cb,Michael Paquier,2025-01-22 10:15:32+09:00,Run perltidy
4907ba304c346051a6535e67c043779755a78e84,Tom Lane,2025-01-21 14:43:21-05:00,Doc: simplify the tutorial's window-function examples.
db19a5061ce954320f47a65c169081cbb2d920f8,Álvaro Herrera,2025-01-21 15:24:49+01:00,"Reword recent error messages: ""should"" -> ""must"""
9b21f203dd879a6a7eb3b8629f3d8cae0c1381a5,Álvaro Herrera,2025-01-21 14:53:46+01:00,Fix detach of a partition that has a toplevel FK to a partitioned table
1772d554b089c4779eaa13ae1487721e3080d119,Peter Eisentraut,2025-01-21 14:39:24+01:00,Fix NO ACTION temporal foreign keys when the referenced endpoints change
888d4523f0c2f7e410739feff3ff97c5f3b9b3ea,Peter Eisentraut,2025-01-21 12:14:49+01:00,Improve whitespace in without_overlaps test
44b61efb7928a10e93408b374fa8df1effc8ef4c,Peter Eisentraut,2025-01-21 08:13:40+01:00,Improve generated_stored test
fb9f955025f7609fd3da0d7e33b77438ddc765de,Amit Langote,2025-01-21 12:53:03+09:00,Refactor ExecScan() to allow inlining of its core logic
4feba03d8b925c4cdda460927611d6b17fb01803,Michael Paquier,2025-01-21 11:30:42+09:00,Rework handling of pending data for backend statistics
28de66cee5f45e2f173fa60dd6867c810ecabe38,Michael Paquier,2025-01-21 10:12:39+09:00,Rename some pgstats callbacks related to flush of entries
60c513f8fa17b83878bc2267b4d1e77dccd38cea,Tom Lane,2025-01-20 16:49:15-05:00,Update time zone data files to tzdata release 2025a.
8108674f0e5639baebcf03b54b7ccf9e9a8662a2,Tom Lane,2025-01-20 15:47:53-05:00,Avoid using timezone Asia/Manila in regression tests.
86749ea3b7660b09cfb951a253c24d2975f189f6,Peter Eisentraut,2025-01-20 15:27:33+01:00,Improve generated_stored test
443a8e4ae364bacc4016f569439546e53b80fd66,Peter Eisentraut,2025-01-20 13:05:50+01:00,Add some more use of Page/PageData rather than char *
4f4a1d853a5c2d31f11c56939c44aa917e77c1da,Peter Eisentraut,2025-01-20 11:06:57+01:00,Add const qualifiers to bufpage.h
6e4df237fbb532e7807cdd97f8b0b0d85093b9ee,Peter Eisentraut,2025-01-20 11:06:49+01:00,Add PageData C type
73f6b9a3b0fe161cd3d35b1e3109cd47864a4b33,Thomas Munro,2025-01-20 16:43:29+13:00,Fix latch event policy that hid socket events.
6cf1647d87e7cd423d71525a8759b75c4e4a47ec,Michael Paquier,2025-01-20 09:29:42+09:00,Fix header check for continuation records where standbys could be stuck
23d7562018b2c772aec26f4641de211d8a930b26,Tom Lane,2025-01-19 14:00:22-05:00,Remove PrintBufferDescs() and PrintPinnedBufs().
ea5ff5833c7d4ae727a5acfc590c848b520775d0,Andrew Dunstan,2025-01-19 09:09:58-05:00,Be clearer about when jsonapi's need_escapes is needed
d3d0983169130a9b81e3fe48d5c2ca4931480956,Jeff Davis,2025-01-17 15:56:30-08:00,Support PG_UNICODE_FAST locale in the builtin collation provider.
286a365b9c25479f8ad82043ed136748733adfa6,Jeff Davis,2025-01-17 15:56:20-08:00,Support Unicode full case mapping and conversion.
6a9b2a631aa3dbac5b351cd0c45631cbc6e8d19e,Nathan Bossart,2025-01-17 15:23:14-06:00,vacuumdb: Fix comment for vacuum_one_database().
86e4efc52b664b60f9494e062bbf0454cabcb61f,Tom Lane,2025-01-17 14:37:38-05:00,Add documentation about calling version-1 C functions from C.
43830ecb8a9b6a1bc322298a77a5e0d87c2e83d4,Dean Rasheed,2025-01-17 10:35:07+00:00,Fix parsing of qualified relation names in RETURNING.
e24d77080b365265f3c854f64e71518622883678,John Naylor,2025-01-17 16:29:25+07:00,Speed up hex_encode with bytewise lookup
0869ea43e9c2257819e5c8719e28fe3b5c527911,Peter Eisentraut,2025-01-17 09:30:42+01:00,Remove flex version checks
b0eff1098860f88dd385e6882ff7b1063d267213,Peter Eisentraut,2025-01-17 08:21:32+01:00,Add pg_nodiscard decorations to base64 functions
a6c70f68cdeb3bed591a2dd7d421bf3536ba5216,Michael Paquier,2025-01-17 13:27:39+09:00,Revert recent changes related to handling of 2PC files at recovery
0dc9c7d200e59b19b2e683f78afa1ee4cfcf3c21,Nathan Bossart,2025-01-16 20:55:24-06:00,Remove redefinitions of SIG_* macros in win32_port.h.
bf826ea062979da02395fb2e8961feeef47604da,Tom Lane,2025-01-16 20:40:07-05:00,Fix setrefs.c's failure to do expression processing on prune steps.
f7a8fc10ccb882249f8624b937f2c3b467d07bd6,Melanie Plageman,2025-01-16 18:42:39-05:00,Add and use BitmapHeapScanDescData struct
7b6468cc9523d7d923487d212281af51f7f3dae2,Michael Paquier,2025-01-17 08:26:17+09:00,Rework macro pgstat_is_ioop_tracked_in_bytes()
d4a43b283751b23d32bbfa1ecc2cad2d16e3dde9,Nathan Bossart,2025-01-16 16:41:05-06:00,Convert libpgport's pqsignal() to a void function.
5cda4fdb0beb64453b634d0ab966912965c7b8f6,Nathan Bossart,2025-01-16 15:56:39-06:00,Avoid calling pqsignal() with invalid signals on Windows frontends.
d7674c9fab09d5bab427ba3b9b7a20b169aba715,Tom Lane,2025-01-16 14:11:19-05:00,Seek zone abbreviations in the IANA data before timezone_abbreviations.
bc10219b9c8931ff4f872b3e799da2208101c574,Tom Lane,2025-01-16 12:43:03-05:00,Make pg_interpret_timezone_abbrev() check sp->defaulttype too.
901bd4a65ab9bc0025be0fc8fe1fce3c69e7b78e,Peter Geoghegan,2025-01-16 11:26:41-05:00,Fix nbtree contradictory array element comment.
86374c9a0e304520044ab8b2cb84849c7db4a9fa,Álvaro Herrera,2025-01-16 16:44:24+01:00,Split ATExecValidateConstraint into reusable pieces
80feb727c869cc0b2e12bd1543bafa449be9c8e2,Dean Rasheed,2025-01-16 14:57:35+00:00,Add OLD/NEW support to RETURNING in DML queries.
7407b2d48cf37bc8847ae6c47dde2164ef2faa34,Peter Eisentraut,2025-01-16 14:37:28+01:00,Remove dead code
7a947ed25b547256c5e05793467ff0f23991073f,Peter Eisentraut,2025-01-16 13:24:11+01:00,refactor: split ATExecAlterConstrRecurse()
d278541be422f348b10c89c638942c25229c5e07,Peter Eisentraut,2025-01-16 09:02:21+01:00,Fix error handling of pg_b64_decode()
ff030ebe25022bdb90cecb7bfe45c6f863e3be30,Peter Eisentraut,2025-01-16 08:35:57+01:00,Check return of pg_b64_encode() for error
965b2cc0a400bc0bc56525f8ae12ddd93c3d5bbd,Amit Kapila,2025-01-16 08:53:39+05:30,Doc: Improve the Replica Identity information.
32a18cc0a73d8deb1e81d6ef8a9d5a6f300ed397,Michael Paquier,2025-01-16 09:25:29+09:00,Move routines to manipulate WAL into PostgreSQL::Test::Cluster
d5221c49a302ee7f3964449cbc730b01ce4e7d40,Peter Eisentraut,2025-01-15 23:11:08+01:00,"Fix cpluspluscheck for ""Change gist stratnum function to use CompareType"""
3edc67d337c2e498dad1cd200e460f7c63e512e6,Melanie Plageman,2025-01-15 14:17:32-05:00,Add more general summary to vacuumlazy.c
44512e7c952f798c9912476ac5fc2132493f9af7,Peter Eisentraut,2025-01-15 18:57:53+01:00,Add a bit of documentation related to IWYU
fecc8021e1c851d2f180cc96521314a0daf2b30b,Peter Eisentraut,2025-01-15 18:57:53+01:00,IWYU pragmas for catalog headers
74938d132093bc0ad99a5420da2e99edaa3734f9,Peter Eisentraut,2025-01-15 18:57:53+01:00,IWYU widely useful pragmas
761c79508e7fbc33c1b11754bdde4bd03ce9cbb3,Peter Eisentraut,2025-01-15 17:58:05+01:00,postgres_fdw: SCRAM authentication pass-through
b6463ea6ef3e46b32be96a23f3a9f47357847ce4,Peter Eisentraut,2025-01-15 16:58:44+01:00,Downgrade error in object_aclmask_ext() to internal
de9037d0d085f25d3c220a45bfbb7abc5794a0c8,Peter Eisentraut,2025-01-15 16:58:44+01:00,Downgrade errors in object_ownercheck() to internal
6fdd5d9563439285df200f7282f0ca68152ef72d,Peter Eisentraut,2025-01-15 15:35:08+01:00,Drop warning-free support for Flex 2.5.35
630f9a43cece93cb4a5c243b30e34abce6a89514,Peter Eisentraut,2025-01-15 11:34:04+01:00,Change gist stratnum function to use CompareType
6339f6468e8217f556e38482626250dc72d7cd00,Peter Eisentraut,2025-01-15 08:44:01+01:00,Rename RowCompareType to CompareType
9a45a89c38f3257b13e09edf382e32fa28b918c2,Tom Lane,2025-01-14 18:50:24-05:00,Avoid symbol collisions between pqsignal.c and legacy-pqsignal.c.
2ae98ea5ab8f22ece06bb206e6a298ecc5770ed4,Melanie Plageman,2025-01-14 15:31:00-05:00,Synchronize guc_tables.c categories with vacuum docs categories
00f4c2959d631c7851da21a512885d1deab28649,Dean Rasheed,2025-01-14 16:29:15+00:00,psql: Add option to use expanded mode to all list commands.
94b914f601bd15829df6f83c0246342ca92630b1,Fujii Masao,2025-01-15 01:23:02+09:00,ecpg: Restore detection of unsupported COPY FROM STDIN.
4cb560b53f8f9e9a94d593f9416c107ed8202110,Dean Rasheed,2025-01-14 13:50:54+00:00,"Consistently spell ""leakproof"" without a hyphen."
2355e51110e7c687c125a5958f12a462931de996,Dean Rasheed,2025-01-14 13:23:24+00:00,"psql: Add leakproof indicator to \df+, \do+, \dAo+, and \dC+ output."
af8cd1639ab298ba8fae62cd9583f1c10a5068e1,Heikki Linnakangas,2025-01-14 14:28:49+02:00,Fix catcache invalidation of a list entry that's being built
ce9a74707d4cf7768cff06298d09c7f7e823341d,Michael Paquier,2025-01-14 15:17:22+09:00,Bump PGSTAT_FILE_FORMAT_ID
720e529840d5a1087a34db445f624c5ece46eb38,Michael Paquier,2025-01-14 15:12:56+09:00,Fix potential integer overflow in bringetbitmap()
d35ea27e51c05cbe3575d50a6b99d64f20a3a742,Michael Paquier,2025-01-14 12:43:07+09:00,Move information about pgstats kinds into its own header pgstat_kind.h
d2181b321852d4dbea8a909d2f039ebdcbf0e009,Michael Paquier,2025-01-14 12:19:51+09:00,Remove assertion in pgstat_count_io_op()
f92c854cf406a5ad34c9aa92416d578819704aa2,Michael Paquier,2025-01-14 12:14:29+09:00,Make pg_stat_io count IOs as bytes instead of blocks for some operations
b4a07f532b40a64fb4714a3f7ab6063435411edb,Jeff Davis,2025-01-13 14:14:33-08:00,"Revert ""TupleHashTable: store additional data along with tuple."""
af2317652d5daf8b382cc65936731c4a3c0aaa4c,Melanie Plageman,2025-01-13 15:21:04-05:00,Reorder vacuum GUCs in postgresql.conf.sample to match docs
1c854eb8931a8ce2ba8e2cc4d0a209a45d836de5,Peter Geoghegan,2025-01-13 15:02:14-05:00,Add BTOPTIONS_PROC comments to nbtree.h.
597b1ffbf12352a3863a894f16741864aaf2242f,Peter Geoghegan,2025-01-13 12:15:00-05:00,Move nbtree preprocessing into new .c file.
a8a762bc46e43bfaf4c03fc50f805fdf53f11888,Nathan Bossart,2025-01-13 09:37:32-06:00,Add commit 6e826278f1 to .git-blame-ignore-revs.
6e826278f1ebd9967c0f8adda29c8960a812e344,Richard Guo,2025-01-13 11:27:32+09:00,Fix pgindent damage
97698cc517c75d3cbb9c680aab3afd36e471b83a,Daniel Gustafsson,2025-01-12 23:44:39+01:00,Fix HBA option count
a93e2a1e25a6d5410abb1446637c4d9a4f24e35d,Dean Rasheed,2025-01-12 13:35:12+00:00,Fix JsonExpr deparsing to quote variable names in the PASSING clause.
d673eefd410cd7f5f95e418990146189f44811af,Dean Rasheed,2025-01-12 12:54:32+00:00,Fix XMLTABLE() deparsing to quote namespace names if necessary.
29dfffae0a6db6cb880ae873169f5512ddab703d,Tom Lane,2025-01-11 11:45:56-05:00,Repair memory leaks in plpython.
ca87c415e2fccf81cec6fd45698dde9fae0ab570,Peter Eisentraut,2025-01-11 10:52:30+01:00,Add support for NOT ENFORCED in CHECK constraints
72ceb21b029433dd82f29182894dce63e639b4d4,Tatsuo Ishii,2025-01-11 15:52:37+09:00,Fix a compiler warning in initStringInfo().
ceb2855522940d5aaae4c6e5eed493d60e3196ce,Jeff Davis,2025-01-10 17:45:27-08:00,Fix redefinition of type in commit e0ece2a981.
e0ece2a981ee9068f50c4423e303836c2585eb02,Jeff Davis,2025-01-10 17:14:37-08:00,TupleHashTable: store additional data along with tuple.
34c6e652425fde42c2746f749e31d196fc0d5538,David Rowley,2025-01-11 13:45:54+13:00,Make verify_compact_attribute available in non-assert builds
a9dcbb4d5c00b703e727e14055ed70c525a86418,Tatsuo Ishii,2025-01-11 08:23:46+09:00,Add new StringInfo APIs to allow callers to specify the buffer size.
ca9c6a5680d7c7dece0f7209ee7ce20c9dfe0840,Melanie Plageman,2025-01-10 18:22:19-05:00,Consolidate docs for vacuum-related GUCs in new subsection
27a1f8d108114ec463101a812f83542c257f8169,Daniel Gustafsson,2025-01-10 22:02:58+01:00,Fix missing ldapscheme option in pg_hba_file_rules()
5b14ec0a48cca3addfc7262c86e60475b7d84c02,Peter Geoghegan,2025-01-10 15:42:17-05:00,Fix obsolete nbtree README left link remarks.
3d0b4b1068018f624d5ef7c9f90b536ed58345b5,Nathan Bossart,2025-01-10 13:18:04-06:00,Use a non-locking initial test in TAS_SPIN on AArch64.
28e7a9968e183a6b8dddaff5b513b0656ba349aa,Andres Freund,2025-01-10 11:43:00-05:00,postmaster: Rename some shutdown related PMState phase names
e84712c73820839abfaa29c20cee0d3cabbf8f1c,Andres Freund,2025-01-10 11:43:00-05:00,postmaster: Make btmask_add() variadic
7e957cbb50aa425ef10a2fd0903595ae9e256d5f,Andres Freund,2025-01-10 11:43:00-05:00,postmaster: Introduce variadic btmask_all_except()
40d4031abd0da3d84543b050e1ced2da775a3274,Andres Freund,2025-01-10 11:43:00-05:00,postmaster: Improve logging of signals sent by postmaster
7148cbbdc65d68167967e67ed155c7f1635bc8e7,Andres Freund,2025-01-10 11:42:56-05:00,postmaster: Update pmState via a wrapper function
cc811f92bac5c80253c8a22e43409722cab4c05b,Álvaro Herrera,2025-01-10 13:09:38+01:00,Adjust signature of cluster_rel() and its subroutines
23100645104f63bf7c35304f36f8a7d91f5ddd73,David Rowley,2025-01-10 14:30:25+13:00,Fix UNION planner datatype issue
f0bf7857befefa3ff00c7d2ac5c611c525f5cd3e,Michael Paquier,2025-01-10 09:57:27+09:00,Merge pgstat_count_io_op_n() and pgstat_count_io_op()
2c14037bb57c091b9f0bcbd36fa62138601beb55,Michael Paquier,2025-01-10 09:00:48+09:00,Refactor some code related to backend statistics
39e3bcae44868734504c3decbb6708c36a5a84b2,Nathan Bossart,2025-01-09 17:10:13-06:00,Fix an ALTER GROUP ... DROP USER error message.
bebe9040388bb2292585eab712fe4d29a71843fb,Tom Lane,2025-01-09 15:16:56-05:00,Use @extschema:name@ notation in contrib transform modules.
ebd8fc7e47fdad6adb68aad341d95c541d7325c3,Álvaro Herrera,2025-01-09 14:17:12+01:00,Simplify signature of RewriteTable
6313a76b355e3640aba4cc80456a65c2bbc55a80,Fujii Masao,2025-01-09 21:04:49+09:00,doc: Clarify synchronous_standby_names parameter.
69ab44651422c49a6256d1b6cca6c20b5060ad92,Álvaro Herrera,2025-01-09 07:39:05+01:00,Fix SLRU bank selection code
970b97eeb8f036e534abe183fd41604671f7674d,Thomas Munro,2025-01-09 16:04:23+13:00,Fix off_t overflow in pg_basebackup on Windows.
026762dae39d6efcbfa99a18a15fdfeecbd5b9cc,Thomas Munro,2025-01-09 15:00:58+13:00,Provide 64-bit ftruncate() and lseek() on Windows.
229e7793d96954739d3fb9b37e2ccf77c2803f07,Jeff Davis,2025-01-08 15:25:05-08:00,Fix duplicate typedef from commit a2f17f004d.
a2f17f004d229f69a32cfa80904b95edcbc68f95,Jeff Davis,2025-01-08 14:26:46-08:00,Control collation behavior with a method table.
4f5cef2607c1f8804d4b54250642aaf586745b0e,Jeff Davis,2025-01-08 13:54:07-08:00,Move code for collation version into provider-specific files.
3c49d462dbcfaff7bb77b1fec2c73c1079d25433,Tom Lane,2025-01-08 16:35:54-05:00,"Disallow NAMEDTUPLESTORE RTEs in stored views, rules, etc."
b20fe54c9c2194fec65db73b2778a014e7823ae0,Andrew Dunstan,2025-01-08 10:56:12-05:00,Set exit status for pgindent if pg_bsd_indent fails
7b27f5fd36cb3270e8ac25aefd73b552663d1392,Peter Eisentraut,2025-01-08 09:22:57+01:00,plpgsql: pure parser and reentrant scanner
b18464fad4af6ab3e115fd0e377ac7dce706a81e,Peter Eisentraut,2025-01-08 08:31:04+01:00,Remove useless function declaration
e0c3d5122e6a4114af3092b7938c9b43d619e62c,Michael Paquier,2025-01-08 13:16:43+09:00,pg_freespacemap: Fix declaration of pg_freespace(regclass)
3f482940dbcbd15834a67894f4d9efdf5ceb7e16,Jeff Davis,2025-01-07 15:13:50-08:00,ExecInitAgg: update aggstate->numaggs and ->numtrans earlier.
32ddfaffd1493b27f200afb3919d3fd2e6a200ef,Jeff Davis,2025-01-07 14:55:53-08:00,nodeSetOp.c: missing additionalsize for BuildTupleHashTable().
8a96faedc408b447acd1570d2f51300bcec34959,Jeff Davis,2025-01-07 14:49:18-08:00,Remove unused TupleHashTableData->entrysize.
834c9e807cf12e355f06479a8b1f7a82aba77315,Jeff Davis,2025-01-07 14:33:21-08:00,Add missing typedefs.list entry for AggStatePerGroupData.
4a68d5008869afd819b03075d69bf102dd2f1bda,Nathan Bossart,2025-01-07 15:34:19-06:00,Use PqMsg_* macros in postgres.c.
f7e1b3828a930639aefb5746a214cb5ddf734361,Nathan Bossart,2025-01-07 15:06:40-06:00,Add passwordcheck.min_password_length.
6d01541960e2a42c92ef67be9a1c4842cd4458d6,Nathan Bossart,2025-01-07 14:38:55-06:00,Lower default value of autovacuum_worker_slots in initdb as needed.
0e5b14410e2bb54d191bbb7bb21a674ccabe768e,Álvaro Herrera,2025-01-07 20:07:32+01:00,Fix error message wording
c4782c44101ef9e50daa9e1d69821d98f58057fd,Thomas Munro,2025-01-08 07:19:46+13:00,Fix meson detection of a couple of 64 bit builtins.
5b291d1c9c09d75982c3270bfa61d4e822087b6a,Álvaro Herrera,2025-01-07 16:49:41+01:00,Remove unnecessary code to handle CONSTR_NOTNULL
ec986020decff322723cf7b3a2696803d082ad17,Peter Geoghegan,2025-01-07 10:38:30-05:00,Improve nbtree unsatisfiable RowCompare detection.
428a99b58960a2772c3a29235eb694054f666a28,Peter Geoghegan,2025-01-07 10:29:46-05:00,nbtree: Simplify _bt_first parallel scan handling.
2f8b4007dbbac5aa9605414974c802e415176df4,Richard Guo,2025-01-07 11:24:14+09:00,Remove unused parameter in lookup_var_attr_stats
c758119e5bfb47b38cf957f9a5a37ceae96fa9b3,Nathan Bossart,2025-01-06 15:01:22-06:00,Allow changing autovacuum_max_workers without restarting.
5e68f6119268d8c76b860bb56014335697c687db,Heikki Linnakangas,2025-01-06 11:56:03+02:00,Remove duplicate definitions in proc.h
b1ef48980ddd082a90ed39aa5914af45e53059e6,Peter Eisentraut,2025-01-06 09:47:58+01:00,flex code modernization: Replace YY_EXTRA_TYPE define with flex option
632384d0eb142f243fdd6059fde715319cfd05c9,Fujii Masao,2025-01-06 17:24:10+09:00,doc: Clarify log level for VERBOSE messages in maintenance commands.
3e70da2781e86d07cd88f568ebeb38ddf7da8e8e,John Naylor,2025-01-06 13:26:02+07:00,Always use the caller-provided context for radix tree leaves
e8a6f1f908d03b836c8b5379b449346ad32c1ba1,John Naylor,2025-01-06 11:21:21+07:00,Get rid of radix tree's general purpose memory context
960013f2a1f9e51aad85c91aceeb442508be6032,John Naylor,2025-01-06 09:01:58+07:00,Use caller's memory context for radix tree iteration state
9a8313dabe5ebb6a99d9a165d3c9bc3fa0213088,Peter Eisentraut,2025-01-05 11:34:28+01:00,Remove useless configure check
6549a02a51e88960cccb938999a43203e335d0cc,Peter Eisentraut,2025-01-05 11:34:28+01:00,meson: Fix missing name arguments of cc.compiles() calls
30f017626308a06cf0c0c82a706a1ba1b07df34a,Andrew Dunstan,2025-01-03 10:36:30-05:00,Document strange jsonb sort order for empty top level arrays
e28033fe1af8037e0fec8bb3a32fabbe18ac06b1,Richard Guo,2025-01-02 18:06:00+09:00,Ignore nullingrels when looking up statistics
d93bb8163c9cdbaa922ce6b1f3d044fc589d0fa6,David Rowley,2025-01-02 22:04:09+13:00,Fix outdated CHUNKHDRSZ value in nodeAgg.c
11012c503759f8018d8831bc6eb1f998eba7ad25,David Rowley,2025-01-02 12:42:01+13:00,Fix an assortment of spelling mistakes and typos
50e6eb731d98ab6d0e625a0b87fb327b172bbebd,Bruce Momjian,2025-01-01 11:21:55-05:00,Update copyright for 2025
