hash,author,date,msg
8ad51b5f446b5c19ba2c0033a0f7b3180b3b6d95,Tomas Vondra,2022-12-30 23:16:01+01:00,Sample postgres_fdw tables remotely during ANALYZE
02699bc1fd3b7fccba2e6b55189a148ef69b8a00,Tomas Vondra,2022-12-30 20:49:50+01:00,Fix assert in BRIN build_distances
7aa81c61ec8f68212570192f3088544dbfa43cb9,Michael Paquier,2022-12-30 20:47:57+09:00,Fix precision handling for some COERCE_SQL_SYNTAX functions
1f605b82ba66ece8b421b10d41094dd2e3c0c48b,Peter Eisentraut,2022-12-30 11:05:09+01:00,Change argument of appendBinaryStringInfo from char * to void *
33a33f0ba4d70a704e2d6bb8ee85f29fe18cead9,Peter Eisentraut,2022-12-30 11:05:09+01:00,Use appendStringInfoString instead of appendBinaryStringInfo where possible
faf3750657a8271e2a28c054fd83e47302ac1eb4,Peter Eisentraut,2022-12-30 10:12:24+01:00,Add const to BufFileWrite
5f2f99c9c62d754c19e090cb57fdd929438ea519,Peter Eisentraut,2022-12-30 10:12:24+01:00,Remove unnecessary casts
388e80132c007a7528abc987e347e41432dc1542,Andres Freund,2022-12-29 12:47:29-08:00,perl: Hide warnings inside perl.h when using gcc compatible compiler
203942243c2a2da188db962f3384f1c607a462b5,Andrew Dunstan,2022-12-29 07:16:58-05:00,Fix oversight in 7a05425d96
1de58df4fec7325d91f5a8345757314be7ac05da,Peter Geoghegan,2022-12-28 08:50:47-08:00,Add page-level freezing to VACUUM.
7a05425d96742acff5ebfacf307711385c88429b,Andrew Dunstan,2022-12-28 10:00:12-05:00,Convert contrib/ltree's input functions to report errors softly
3b76622e04d8656fb44e7c932cb243e2d92fe40e,Andrew Dunstan,2022-12-28 10:00:12-05:00,Convert contrib/intarray's bqarr_in() to report errors softly
24b55cd949a11b712927acf2557683976ee149ac,Peter Eisentraut,2022-12-28 15:10:27+01:00,Reorder some object files in makefiles
adb5c32eb53e1ffdc5c954aafcc5bc9ed93f3de6,Tom Lane,2022-12-27 18:07:48-05:00,Suppress uninitialized-variable warning from a61b1f748.
197f98a848233f2d8d8e7f7fd7dde3e49adaaaa3,Tom Lane,2022-12-27 14:50:56-05:00,Convert hstore_in to report errors softly.
a5434c52586f37db7f538d3dcc8aa6dd62dfe61e,Tom Lane,2022-12-27 13:06:42-05:00,Remove new locale dependency in regproc regression test.
3ea7329c9a79ade27b5d3742d1a41ce6d0d9aca8,Tom Lane,2022-12-27 12:33:04-05:00,Simplify the implementations of the to_reg* functions.
858e776c84f48841e7e16fba7b690b76e54f3675,Tom Lane,2022-12-27 12:26:01-05:00,Convert the reg* input functions to report (most) errors softly.
78212f21011449f0374831323655baa7c00f3680,Tom Lane,2022-12-27 12:00:31-05:00,Convert tsqueryin and tsvectorin to report errors softly.
eb8312a22a84c33fc405ae9b497113973f552f90,Tom Lane,2022-12-27 11:40:01-05:00,"Detect bad input for types xid, xid8, and cid."
63c844a0a5d70cdbd6ae0470d582d39e75ad8d66,Peter Geoghegan,2022-12-26 23:36:02-08:00,Remove overzealous MultiXact freeze assertion.
9814ff550046f825b751803191b29a2fbbc79283,Michael Paquier,2022-12-27 14:35:56+09:00,Add custom filtering rules to the TAP tests of pg_upgrade
2259c661dc4ecd88ac22b5358248f47ca5a5d4fc,Michael Paquier,2022-12-27 12:16:24+09:00,Fix incorrect copy-pasto in error message of pg_waldump.c
d497093cbecccf6df26365e06a5f8f8614b591c8,Michael Paquier,2022-12-27 08:27:53+09:00,pg_waldump: Add --save-fullpage=PATH to save full page images from WAL records
5de94a041ed7a51b571db2030ba87600c7fc6262,Amit Kapila,2022-12-26 08:58:16+05:30,Add 'logical_decoding_mode' GUC.
d3c0cc4447307a2ffbcff8274573b544294e583c,Michael Paquier,2022-12-26 08:00:55+09:00,Switch query fixing aclitems in ~15 from O(N^2) to O(N) in upgrade_adapt.sql
442e25d2485b1ecf3357725acee995a1c349163d,Tom Lane,2022-12-25 14:32:30-05:00,Convert enum_in() to report errors softly.
361ec4368b1da252e031e2ee8bce366bce5f72b2,Andrew Dunstan,2022-12-25 04:36:58-05:00,Fix thinko in 720e0327bc
720e0327bc98464b889801a65ae2358f86a0265a,Andrew Dunstan,2022-12-24 15:28:13-05:00,Convert contrib/isn's input functions to report errors softly
e37fe1db6ef930f657be28fe764f7e642b93464a,Andrew Dunstan,2022-12-24 15:21:20-05:00,Convert jsonpath's input function to report errors softly
780ec9f1b2a44c118d1246325404ad0ed2226cbf,Tom Lane,2022-12-24 15:01:21-05:00,Make the numeric-OID cases of regprocin and friends be non-throwing.
b5aff9255700b0b3155a4d2be865b6a776c2bda4,David Rowley,2022-12-24 13:18:35+13:00,Fix recent accidental omission in pg_proc.dat
c6f21b2ac215ad870a95159ea22024f734429622,Alvaro Herrera,2022-12-23 17:49:51+01:00,Rework <warning> box about column list combining in logical replication
6602599ce25665394112b944f3cdbd68a2587d97,Alvaro Herrera,2022-12-23 17:27:05+01:00,Fix end LSN determination in recently added test
878ce16056c087e2dcd7cc31cd7e4700f407a770,Andrew Dunstan,2022-12-23 09:17:24-05:00,Convert contrib/seg's input function to report errors softly
7a310338f4dd3195376477d502e93fba5f165769,Alvaro Herrera,2022-12-23 13:21:41+01:00,Fix event trigger example
bbfdf7180de85f9e7e995ba00dddc58452b3ba4b,David Rowley,2022-12-24 00:58:34+13:00,Fix bug in translate_col_privs_multilevel
b5d0f8ec01c021452203b2fd3921c9b55f6c3cd3,Thomas Munro,2022-12-23 20:34:03+13:00,Allow parent's WaitEventSets to be freed after fork().
1f0019de2fe374fa54fca277f36c2e754894db30,Thomas Munro,2022-12-23 20:24:41+13:00,Don't leak a signalfd when using latches in the postmaster.
30829e52ff1a026c0b6ad042e7e5f39ff6abf9bb,Thomas Munro,2022-12-23 20:21:47+13:00,Add WL_SOCKET_ACCEPT event to WaitEventSet API.
f4f2f2b84a0bbf9edbfc4a8684040a941cd6d085,Michael Paquier,2022-12-23 11:36:57+09:00,Update upgrade_adapt.sql to handle tables using aclitem as data type
3022cb14339656be2afeee72150dcc5725838398,Michael Paquier,2022-12-23 11:26:49+09:00,Fix some incorrectness in upgrade_adapt.sql on query for WITH OIDS
2fcf685f6daa4f872ca726e25cc504a544916dbb,Michael Paquier,2022-12-23 10:04:18+09:00,Fix come incorrect elog() messages in aclchk.c
13e0d7a603852b8b05c03b45228daabffa0cced2,Michael Paquier,2022-12-23 09:15:01+09:00,Rename pg_dissect_walfile_name() to pg_split_walfile_name()
ed1a88ddaccfe883e4cf74d30319accfeae6cfe5,David Rowley,2022-12-23 12:43:52+13:00,Allow window functions to adjust their frameOptions
cc150596341e2a7913519769a88a1537c2e94720,Thomas Munro,2022-12-23 10:40:18+13:00,Improve notation of cacheinfo table in syscache.c.
07eef53955ea9885dd3e4701b7eaa34ccdf2ae02,Peter Geoghegan,2022-12-22 10:41:40-08:00,Use scanned_pages to decide when to failsafe check.
4ce3afb82ecfbf64d4f6247e725004e1da30f47c,Peter Geoghegan,2022-12-22 09:37:59-08:00,Refactor how VACUUM passes around its XID cutoffs.
e42e312430279dcd8947846fdfeb4885e3754eac,Tom Lane,2022-12-22 11:02:03-05:00,Avoid O(N^2) cost when pulling up lots of UNION ALL subqueries.
5beb7881fb27d1830fa4c57ba263c8042449a599,Tom Lane,2022-12-22 10:35:02-05:00,Add some recursion and looping defenses in prepjointree.c.
73bb72f0ca2833329b59ebaf9476be3be71e462f,Peter Eisentraut,2022-12-22 08:12:41+01:00,Remove dead code
3f28bd7337d7c01820283fee51027a9dc9d2295f,Thomas Munro,2022-12-22 18:32:10+13:00,Add work-around for VA_ARGS_NARGS() on MSVC.
01be9d498fa4b836ec3dbf035b6743c8b8f34767,Michael Paquier,2022-12-22 12:08:45+09:00,Fix operator typo in tablecmds.c
439f61757f054109f9ee5415530a2744f7e5cb7a,David Rowley,2022-12-22 13:32:05+13:00,Add palloc_aligned() to allow aligned memory allocations
701c881f782b93ee29587112390bd3bfe035e78d,Tom Lane,2022-12-21 17:51:50-05:00,Fix contrib/seg to be more wary of long input numbers.
33dd895ef3316bd1896def6882e9075359d7e9af,Andrew Dunstan,2022-12-21 16:55:52-05:00,Introduce float4in_internal
eb706fde8302c32267518663032905556db21f57,David Rowley,2022-12-22 09:57:49+13:00,Fix newly introduced bug in slab.c
f450695e8899fcaffd1da06b6ef1b7f39abcac89,Michael Paquier,2022-12-21 10:39:06+09:00,Make more consistent some translated strings related to compression
22e3b558052aa209cba2a8fec192d76b5faef19e,Michael Paquier,2022-12-21 10:11:22+09:00,Switch some system functions to use get_call_result_type()
f03bd5717eaf31569ca797a2f7d65608f88ac2a2,Andrew Dunstan,2022-12-20 10:02:49-05:00,Use existing SSL certs in LDAP tests instead of generating them
8284cf5f746f84303eda34d213e89c8439a83a42,Andrew Dunstan,2022-12-20 07:54:39-05:00,Add copyright notices to meson files
594f8d3776af4699c5c32443b9d6a486f44beabf,Etsuro Fujita,2022-12-20 19:05:00+09:00,Allow batching of inserts during cross-partition updates.
3226f47282a05979483475d1e4a11aab8c1bfc39,David Rowley,2022-12-20 22:28:58+13:00,Add enable_presorted_aggregate GUC
d21ded75fdbc18d68be6e6c172f0f842c50e9263,David Rowley,2022-12-20 21:48:51+13:00,Improve the performance of the slab memory allocator
995a9fb14f6aa81ad8eedaf4e8dce1b3e51105c0,John Naylor,2022-12-20 14:13:14+07:00,Move variable increment to the end of the loop
cca186348929cd75f23ef1b25922386bf38cf99c,Michael Paquier,2022-12-20 13:36:27+09:00,Add pg_dissect_walfile_name()
b3bb7d12af97f035c3aa3ad8dd41b44d01e2defa,Michael Paquier,2022-12-20 08:53:22+09:00,Remove hardcoded dependency to cryptohash type in the internals of SCRAM
eb60eb08a95eb531f3f2a459c1b623c5ac37ecd3,Robert Haas,2022-12-19 15:59:24-05:00,Fix comment that was missing a word.
af6284a666742d6932bae2e93f9eef156274a92e,Peter Eisentraut,2022-12-19 21:08:28+01:00,Fix typo in comment
10ea0f924a2788f9e701d6213745aaa5ca3efb8a,Robert Haas,2022-12-19 14:43:09-05:00,Expose some information about backend subxact status.
7122f9d5437789312cb0a7e26e853bb8d2e57add,Tom Lane,2022-12-17 18:51:24-05:00,Fix bit-rotted planner test case.
0efecb5518c914a45d9f294adebc2948f5882f2e,Tom Lane,2022-12-17 10:31:25-05:00,Doc: update pg_list.h header comments to include XidLists.
935277b24172979e8244a5399906c358e4176b49,Tom Lane,2022-12-16 13:07:42-05:00,Fix inability to reference CYCLE column from inside its CTE.
b059a2409faf5833b3ba7792e247d6466c9e8090,Peter Eisentraut,2022-12-16 18:32:02+01:00,pg_upgrade: Make testing different transfer modes easier
746915c6866953506379e996ce5198bc9e9e5b94,Peter Eisentraut,2022-12-16 18:32:02+01:00,pg_upgrade: Add --copy option
59346209a839dfc627dd7986af3a6a8349c7ea0f,Bruce Momjian,2022-12-16 12:15:54-05:00,C comment:  fix wording
c4939f121563f300b98b30837151753fc8255554,Tom Lane,2022-12-16 11:10:40-05:00,Clean up dubious error handling in wellformed_xml().
37bef842f5530fc9f4a48daba9f4709ee5e36c9b,Tom Lane,2022-12-16 11:10:40-05:00,Convert xml_in to report errors softly.
e52f8b301ed54aac5162b185b43f5f1e44b6b17e,Thomas Munro,2022-12-16 17:36:22+13:00,Fix typo in reference to __FreeBSD__.
4a29eabd1d91c5484426bc5836e0a7143b064f5a,David Rowley,2022-12-16 15:22:23+13:00,Remove pessimistic cost penalization from Incremental Sort
8b6b043ceef29a0a7a462b748da398511832efcf,David Rowley,2022-12-16 11:39:40+13:00,Re-adjust drop-index-concurrently-1 isolation test
ac998020802b742303979a13692afa7b2084d0e9,David Rowley,2022-12-16 10:31:25+13:00,Speed up creation of command completion tags
d35a1af468162f510b6139bf81a7a41fd8ba8500,Tom Lane,2022-12-15 12:18:36-05:00,Convert range_in and multirange_in to report errors softly.
75f49221c22286104f032827359783aa5f4e6646,Peter Eisentraut,2022-12-15 10:10:32+01:00,Static assertions cleanup
2613dec4ed67c4a963d987cbd29284e0634b65c9,Peter Eisentraut,2022-12-15 07:54:48+01:00,Move provariadic sanity check to a more appropriate place
3b9d2deb67a0d5ee681561fc0e07c2dca4e26e96,Tom Lane,2022-12-14 19:42:05-05:00,Convert a few more datatype input functions to report errors softly.
90161dad4dd719f44255474f4471af916f2a28f0,Tom Lane,2022-12-14 18:03:11-05:00,Convert a few more datatype input functions to report errors softly.
47f3f97fcdee28e3eb70cd2ebfd7b4899570b018,Tom Lane,2022-12-14 17:50:24-05:00,Convert a few more datatype input functions to report errors softly.
332741e73980401895e027eb697bb472860036fb,Tom Lane,2022-12-14 16:10:20-05:00,Convert the geometric input functions to report errors softly.
17407a8eaa2afa8ac0de4b0a494f33d8eb7a98bd,Tom Lane,2022-12-14 13:22:08-05:00,Convert a few more datatype input functions to report errors softly.
b18c2decd76eeffbd483c041c02bb0fb01b0f124,Peter Eisentraut,2022-12-14 16:08:13+01:00,Rearrange some static assertions for consistency
6fcda9aba83449082124825b6d375c0a61e21c42,Peter Eisentraut,2022-12-14 06:17:07+01:00,Non-decimal integer literals
60684dd834a222fefedd49b19d1f0a6189c1632e,Jeff Davis,2022-12-13 17:33:28-08:00,Add grantable MAINTAIN privilege and pg_maintain role.
c6f6646bb0bef315c3836f3f6909c24a985a8621,Michael Paquier,2022-12-14 09:51:19+09:00,Remove SHA256_HMAC_B from scram-common.h
20432f8731404d2cef2a155144aca5ab3ae98e95,Tom Lane,2022-12-13 14:23:58-05:00,Rethink handling of [Prevent|Is]InTransactionBlock in pipeline mode.
4cb65e10722164fd12c6b8d010a39ce0f92e71f9,Peter Eisentraut,2022-12-13 10:39:44+01:00,basebackup_to_shell: Add some const qualifiers for consistency
369f09e420efe27359b06b69c0265f4aec5c2134,Peter Eisentraut,2022-12-13 07:52:04+01:00,Refactor ExecGrant_*() functions
b0feda79fdf02710a6039a324299525845a4a9d4,Tom Lane,2022-12-12 16:17:54-05:00,Fix jsonb subscripting to cope with toasted subscript values.
101c37cd342a3ae134bb3e5e0abb14ae46692b56,Thomas Munro,2022-12-13 10:15:56+13:00,Disable clang 16's -Wcast-function-type-strict.
a8500750ca0acf6bb95cf9d1ac7f421749b22db7,Alvaro Herrera,2022-12-12 20:18:56+01:00,Better document logical replication parameters
2af33369e7940770cb81c0a9b7d3ec874ee8cb22,Jeff Davis,2022-12-12 09:49:24-08:00,Remove extra space from dumped ALTER DEFAULT PRIVILEGES.
45f5c81ad2bc2cd4e6a4fa0ba13b34f5c6048d44,Robert Haas,2022-12-12 10:26:48-05:00,Fix failure to advance content pointer in sendFileWithContent.
df8b8968d4095f44acd6de03b4add65f9709b79d,Peter Eisentraut,2022-12-12 15:20:00+01:00,Order getopt arguments
840ff5f451cd9a391d237fc60894fea7ad82a189,Alvaro Herrera,2022-12-12 11:13:26+01:00,Get rid of recursion-marker values in enum AlterTableType
9d0cf574920f1d5e6c260815d242b6691d37d5dc,Michael Paquier,2022-12-12 16:47:24+09:00,Add support for GRANT SET in psql tab completion
eae7fe485998ac493a3d9dadf254a89c9265891e,Michael Paquier,2022-12-12 09:01:39+09:00,Remove direct call to GetNewObjectId() for pg_auth_members.oid
b8c0ffbd2c8038fbebe76b48616860a7efec66ae,Tom Lane,2022-12-11 12:56:54-05:00,Convert domain_in to report errors softly.
c60c9badba9b4db3155eef081ae0b923f983168c,Tom Lane,2022-12-11 11:28:15-05:00,Convert json_in and jsonb_in to report errors softly.
50428a301d5ad46316cac2192f2ca8d91898aa3c,Tom Lane,2022-12-11 10:39:05-05:00,Change JsonSemAction to allow non-throw error reporting.
d02ef65bce6575e10ac0b4e7b8552ff67687c944,Tom Lane,2022-12-10 18:26:43-05:00,Standardize error reports in unimplemented I/O functions.
e730718072bdc8379f3d099c64455c20d6a6d1ad,Tom Lane,2022-12-10 17:22:16-05:00,"Use the macro, not handwritten code, to construct anymultirange_in()."
94985c21020aa4a40d0dda1a26ac3e35a57e4681,David Rowley,2022-12-10 19:27:20+13:00,Add subquery pullup handling for WindowClause runCondition
66dcb09246b49b2cd0421251221e07c388de9c4f,Michael Paquier,2022-12-10 13:28:02+09:00,Fix macro definitions in pgstatfuncs.c
4dd687502d9eb0b2984c36579c2fcf5283adfa7c,Tom Lane,2022-12-09 20:15:56-05:00,Restructure soft-error handling in formatting.c.
c60488b4748b4316f1c92d62457671046e5c8994,Tom Lane,2022-12-09 16:07:49-05:00,"Convert datetime input functions to use ""soft"" error reporting."
2661469d862239ea8b9e3a1cf5352d833f6f0fec,Tom Lane,2022-12-09 13:30:47-05:00,Allow DateTimeParseError to handle bad-timezone error messages.
fc7852c6cb89a5384e0b4ad30874de92f63f88be,Andres Freund,2022-12-09 08:54:47-08:00,meson: Improve PG_VERSION_STR generation
bad5116957eea2dc360c6c233be08284bd3d5364,Tom Lane,2022-12-09 10:43:45-05:00,Const-ify a couple of datetime parsing subroutines.
ccff2d20ed9622815df2a7deffce8a7b14830965,Tom Lane,2022-12-09 10:14:53-05:00,"Convert a few datatype input functions to use ""soft"" error reporting."
1939d26282b27b4b264c6930830a7991ed83917a,Tom Lane,2022-12-09 10:08:44-05:00,Add test scaffolding for soft error reporting from input functions.
d9f7f5d32f201bec61fef8104aafcb77cecb4dcb,Tom Lane,2022-12-09 09:58:38-05:00,"Create infrastructure for ""soft"" error reporting."
beecbe8e5001249f0ad51f828d66238dd5160072,Alexander Korotkov,2022-12-09 13:53:32+03:00,Fix invalid role names introduced in 096dd80f3c
096dd80f3ccc103c8e078fca05e6ccfb2071aa91,Alexander Korotkov,2022-12-09 13:12:20+03:00,Add USER SET parameter values for pg_db_role_setting
5defdef8aa0535b8e9365ea9cceee60d5731395f,Dean Rasheed,2022-12-09 10:00:01+00:00,Update MERGE docs to mention that ONLY is supported.
07c29ca7fe30839a75d15b43c13b290a59a60ddf,Peter Eisentraut,2022-12-08 08:58:15+01:00,Remove unnecessary casts
2d4f1ba6cfc2f0a977f1c30bda9848041343e248,Peter Eisentraut,2022-12-08 08:58:15+01:00,Update types in File API
4b3e37993254ed098219e62ceffb1b32fac388cb,Etsuro Fujita,2022-12-08 16:15:00+09:00,Remove new structure member from ResultRelInfo.
d3b111e3205b6e681e16b4f8e6ed01f67142ce7b,Andres Freund,2022-12-07 19:32:59-08:00,Add option to specify segment size in blocks
bf07ab492c461460b4a69279abb2ef996b4f67ec,Amit Kapila,2022-12-08 06:05:09+05:30,Avoid unnecessary streaming of transactions during logical replication.
3f0e786ccbf50a2f819fbf72d51ba13221adaaa1,Andres Freund,2022-12-07 12:13:35-08:00,"meson: Add 'running' test setup, as a replacement for installcheck"
8305629afe64c9065369d022e91be9f16f3972fa,Tom Lane,2022-12-07 14:39:25-05:00,Minor code refactoring in elog.c (no functional change).
3b3182195304777430d16d7967f0adcd8dbfe2ed,Tom Lane,2022-12-07 13:56:48-05:00,Doc: subdivide System Information Functions and Operators.
5e9b1220599946621984ec95f1cb80989f7c76d6,Peter Eisentraut,2022-12-07 17:06:50+01:00,Fix FK comment think-o
29861e228a47c3b6c292f1bd4da413662a246ca2,Alvaro Herrera,2022-12-07 12:35:59+01:00,Update outdated comment in ApplyRetrieveRule
5bdd0cfb91036b396935fad289c627602a00130c,Andres Freund,2022-12-06 18:56:46-08:00,meson: Add basic PGXS compatibility
9db49fc5bfdc0126be03f4b8986013e59d93b91d,Andres Freund,2022-12-06 18:55:28-08:00,autoconf: Move export_dynamic determination to configure
8018ffbf5895ee16a1fd7117c4526b47ac42332e,Michael Paquier,2022-12-07 09:11:48+09:00,Generate pg_stat_get*() functions for databases using macros
79f7c482f6745959f7aeea4f7386fceb02ad8889,Andres Freund,2022-12-06 11:25:54-08:00,meson: Basic cygwin support
a61b1f74823c9c4f79c95226a461f1e7a367764b,Alvaro Herrera,2022-12-06 16:09:24+01:00,Rework query relation permission checking
b5bbaf08ed8bbc45d396c3383fc89331c914b857,Alvaro Herrera,2022-12-06 16:08:30+01:00,Fix typo
a8583272218ab6e97c7bdeb8a960d8d4de329b7e,David Rowley,2022-12-07 00:09:36+13:00,Fix 32-bit build dangling pointer issue in WindowAgg
83a1a1b56645b7a55ec00e44f8018116ee87c720,Michael Paquier,2022-12-06 10:46:35+09:00,Generate pg_stat_get*() functions for tables using macros
941aa6a6268a6a66f6895401aad6b5329111d412,Alexander Korotkov,2022-12-06 03:29:18+03:00,Check the snapshot argument of index_beginscan and family
a7885c9bb22de3efcc0ba4e79bbde8a77e8b7036,Michael Paquier,2022-12-06 09:20:13+09:00,Provide test coverage in pg_dump for default behaviors with compression
1bd47d0dca9f63dc26abc00d4912857440cd101c,Peter Eisentraut,2022-12-05 23:33:31+01:00,initdb: Refactor PG_CMD_PUTS loops
d69d01ba9d8d774487032459ebb83d2086715f01,Tom Lane,2022-12-05 12:36:40-05:00,Fix Memoize to work with partitionwise joining.
35ce24c333cf6dee3c92bc5f67553c7720bd9988,Peter Eisentraut,2022-12-05 08:52:55+01:00,"pg_dump: Remove ""blob"" terminology"
8a476fda5e45f16d8c608c73d9e871bd4023d79a,Michael Paquier,2022-12-05 11:23:08+09:00,doc: Add missing <varlistentry> markups for developer GUCs
71cb84ec69a38444c48bd8d3b5451b2da157848b,Michael Paquier,2022-12-05 09:28:29+09:00,Add LSN location in some error messages related to WAL pages
8692f6644e71f51db9a853a652f37909c9cb534d,David Rowley,2022-12-05 11:55:05+13:00,Fix thinko introduced in 6b423ec67
d94f32d49f620fb08c1fd0e8c9345844ccd9b7c0,Tom Lane,2022-12-04 15:23:00-05:00,Update top-level .gitignore.
92c4dafe1eed511c5af92bcea5311cf627673377,Tom Lane,2022-12-04 14:25:53-05:00,Re-pgindent a few files.
e76913802c5347831aadc1513b59196bde6ec116,Tom Lane,2022-12-04 13:48:12-05:00,Fix broken MemoizePath support in reparameterize_path().
6eb2f0ed4cd5c8668c3127024a8a58b10fa2e8dc,Tom Lane,2022-12-04 13:35:42-05:00,Add missing MaterialPath support in reparameterize_path[_by_child].
fe12f2f8fa608156c2d3c027cdd6aa9af0788e3a,Tom Lane,2022-12-04 13:17:18-05:00,Fix generate_partitionwise_join_paths() to tolerate failure.
6b423ec677d67c120d13a865fe3962985f0104c8,David Rowley,2022-12-04 16:18:18+13:00,Improve performance of pg_strtointNN functions
29452de7341b0effbc275d7e139ade83cebda69f,Tom Lane,2022-12-03 10:50:39-05:00,Doc: flesh out fmgr/README's description of context-node usage.
2605643a3a9d789f3a5935810e874c00243d7576,Dean Rasheed,2022-12-03 12:11:33+00:00,Fix DEFAULT handling for multi-row INSERT rules.
f73bd5fd081187a6515d0f0764730958ad6ba41a,David Rowley,2022-12-03 20:33:22+13:00,Add missing const qualifier
cb2e7ddfe571e2a158725200a33f728232059c2e,Andres Freund,2022-12-02 18:10:30-08:00,Prevent pgstats from getting confused when relkind of a relation changes
7ac0f8d384a4633c6652ae1f6bba40d42d21ec18,Jeff Davis,2022-12-02 14:06:31-08:00,Fix broken hash function hashbpcharextended().
4c689a69eef639caa881539ee546ff1a5b11f98f,Tom Lane,2022-12-02 15:20:30-05:00,Remove gen_node_support.pl's special treatment of EquivalenceClasses.
b6bd5def3a6382995634d33f46d20e191a475914,Tom Lane,2022-12-02 15:09:51-05:00,Add some error cross-checks to gen_node_support.pl.
cabfb8241dea84206b90578a769e9cbd813ba477,Tom Lane,2022-12-02 14:24:44-05:00,Fix psql's \sf and \ef for new-style SQL functions.
b23cd185fd5410e5204683933f848d4583e34b35,Tom Lane,2022-12-02 12:14:32-05:00,Remove logic for converting a table to a view.
66456da1505b8347a6d2ddd23b34e62e904c4908,Daniel Gustafsson,2022-12-02 13:49:54+01:00,doc: Avoid writing in first-person form
c76da690ba141160d23cae715922932b7efa5b23,Daniel Gustafsson,2022-12-02 13:10:21+01:00,Report incompatible roles in pg_upgrade checking
ab810062991295f63612a997e872232a6f1a3ef6,Daniel Gustafsson,2022-12-02 11:31:54+01:00,doc: fix type alignment for CREATE TABLE in triggers
fb958b5da86da69651f6fb9f540c2cfb1346cdc5,Alvaro Herrera,2022-12-02 10:35:55+01:00,Generalize ri_RootToPartitionMap to use for non-partition children
40b1491357a4a092ea054176944cf76e2fe3eff8,Amit Kapila,2022-12-02 10:52:58+05:30,Fix incorrect output from pgoutput when using column lists.
069de07eae7328f13be40f1f3988448639c04285,Andres Freund,2022-12-01 19:03:26-08:00,autoconf: Don't AC_SUBST() LD in configure
e0f0e08e17a6186ce299ed8a4385a7a486f304ed,Andres Freund,2022-12-01 18:46:55-08:00,autoconf: Unify CFLAGS_SSE42 and CFLAGS_ARMV8_CRC32C
5e73a6048849bd7bda4947e39570b9011734114d,Michael Paquier,2022-12-02 10:45:02+09:00,Switch pg_dump to use compression specifications
edf12e7bbd0f5cf6b3c4f4d6b2dad8586b10dcc6,Jeff Davis,2022-12-01 11:49:15-08:00,Fix memory leak for hashing with nondeterministic collations.
a109a0bb50ad47812b8818e9c98e4f311672d659,Tom Lane,2022-12-01 12:26:12-05:00,"Doc: add example of round(v, s) with negative s."
ef2d7c6f0ba9829090562434df9b308dc86a4042,Tom Lane,2022-12-01 12:10:25-05:00,Doc: word-smith the discussion of secure schema usage patterns.
1dd6700f44d2e14616d464a5f490552b7036ad3f,Tom Lane,2022-12-01 11:38:14-05:00,Fix under-parenthesized display of AT TIME ZONE constructs.
4dd00b042fe88bfbf7ce6400c69ee232e9eb6e48,Bruce Momjian,2022-12-01 10:45:08-05:00,revert:  add transaction processing chapter with internals info
4c72102e1d45f787db958204a6f7097c1e2a435e,Peter Eisentraut,2022-12-01 15:32:38+01:00,doc: Add installation instructions for building with meson
ec386948948c1708c0c28c48ef08b9c4dd9d47cc,Alvaro Herrera,2022-12-01 12:56:21+01:00,Move PartitioPruneInfo out of plan nodes into PlannedStmt
de867c9c5379216bbeb18875eaeae9539fd1534a,Peter Eisentraut,2022-12-01 11:44:50+01:00,doc: Remove note about disk space from installation instructions
148e0bd4d6177cdac0a2f3dd4a20190178333c0d,Peter Eisentraut,2022-12-01 11:42:19+01:00,doc: Add missing comma
43351557d0d2b9c5e20298b5fee2849abef86aff,Michael Paquier,2022-12-01 15:41:13+09:00,Make materialized views participate in predicate locking
d5515ca7cf1b095fab65c93710c71fece5baf67e,Tom Lane,2022-11-30 13:01:41-05:00,Reject missing database name in pg_regress and cohorts.
8f2e74bf87e8c60c4984924caa67b723c51e0a6e,Alvaro Herrera,2022-11-30 12:09:13+01:00,Bump catalog version for previous commit
599b33b9492dfefd1219c1d31801f40b3ba90b0d,Alvaro Herrera,2022-11-30 12:07:03+01:00,Stop accessing checkAsUser via RTE in some cases
d2a4490401f2ddc878134a1fd75ef4482e403e47,Michael Paquier,2022-11-30 14:46:43+09:00,Add regression tests for psql's \o and \g on files
66bc9d2d3e57acca20bcb0b6deb225abb01384bf,Bruce Momjian,2022-11-29 20:49:52-05:00,doc:  add transaction processing chapter with internals info
d18655cc037a811b936971e99af4a2427a9739d6,Michael Paquier,2022-11-30 09:34:32+09:00,Refactor code parsing compression option values (-Z/--compress)
d74a366aa2fa3f11fc4fbd1b2817ac252f6f9ba4,Michael Paquier,2022-11-30 08:37:59+09:00,Fix comment in fe-auth-scram.c
8242752f9c104030085cb167e6e1dd5bed481360,Tom Lane,2022-11-29 15:43:17-05:00,Improve heuristics for compressing the KnownAssignedXids array.
8b47ccb624f8bffc1789fe11769a706c2050f171,Tom Lane,2022-11-29 11:46:33-05:00,Prevent clobbering of utility statements in SQL function caches.
51dfaa0b010c1efba8a4137cfccd5fbb7f5d4afd,Tom Lane,2022-11-29 10:52:44-05:00,Remove bogus Assert and dead code in remove_useless_results_recurse().
ad86d159b6ab90b195b06fb5c7b593900a7f9cd8,Alvaro Herrera,2022-11-29 09:39:36+01:00,Add 'missing_ok' argument to build_attrmap_by_name
00ae5d6f588e9d21fa4f4d267811f3f602fe45af,Michael Paquier,2022-11-29 13:33:31+09:00,meson: Add some missing env settings for tests of pg_dump and pg_verifybackup
8aa03f3caaed9dd438a20c3423daa43a44549d60,Michael Paquier,2022-11-29 08:53:01+09:00,Fix comment in snapbuild.c
cd4329d9393f84dce34f0bd2dd936adc8ffaa213,Thomas Munro,2022-11-29 12:08:38+13:00,Remove promote_trigger_file.
f0cd57f852cb88a4252db175317ec4627ec1b1cd,Andres Freund,2022-11-28 11:43:31-08:00,meson: Fix binary mismatch for MSVC plperl vs gcc built perl libs
4441fc704d7048b2f1f039cc74b72bd23e7e36d0,Andrew Dunstan,2022-11-28 12:08:14-05:00,Provide non-superuser predefined roles for vacuum and analyze
b5d6382496f2b8fc31abd92c2654a9a67aca76c6,Andrew Dunstan,2022-11-28 12:08:14-05:00,Provide per-table permissions for vacuum and analyze.
1f059a440864021b23b0667e7c0cb664710b660d,Daniel Gustafsson,2022-11-28 11:10:01+01:00,doc: Clarify unit of logging for log_temp_files
cbe6e482d7bf851c6e466697a21dcef7b05cbb59,Michael Paquier,2022-11-28 15:19:06+09:00,Add TAP tests for include directives in HBA end ident files
ec25ba624e9c0168d44c9f6e87872f1e3e6b308f,Tom Lane,2022-11-27 12:26:04-05:00,Doc: update queries.sgml for optional subquery aliases.
ccc59a83cd977608564a6f11ffcb2ec1773a9e94,Andrew Dunstan,2022-11-27 09:03:22-05:00,Fix binary mismatch for MSVC plperl vs gcc built perl libs
3274ec05c86730ff577f463e4e7b0259fb2bf684,Tom Lane,2022-11-26 10:30:31-05:00,Remove temporary portlock directory during make [dist]clean.
822e8836d5c895e454d8a22c674456cb9a9a2f44,Andrew Dunstan,2022-11-26 07:44:23-05:00,Add portlock directory to .gitignore
1e314847dd69c6b3b85d36e5873d80b9e4cf028a,Michael Paquier,2022-11-26 20:12:33+09:00,Mark two signal flags as sig_atomic_t in pgbench and pg_test_fsync
02ac05b4c0229bd662b3afa07f370df0a5cbdb54,Michael Paquier,2022-11-26 10:14:18+09:00,Fix typo in hba.c
341f4e002d461a3c5513cb864490cddae2b43a64,Andrew Dunstan,2022-11-25 15:28:38-05:00,Allow building with MSVC and Strawberry perl
d94f29cb8910a380caa795f56e69ed036fb8c5d0,Peter Eisentraut,2022-11-25 16:56:05+01:00,Correct some SQL feature names
50617a9aa37344c2dbc89dba0a2193723202e7aa,Andrew Dunstan,2022-11-25 08:55:56-05:00,Fix gen_node_support.pl for changed AclMode size
7b2ccc5e03bf16d1e1bbabca25298108c839ec52,Dean Rasheed,2022-11-25 13:31:48+00:00,Fix rule-detection code for MERGE.
b1d0158060f3128331766156798d16b2227fb451,Peter Eisentraut,2022-11-25 13:00:35+01:00,"doc: Re-order Table 28.35 ""Per-Backend Statistics Functions"""
9c558b94f0cab351658acdbe7bb0ce7e20007965,Peter Eisentraut,2022-11-25 12:13:43+01:00,"doc: Re-order Table 28.12 ""Wait Events of type LWLock"""
6573643501e982b85f893f45a0cdc237cdb3c653,Peter Eisentraut,2022-11-25 11:50:36+01:00,"doc: Re-order sections of ""28.4. Progress Reporting"""
ffbb7e65a873e8f1584d2e593416fbe3adc130b6,Etsuro Fujita,2022-11-25 17:45:00+09:00,Fix handling of pending inserts in nodeModifyTable.c.
9e492d6b693a60d53a5d3d8fbd40ae253b7d22f5,Michael Paquier,2022-11-25 16:37:49+09:00,Skip TAP test for peer authentication if there are no unix-domain sockets
d13b684117bdf136f97db5bcba2be524ed038b6d,Michael Paquier,2022-11-25 07:40:12+09:00,Introduce variables for initial and max nesting depth on configuration files
2d1f3bce97a9f4ac3ec4acbf337ffef598522216,David Rowley,2022-11-25 11:05:22+13:00,Fix some 32-bit shift warnings in MSVC
ec5affdbc283252327e217f99c45574eb63de051,David Rowley,2022-11-25 10:10:44+13:00,Improve indenting in _hash_pgaddtup
2cf41cd30997f6a79fb962007a3cd11edcf9d013,Alvaro Herrera,2022-11-24 10:45:10+01:00,Make multixact error message more explicit
385da7306c7fce210bd059ad97ebb3e19699e161,Peter Eisentraut,2022-11-24 09:04:50+01:00,doc: Fix description of how the default user name is chosen
af205152ef57cf54730c38342878cb6b9f8ce7a1,Michael Paquier,2022-11-24 16:07:59+09:00,Add the database name to the ps display of logical WAL senders
a54b658ce77b6705eb1f997b416c2e820a77946c,Michael Paquier,2022-11-24 13:51:34+09:00,Add support for file inclusions in HBA and ident configuration files
d09dbeb9bde6b9faabd30e887eff4493331d6424,David Rowley,2022-11-24 17:21:44+13:00,Speedup hash index builds by skipping needless binary searches
d46ad72f464beafa6d92d60d214412374559e280,Michael Paquier,2022-11-24 10:27:38+09:00,Create memory context for tokenization after opening top-level file in hba.c
d5566fbfeb6a1e05151a1cdc409465e2a3d3a6c6,Michael Paquier,2022-11-24 10:03:11+09:00,Add missing initialization in tokenize_expand_file() for output list
efc981627a723d91e86865fb363d793282e473d1,Michael Paquier,2022-11-24 08:21:55+09:00,Rework memory contexts in charge of HBA/ident tokenization
cee120951427fe39a54ab800abfa2834d85b8771,Alexander Korotkov,2022-11-24 00:36:11+03:00,Support for custom slots in the custom executor nodes
b7a5ef17cf75c712b0fe5c5a20133a88da897aab,Andrew Dunstan,2022-11-23 14:43:16-05:00,Simplify WARNING messages from skipped vacuum/analyze on a table
7b378237aa805711353075de142021b1d40ff3b0,Andrew Dunstan,2022-11-23 14:43:16-05:00,Expand AclMode to 64 bits
b6074846cebc33d752f1d9a66e5a9932f21ad177,Peter Geoghegan,2022-11-23 11:10:06-08:00,Simplify vacuum_set_xid_limits() signature.
02d647bbf0576ebb87f9dc24e1db4dd034f04048,Peter Geoghegan,2022-11-23 10:49:39-08:00,Don't test HEAP_XMAX_INVALID when freezing xmax.
b425bf0081386a544e1faf872a75da69a971e173,Andrew Dunstan,2022-11-23 07:03:06-05:00,Fix perl warning from commit 9b4eafcaf4
56d0ed3b756b2e3799a7bbc0ac89bc7657ca2c33,Tom Lane,2022-11-22 18:46:31-05:00,Give better hints for ambiguous or unreferenceable columns.
9c6ad5eaa957bdc2132b900a96e0d2ec9264d39c,Tom Lane,2022-11-22 14:40:20-05:00,YA attempt at taming worst-case behavior of get_actual_variable_range.
0538d4c0c33551029f408fdc29ee51b817632e11,Alvaro Herrera,2022-11-22 11:26:47+01:00,Remove useless MERGE test
a1efcda7c33d10658dac214514ca8359a1da4e42,Amit Kapila,2022-11-22 15:22:00+05:30,Improve comments atop pg_get_replication_slots.
0557e1770230fe5ca855fdf45bb297bd38a9ec1b,Alvaro Herrera,2022-11-22 10:56:07+01:00,Ignore invalidated slots while computing oldest catalog Xmin
92daeca45df6551dd85f92f7369eaa57a35fb8a9,Andres Freund,2022-11-21 20:34:17-08:00,Add wait event for pg_usleep() in perform_spin_delay()
bd82928625e7ebe40eaaa57f3b4d03bae19491de,Andres Freund,2022-11-21 15:13:09-08:00,"ci: Use -fsanitize=undefined,alignment,address in linux tasks"
94a3e026cc4da4c5a3f82d02ae2c62c9f060788a,Andres Freund,2022-11-21 15:13:09-08:00,ci: Introduce SanityCheck task that other tasks depend on
ec267fd5a5e85223979a90c814e1a98053ca7f3b,Andres Freund,2022-11-21 14:30:50-08:00,ci: Clean up pre-meson cruft in windows task
f1d042b21dfdac069601fe97b7b7ba572dd0abe2,Daniel Gustafsson,2022-11-21 23:25:48+01:00,Replace link to Hunspell with the current homepage
5644d6f909b1bc92155741064275cda82d9b9b70,Tom Lane,2022-11-21 17:07:29-05:00,Add comments and a missing CHECK_FOR_INTERRUPTS in ts_headline.
f686ae82f2d7e29facde8300209deef7abe13605,Andres Freund,2022-11-21 13:56:23-08:00,Add workaround to make ubsan and ps_status.c compatible
aeaaf520f409cf314f97c811d2713c99858f035d,Tom Lane,2022-11-21 15:37:10-05:00,Mark pageinspect's disk-accessing functions as parallel restricted.
51b5834cd53f0bd068729043b55f7da3ca6bb15f,Tom Lane,2022-11-21 11:59:29-05:00,Provide options for postmaster to kill child processes with SIGABRT.
e2933a6e11791191050cd925d52d34e785eece77,Tom Lane,2022-11-21 10:50:50-05:00,Prevent instability in contrib/pageinspect's regression test.
f193883fc9cebe8fa20359b0797832837a788112,Michael Paquier,2022-11-21 18:31:59+09:00,Replace SQLValueFunction by COERCE_SQL_SYNTAX
240e0dbacd390a8465552e27c5af11f67d747adb,Amit Kapila,2022-11-21 08:54:43+05:30,Add additional checks while creating the initial decoding snapshot.
a4adc31f6902f6fc29d74868e8969412fc590da9,Andres Freund,2022-11-20 11:56:32-08:00,lwlock: Fix quadratic behavior with very long wait lists
061bf98fb8f468b9a8c9fb617bb30136db1cc812,Andres Freund,2022-11-20 10:56:32-08:00,pgstat: replace double lookup with IsSharedRelation()
b62303794efd97f2afb55f1e1b82fffae2cf8a2d,Tom Lane,2022-11-20 11:30:50-05:00,Fix sloppy cleanup of roles in privileges.sql.
75b8d3de989eb88a5960c93cddd88caf5d245024,Tom Lane,2022-11-20 11:22:22-05:00,Fix long-obsolete comment.
9b4eafcaf41d1192a34b574c21262b755aa455ee,Andrew Dunstan,2022-11-20 10:07:35-05:00,Prevent port collisions between concurrent TAP tests
fb32748e32e2b6b2fcb32220980b93d5436f855e,Michael Paquier,2022-11-20 10:58:28+09:00,"Switch SQLValueFunction on ""name"" to use COERCE_SQL_SYNTAX"
ed1d3132d27503cbae0198b2da172b17c0d4f86b,Joe Conway,2022-11-19 17:55:52-05:00,Fix catversion
8c954168cff4630ae94df649b458f4a3aad6d9a7,Andres Freund,2022-11-19 12:22:04-08:00,"Fix mislabeling of PROC_QUEUE->links as PGPROC, fixing UBSan on 32bit"
3efc82e28951c6eee24aead056b8478cb424af2e,Tom Lane,2022-11-19 13:42:53-05:00,Disable debug_discard_caches in test_oat_hooks test.
3b8ad00853cc07456258386c08e683883cd705b3,Tom Lane,2022-11-19 13:09:14-05:00,Doc: sync src/tutorial/basics.source with SGML documentation.
2fb6154fcd769b2d4ea1226788e0ec2fc3522cb8,Robert Haas,2022-11-18 16:16:21-05:00,Fix typos and bump catversion.
3d14e171e9e2236139e8976f3309a588bcc8683b,Robert Haas,2022-11-18 12:32:56-05:00,Add a SET option to the GRANT command.
f84ff0c6d4eb4e470e55f48103a7edd269d13c49,Tom Lane,2022-11-18 11:01:03-05:00,Don't read MCV stats needlessly in eqjoinsel().
d8678aba2ee5969e6d2351c5361d488fc51c975f,Peter Eisentraut,2022-11-18 16:00:52+01:00,Make object_address test output easier to update
d0ca708540064aa4a18b226f75ad44dcdd64b383,Peter Eisentraut,2022-11-18 15:31:55+01:00,Clean up SQL code indentation in test file
97ee956416e9d7906cde49cae5f65763ea943e77,Andrew Dunstan,2022-11-18 08:45:58-05:00,Fix version comparison in Version.pm
83eccb85625fce8f63ee2cd4fc60d72de4008d90,Alvaro Herrera,2022-11-18 12:53:49+01:00,Fix typo
28d233c8e6e599dc4377dda75d97fce55a26fbc3,Peter Eisentraut,2022-11-18 12:46:07+01:00,doc: Small wording improvement
910cab820d0f1255f5be531986e08832b2fa897c,Alvaro Herrera,2022-11-18 11:59:26+01:00,Add glossary entries related to superusers
07f7237c2a3bcc2eebb554f812378188b07571bb,Michael Paquier,2022-11-18 11:26:49+09:00,psql: Improve tab completion for GRANT/REVOKE
967db242c2aa7d50300e20bd8a403bd905feec38,Andres Freund,2022-11-17 16:22:25-08:00,ci: Add task testing windows with mingw
1489b1ce728248e04da72aa32f87e9a634ebf9b8,Peter Geoghegan,2022-11-17 14:55:08-08:00,Standardize rmgrdesc recovery conflict XID output.
6ff5aa129933fbde034c0d21c28cf05e052511f9,Alvaro Herrera,2022-11-17 18:56:11+01:00,Fix MERGE tuple count with DO NOTHING
813492dacceecb752725b7e370ac7f5748b1edf9,Peter Geoghegan,2022-11-17 09:34:12-08:00,Use correct type name in comments about freezing.
aca93b5f189abe3b862761bf96811b2facf35555,Noah Misch,2022-11-17 07:35:06-08:00,Account for IPC::Run::result() Windows behavior change.
bbf9c282ce92272ed7bf6771daf0f9efa209e61b,Peter Eisentraut,2022-11-17 15:42:09+01:00,libpq: Handle NegotiateProtocolVersion message
dce92e59b1a9ff8401a660a1ac448ea37d498284,Peter Eisentraut,2022-11-17 14:12:04+01:00,libpq: Correct processing of startup response messages
3d0c95bc8920f51f7d7685c622c9a75f59cf322f,Daniel Gustafsson,2022-11-17 13:17:19+01:00,Fix wording in comment
01755490cfa196ddc415308ab5aed8cc45fbaaad,Alvaro Herrera,2022-11-17 12:52:20+01:00,Fix outdated comment in ExecDelete
af3abca029b39ae6bdb683a758b11375e9839631,Peter Eisentraut,2022-11-17 12:12:11+01:00,"Allow initdb to complete on systems without ""locale"" command"
3b304547a9dfef7101889d35a4c5da7866d66c8e,Daniel Gustafsson,2022-11-17 10:07:06+01:00,doc: Fix wording of MERGE actions in README
aba2dbb3cf6283348a5f467b11820448fb4eaeb6,Daniel Gustafsson,2022-11-17 09:12:51+01:00,Fix typos in comments
3894d21d22eba8438743eaf453b2f2c85e479125,Michael Paquier,2022-11-17 16:00:09+09:00,Remove unneeded include in test_slru.c
1d87037ac84606a5bd0c2cd95e5f28b83545c6cd,Peter Eisentraut,2022-11-17 07:43:50+01:00,Export with_icu when running src/bin/scripts tests with meson
aca992040951c7665f1701cd25d48808eda7a809,Peter Eisentraut,2022-11-17 07:12:37+01:00,Update some more ObjectType switch statements to not have default
adaf34241acd83afaa45a8b614b6484a285da847,Tom Lane,2022-11-16 20:06:09-05:00,Improve ruleutils' printout of LATERAL references within subplans.
5db195f76f279a120edee448ad74d43578f56edd,Thomas Munro,2022-11-17 11:30:14+13:00,Fix slowdown in TAP tests due to recent walreceiver change.
e9e26b5e7166e6f1873efd58f3d5a4ba22cc3d8f,Tom Lane,2022-11-16 13:58:44-05:00,"Invent ""multibitmapsets"", and use them to speed up antijoin detection."
90e4f308b42b12bd66262c52fc4845bd0443c6e0,Peter Eisentraut,2022-11-16 19:44:38+01:00,Add missing object classes to object_address test
fccaf259f22f4aedc02033516c561ca86903077d,Tom Lane,2022-11-16 12:35:25-05:00,Shave some cycles off subscription/t/100_bugs.pl tests.
8e1db29cdbbd218ab6ba53eea56624553c3bef8c,Peter Eisentraut,2022-11-16 16:40:34+01:00,Variable renaming in preparation for refactoring
d1cb4e9f92c3db5c8fb52ccd1d502c73ffcc47e0,Peter Eisentraut,2022-11-16 16:01:06+01:00,Remove useless casts
4eb3b11200010bf1342e51ff0f2622bba0e05c0c,Peter Eisentraut,2022-11-16 13:26:48+01:00,Turn HeapKeyTest macro into inline function
c0f1e51ac79efd4d8c07374405d9035356b30621,Peter Eisentraut,2022-11-16 11:28:44+01:00,Remove unused include
c4421550fb57ee12369938197aeb1cd189142453,Daniel Gustafsson,2022-11-16 10:25:21+01:00,doc: document the TAP test environment variables
5f80cd287c29b88fd364634b16c6c155d5617e8c,Daniel Gustafsson,2022-11-16 10:24:37+01:00,doc: update metacpan.org links to avoid redirects
63c833f4bdca3251347dd622102de0908a934330,Michael Paquier,2022-11-16 14:32:09+09:00,Use multi-inserts for pg_ts_config_map
36e0358e70498b5bf5e3e83d91ac964fc24c249e,Jeff Davis,2022-11-15 20:07:18-08:00,"Fix test in ae168c794f, per buildfarm."
1ff416121884884a167f0974cea9f86a1d6a577f,Michael Paquier,2022-11-16 12:41:29+09:00,Use multi-inserts for pg_enum
09a72188cd5cdd179dc814c6729f8a3785b23c36,Michael Paquier,2022-11-16 10:49:05+09:00,Avoid some overhead with open and close of catalog indexes
006b69fd912b8fa0e9d80df3f61829a5c976c3d3,Michael Paquier,2022-11-16 09:52:21+09:00,Add test module for SLRUs
1eda3ce80287f985f8165640d4bf663fe4649b41,Jeff Davis,2022-11-15 16:01:35-08:00,Mark argument of RegisterCustomRmgr() as const.
ae168c794f09984d8fe44e7da2ca6ad3eeb570f1,Jeff Davis,2022-11-15 15:26:14-08:00,Add test module for Custom WAL Resource Manager feature.
9e5405993c1e242ae6fb7561353e437241244ac1,Peter Geoghegan,2022-11-15 07:48:41-08:00,Deduplicate freeze plans in freeze WAL records.
2fe3bdbd691a5d11626308e7d660440be6c210c8,Peter Eisentraut,2022-11-15 15:36:51+01:00,Check return value of pclose() correctly
b7f3981756d314d32cca27b5c3d31bdd58b6ff06,Daniel Gustafsson,2022-11-15 14:54:49+01:00,doc: Use more concise wording for pl/pgSQL TG_ variables
5b66de3433e2110b38a2b32aaaa0b9cdac8aacdb,Peter Eisentraut,2022-11-15 14:27:46+01:00,psql: Add command to use extended query protocol
a9e9a9f32b35edf129c88e8b929ef223f8511f59,Peter Eisentraut,2022-11-15 12:16:50+01:00,"libpq error message refactoring, part 2"
0873b2d354b9c73a69067c0afb92e35994adc47e,Peter Eisentraut,2022-11-15 12:16:50+01:00,libpq error message refactoring
d627ce3b706de16279d8eb683bfeda34ad7197fe,Peter Eisentraut,2022-11-15 10:03:47+01:00,Disallow setting archive_library and archive_command at the same time
8b5262fa0efdd515a05e533c2a1198e7b666f7d8,Amit Kapila,2022-11-15 09:37:19+05:30,Improve comments referring snapshot's subxip array.
e848be60b5cf9a883765ea8e98c411e7fef0c1c6,Amit Kapila,2022-11-14 10:43:33+05:30,Fix cleanup lock acquisition in SPLIT_ALLOCATE_PAGE replay.
ad6c52846f13e4e86daa247c1369ed85558830e7,Michael Paquier,2022-11-14 11:58:10+09:00,Add error context callback when tokenizing authentication files
783e8c69cbcd2b7d6fce1f0c5b568b1c8b686d54,Michael Paquier,2022-11-14 10:21:42+09:00,Invent open_auth_file() in hba.c to refactor authentication file opening
45d5ecab49f6c0df607d3ca2ce1995229f416d1a,Peter Eisentraut,2022-11-13 21:09:09+01:00,libpq: Add missing newlines to error messages
062e133f6d579f50e6e90642defca725d47add1d,Peter Eisentraut,2022-11-13 21:09:05+01:00,libpq: Remove unneeded cast and adjust format placeholder
5e1f3b9ebf6e51f2c60abe9aba969c28a3b0f6c6,Tom Lane,2022-11-13 10:22:45-05:00,Make Bitmapsets be valid Nodes.
9c7eb9d85a5687d4f9624c40ee3a508d8c7de35a,Andrew Dunstan,2022-11-13 09:07:53-05:00,Use installed postgresql.conf.sample for GUC sanity TAP test
a688c39e1dca56490527ccac13ea4ac752c7116a,Andrew Dunstan,2022-11-13 09:00:38-05:00,Make PostgreSQL::Test::Cluster::config_data more flexible
c727f511bd7bf3c58063737bcf7a8f331346f253,Peter Eisentraut,2022-11-13 09:02:41+01:00,Refactor aclcheck functions
afbfc02983f86c4d71825efa6befd547fe81a926,Peter Eisentraut,2022-11-13 08:12:37+01:00,Refactor ownercheck functions
b4b7ce8061d34cea2b4915c41403b2a74d5fde0e,Peter Eisentraut,2022-11-12 20:34:44+01:00,Add repalloc0 and repalloc0_array
30d98e14a88930c6d9658525fd5e6722e70a02e6,Noah Misch,2022-11-12 11:19:50-08:00,"If wait_for_catchup fails under has_wal_read_bug, skip balance of test."
533e02e927c6e7fcc1a7b3121093d8f05b728279,Tom Lane,2022-11-12 13:29:52-05:00,Fix volatility marking of timestamptz_trunc_zone.
97c61f70d1b97bdfd20dcb1f2b1be42862ec88c2,Jeff Davis,2022-11-12 08:37:50-08:00,Document WAL rules related to PD_ALL_VISIBLE in README.
d6a3dbe14f98d867b2fc3faeb99d2d3c2a48ca67,Jeff Davis,2022-11-11 12:38:29-08:00,Fix theoretical torn page hazard.
3eb8eeccbee31597c5962de10dcb3930d780cb19,Jeff Davis,2022-11-11 08:49:30-08:00,Remove obsolete comments and code from prior to f8f4227976.
373679c4a82f04e6c16198cdffab1a6c56852956,Peter Eisentraut,2022-11-11 16:01:16+01:00,meson: Define HAVE_LOCALE_T for msvc
b9424d014e195386a83b0f1fe9f5a8e5727e46ea,Tom Lane,2022-11-10 18:20:49-05:00,"Support writing ""CREATE/ALTER TABLE ... SET STORAGE DEFAULT""."
b158e0b1b1bfd2dfce6d66d67dba3c94449f9cac,Tom Lane,2022-11-10 17:24:26-05:00,Fix alter_table.sql test case to test what it claims to.
36e545cd051ffe58064c1f38faeb64f4feef4aec,Amit Kapila,2022-11-10 16:56:49+05:30,Fix comments atop ReorderBufferAddInvalidations.
5ca3645cb3fb4b8b359ea560f6a1a230ea59c8bc,Michael Paquier,2022-11-10 16:32:29+09:00,Fix comment of SimpleLruInit() in slru.c
85d8b30724c0fd117a683cc72706f71b28463a05,Tom Lane,2022-11-09 14:15:38-05:00,Apply a better fix to mdunlinkfork().
ff0d8f27f4d97c8e34ac5df19d0f232fb2f53744,Alvaro Herrera,2022-11-09 18:30:09+01:00,Remove redundant declaration for XidInMVCCSnapshot
4f981df8e0b7bc00d22ab0db65579589c9d4bb8c,Tom Lane,2022-11-09 12:28:34-05:00,Report a more useful error for reloptions on a partitioned table.
e613ace1f0d5734b62b133e9700300166ece1599,Tom Lane,2022-11-09 11:08:52-05:00,Doc: add comments about PreventInTransactionBlock/IsInTransactionBlock.
b28ac1d24db44ae763a57688e7a559352002badc,Thomas Munro,2022-11-09 13:06:31+13:00,Provide sigaction() for Windows.
6bbd8b73857a337e3aba2f6cdcaca6355b4c2b51,Michael Paquier,2022-11-09 08:47:02+09:00,Use AbsoluteConfigLocation() when building an included path in hba.c
f05a5e0003edfec027ee10d09082667036862e1c,Tom Lane,2022-11-08 18:25:03-05:00,Doc: improve tutorial section about grouped aggregates.
b5621b66e778112c78d381414dff8917320f71d2,Peter Eisentraut,2022-11-08 18:45:29+01:00,Unify some internal error message wordings
042c9091f0fc131d001516bafc9ce334fe20d711,Tom Lane,2022-11-08 10:36:04-05:00,Produce more-optimal plans for bitmap scans on boolean columns.
05a7be93558c614ab89c794cb1d301ea9ff33199,Thomas Munro,2022-11-08 20:36:36+13:00,Suppress useless wakeups in walreceiver.
bd95816f74ad4cad3d2a3c160be426358d6cea51,Michael Paquier,2022-11-08 14:19:09+09:00,psql: Add information in \d+ about foreign partitions and child tables
28cc2976a9cf0ed661dbc55f49f669192cce1c89,Michael Paquier,2022-11-08 12:37:11+09:00,Use pg_pwrite_zeros() in walmethods.c
3bdbdf5d06f2179d4c17926d77ff734ea9e7d525,Michael Paquier,2022-11-08 12:23:46+09:00,Introduce pg_pwrite_zeros() in fileutils.c
d7744d50a5394db8d973d1cfa034ed6640aec13c,Michael Paquier,2022-11-08 10:50:09+09:00,Fix initialization of pg_stat_get_lastscan()
1613de8bc34b4977d0186b56ef5a00ef8058a74a,David Rowley,2022-11-08 10:54:04+13:00,Fix compiler warning on MSVC
0e758ae89a20f233bb1c20a0f52ac7c81b2ef1b8,Tom Lane,2022-11-07 11:36:45-05:00,Fix failure to remove non-first segments of temporary tables.
a1a7bb8f16cd5529d76850c85625039ad7aa348a,Michael Paquier,2022-11-07 12:31:38+09:00,Move code related to configuration files in directories to new file
b0b72c64a0ce7bf5dd78a80b33d85c89c943ad0d,Tom Lane,2022-11-05 15:58:51-04:00,Don't pass down nonnullable_vars while reducing outer joins.
ff8fa0bf7eb9001f321c2af4bbe9c0f2bd5c1bf8,Tom Lane,2022-11-05 15:24:36-04:00,Handle SubPlan cases in find_nonnullable_rels/vars.
c3652cd84ac8aa60dd09a9743d4db6f20e985a2f,Andres Freund,2022-11-05 01:31:17-07:00,Remove redundant breaks in HeapTupleSatisfiesVisibility
2a71de8915b41cb1a927fc7870efb138bbcd0b77,Michael Paquier,2022-11-05 12:31:28+09:00,Remove unneeded includes of <sys/stat.h>
a5ac3e76fe96035db44e8e254f55f333c7a11634,Andres Freund,2022-11-04 18:08:44-07:00,meson: Split 'main' suite into 'regress' and 'isolation'
ab72a31f6cc58ceda97009a5bfae27bd566a3752,Andres Freund,2022-11-04 18:08:05-07:00,meson: Mark PROVE as not required
34fa0ddae5cf27dd93a5855b30083185d4bb5a5b,Tom Lane,2022-11-04 10:39:52-04:00,Fix CREATE DATABASE so we can pg_upgrade DBs with OIDs above 2^31.
8c7146790811ac4eee23fab2226db14b636e1ac5,Etsuro Fujita,2022-11-04 19:15:00+09:00,Correct error message for row-level triggers with transition tables on partitioned tables.
3e77b2eb3466aff9fe19e209ebc0d899ea869494,Amit Kapila,2022-11-04 09:00:46+05:30,Doc: Improve the description of confirmed_flush_lsn in pg_replication_slots.
233cf6e8adfc61c6987d4fa22ded551a8246f8fc,John Naylor,2022-11-04 07:50:57+07:00,Remove outdated include
b0284bfb1db5f71778f123754f2eab362b198993,Alvaro Herrera,2022-11-03 20:40:21+01:00,Create FKs properly when attaching table as partition
2fe4c7384f469e077928cd40fa1da4bd05598f1f,Peter Eisentraut,2022-11-03 12:04:22-04:00,Make AssertPointerAlignment available to frontend code
dea83493800563d9f78b68bf9717988dd272c7c9,Tom Lane,2022-11-03 12:02:14-04:00,Avoid crash after function syntax error in a replication worker.
5fca91025e05f803140831953c09a36f08efcef5,Alvaro Herrera,2022-11-03 16:25:54+01:00,Resolve partition strategy during early parsing
cf8b7d374ae10c8de389229ff924addc69e6f7df,Tom Lane,2022-11-03 10:47:31-04:00,Add casts to simplehash.h to silence C++ warnings.
062eef3a9bbd5da9c26c93127ee6272193cb06e6,John Naylor,2022-11-03 12:38:44+07:00,Straighten include order in guc-file.l
1c72d82c25849307416db140007674c674bdee10,Tom Lane,2022-11-02 17:37:29-04:00,Allow use of __sync_lock_test_and_set for spinlocks on any machine.
3655b46aa0b8156aced0b9ee3d10875632f84407,Peter Eisentraut,2022-11-02 17:24:38-04:00,pg_dump: Refactor code that constructs ALTER ... OWNER TO commands
be541efbfd11c4339222935899989d9c65737ac6,Tom Lane,2022-11-02 12:29:39-04:00,Defend against unsupported partition relkind in logical replication worker.
26ee7fb3684e5809d663f74847fb405f5a84d1af,Tom Lane,2022-11-02 11:30:04-04:00,pg_dump: fix failure to dump comments on constraints in some cases.
d54e79ba282c6a86d0c63e990e716b2c07a8656d,Etsuro Fujita,2022-11-02 18:15:00+09:00,Fix copy-and-pasteo in comment.
155601de7fdb71e1e11193aed52673be145872d4,Amit Kapila,2022-11-02 11:40:37+05:30,Doc: Update information about manually creating slots.
568546f7e46a48c065c631338c0eba1de9264ff1,Amit Kapila,2022-11-02 10:06:55+05:30,Improve the description of XLOG_RUNNING_XACTS.
e76502871ee36932bbd4d684262d77c0e8aecf08,Michael Paquier,2022-11-02 11:56:06+09:00,doc: Fix some descriptions related to pg_ident_file_mappings
3712e0ed47d126e9aa656a34dd56d52770b672b7,David Rowley,2022-11-02 15:29:31+13:00,Fix outdated comment in tuplesort.h
8e621c10c73a93e1078ad85fe70fb4478537a798,Michael Paquier,2022-11-02 10:15:19+09:00,Remove code handling FORCE_NULL and FORCE_NOT_NULL for COPY TO
7c335b7a20278079e796d62122ef4b821c7fcdf5,David Rowley,2022-11-02 14:06:05+13:00,Add doubly linked count list implementation
451d1164b9d0cce6acd0b3d0790f09db4c56be0a,Michael Paquier,2022-11-02 09:57:54+09:00,Add more tests for COPY with incorrect option combinations
e7c7605a760bf4422654ae842281d53e2d7b9e88,Tom Lane,2022-11-01 17:08:28-04:00,Update time zone data files to tzdata release 2022f.
f4857082bc16f36a5cdc6f8328cdc8071bb1715e,Tom Lane,2022-11-01 14:34:44-04:00,Fix planner failure with extended statistics on partitioned tables.
495e73c2079eb53fcfbafbe18b7dce81aeb271ec,Tom Lane,2022-11-01 12:48:01-04:00,pg_stat_statements: fetch stmt location/length before it disappears.
84387fc889442bd92b5969aa314b85cff360c7fe,Peter Eisentraut,2022-11-01 14:19:41+01:00,doc: Add note about lack of publication privileges
2ea5de296ef29d808e8cbc41f6053e33b7e7cf18,Peter Eisentraut,2022-11-01 12:07:40+01:00,psql: Improve tab completion for ALTER TABLE on identity columns
0043aa6b8597809b19c420cb5e635b4d832adccc,Tom Lane,2022-10-31 19:52:33-04:00,Add basic regression tests for semi/antijoin recognition.
0717f2fedb2400e4f5bf89bcd463c8b32916ca26,Jeff Davis,2022-10-31 15:44:52-07:00,"Fix ALTER COLLATION ""default"" REFRESH VERSION."
10932ed5e57b75e5e9aaa22aa0527ceeee55b6ca,Jeff Davis,2022-10-31 15:43:23-07:00,Enable pg_collation_actual_version() to work on the default collation.
6e10631d1e6e350ba3f82b0bd3a29678f9f5badd,Peter Eisentraut,2022-10-31 14:19:08+01:00,pg_dump test: Make concatenated create_sql commands more readable
a73952b795632b2cf5acada8476e7cf75857e9be,Michael Paquier,2022-10-31 13:54:23+09:00,Add check on initial and boot values when loading GUCs
d9d873bac67047cfacc9f5ef96ee488f2cb0f1c3,Michael Paquier,2022-10-31 12:44:48+09:00,Clean up some inconsistencies with GUC declarations
a9f8ca6005f1441b4e28272f744fb01fbc14b29f,Noah Misch,2022-10-29 10:42:16-07:00,"Under has_wal_read_bug, skip recovery/t/032_relfilenode_reuse.pl."
5543677ec90a15c73dab5ed4f0902b3b920f0b87,David Rowley,2022-10-28 23:04:38+13:00,"Use Limit instead of Unique to implement DISTINCT, when possible"
b1099eca8f38ff5cfaf0901bb91cb6a22f909bc6,Peter Eisentraut,2022-10-28 09:19:06+02:00,Remove AssertArg and AssertState
d37aa3d35832afde94e100c4d2a9618b3eb76472,David Rowley,2022-10-28 09:25:12+13:00,Allow nodeSort to perform Datum sorts for byref types
a5fc46414deb7cbcd4cec1275efac69b9ac10500,Tom Lane,2022-10-27 14:42:18-04:00,Avoid making commutatively-duplicate clauses in EquivalenceClasses.
4ab8c81bd90ae442dbd092df04a12dbb7e68f562,Michael Paquier,2022-10-27 14:39:42+09:00,Move pg_pwritev_with_retry() to src/common/file_utils.c
1b9cd69c5bdd1a331891f282106125e6f2524991,Michael Paquier,2022-10-27 09:58:44+09:00,Add some tests to check the SQL functions of control file
c591300a8f54d9711157d9a8866f022a257ec4ee,Michael Paquier,2022-10-26 15:22:15+09:00,Add rule_number to pg_hba_file_rules and map_number to pg_ident_file_mappings
37d264478ab47e8fa03751c39ba2c5dd447b89c8,Michael Paquier,2022-10-26 12:57:40+09:00,Fix variable assignment thinko in hba.c
1b73d0b1c3934f703d68031957d37c2a9765e798,Michael Paquier,2022-10-26 11:42:13+09:00,Refactor code handling the names of files loaded in hba.c
13d53aa7a83383c9d1343e7d725e615f8678aea8,Tom Lane,2022-10-25 17:35:19-04:00,"Doc/improve confusing, inefficient tests to locate CTID variable."
0e972f50fdc9f33b01d02bbcc2f26aa32f1c58ab,Heikki Linnakangas,2022-10-25 21:43:52+02:00,Update outdated comment for TransactionIdSetTreeStatus
7d25958453a60337bcb7bcc986e270792c007ea4,Michael Paquier,2022-10-25 14:06:07+09:00,Clean up some GUC declarations and comments
e109e43921d21d069c03f18d7c9d8f4e5cb6a0c3,Thomas Munro,2022-10-25 16:26:58+13:00,Fix unlink() for STATUS_DELETE_PENDING on Windows.
4517358ee78213cd2ca18270ab4d32cd69b0b19d,Thomas Munro,2022-10-25 16:19:05+13:00,Fix stat() for recursive junction points on Windows.
f71007fbb3b83fba21daae9144cc07e205f2365c,Thomas Munro,2022-10-25 16:19:05+13:00,Fix readlink() for non-PostgreSQL junction points on Windows.
387803d81d6256fcb60b9192bb5b00042442b4e3,Thomas Munro,2022-10-25 16:19:01+13:00,Fix lstat() for broken junction points on Windows.
4650036f5ab81c93e3b6ed549ef672a325b79705,Thomas Munro,2022-10-25 15:13:52+13:00,Fix readlink() return value on Windows.
359d601095ce2361bad50f9f8b0bcfe4da1eb886,Thomas Munro,2022-10-25 15:10:49+13:00,Fix symlink() errno on Windows.
f186c7c88522c2c25b31566b4a5e00749ca7820c,Michael Paquier,2022-10-25 09:29:21+09:00,doc: Fix type of cursor_position in jsonlog table
3b2db22fe287d17ecb0ba4cd828dc7900dddd03f,Alvaro Herrera,2022-10-24 12:52:43+02:00,Update some comments that should've covered MERGE
8328a15f8f95cad3fa99bbab551cade0a8403708,Alvaro Herrera,2022-10-24 12:02:33+02:00,Fix recently added incorrect assertion
2e0d80c5bb722fb49a4cdc44b0c715ec77c83f79,Michael Paquier,2022-10-24 16:53:54+09:00,Improve coverage of ruleutils.c for SQLValueFunctions
3cf2f7af7f9b6198f3d518aaffb0ff4de340c5bc,Michael Paquier,2022-10-24 15:46:42+09:00,Improve tab completion for ALTER STATISTICS <name> SET in psql
14a737bfdbe4f2328d7f333b207f52f9ed4ee722,Michael Paquier,2022-10-24 13:56:34+09:00,Fix and improve TAP tests for pg_hba.conf and regexps
8fea86830e1d40961fd3cba59a73fca178417c78,Michael Paquier,2022-10-24 11:45:31+09:00,Add support for regexps on database and user entries in pg_hba.conf
5035c93c8a5ac6804da79c67403460348b381924,Peter Eisentraut,2022-10-22 10:45:19+02:00,"Remove pgpid_t type, use pid_t instead"
2598b76bf2bc78af4c65ffab4736c7b49205fc7a,Peter Eisentraut,2022-10-22 09:42:52+02:00,psql: Fix exit status when query is canceled
6cc66197ff9aa34cc47486d7bf719f376f6f5ff8,Michael Paquier,2022-10-22 11:54:02+09:00,Improve memory handling across SQL-callable backup functions
1f0c4fa255253d223447c2383ad2b384a6f05854,Robert Haas,2022-10-21 08:21:55-04:00,pg_basebackup: Fix cross-platform tablespace relocation.
ce20f8b9f4354b46b40fd6ebf7ce5c37d08747e0,Amit Kapila,2022-10-21 12:57:18+05:30,Add CHECK_FOR_INTERRUPTS while restoring changes during decoding.
a903971351023bf08b3d6165220d0c8ab8ddada3,Michael Paquier,2022-10-21 09:55:56+09:00,Refactor more logic for compilation of regular expressions in hba.c
42d01f59c741038626d819046f4abf494c338c12,David Rowley,2022-10-21 09:29:08+13:00,Doc: fix outdated wording about parallel seq scans
c8e4030d1bddc1120fd1c3f17db5b86a729df4b6,Peter Eisentraut,2022-10-20 21:05:42+02:00,Make finding openssl program a configure or meson option
40c7fcbbed5d922e905f8032c5035826d0406980,Dean Rasheed,2022-10-20 10:10:17+01:00,Improve the accuracy of numeric power() for integer exponents.
7fd1ae987a5dc6d0b28dcc1dcd01f455049d9782,Alvaro Herrera,2022-10-20 09:41:03+02:00,Use proper macro to access TransactionId
16b1fe0037dc5a23dc7e2eb2ab62949800797b91,Amit Kapila,2022-10-20 08:49:48+05:30,Fix assertion failures while processing NEW_CID record in logical decoding.
460c0076e8de6233eee53f4d6c175b04d8d41de9,Alvaro Herrera,2022-10-19 17:09:51+02:00,Better handle interrupting TAP tests
342bb38bfeb099c5f8aa8f44a7e18f2dc21f1ecd,Alvaro Herrera,2022-10-19 12:35:00+02:00,Get rid of XLogCtlInsert->forcePageWrites
c2ae01f695b1605bc5e3908ff52b24fce6636caa,Thomas Munro,2022-10-19 22:18:26+13:00,Track LLVM 15 changes.
df3737a651f40a398c14348b0482e97031e7a7d4,Alvaro Herrera,2022-10-19 10:37:06+02:00,Remove pg_backup_start_callback and reuse similar code
9668c4a6618cc4a7a94f4bc0ad5685dd596bab63,Michael Paquier,2022-10-19 14:06:56+09:00,Rework shutdown callback of archiver modules
d1e2a380cb911f6f0840a8eb54dbf6e39e9c3f98,Tatsuo Ishii,2022-10-19 12:59:29+09:00,Enhance make_ctags and make_etags.
c68ec1b027a9941ef4dc56e0d239f29e8a26fc5d,Michael Paquier,2022-10-19 10:27:23+09:00,Fix typos in logical/launcher.c
fc579e11c6b8400f8d4ea2438c72bde006774370,Michael Paquier,2022-10-19 10:08:49+09:00,Refactor regular expression handling in hba.c
8bf66dedd88673f94122c3f3337e7d58e561ef4f,Tom Lane,2022-10-18 10:44:34-04:00,Fix confusion about havingQual vs hasHavingQual in planner.
997cd15c7c1629c3d8545aa2ef1afc2e8a6bacfa,Alvaro Herrera,2022-10-18 11:51:50+02:00,Remove no-longer-needed compatibility hack
915a6c4e22ecc4775b9ed18312bf12d896cd2b11,Alvaro Herrera,2022-10-18 11:46:58+02:00,Improve errhint for ALTER SUBSCRIPTION ADD/DROP PUBLICATION
eddc128beac0f6e7b87e003888b0e947f7548e8a,Michael Paquier,2022-10-18 10:44:02+09:00,Remove compatibility declarations for InitMaterializedSRF()
a19e5cee635dc94c9c6e44c8863b4b770920a04b,Michael Paquier,2022-10-18 10:22:35+09:00,Rename SetSingleFuncCall() to InitMaterializedSRF()
77dd153d39663461b32f3d5efce397af678ba083,Bruce Momjian,2022-10-17 15:21:29-04:00,doc:  move the mention of aggregate JSON functions up in section
4d070469c19f85043293789c570dbe8fb41ab1bb,Bruce Momjian,2022-10-17 15:07:03-04:00,doc:  warn pg_stat_reset() can cause vacuum/analyze problems
8272749e8ca1dbbcb5f8cf5632ec26a573ac3111,Tom Lane,2022-10-17 14:02:05-04:00,Record dependencies of a cast on other casts that it requires.
797e313dc9aed83e28e9f1d08a281ea48c560cd2,Tom Lane,2022-10-17 12:14:39-04:00,"Reject non-ON-SELECT rules that are named ""_RETURN""."
eec34661182db7b79a6b56c551ac1d79ef3e1f89,Tom Lane,2022-10-17 11:35:23-04:00,Guard against table-AM-less relations in planner.
c68a1839902daeb42cf1ebc89edfdd91c00e5091,Michael Paquier,2022-10-17 11:40:14+09:00,Fix calculation related to temporary WAL segment name in basic_archive
7622422b725eb4b7403c33a9e4986e0ed9826cbd,Michael Paquier,2022-10-17 11:06:00+09:00,Add checks for regexes with user name map in test for peer authentication
d57534740b7682c2816ce6c54318521787fcfacf,Tom Lane,2022-10-16 19:18:08-04:00,Fix EXPLAIN of SEARCH BREADTH FIRST with a constant initial value.
717ec1aae90b91466809b1f6b0aa779dbf7a270b,Tom Lane,2022-10-16 15:27:04-04:00,Rename parser token REF to REF_P to avoid a symbol conflict.
450ee701261a7ff5fe35842b91384eea46e81c2e,Tom Lane,2022-10-16 11:47:44-04:00,"Use libc's snprintf, not sprintf, for special cases in snprintf.c."
9a95a510adf37fa73076647ac13286c8100dd1aa,Andres Freund,2022-10-15 17:02:32-07:00,"meson: macos: Use -Wl,-undefined,error for modules"
57bab33302d4cdd8d48f91382aac912d7f07de59,Andres Freund,2022-10-15 12:00:16-07:00,meson: catch up to a few configure changes
cba4e78f3599f7edc3fb53d1b094f037fbb8158a,Alvaro Herrera,2022-10-15 19:24:26+02:00,Disallow MERGE cleanly for foreign partitions
1054c604bcdbae5de42beab2f60da7b0067cd4bb,Michael Paquier,2022-10-15 12:22:29+09:00,Fix some comments in proc.h
c037471832e1ec3327f81eebbd8892e5c1042fe0,Andres Freund,2022-10-14 11:11:34-07:00,pgstat: Track time of the last scan of a relation
309b2cf2433d1b1454636595600f160b41871ff5,Andres Freund,2022-10-14 11:11:33-07:00,Have GetCurrentTransactionStopTimestamp() set xactStopTimestamp if unset
db1b931a4ee885ebd27bb5b335c1e461ccc34bbe,Alvaro Herrera,2022-10-14 19:06:26+02:00,libpq: Reset singlerow flag correctly in pipeline mode
f13b2088fa2d4455936e65459b77698a4452f932,Tom Lane,2022-10-14 12:36:14-04:00,Add auxiliary lists to GUC data structures for better performance.
3057465acfbea2f3dd7a914a1478064022c6eecd,Tom Lane,2022-10-14 12:26:39-04:00,Replace the sorted array of GUC variables with a hash table.
407b50f2d421bca5b134a0033176ea8f8c68dc6b,Tom Lane,2022-10-14 12:10:48-04:00,"Store GUC data in a memory context, instead of using malloc()."
9c911ec065df0f660e3add65d986f95928914375,Tom Lane,2022-10-14 11:55:56-04:00,Make some minor improvements in memory-context infrastructure.
1b11561cc1de7596f6f7cb750743af94b9d168f7,Peter Eisentraut,2022-10-14 08:38:53+02:00,Standardize format for printing PIDs
34df7b9dfdeee442cf43060b6499bedc5f619f7f,Peter Eisentraut,2022-10-14 08:38:49+02:00,doc: Correct type of bgw_notify_pid
39b8c293fcde1d845da4d7127a25d41df53faab5,David Rowley,2022-10-14 14:32:00+13:00,Fix incorrect comment regarding command completion tags
ba185d318dd34ed3e860b3a19869fbc15007db8f,Daniel Gustafsson,2022-10-13 23:18:00+02:00,Remove redundant memset call following palloc0
2589434ae0fbfe08e46b6a4ffba400140b636074,Andres Freund,2022-10-13 09:55:46-07:00,pg_buffercache: Add pg_buffercache_summary()
7f8d9cedb374c9a23f0730f92a0b88d479325ba9,Alvaro Herrera,2022-10-13 13:36:14+02:00,Fix typo in CREATE PUBLICATION reference page
9786b89bd1b4c298ed900d118cbb5eb997c34905,Peter Eisentraut,2022-10-13 12:02:31+02:00,Put tests of md5() function into separate test file
97da48246d34807196b404626f019c767b7af0df,Etsuro Fujita,2022-10-13 18:45:00+09:00,Allow batch insertion during COPY into a foreign table.
56c19fee2db43f236eb8f4cbef5235701873fceb,Michael Paquier,2022-10-13 16:03:01+09:00,Add missing isolation test for test_decoding in meson build
5263c6b095c9bac2a4a744b72425e6690121c79d,Amit Kapila,2022-10-13 06:09:43+05:30,Improve the WARNING message for CREATE SUBSCRIPTION.
56b662523fd49f75abe89d5bad54d377b2f36c24,Michael Paquier,2022-10-13 09:31:57+09:00,Fix ordering issue with WAL operations in GIN fast insert path
63585b1ebd0d5ee66ff8f801202656d40ff9bb63,Michael Paquier,2022-10-13 08:53:42+09:00,doc: Fix description of replication command CREATE_REPLICATION_SLOT
2d27e13b35e9a932006006eb084cf9a1d90a8cb8,Tom Lane,2022-10-12 10:51:11-04:00,Doc: improve recommended systemd unit file.
8a927e3cfc8f42141072b0a677678d76cec8a1db,Alvaro Herrera,2022-10-12 09:54:02+02:00,Fix outdated code reference
9c0de04242a160aa1d4afeefab7d2e40efd8255d,Alvaro Herrera,2022-10-12 09:47:11+02:00,Reduce xlog.h inclusion footprint
c929b2745f8cc48c0ce7dbf1fd01a8cc94d54b75,Alvaro Herrera,2022-10-12 09:42:20+02:00,Reduce basebackup_sink.h inclusion footprint
38409787dc071d6af947a5eb4819ba97a24431f7,Peter Eisentraut,2022-10-12 07:06:10+02:00,Add meson.build to version_stamp.pl
a699b7a7aa9f34c19aa7632b3f037f24c8ee7720,Peter Eisentraut,2022-10-12 06:53:47+02:00,Remove Abs()
4574eb9d38c69f4c90b5468f740ff22519752066,Michael Paquier,2022-10-12 13:42:30+09:00,Fix shadow variable in postgres.c
a1176c67c42cf687675be762ebb6075e092d3d0a,Michael Paquier,2022-10-12 09:59:36+09:00,Simplify some maths in xlogreader.c
94fd253d561bcc1db067d04f75fc1f34c3b9962f,Michael Paquier,2022-10-12 08:45:01+09:00,Fix compilation warning in test_copy_callbacks
18a4a620e2de0e25a15303a8f78ff415950a14ef,Tom Lane,2022-10-11 18:54:31-04:00,Harden pmsignal.c against clobbered shared memory.
b8f2687fdc410371bbfa579ab7c4fd4b7a5ed1cb,Tom Lane,2022-10-11 18:24:14-04:00,Yet further fixes for multi-row VALUES lists for updatable views.
422f86a82edcc53076d120cbc9a584e40be30013,Tom Lane,2022-10-11 14:28:43-04:00,Doc: add entry for pg_get_partkeydef().
434c6cdf0cc9b4ee0d3c7fd2351d751fecdef8dc,Bruce Momjian,2022-10-11 13:08:17-04:00,C comment:  explain procArray->pgprocnos[]
776e1c8a5d1494e345e5e1b16a5eba5e98aaddca,Amit Kapila,2022-10-11 10:37:52+05:30,Add a common function to generate the origin name.
8432a815feb8897aabe0c6ed59f32bc47a6b2d50,Michael Paquier,2022-10-11 13:57:07+09:00,Add TAP tests for role membership in pg_hba.conf
9fcdf2c787ac6da330165ea3cd50ec5155943a2b,Michael Paquier,2022-10-11 11:45:52+09:00,Add support for COPY TO callback functions
0e87dfe46443286e630e9bcbc0c39a39c2c2cbb2,Tom Lane,2022-10-10 18:45:34-04:00,Harden memory context allocators against bogus chunk pointers.
235eb4db9879397acb57a5dfd25c18291052068a,Tom Lane,2022-10-10 15:16:56-04:00,Simplify our Assert infrastructure a little.
6291b2546ce729aa912fd070628c6b9eb1f84947,John Naylor,2022-10-10 15:08:38+07:00,Remove unnecessary semicolons after goto labels
357cfefb09115292cfb98d504199e6df8201c957,Peter Eisentraut,2022-10-10 09:01:17+02:00,Use C library functions instead of Abs() for int64
06dbd619bfbfe03fefa7223838690d4012f874ad,Andres Freund,2022-10-08 09:43:29-07:00,pgstat: Prevent stats reset from corrupting slotname by removing slotname
e4c61bedcb791fe79fdc4e96a3a7ab59b0dbacaf,Peter Eisentraut,2022-10-08 13:43:26+02:00,Use fabsf() instead of Abs() or fabs() where appropriate
2473cb9ff374dff99437138c144fab6d9f7dfd26,Andres Freund,2022-10-07 11:53:39-07:00,autoconf: Rely on ar supporting index creation
614a406b4ff1b6f0f84b89fb56dca5175978177d,Alvaro Herrera,2022-10-07 19:37:48+02:00,Fix self-referencing foreign keys with partitioned tables
3edc71ec043865c735cc7cd67df1c0e211fa97dd,Peter Eisentraut,2022-10-07 16:16:50+02:00,Convert macros to static inline functions (rel.h)
f14aad5169baa5e2ac25d49f1d18f9d5cb3bc7f2,Peter Eisentraut,2022-10-07 13:29:33+02:00,Remove unnecessary uses of Abs()
0fe954c28584169938e5c0738cfaa9930ce77577,David Rowley,2022-10-07 16:50:31+13:00,Add -Wshadow=compatible-local to the standard compilation flags
80ef92675823f14b0dd15a50b31372e27773a1f5,Tom Lane,2022-10-06 21:24:00-04:00,Improve our ability to detect bogus pointers passed to pfree et al.
e5555657ba860f2ac25fb7ef9c921a32c6e70c75,Andres Freund,2022-10-06 17:19:30-07:00,meson: Add support for building with precompiled headers
e0b0142959066f3a9de1c6867f4ec8d41d104f33,Andres Freund,2022-10-06 17:17:16-07:00,Create subscription stats entry at CREATE SUBSCRIPTION time
cd4e8caaa0eb5c3d3b12a45b29035e7a4bdfa4a8,David Rowley,2022-10-07 13:13:27+13:00,Fix final warnings produced by -Wshadow=compatible-local
4289263cf263ba36e474728f4a02ceb086903f81,Andres Freund,2022-10-06 13:09:57-07:00,windows: Adjust FD_SETSIZE via commandline define
0fa41648d77f04d5ad3ed69ff3e3903bd1abf121,Andres Freund,2022-10-06 13:09:37-07:00,meson: Fix two comments
9543eff5e015b6f6f832da2d95d659629a2022f3,Tom Lane,2022-10-06 13:35:31-04:00,Remove MemoryContextContains().
42b746d4c982257bf3f924176632b04dc288174b,Tom Lane,2022-10-06 13:27:34-04:00,Remove uses of MemoryContextContains in nodeAgg.c and nodeWindowAgg.c.
66c2922e76baef07e05763759d2912c0701a5593,Tom Lane,2022-10-06 12:27:36-04:00,Take care to de-duplicate entries in standby.c's table of locks.
58640f37d9acf632a4dd60d140f36f2e6815f716,Tom Lane,2022-10-06 11:18:32-04:00,Remove useless character-length checks in contrib/ltree.
ca71131eebba63809ceb86be033a264a5f0a1d79,Tom Lane,2022-10-06 11:08:56-04:00,Introduce t_isalnum() to replace t_isalpha() || t_isdigit() tests.
5757141caeaff4af0c206ab672d542cbd608542c,Michael Paquier,2022-10-06 20:25:02+09:00,Fix comment in xlogprefetcher.c
051b096b8dd3b65f8e4528a8cd24a8702646e8b2,Michael Paquier,2022-10-06 09:45:18+09:00,Refactor TAP test authentication/001_password.pl
d8df67bb1ad9cb80963f3592be281656857a5efc,David Rowley,2022-10-06 10:19:36+13:00,Fix final compiler warning produced by -Wshadow=compatible-local
112f0225dbfe8af217294bfa0bd227f3302a1658,David Rowley,2022-10-06 10:08:31+13:00,Add optional parameter to PG_TRY() macros
23f3989d929e9301a29ee3a25ecf8040d8de20c2,Bruce Momjian,2022-10-05 15:53:40-04:00,doc:  clarify description for log_startup_progress_interval
c3315a7da57be720222b119385ed0f7ad7c15268,Andres Freund,2022-10-05 10:44:38-07:00,tests: Restrict pg_locks queries in advisory_locks.sql to current database
6a20b04f0408fb61da610543d4608a08f86d1aeb,Andres Freund,2022-10-05 10:43:13-07:00,tests: Rename conflicting role names
902ab2fcef33b1e7c290af8d280e67d9f9212bcf,Andres Freund,2022-10-05 09:56:05-07:00,meson: Add windows resource files
a1261cd16f07f6db12a54b94d9e36175198951b4,Andres Freund,2022-10-05 09:56:05-07:00,meson: ecpg: Split definition of static and shared libraries
089c0bc7a760ea8f654a054dc8363e7f0baf79a2,Andres Freund,2022-10-05 09:56:05-07:00,meson: libpq: Revise static / shared library setup
29668e31865aa0442cd181ec7ee514295ef3578b,Andres Freund,2022-10-05 09:56:05-07:00,"meson: docs: Add xml{lint,proc} wrapper to collect dependencies"
db0e5bf2b2da17c7e1c0beec04011d53388458bc,Peter Eisentraut,2022-10-05 15:06:43+02:00,Fix whitespace
2d0bbedda7c4fbf7092c39b0c06b56cb238e15d7,David Rowley,2022-10-05 21:01:41+13:00,Rename shadowed local variables
839c2520a7937b8895ff84fc8fc718dbfab5e72e,Michael Paquier,2022-10-05 14:27:50+09:00,Remove definition of JUMBLE_SIZE from queryjumble.h
9a30e154b35e5bab9df7964785bca707ef74aec8,Michael Paquier,2022-10-05 14:10:13+09:00,Use macros from xlog_internal.h for WAL segment logic in pg_resetwal
9aa58d48f30a0cadfc0f40aad22be91ae7f8c4a8,Michael Paquier,2022-10-05 11:46:10+09:00,Add a few new patterns to the tab completion of psql
bdf9b60085bca2dbb0af920d50f1a0917dda0cbb,Michael Paquier,2022-10-04 15:39:41+09:00,Fix comment in guc_tables.c
c42cd05c586235fa9e84fb4a3682286cf551df0e,Michael Paquier,2022-10-04 13:16:23+09:00,Cleanup useless assignments and checks
62be9e4cdc1d59dd6c9c268c7419d7d4f1016124,Michael Paquier,2022-10-04 10:11:08+09:00,Add filtering capability for cross-version pg_upgrade tests
908e17151b4834bd4bbfb703e206b68f5db341f9,Andres Freund,2022-10-03 14:55:52-07:00,meson: llvm: Use llvm-config's --cxxflags when building llvmjit
4a79fd1a754edcc85f9b94f17a2fb4576becf0a3,Tom Lane,2022-10-03 15:07:17-04:00,Fix psql's behavior with \g for a multiple-command string.
0ae5db28d06939d1a2ac52813629be0dfc77010e,Andres Freund,2022-10-03 10:13:12-07:00,meson: respect -Dldap=disabled
f4c7c410ee4a7baa06f51ebb8d5333c169691dd3,Tom Lane,2022-10-03 10:56:16-04:00,"Revert ""Optimize order of GROUP BY keys""."
f60eb3f2827db292edf71bb7296fbdf5958ace3d,Michael Paquier,2022-10-03 16:42:25+09:00,Add authentication TAP test for peer authentication
89d16b63527d078ae611b0af1241258ffa1f460b,Andres Freund,2022-10-01 17:39:53-07:00,ci: enable various runtime checks on FreeBSD and macOS
2d2f08310490d63c4cc097243ba63a1601316c17,Andres Freund,2022-10-01 16:55:16-07:00,ci: macos: Reduce test concurrency
1360943d1ac03240fc719a459aed4ad4f9f9b5d4,Andres Freund,2022-10-01 12:41:37-07:00,meson: Add prefix=/usr/local/pgsql to default_options
d0366bfb3b211b26a997a4220757392a0c153d8d,Andres Freund,2022-10-01 12:39:12-07:00,meson: windows: Determine path to tmp_install + prefix using meson
a9d58bfe8a3ae2254e1553ab76974feeaafa0133,Peter Eisentraut,2022-10-01 12:48:24+02:00,Fix tiny memory leaks
83e42a0035718914efad2fe04080fd6c579e9ef2,Michael Paquier,2022-10-01 15:28:02+09:00,doc: Fix some grammar and typos
24ef127b6d1f268ca09f4c501b4655e914329c5a,Andres Freund,2022-09-30 19:14:35-07:00,"meson: mingw: Add -Wl,--disable-auto-import, enable when linking with readline"
2dc2e4e31adb71502074c8c2bf9e0766347aa6e5,Tom Lane,2022-09-30 19:37:00-04:00,"Avoid improbable PANIC during heap_update, redux."
0e497eadb1f4028b147b5c58dc08cea7e73675e1,Andres Freund,2022-09-30 10:50:05-07:00,mingw: Define PGDLLEXPORT as __declspec (dllexport) as done for msvc
4e4f7b9fcc9ad0b023b6e698e978882d022b94c4,Tom Lane,2022-09-30 10:26:47-04:00,Adjust PQsslAttributeNames() to match PQsslAttribute().
69298db8e1a5a7afcfeea32daf71e713a109ef93,Alvaro Herrera,2022-09-30 12:53:31+02:00,Fix tab-completion after commit 790bf615ddba
51fd7cdfd07d49223c82f8bbdf37866c81c62908,Daniel Gustafsson,2022-09-30 12:03:48+02:00,doc: Fix PQsslAttribute docs for compression
65b158ae4e892c2da7a5e31e2d2645e5e79a0bfd,Michael Paquier,2022-09-30 15:57:47+09:00,Remove useless argument from UnpinBuffer()
ccf36ea2580f66abbc37f27d8c296861ffaad9bf,Andres Freund,2022-09-29 20:32:20-07:00,ci: Add 32bit build and test
80a05679d5a400b8f995740c175f8bdb060bb05c,Tom Lane,2022-09-29 17:28:09-04:00,"Fix bogus behavior of PQsslAttribute(conn, ""library"")."
551aa6b7b9f3b78e7b6cbab1fea70947fa7f4966,Tom Lane,2022-09-29 13:27:48-04:00,Improve wording of log messages triggered by max_slot_wal_keep_size.
d7e39d72ca1c6f188b400d7d58813ff5b5b79064,Tom Lane,2022-09-29 12:14:39-04:00,Use actual backend IDs in pg_stat_get_backend_idset() and friends.
d5e3fe682ac327ae2c0682a931f95e946ae13487,Etsuro Fujita,2022-09-29 16:55:00+09:00,Update comment in ExecInsert() regarding batch insertion.
0823d061b0b7f1e20fbfd48bef3c2e093493dbd4,Michael Paquier,2022-09-29 15:05:40+09:00,Introduce SYSTEM_USER
5ac9e869191148741539e626b84ba7e77dc71670,Michael Paquier,2022-09-29 14:28:13+09:00,Mark sigint_interrupt_enabled as sig_atomic_t
b8d8a4593a3a2daa5e16e4a3634d9284fe14667f,Andres Freund,2022-09-28 21:59:15-07:00,"windows: Set UMDF_USING_NTSTATUS globally, include ntstatus.h"
a1b3bca1c8e32c31ba1a8d1125b2eb97f750a7f0,Andres Freund,2022-09-28 18:48:19-07:00,meson: Implement getopt logic from autoconf
caeeabd11066a360c8a9986581da320dd5aa09b9,Andres Freund,2022-09-28 18:48:19-07:00,meson: mingw: Allow multiple definitions
dfefa0e46433a2c798281826f8501895f3fa2a71,Andres Freund,2022-09-28 18:48:19-07:00,meson: pg_regress: Define a HOST_TUPLE sufficient to make resultmap work
e3a892539b2baabc1963c31605728bbbc8f8b89a,Andres Freund,2022-09-28 18:48:19-07:00,meson: windows: Normalize slashes in prefix
2beae72746e6b762cb335ec4fff87e5407b3096c,Michael Paquier,2022-09-29 10:14:47+09:00,Map ERROR_INVALID_NAME to ENOENT in mapping table of win32error.c
b6d8a60aba322678585ebe11dab072a37ac32905,Thomas Munro,2022-09-29 13:12:11+13:00,Restore pg_pread and friends.
3a5817695a8360011864c1834f8a90ffdfc7f840,David Rowley,2022-09-29 11:43:00+13:00,Restrict Datum sort optimization to byval types only
2a66b9bfb74e522d64c066dabe4fddde0fe7425c,Bruce Momjian,2022-09-28 13:14:38-04:00,doc: clarify internal behavior of RECURSIVE CTE queries
f77becbe5a99c9853b1ae7f22aa15babd01368b7,Bruce Momjian,2022-09-28 13:05:21-04:00,"revert ""warn of SECURITY DEFINER schemas for non-sql_body funcs"""
0937f6d172921202e1b432e206e4c30775d564d8,Tom Lane,2022-09-28 12:31:36-04:00,"Doc: document bpchar, clarify relationship of text and varchar."
4d2a844242dcfb34e05dd0d880b1a283a514b16b,Tom Lane,2022-09-28 11:23:27-04:00,Allow callback functions to deregister themselves during a call.
d84a7b290f866b3f16cbefb0fca31b69ebace98a,Alvaro Herrera,2022-09-28 17:14:53+02:00,Change some errdetail() to errdetail_internal()
7188b9b0fdbb4dd99915626f171d820a56b98514,Robert Haas,2022-09-28 10:42:07-04:00,Fix bug in DROP OWNED BY.
a448e49bcbe40fb72e1ed85af910dd216d45bad8,Robert Haas,2022-09-28 09:55:28-04:00,Revert 56-bit relfilenode change and follow-up commits.
6af082723277eeca74f2da65e7759666bf7c7f9c,Robert Haas,2022-09-28 08:04:49-04:00,Fix InitializeRelfilenumberMap for 05d4cbf9b6ba708858984b01ca0fc56d59d4ec7c
0222be137188ac3912d244d832a328be0944f3e9,Robert Haas,2022-09-28 07:58:09-04:00,Fix alignment problems with SharedInvalSmgrMsg.
d0b1dbcb98454a353919d789c71c6d9a89e961eb,Alvaro Herrera,2022-09-28 13:47:25+02:00,Remove publicationcmds.c's expr_allowed_in_node as a function
2e560b974ec7f7e8fe47e765e7c276422015ff3b,Michael Paquier,2022-09-28 09:58:44+09:00,Fix some comments of do_pg_backup_start() and do_pg_backup_stop()
0aaa7cf6989ef6709f2bade96c4c43c7195afe17,Robert Haas,2022-09-27 16:15:57-04:00,"In BufTagGetForkNum, cast to the correct type."
99164b7ea6bb396f4df569eb7c07664b74b66f19,Robert Haas,2022-09-27 15:34:17-04:00,Update pg_buffercache's meson.build.
4667d97ca624b257f690e8d369b242b380f53a09,Robert Haas,2022-09-27 15:34:17-04:00,Fix typos in commit 05d4cbf9b6ba708858984b01ca0fc56d59d4ec7c.
c8b2ef05f481ef06326d7b9f3eb14b303f215c7e,Peter Eisentraut,2022-09-27 20:50:21+02:00,Convert *GetDatum() and DatumGet*() macros to inline functions
8caf96de0b7b4ad5beb02b36a158196520c035a7,Robert Haas,2022-09-27 13:35:20-04:00,Include common/relpath.h in utils/relfilenumbermap.h
05d4cbf9b6ba708858984b01ca0fc56d59d4ec7c,Robert Haas,2022-09-27 13:25:21-04:00,Increase width of RelFileNumbers from 32 bits to 56 bits.
2f47715cc8649f854b1df28dfc338af9801db217,Robert Haas,2022-09-27 12:01:57-04:00,Move RelFileNumber declarations to common/relpath.h.
7ac918ada0037fc1101456271b3e7d0982d6a375,Tom Lane,2022-09-27 11:51:06-04:00,Renumber GUC flags for a bit more sanity.
385366426511399a91da327c0f04765bbcfd5322,Tom Lane,2022-09-27 11:47:12-04:00,Introduce GUC_NO_RESET flag.
4148c8b3daf95ca308f055e103f6ee82e25b8f99,Alvaro Herrera,2022-09-27 14:11:31+02:00,Improve some publication-related error messages
249b0409b181311bb1c375311e43eb767b5c3bdd,Alvaro Herrera,2022-09-27 10:44:42+02:00,Fix pg_stat_statements for MERGE
bed0927aeb0c61bd8649b56e5b84a6d551d5f416,Andres Freund,2022-09-26 20:02:26-07:00,ci: Add hint about downloadable logs to README
a1860071b3fc6b9475a09f0c306e432249bb8314,Andres Freund,2022-09-26 19:44:05-07:00,meson: Set up absolute rpaths to libdir
1330dcdec0f22fb2b7a621f9a0e6e729e21d50a4,Andres Freund,2022-09-26 19:36:24-07:00,meson: Include CFLAGS/c_args in summary and pg_config output
78fdb1e50f7fd394505a400b507f70ecffa6d7bf,Michael Paquier,2022-09-27 09:29:56+09:00,Mark ParallelMessagePending as sig_atomic_t
e1e6f8f3dfe141839220875270a81ad3a719e0b6,Michael Paquier,2022-09-27 09:15:07+09:00,Remove dependency to StringInfo in xlogbackup.{c.h}
31d2c4716e6b429353bb81cebaa0f2b1267823d6,Andres Freund,2022-09-26 11:38:02-07:00,windows: remove date from version number in win32ver.rc
fbd2bd15b0114bb900aa6986add2b359fec1b740,Tom Lane,2022-09-26 14:19:21-04:00,Doc: further adjust notes about pg_upgrade_output.d.
787102b5637389b10c220b08992a6a064ac319c6,Tom Lane,2022-09-26 16:32:16+02:00,Enable WRITE_READ_PARSE_PLAN_TREES of rewritten utility statements
40ad8f9deed21f02b23eb034bfca87f7acc7562b,Tom Lane,2022-09-26 16:32:16+02:00,Implement WRITE_READ_PARSE_PLAN_TREES for raw parse trees
acd624644bc4f957824abcd00f6af27861b03a29,Peter Eisentraut,2022-09-26 16:02:09+02:00,Don't lose precision for float fields of Nodes.
c07785d458c1ca69ad7cd3ebb8f4a1d953c3779b,Peter Eisentraut,2022-09-26 15:56:47+02:00,catversion bump
8999f5ed3cd7d26be1121d912086d04d134d398b,Peter Eisentraut,2022-09-26 15:25:59+02:00,Fix write/read of empty string fields in Nodes.
af51b2f042a0808943125b82c0d6e785259069f2,Amit Kapila,2022-09-26 08:47:00+05:30,Remove unused xid parameter.
7d708093b7400327658a30d1aa1d5e284d37622c,Michael Paquier,2022-09-26 11:15:47+09:00,Refactor creation of backup_label and backup history files
216f9c1ab3a4f333632ce576e1dc1e3643427eb8,Tom Lane,2022-09-25 17:10:58-04:00,Fix tupdesc lifespan bug with AfterTriggersTableData.storeslot.
1d2fec990c4dd6da8ffe5ca6b3c2aed2553197fb,Tom Lane,2022-09-25 13:10:17-04:00,Avoid loss of code coverage with unlogged-index test cases.
dda101315ad93e9b39c48eeb53b131d171d1fd0b,Alvaro Herrera,2022-09-25 17:48:03+02:00,Add missing source files to pg_waldump/nls.mk
26f7802beb2a4aafa0903f5bedeb7f1fa6f4f358,Peter Eisentraut,2022-09-24 18:41:25-04:00,Message style improvements
a6bc3301925e1a8ad1f58da629b9dd55bc4b8d9c,Peter Eisentraut,2022-09-24 18:18:33-04:00,Add read support for some missing raw parse nodes
2cb1a5a8d4aeb63da2d6a2d22169f05c60bb5828,Peter Eisentraut,2022-09-24 18:10:52-04:00,Fix reading of BitString nodes
43f4b349152d972c711592b8e8a4645aea9625f4,Peter Eisentraut,2022-09-24 18:10:11-04:00,Fix reading of most-negative integer value nodes
03bf971d2dc701d473705fd00891028d140dd5ae,Andres Freund,2022-09-24 12:08:37-07:00,Remove uses of register due to incompatibility with C++17 and up
eef63941c127bcfbc278445b85cf3d9dd9e323b0,Andres Freund,2022-09-24 12:04:56-07:00,De-special-case pgevent's rc file handling
a075c616d22921fd90eafa852f140df9cd832209,Andres Freund,2022-09-24 11:29:30-07:00,meson: Remove non-binary targets accidentally added to bin_targets
6d6e1368722c664eef547d59ab23a29e555778c8,Peter Eisentraut,2022-09-23 21:18:17-04:00,Improve terminology
5f1048881d5f16475b76e168bfe962682c741fb5,Tom Lane,2022-09-23 18:20:14-04:00,Doc: minor cleanups.
d811ce6ea343fa8a0b6b9cd7e9cddcbdaa27962b,Andres Freund,2022-09-23 13:00:55-07:00,pgstat: Fix transactional stats dropping for indexes
0032a5456708811ca95bd80a538f4fb72ad0dd20,Alvaro Herrera,2022-09-23 18:21:22+02:00,Remove PQsendQuery support in pipeline mode
d11a41a4ce79660d1a1c5f81b051061717099a9f,Alvaro Herrera,2022-09-23 18:11:48+02:00,Stop using PQsendQuery in libpq_pipeline
e3e6ee69641b8ea1e24f05ee64393a52e495bf86,Andres Freund,2022-09-22 20:42:06-07:00,"ci: freebsd: Set extra_{lib,include}_dirs to /usr/local/..."
13a185f54ba594a5fb42bac3e1ecbdfd62b9041f,Amit Kapila,2022-09-23 08:21:26+05:30,Allow publications with schema and table of the same schema.
d89755dac6153518a601ca0fa9e489f2bc209fdc,Tom Lane,2022-09-22 22:05:09-04:00,Doc: adjust misleading phrasing of a few cross-references.
20e69daa1348f6899fffe3c260bf44293551ee87,Peter Geoghegan,2022-09-22 16:41:23-07:00,Harmonize parameter names in pg_dump/pg_dumpall.
0faf7d933f625eb1668dcaa518b472f722b53a55,Peter Geoghegan,2022-09-22 13:59:20-07:00,Harmonize parameter names in contrib code.
8fb4e001e9c185250a95b2b13880a2a04d626b75,Peter Geoghegan,2022-09-22 13:27:16-07:00,Harmonize more lexer function parameter names.
3535ebce5dc542b90f14d6e81cce80fe7226bda5,Peter Geoghegan,2022-09-22 12:53:20-07:00,Harmonize parameter names in ecpg code.
163b0993a162ebae00fe5de8f593a5da28821a1b,Jeff Davis,2022-09-22 11:04:00-07:00,Fix race condition where heap_delete() fails to pin VM page.
790bf615ddba8a0ba3b870915d03438ce9cb7860,Alvaro Herrera,2022-09-22 19:02:25+02:00,Remove ALL keyword from TABLES IN SCHEMA for publication
ba50834551f936719450a287c0d7f1d0d769e9c9,Peter Eisentraut,2022-09-22 07:35:00-04:00,Restore archive_command documentation
18ac08f0b42de3cf35f07199c9f482746c8b12c0,Michael Paquier,2022-09-22 20:02:40+09:00,Use min/max bounds defined by Zstd for compression level
cbe6dd17ac453fece214b2a430b354d4f7d5a15d,Etsuro Fujita,2022-09-22 15:55:00+09:00,Fix thinko in comment.
e6b6ea025cc0b6e5cdb7a3bf6d9275afdd861e51,Andres Freund,2022-09-21 22:46:18-07:00,meson: ci: Convert some tasks to use meson
e6927270cd18d535b77cbe79c55c6584351524be,Andres Freund,2022-09-21 22:37:17-07:00,meson: Add initial version of meson based build system
fbb5f54b67c2f35c885d07daa26bce7e2eb6b0be,Michael Paquier,2022-09-22 14:25:09+09:00,Clear ps display of startup process at the end of recovery
2f636daac85b7bad608b24b475feceb7e3076ec6,Fujii Masao,2022-09-22 12:54:26+09:00,docs: Fix snapshot name in SET TRANSACTION docs.
14ff44f80c09718d43d853363941457f5468cc03,Michael Paquier,2022-09-22 09:47:28+09:00,Used optimized linear search in more code paths
9a6915257d1d804ddba05331030b74d7426a4005,Fujii Masao,2022-09-22 09:25:29+09:00,psql: Improve tab-completion for MERGE.
661ee7bfc661a4ba52ed57cff46e414b2add75b1,Andres Freund,2022-09-21 17:16:34-07:00,ci: windows: set error mode to not include SEM_NOGPFAULTERRORBOX
a3a3c1ea87804c9efddf53fc2e7793993630a034,Thomas Munro,2022-09-22 11:36:19+12:00,ci: Increase requested memory size.
aab06442d488364f8861219cb8864a16b6d0d4e4,Peter Geoghegan,2022-09-21 13:21:36-07:00,Harmonize lexer adjacent function parameter names.
e59a67fb8fe1ac1408dc1858038f525a860d772b,Peter Eisentraut,2022-09-21 10:41:36-04:00,Improve ICU option handling in CREATE DATABASE
2da8c4cff39328897aa716a0ba57bdada5aeaf6e,Peter Eisentraut,2022-09-21 09:42:35-04:00,Tighten pg_get_object_address argument checking
3d4e841a076379663ae714d1d1c7eee11c638063,Alvaro Herrera,2022-09-21 12:29:38+02:00,Improve some GUC description strings
a932824dfe068f563e9abb9264f6e071f23e67ae,Amit Kapila,2022-09-21 10:20:37+05:30,Pass Size as a 2nd argument for snprintf() in tablesync.c.
6971a839ccdf1131ddf1fa2fa405cba43cd68608,Amit Kapila,2022-09-21 09:43:59+05:30,Improve some error messages.
3f0c901e744c87f6e00744e63afe0242d5fe45e9,Andres Freund,2022-09-20 18:11:35-07:00,"Use \b in one more PG_TEST_EXTRA check, oversight in c3382a3c3cc"
ec3c9cc202fb2749fce82483e6dc247cfe286cab,Michael Paquier,2022-09-21 10:11:23+09:00,Add definition pg_attribute_aligned() for MSVC
1c27d16e6e5c1f463bbe1e9ece88dda811235165,Tom Lane,2022-09-20 18:03:22-04:00,Revise tree-walk APIs to improve spec compliance & silence warnings.
eccb607e19993483e25966abae895277599f77a2,Peter Geoghegan,2022-09-20 14:08:57-07:00,Fix recent cpluspluscheck issue in selfuncs.h.
a601366a460f68472bf70c4d94c57baa0a3ed1b2,Peter Geoghegan,2022-09-20 13:09:30-07:00,Harmonize more parameter names in bulk.
c3382a3c3ccda6df126c95bf37dcc762480c5202,Andres Freund,2022-09-20 11:24:16-07:00,Refactor PG_TEST_EXTRA logic in autoconf build
bb44a6ba48edfe1ac8bca87b1f2cfdcd9f86c930,Jeff Davis,2022-09-20 10:52:01-07:00,Improve comment for OAT_POST_CREATE.
3d53b9ef1a4cda7b6303a0496f8531eceeef0e77,Alvaro Herrera,2022-09-20 18:50:16+02:00,Fix `trap` in a few shell scripts
152c9f7b8f01437780d9f87bfe945bba47efdd0a,Tom Lane,2022-09-20 12:04:37-04:00,Suppress variable-set-but-not-used warnings from clang 15.
c9a21fea44ca5722dbfcced0dfdc84db063aff71,Alvaro Herrera,2022-09-20 12:38:48+02:00,Disable autovacuum in MERGE test script
6f0dad88b2eff56e1ddada983f27427250b8a3c3,Michael Paquier,2022-09-20 19:28:37+09:00,doc: Fix parameter name for pg_create_logical_replication_slot()
e9123197c844a3a7fe20d723477fcdbef5b89f93,Michael Paquier,2022-09-20 18:13:00+09:00,Fix incorrect variable types for origin IDs in decode.c
bfcf1b34805f70df48eedeec237230d0cc1154a6,Peter Geoghegan,2022-09-19 19:18:36-07:00,Harmonize parameter names in storage and AM code.
c47885bd8b6997ccb0cc1997f61f6f98a79ce32a,Andres Freund,2022-09-19 18:03:17-07:00,Split TESTDIR into TESTLOGDIR and TESTDATADIR
bb54bf22900f76dab6899594d47f55d62e912143,Andres Freund,2022-09-19 18:00:50-07:00,Don't hardcode tmp_check/ as test directory for tap tests
4bac9600f09a9b9ba7daa3ba69495a877f51e6c3,Peter Geoghegan,2022-09-19 16:46:23-07:00,Harmonize heapam and tableam parameter names.
cb8ff7ed5ac907a4a574413f3e46a3522d7b164c,Peter Geoghegan,2022-09-19 15:47:04-07:00,Consistently use named parameters in regex code consistently.
70df2df1cc89e69e31b31b6aa0d65fd72935af38,Andres Freund,2022-09-19 15:39:35-07:00,Extend gendef.pl in preparation for meson
1091b48cd761abc7f697fa9c4e018c46763b46fb,Peter Eisentraut,2022-09-19 18:30:05-04:00,Update Unicode data to Unicode 15.0.0
c4f8e89fef3d4cd8b0791637667fd984d6f38fb2,Peter Geoghegan,2022-09-19 15:13:42-07:00,Consistently use named parameters in timezone code.
bc2187ed63c56bb9cd99f6613f3e2ba56afb22fe,Peter Geoghegan,2022-09-19 15:10:24-07:00,Consistently use named parameters in regex code.
55b4966365fa76bda275c409f3aefad43243f12c,David Rowley,2022-09-20 10:03:26+12:00,Fix misleading comment for get_cheapest_group_keys_order
78a9af1a27641ad983354bbaaaa4b7c00ea390f6,David Rowley,2022-09-20 09:13:49+12:00,Fix out-dated comment in preprocess_groupclause()
66fa8ff637982b51257d80626dd00dccf3ad9fa6,David Rowley,2022-09-20 08:37:02+12:00,Remove various duplicated words
cab3ce7a065b8ec04303d680a64bd9aa9bdd29db,Peter Eisentraut,2022-09-19 15:22:43-04:00,Fix icu tests with C locale
48a257d444a787941ba3da24d65e6cbe31461d0a,Robert Haas,2022-09-19 14:21:59-04:00,"Make ALTER DEFAULT PRIVILEGES require privileges, not membership."
ebfb814f7ce0d5ab6f47f0b86db51a1b8f3342f4,Robert Haas,2022-09-19 12:53:46-04:00,walmethods.c/h: Make WalWriteMethod more object-oriented.
c35ba141de1fa04373671ba24c73eb0fe4862415,Tom Lane,2022-09-19 12:16:07-04:00,Future-proof the recursion inside ExecShutdownNode().
4fd14794945e60c4aedad84b06ff1e2a7a6236f0,Robert Haas,2022-09-19 11:20:18-04:00,"walmethods.c/h: Make Walfile a struct, rather than a void *"
1fe1d09652d796392785922bef54e0ffda6e1f05,Peter Eisentraut,2022-09-19 06:35:01-04:00,Add missing serial commas
a23417790631e50f54bdcf5e40bf84e2dbd1c34b,Amit Kapila,2022-09-19 14:21:39+05:30,Fix typos.
08f8af983a8bd8ef78e48bab624071998a26cbb7,John Naylor,2022-09-19 11:36:51+07:00,Fix typos referring to PGPROC
f66d997fd024223a78ebf64bf42f98f639b0b942,Peter Geoghegan,2022-09-18 12:05:07-07:00,Harmonize missed reorderbuffer parameter names.
9f65aaa408f60081a057f559b717100b55511698,Michael Paquier,2022-09-18 15:33:16+09:00,"Remove unused argument ""isSlice"" from transformAssignmentSubscripts()"
035ce1feb2ed27680558ebc5cd1455041c8ec3cf,Peter Geoghegan,2022-09-17 17:20:17-07:00,Harmonize reorderbuffer parameter names.
4274dc223ce75b2adf7b7cde5e00df7bbdd2a061,Peter Geoghegan,2022-09-17 16:54:17-07:00,Make check_usermap() parameter names consistent.
43fcaa345d5af45101c5d96dd164f1ebed686b2c,Andres Freund,2022-09-17 09:21:59-07:00,"Include c.h instead of postgres.h in src/port/*p{read,write}*.c"
8d513a6b71b7ad94331a485adaf00adce8ee74ec,Andres Freund,2022-09-17 09:15:12-07:00,"Remove DLLTOOL, DLLWRAP from configure / Makefile.global.in"
9d3ebba729ebaf5882a92f0f5f662a3312037605,Andres Freund,2022-09-17 09:04:23-07:00,pgstat: Create memory contexts below TopMemoryContext
fdd8937c071e85e2b7606939fb28284f008e15d1,Michael Paquier,2022-09-17 15:39:55+09:00,Fix huge_pages on Windows
a0b65155d04e3d78e1ee92d5e3c6c340c7c6b286,Peter Eisentraut,2022-09-17 08:15:11+02:00,Message style improvements
32914d900f90f7f5238a3856e67f6bc5bf05e1d9,Andres Freund,2022-09-16 11:28:20-07:00,Fix race condition in stats.sql added in 5264add7847
bfd6b3bc4e19db19289ae92a17799edae2cdd5f3,Tom Lane,2022-09-16 13:23:01-04:00,Improve plpgsql's ability to handle arguments declared as RECORD.
d08a049db9b47c32f3e7b6985a3105cae0da3681,Andres Freund,2022-09-16 08:46:36-07:00,"aix: xlc: Use -Wl,-b,expfull for old compiler versions"
eacbe94ab1f46d94a8532f9b9ac83ccd98cc1287,Tom Lane,2022-09-16 11:10:48-04:00,Clean up minor inconsistencies in pg_attribute_printf() usage.
b2451385cbb40f930838f6cd86c244912590a7d2,Peter Eisentraut,2022-09-16 16:39:26+02:00,Message wording improvements
32b507378fac179717f093c78a0e70371fbdf514,Peter Eisentraut,2022-09-16 15:57:34+02:00,postgres_fdw: Remove useless DO block in test
5ac51c8c9e4434140f4ba45b7bdb38896b48cc64,Peter Eisentraut,2022-09-16 14:53:12+02:00,Adjust assorted hint messages that list all valid options.
1e08576691bf1a25c0e28745e5e800c44f2a1c76,Peter Eisentraut,2022-09-16 11:10:41+02:00,Fix createdb tests for C locale
c7db01e325a530ec38ec7ba57cd3ed32e123e33c,Peter Eisentraut,2022-09-16 09:41:33+02:00,Don't allow creation of database with ICU locale with unsupported encoding
cf2c7a736e4939ff0d6cf2acd29b17eea3bca7c2,Tom Lane,2022-09-15 17:17:53-04:00,Detect format-string mistakes in the libpq_pipeline test module.
3a06a79cd137d294bc82d931769d778c8c9aec91,Alvaro Herrera,2022-09-15 18:04:00+02:00,Copy-edit docs for logical replication column lists
918de37652138da7f7e54c79351178367d60f501,Tom Lane,2022-09-15 10:58:03-04:00,Revert ill-considered change in pg_resetwal output.
b4f584f9d2a1b50d1f5ce88408a54bb11f1c8353,Noah Misch,2022-09-15 06:45:23-07:00,Reset InstallXLogFileSegmentActive after walreceiver self-initiated exit.
7beda87b6a4e5eae66f06df313581f7f53cab813,John Naylor,2022-09-15 11:40:17+07:00,Fix grammar in error message
16492df70bb25bc99ca3c340a75ba84ca64171b8,John Naylor,2022-09-15 10:53:48+07:00,Blind attempt to fix LLVM dependency in the backend
31dcfae83c001c6cdfd1e67c11adb9149f564da0,Tom Lane,2022-09-14 18:40:58-04:00,"Use the terminology ""WAL file"" not ""log file"" more consistently."
63840526b05c5c12c92cb16be8748e4d20e6eab6,David Rowley,2022-09-15 09:40:34+12:00,Fix outdated convert_saop_to_hashed_saop comment
111d954024c8f4e6d8d273d8e7c1d64d14435bf5,Peter Eisentraut,2022-09-14 22:56:55+02:00,Small wording improvements
f40346ff0bae6ac9d00f3ae80d3a214e64662a2d,Tom Lane,2022-09-14 16:43:37-04:00,Doc: add some doco about using the libpq_pipeline test module.
1d3566f1b2a8cf518ec26322023d243b288a90aa,Daniel Gustafsson,2022-09-14 21:58:30+02:00,pgcrypto: Remove unused code
5f84647ee1b25532cf5ea06801a4f36706a0cb96,Peter Eisentraut,2022-09-14 21:56:01+02:00,Update .gitignore
b66fbd8afe6eb80e3e48495e002fda9aa92df583,Tom Lane,2022-09-14 14:44:50-04:00,Use SIGNAL_ARGS consistently to declare signal handlers.
ab393528fa4b2486237ee7aa51fac67f82fee824,Peter Eisentraut,2022-09-14 18:10:18+02:00,Run xmllint validation only once
8b60db774356117fab2eb53fb37160fa3e173cdb,Daniel Gustafsson,2022-09-14 16:32:24+02:00,Handle SIGTERM in pg_receivewal and pg_recvlogical
0e733278e346f19df93843bce9a81c8183df6e1d,Alvaro Herrera,2022-09-14 16:10:01+02:00,"Add subxid-overflow ""isolation"" test"
3fd1f4b9cd1e374e76e23dd37dfd6ab03b6ef935,Alvaro Herrera,2022-09-14 15:36:21+02:00,Remove duplicate initialization
9320cfdd06e5975b7bf60ab4c3d03195bf3fb5ff,Etsuro Fujita,2022-09-14 18:45:00+09:00,postgres_fdw: Avoid 'variable not found in subplan target list' error.
b0526d271d16d54064666d30bbfa53d4f335c66d,John Naylor,2022-09-14 14:37:19+07:00,Fix failure to build gramparse.h standalone in vpath builds
b447d6075db8041b870ac526525f6873df222db4,Michael Paquier,2022-09-14 14:52:20+09:00,"Fix incorrect value for ""strategy"" with deflateParams() in walmethods.c"
d583036d68d6fe2fa7facd63eb6548583094fa96,Amit Kapila,2022-09-14 11:09:48+05:30,Fix typo in pgbench.c.
4c1532763a00c21cbb737bc3855e9a31374b119d,John Naylor,2022-09-14 12:37:04+07:00,Bump minimum Perl version to 5.14
ecaf7c5df54f7fa9df2fdc7225d2bb4e283f0081,John Naylor,2022-09-14 10:57:13+07:00,Move gramparse.h to src/backend/parser
f352e2d08ac048d7407dd6098fc6b344ff85c2dd,Michael Paquier,2022-09-14 12:16:57+09:00,Simplify handling of compression level with compression specifications
0a20ff54f5e66158930d5328f89f087d4e9ab400,Tom Lane,2022-09-13 11:11:45-04:00,Split up guc.c for better build speed and ease of maintenance.
257eb57b50f7c65467bfc2f4d579622fa13f3370,Peter Eisentraut,2022-09-13 16:10:50+02:00,Don't reflect unescaped cert data to the logs
45b1a67a0fcb3f1588df596431871de4c93cb76f,Peter Eisentraut,2022-09-13 16:10:44+02:00,pg_clean_ascii(): escape bytes rather than lose them
da5d4ea5aaac4fc02f2e2aec272efe438dd4e171,Peter Eisentraut,2022-09-13 14:28:10+02:00,Make locale option behavior more consistent
8e7a0b4a36741934d1350de5646efd2f3a10951e,Alvaro Herrera,2022-09-13 12:02:56+02:00,Improve wal_decode_buffer_size description some more
6710e83a675eda798544fea4cdcb89eef7f39403,Alvaro Herrera,2022-09-13 11:59:31+02:00,Remove useless pstrdups in untransformRelOptions
fcf7b3a9d42c3cf778dab0fc644f11f12684d184,John Naylor,2022-09-13 16:57:15+07:00,Adjust header exceptions for 0bd9c6297
0bd9c629732375e21d3ca6fba16c4a6a2808411a,John Naylor,2022-09-13 16:13:33+07:00,"Treat Unicode codepoints of category ""Format"" as non-spacing"
bb629c294bea533884a379eee5f8ed6307c17bf2,Michael Paquier,2022-09-13 10:45:43+09:00,Rename macro related to pg_backup_stop()
ee5353abb6124de5ffd24ef1cedbc2a7196d4fd5,Michael Paquier,2022-09-13 10:38:56+09:00,Move any remaining files generated by pg_upgrade into an internal subdir
6b89ce1a21f909f616db165dcc6d8d2918fbc185,David Rowley,2022-09-13 11:02:56+12:00,Don't reference out-of-bounds array elements in brin_minmax_multi.c
346990ae2e9f50030831a27aba78653fbde8c7ca,Daniel Gustafsson,2022-09-12 22:17:17+02:00,doc: Fix link to FreeBSD documentation project
c0a1d7621b0a6086630919d91dc031eea72ab0b6,Heikki Linnakangas,2022-09-12 22:33:59+03:00,Use normal install program to install server headers.
e8d78581bb864369035c736a82ecfb57482a1a09,Peter Eisentraut,2022-09-12 19:57:07+02:00,"Revert ""Convert *GetDatum() and DatumGet*() macros to inline functions"""
595836e99bf1ee6d43405b885fb69bb8c6d3ee23,Peter Eisentraut,2022-09-12 17:36:26+02:00,Convert *GetDatum() and DatumGet*() macros to inline functions
8cb2a22bbb2cf4212482ac15021ceaa2e9c52209,Daniel Gustafsson,2022-09-12 12:59:06+02:00,Fix NaN comparison in circle_same test
07d8af5e5e0cf5d5187353809920f344a5d20684,Peter Eisentraut,2022-09-12 10:19:17+02:00,pgstattuple: Use double consistently for percentages
57796a0f15f8fd3c908aa885a7ebb8ae47ce9880,Peter Eisentraut,2022-09-12 10:01:00+02:00,Use float8 datatype for percentiles in pg_walinspect stat functions
88f488319bac051b874bcec87941217e25e0e126,Amit Kapila,2022-09-12 12:40:57+05:30,Make the tablesync worker's replication origin drop logic robust.
5015e1e1b58f81a036e4ad16291ef4b3bb7a596c,Peter Eisentraut,2022-09-12 08:45:03+02:00,Assorted examples of expanded type-safer palloc/pg_malloc API
2016055a92f26d648aba9f66d26cc0bcd1619eff,Peter Eisentraut,2022-09-12 08:45:03+02:00,Expand palloc/pg_malloc API for more type safety
b060f57791cfd84ec7c7eb84eb1d1d38b39aa0a5,John Naylor,2022-09-12 11:59:43+07:00,Make eval statement naturally proof against perltidy
c3fb5809eae3bb6f448ebc562462b39d6b1f6f22,Michael Paquier,2022-09-12 09:07:10+09:00,Replace loading of ldap_start_tls_sA() by direct function call
857808a4116b231822746d6e70ded27bff0ec612,Tom Lane,2022-09-10 16:42:24-04:00,Doc: improve explanation of when custom GUCs appear in pg_settings.
6afcab6ac1e03975dc59d62c3ccaf98ed2831669,Michael Paquier,2022-09-10 17:22:29+09:00,Add psql tab compression for ALTER TABLE .. { OF | NOT OF }
799437e0bd3259c90d26e195894b6e22eb0b325c,Michael Paquier,2022-09-10 16:56:07+09:00,Free correctly LDAPMessage returned by ldap_search_s() in auth.c
be7c15b194ab91d28904a0e656f3f6600883ab68,Andres Freund,2022-09-09 22:53:02-07:00,"configure: Expand -fvisibility checks to more compilers, test for -qvisibility"
fe6a64a58ab3e5bda3aceee2f1ee3e8efdb03865,Andres Freund,2022-09-09 19:11:49-07:00,aix: No need to use mkldexport when we want to export all symbols
b7050e2584803a6abe71fb0b94a63b63e59cff9c,Tom Lane,2022-09-09 15:34:04-04:00,Fix possible omission of variable storage markers in ECPG.
f734857a9211afcd4fc068dfa322642b6be99b87,Tom Lane,2022-09-09 13:50:42-04:00,Doc: improve documentation about where the psqlrc files are.
c4b6d218e369b69c20ca40d4ccefc02350f38c24,Tom Lane,2022-09-09 12:41:36-04:00,Reject bogus output from uuid_create(3).
5dcebd10baa8ec14a97029ca0bacaf2a9a0f8652,Alvaro Herrera,2022-09-09 13:51:45+02:00,Doc fixes for MERGE statement
8c848cd4b8e9e0fee33eaad33cb44376b9e5b480,Alvaro Herrera,2022-09-09 12:22:20+02:00,Fix GetForeignKey*Triggers for self-referential FKs
8b878bffa8d8ac7e13508025c3ca5e6101e3a5e8,John Naylor,2022-09-09 12:55:23+07:00,Bump minimum version of Flex to 2.5.35
b086a47a270fba133969e78f1fb9e264725d97ae,John Naylor,2022-09-09 12:31:41+07:00,Bump minimum version of Bison to 2.3
96683db880cab7791006fcc13416d67f6230a2f7,John Naylor,2022-09-09 11:46:19+07:00,Add jsonpath_gram.h to list of distprep targets
47bd0b3fa601642b6cfbe79ad956d4a9fc835ba1,Michael Paquier,2022-09-09 10:52:17+09:00,Replace load of functions by direct calls for some WIN32
df4a056619a7e9868ec43a15e2088ff8ccf94471,Michael Paquier,2022-09-09 10:00:40+09:00,Add more error context to RestoreBlockImage() and consume it
d977ffd923d207164eef78ed107d5293aee6c660,Peter Geoghegan,2022-09-08 10:29:39-07:00,Instrument freezing in autovacuum log reports.
b76fb6c2a99eb7d49f96e56599fef1ffc1c134c9,David Rowley,2022-09-09 00:28:38+12:00,Temporarily make MemoryContextContains return false
e7936f8b3e57046c0e178ccefa04ac7e6fbae79c,Alvaro Herrera,2022-09-08 13:17:02+02:00,Choose FK name correctly during partition attachment
adb466150b44d1eaf43a2d22f58ff4c545a0ed3f,Thomas Munro,2022-09-08 21:44:55+12:00,Fix recovery_prefetch with low maintenance_io_concurrency.
12d40d4a8d0495cf2c7b564daa8aaa7f107a6c56,Alvaro Herrera,2022-09-08 11:20:29+02:00,Fix perltidy breaking perlcritic
cb62d0b3c372350b997733f41283cc35a6814024,Daniel Gustafsson,2022-09-08 09:56:50+02:00,doc: Fix PL/pgSQL casing to be consistent
b289b86231ad10fb317231ff85596d6272203916,John Naylor,2022-09-08 14:06:59+07:00,Add b2e6e7682 to .git-blame-ignore-revs
b2e6e768230be334b12dae536ba4c147fba4e9c9,John Naylor,2022-09-08 14:01:13+07:00,Run perltidy over Catalog.pm
69eb643b2582f180c91b2d14c896402e54040231,John Naylor,2022-09-08 13:55:41+07:00,Parse catalog .dat files as a whole when compiling the backend
0324651573479f4e782f76c0d06f2ebd02e6160a,Amit Kapila,2022-09-08 09:47:43+05:30,Fix the test case introduced by commit 8756930190.
875693019053b8897ec3983e292acbb439b088c3,Amit Kapila,2022-09-08 06:54:13+05:30,Raise a warning if there is a possibility of data from multiple origins.
4b4663fb4a704b7a145ed6ec018b1f0c116eeb6b,Alvaro Herrera,2022-09-07 17:33:49+02:00,Message style fixes
5265e91fd10ddbc47921126571ed64914fd3cb72,David Rowley,2022-09-08 00:20:20+12:00,Make MemoryContextContains work correctly again
3fe76ab9722c2891855dd2b34261f7c23a2e5b2b,Peter Eisentraut,2022-09-07 11:03:53+02:00,Renumber confusing value for GUC_UNIT_BYTE
0e480385ec59aa7f769366eb24462acc2b7a40d7,David Rowley,2022-09-07 15:46:57+12:00,Make more effort to put a sentinel at the end of allocated memory
f98d07424523ab5fefa6c6483dbf60d0d2fe1df3,Amit Kapila,2022-09-07 08:58:31+05:30,Doc: Explain about Column List feature.
20b6847176976da9cae6103475b967e6c2971898,Tom Lane,2022-09-06 18:00:32-04:00,Fix new pg_publication_tables query.
cec2754fbebee0a40aaf905947deb823cca4fe39,John Naylor,2022-09-06 13:51:15+07:00,Fix cplusplusscheck in vpath builds
4cbe579746ea05898f2b0c7ba88e4015b781ff71,Michael Paquier,2022-09-06 15:36:42+09:00,Add psql tab compression for SET COMPRESSION with ALTER TABLE
829906fb6c21e39e732f340600f461f3d8db24c2,John Naylor,2022-09-06 12:49:26+07:00,Fix headerscheck in vpath builds
eac76cc012aa4888e882287baae791429396b403,John Naylor,2022-09-06 12:37:33+07:00,Fix failure to maintainer-clean jsonpath_gram.h
c89b44a68d918e24335f2d132684c53dd16d0d2b,David Rowley,2022-09-06 15:59:15+12:00,Fix typo in 16d69ec29
16d69ec29b1199831c74504845f5d6117dbfc738,David Rowley,2022-09-06 15:51:44+12:00,Remove buggy and dead code from CreateTriggerFiringOn
8c06a282fe35a02338116a7ad4df9ea309b3deb4,John Naylor,2022-09-06 10:31:22+07:00,Add missing exceptions to cpluspluscheck
8b26769bc441fffa8aad31dddc484c2f4043d2c9,David Rowley,2022-09-06 13:19:44+12:00,Fix an assortment of improper usages of string functions
6bcda4a72123c3aa29fa3f03d952095675ad4468,Peter Eisentraut,2022-09-05 13:30:44+02:00,Fix incorrect uses of Datum conversion macros
6dc0738812c3fdbd733d917267a0543ab5fdf997,Daniel Gustafsson,2022-09-05 11:11:18+02:00,Update out of date comments in pg_trgm
ae4fc52ae24785f51e3dc5a4c7e5b4d206356bdc,Daniel Gustafsson,2022-09-05 11:10:57+02:00,Check for interrupts in pg_trgm word similarity
519be095f2bf7150fe7a36c4f5cd0c1825126427,David Rowley,2022-09-05 18:43:03+12:00,Doc: clarify partitioned table limitations
2fe6b2a806f20f2dbf02c6e79783dbc2777a1840,Tomas Vondra,2022-09-05 00:09:17+02:00,Force parallelism in partition_aggregate
92e7b7722da98eb4d54df7d4f850eee6a5fe9eef,John Naylor,2022-09-04 18:01:04+07:00,Fix MSVC linker error for specparse.obj
dac048f71ebbcf2f980d280711f8ff8001331c5d,John Naylor,2022-09-04 12:09:01+07:00,Build all Flex files standalone
80e8450a744b1f6fa75663f37f1db3388995dc67,John Naylor,2022-09-04 10:45:56+07:00,Move private declarations shared between guc.c and guc-file.l to new header
1b188ea7921a7d4f6cc569541e32c980d2221f9d,John Naylor,2022-09-04 10:12:56+07:00,Preparatory refactoring for compiling guc-file.c standalone
73b9d051c6076cf1cf1b90af505c8b379147c8b1,John Naylor,2022-09-04 09:23:57+07:00,Fix sign-compare warnings arising from port/simd.h
e062328ff11502b279186a286222f59fb9b4d15f,Michael Paquier,2022-09-03 20:57:16+09:00,doc: Fix two queries related to jsonb functions
75d5712452ee887e938535001f9efef337c644d9,Bruce Momjian,2022-09-02 23:32:19-04:00,doc:  simplify docs about analyze and inheritance/partitions
8ec6a4ef3c3a6aa08f2cc235fab8c691a8b2f341,Bruce Momjian,2022-09-02 21:57:41-04:00,doc:  clarify recursion internal behavior
932b01630095a08797e05ba1dae279731b862c95,Thomas Munro,2022-09-03 13:28:43+12:00,Fix cache invalidation bug in recovery_prefetch.
ff720a597c0a53a8fcdf2cf4e45248dc5c37f9ab,Tom Lane,2022-09-02 17:01:51-04:00,Fix planner to consider matches to boolean columns in extension indexes.
d885a6b612cf10a3013ba206a2607c88ccea42bc,Daniel Gustafsson,2022-09-02 20:38:34+02:00,Remove unused code from sepgsql
1c3aa54502dd7d2ced0c4e51de40aa4d61bfc04c,Peter Eisentraut,2022-09-02 17:56:14+02:00,Fix PL/Perl build on Cygwin
376af686111e57929c626254eb403c0e810d8e22,Amit Kapila,2022-09-02 16:44:52+05:30,Doc: fix column list vs. replica identity rules.
bfb9dfd93720098cf8f3e7d802df9b02ebe3dc20,Michael Paquier,2022-09-02 16:58:06+09:00,"Expand the use of get_dirent_type(), shaving a few calls to stat()/lstat()"
11e5f99d39ef58ce34c41f4163c1a3df2c639069,Etsuro Fujita,2022-09-02 16:45:00+09:00,Doc: Update struct Trigger definition.
0a8de93a48ce1e7479fb75fe10a8859559ec0c09,John Naylor,2022-09-02 09:36:22+07:00,Speed up lexing of long JSON strings
05519126a02ee39bf0957d3d85a1da5bd7e1c09c,Andres Freund,2022-09-01 16:54:19-07:00,Move darwin sysroot determination into separate file
2f2b18bd3f554e96a8cc885b177211be12288e4a,Andrew Dunstan,2022-09-01 17:07:14-04:00,Revert SQL/JSON features
90247e742f849794d061a0444071647728054b45,Tom Lane,2022-09-01 15:02:41-04:00,Add a regression test for contrib/pgrowlocks.
e5484554ba90536aaff42db588a6397633713c43,Andres Freund,2022-09-01 11:49:36-07:00,"aix: when building with gcc, tell gcc we're building a shared library"
a1b9b14cc80327854ff667973096a230434a2386,Tom Lane,2022-09-01 14:30:41-04:00,Use --load-extension to set up for contrib/tcn's isolation tests.
97fe6d2210d4c6a0be3ff16abc9432b2c0a867b8,Bruce Momjian,2022-08-31 23:11:46-04:00,"doc:  in create statistics docs, mention analyze for parent info"
dd03dfeb3bc952818a34aaee30c31d491190aa21,Bruce Momjian,2022-08-31 22:35:09-04:00,"doc: mention ""bloom"" as a possible index access method"
4ea07e7cf3c6b5ff7a7059c223fa54241533b0a5,Tom Lane,2022-08-31 22:21:39-04:00,Adjust XML test case to avoid unstable behavior.
fede15417225c08479fc6cd10812a25826c65f86,Bruce Momjian,2022-08-31 22:19:06-04:00,doc:  use FILTER in aggregate example
fbd597e0b80d5590594be187a7c51e29ac7c5ca2,Bruce Momjian,2022-08-31 22:04:36-04:00,doc:  clarify that pgcrypto's gen_random_uuid calls core func.
3e337b585a13e61929c184730c0ad6ac97c05a38,Bruce Momjian,2022-08-31 21:46:14-04:00,doc:  split out the NATURAL/CROSS JOIN in SELECT syntax
1703726488064901e05aeb24b463e1dc3d07bde9,Bruce Momjian,2022-08-31 21:10:37-04:00,doc: warn of SECURITY DEFINER schemas for non-sql_body functions
a009cb3141e35f07791510c13992b087dc835467,Bruce Momjian,2022-08-31 20:27:27-04:00,doc:  mention that SET TIME ZONE often needs to be quoted
62c49fca1330954a678d1d74e2a7883eb950fcff,Bruce Momjian,2022-08-31 19:43:06-04:00,doc:  document the maximum char/varchar length value
9bdad1b5153e5d6b77a8f9c6e32286d6bafcd76d,Bruce Momjian,2022-08-31 19:29:06-04:00,doc:  show direction is optional in FETCH/MOVE's FROM/IN syntax
1083f94dacde5f5b383ca8e18a85babb5cb5e77f,David Rowley,2022-09-01 11:08:10+12:00,Be smarter about freeing tuples during tuplesorts
349baa87ae4bf1c65c3ed34073837a71a725b30b,Bruce Momjian,2022-08-31 17:08:44-04:00,doc:  simplify WITH clause syntax in CREATE DATABASE
1c1294be716d96e804aadafc249fcbfa8367621d,Tom Lane,2022-08-31 16:23:35-04:00,Prevent long-term memory leakage in autovacuum launcher.
c3ffa731a5f99c4361203015ce2219d209fea94c,Peter Geoghegan,2022-08-31 11:37:35-07:00,"Derive freeze cutoff from nextXID, not OldestXmin."
483ac6476198c66696b725d49aa42290a9a94a95,Andres Freund,2022-08-31 09:31:22-07:00,Fix MSVC warning in compat_informix/rnull.pgc
1058555a5eccffd17c47edf3e15dd7e26934b492,Tom Lane,2022-08-31 10:42:05-04:00,"In the Snowball dictionary, don't try to stem excessively-long words."
0101f770a05b07dd7a8e05b6f8f95d4e22f4e846,Robert Haas,2022-08-31 08:22:24-04:00,Fix a bug in roles_is_member_of.
c7892c253fdc7bcb99a61e820798588ee4c071b9,Daniel Gustafsson,2022-08-31 13:32:52+02:00,doc: Fix typo in user inheritance documentation
cad4323cd345ec91fbe8d118436d3d50fa53c300,Daniel Gustafsson,2022-08-31 13:06:50+02:00,Refactor check_ functions to use filehandle for status
7d5852ca83f4103d806ee7501f70b9354345f65d,Peter Eisentraut,2022-08-31 07:42:01+02:00,plpython: Don't create pgxsdir subdirectory in installdir target
8acd8f8690ed10f421a54e9b3fb6d49f2ce226f8,Tom Lane,2022-08-30 17:28:37-04:00,"On NetBSD, force dynamic symbol resolution at postmaster start."
05f90842369538cf94bbd09970a008b9357f4101,David Rowley,2022-08-31 07:33:54+12:00,Various cleanups of the new memory context header code
5495796ad12aae971137d184ff25add8f6b03968,David Rowley,2022-08-31 03:06:31+12:00,"Revert ""Add missing padding from MemoryChunk struct"""
c98b6acdb252546e9bea0b9a37d95ca63d2ff0fa,Amit Kapila,2022-08-30 09:16:41+05:30,Update the comment in rmgrlist.h to match it to the code.
f6c5edb8abcac04eb3eac6da356e59d399b2bcef,Amit Kapila,2022-08-30 08:51:41+05:30,Drop replication origin slots before tablesync worker exits.
865424627db638acdbe4b5d0384d0b9cd34838a5,John Naylor,2022-08-30 09:50:00+07:00,Further code review of port/simd.h
9887dd38f9660721e4ef63333ab81a60b1b3da92,Peter Geoghegan,2022-08-29 19:42:30-07:00,"Adjust comments that called MultiXactIds ""XMIDs""."
d5ee4db0eaf65fb99e20907d5b3355e8bf38aeaf,David Rowley,2022-08-30 14:36:04+12:00,Use MAXALIGN() in calculations using sizeof(SlabBlock)
b1ec7f47e396be7dd71d19328153c2e8dce80222,Michael Paquier,2022-08-30 09:52:58+09:00,Cleanup more code and comments related to Windows NT4 (XP days)
7fed801135bae14d63b11ee4a10f6083767046d8,Tom Lane,2022-08-29 13:55:41-04:00,Clean up inconsistent use of fflush().
20796536c10fe7869e7af2c69615f14a80555c5d,Robert Haas,2022-08-29 12:35:46-04:00,"Remove stray ""the""."
6672d7913929b82ec723a54381773d9cdc20fe9d,Robert Haas,2022-08-29 11:07:37-04:00,Prevent WAL corruption after a standby promotion.
620ac285483fd78a54206a8b523a877ba8fd1e9b,Robert Haas,2022-08-29 10:13:47-04:00,docs: Fix up some out-of-date references to INHERIT/NOINHERIT.
df0f4feef8de933be61ce3e73142c82c37b17fa4,David Rowley,2022-08-29 23:20:25+12:00,Add missing padding from MemoryChunk struct
c6a43c25a8ba1a825588f7af25a7173f2e66ce8d,John Naylor,2022-08-29 17:44:35+07:00,Fix broken cast on MSVC
82739d4a80f2eeb2f96b56477bb04e463ea24800,John Naylor,2022-08-29 14:43:03+07:00,Use ARM Advanced SIMD (NEON) intrinsics where available
f8f19f70868c6351b80f02a47fa65d56b728a5a2,John Naylor,2022-08-29 14:20:09+07:00,Abstract some more architecture-specific details away from SIMD functionality
c6e0fe1f2a08505544c410f613839664eea9eb21,David Rowley,2022-08-29 17:15:00+12:00,Improve performance of and reduce overheads of memory management
d2169c998553a6945fd51b8a1e5e9e1384283fdd,Amit Kapila,2022-08-29 08:10:10+05:30,Fix the incorrect assertion introduced in commit 7f13ac8123.
8c7fc86ca979f558bb7028763a71aa1ac7ca19b8,Tom Lane,2022-08-28 10:44:52-04:00,Doc: fix example of recursive query.
805a397db40bd49789946e8fe42e564d564fc27b,Peter Eisentraut,2022-08-28 09:55:04+02:00,Add more detail why repalloc and pfree do not accept NULL pointers
36389a060ca6b44d6ccc67653da77562a1ac5bb4,Michael Paquier,2022-08-28 16:04:58+09:00,Enable RandomizedBaseAddress (ASLR) on Windows with MSVC builds
94077df1c2def788f888a27ed0035236f806466d,Tom Lane,2022-08-27 12:52:39-04:00,Avoid casting away const in sepgsql's quote_object_name.
d1ce745db2d7db193c0be461db3cd34edd776dac,Tom Lane,2022-08-27 12:16:21-04:00,Doc: add comment about bug fixed in back branches as of 3f7323cbb.
924954c670355f2a0ca1dd4173574a28fc0eedec,Alexander Korotkov,2022-08-27 14:46:15+03:00,Fix typo in comment for writetuple() function
4eec2e03c34f9a357d86317b1cd05d80a2ab559d,John Naylor,2022-08-27 14:45:18+07:00,Be more careful to avoid including system headers after perl.h
52144b6fcd626bb7dbe9fe282329c0174620a34b,Michael Paquier,2022-08-27 15:21:31+09:00,Use correct connection for cancellation in frontend's parallel slots
e890ce7a4feb9d72cd502d52c5a4c4d853801974,Peter Eisentraut,2022-08-26 19:16:28+02:00,Remove unneeded null pointer checks before PQfreemem()
45987aae260a441886a010323bf3e143ce8e82d6,Peter Eisentraut,2022-08-26 15:55:57+02:00,Remove unnecessary casts in free() and pfree()
121d2d3d70ecdb2113b340c5f3b99a61341291af,John Naylor,2022-08-26 15:48:49+07:00,Use SSE2 in is_valid_ascii() where available.
ab9717847a2b0c32b93121f873f4dff331e26eb0,Peter Eisentraut,2022-08-26 10:44:50+02:00,Remove obsolete comment
a8b02587a3c20997f8991878eb02ef475a343e1f,Etsuro Fujita,2022-08-26 16:55:00+09:00,Fix typo in comment.
e813e0e16852c080259cd0813e1a82ecb2625aea,John Naylor,2022-08-26 14:03:39+07:00,Add optimized functions for linear search within byte arrays
bcc8b14ef630b2ad9aae7813981fb248fbff9ed8,Thomas Munro,2022-08-26 10:18:30+12:00,Remove configure probe for sockaddr_in6 and require AF_INET6.
28ec316787674dd74d00b296724a009b6edc2fb0,Peter Eisentraut,2022-08-25 20:46:58+02:00,"libpq code should use libpq_gettext(), not _()"
66af5eea31e06fac288274cc056357cebbbbefe3,Jeff Davis,2022-08-25 10:26:31-07:00,Fix doc oversight for custom WAL resource managers.
d389487525bc1d543f27543ed2ff824d3a30f508,David Rowley,2022-08-26 02:46:56+12:00,Small refactor to get rid of -Wshadow=compatible-local warning
3e0fff2e6888e39b0ad5cdfdb78bc1c2bb2b22c9,David Rowley,2022-08-26 02:35:40+12:00,More -Wshadow=compatible-local warning fixes
e3ce2de09d814f8770b2e3b3c152b7671bcdb83f,Robert Haas,2022-08-25 10:06:02-04:00,Allow grant-level control of role inheritance behavior.
2059c5e3b06545e7d0650dba9c665332374c3c21,Peter Eisentraut,2022-08-25 15:07:03+02:00,Move NON_EXEC_STATIC from c.h to postgres.h
421ccaa6272a2935a3d2e578ff6feeeeab7d8848,Peter Eisentraut,2022-08-25 15:04:38+02:00,Update another comment still referring to pg_start/stop_backup()
d16c99aa71047e3cd94dad85f9fa82a7d6f94eed,Daniel Gustafsson,2022-08-25 10:47:02+02:00,doc: Fix typo in GRANT docs
0c67e9e566db32df3f420268e81e32f278a2f090,Daniel Gustafsson,2022-08-25 10:31:20+02:00,Fix typo in MVCC test comment
4112e39f70eed8d699ea5be7f5945a8970023d0d,John Naylor,2022-08-25 13:37:40+07:00,Remove unused symbol __aarch64
b4ddf3ee30bfb5b7da60411cabcf0589bdbd3f42,Peter Eisentraut,2022-08-25 06:35:16+02:00,pg_dump: Fix new ICU tests
4444317f370cbbd6a9bb62d70dd8f1f062952ef4,Andres Freund,2022-08-24 20:39:46-07:00,aix: Fix SHLIB_EXPORTS reference in VPATH builds
05bf551040ba161ddfbf7da308d61d2b7b425bf3,Andres Freund,2022-08-24 20:38:14-07:00,"Remove SUBSYS.o rule in common.mk, hasn't been used in a long time"
68fc18d14c7e1150823cf4a5728089459723c9da,Andres Freund,2022-08-24 20:37:54-07:00,"Remove rule to generate postgres.o, not needed for 20+ years"
3fb0687d328b8eef6ab0ff80300e5746f4a777cb,Andres Freund,2022-08-24 20:37:54-07:00,solaris: Use versioning scripts instead of -Bsymbolic
82ac34db2036ec5b3cb32c9180f40549aa790dc2,Robert Haas,2022-08-24 15:50:48-04:00,Include RelFileLocator fields individually in BufferTag.
396d348b046c6b7e5dc83158c4c1df1377a1d2ef,Peter Eisentraut,2022-08-24 20:13:52+02:00,pg_dump: Dump colliculocale
f25bed3801e1e500850a9f3b29a003c644d4bd6d,Tom Lane,2022-08-24 13:02:19-04:00,Defend against stack overrun in a few more places.
a73d6c87f2eb19681fe52d6d8bb7db38a7a7da2a,David Rowley,2022-08-24 23:45:57+12:00,"Doc: remove duplicate ""a"" from func.sgml"
8b808f189fb1f62a6830e5c023f4ae49a1f4c9a8,Peter Eisentraut,2022-08-24 13:27:34+02:00,Fix ICU locale option handling in CREATE DATABASE
701ac2cb1fa25ca0b8572e87073d9008ed406b55,Michael Paquier,2022-08-24 19:19:00+09:00,Remove initialization of MyClientConnectionInfo at backend startup
f959bf9a5b9cecd2f6e6bdd24a34a7b269b00827,David Rowley,2022-08-24 22:04:28+12:00,Further -Wshadow=compatible-local warning fixes
161355ee6d2c64c0c4853a0646795028d666f052,Peter Eisentraut,2022-08-24 08:23:49+02:00,Change shared library installation naming on macOS
d951052a9e02bfacad8bd6f0f53a4dcd3b7e6d1f,Michael Paquier,2022-08-24 12:57:13+09:00,Allow parallel workers to retrieve some data from Port
421892a192b8f95ab96c5edb61d424f80a4221d0,David Rowley,2022-08-24 12:27:12+12:00,Further reduce warnings with -Wshadow=compatible-local
869e56a39976a42a393adc2d69df3abce7eff18f,Peter Eisentraut,2022-08-23 21:51:07+02:00,Message style adjustment
b4e936859dc441102eb0b6fb7a104f3948c90490,Peter Eisentraut,2022-08-23 16:27:24+02:00,Remove further unwanted linker flags from perl_embed_ldflags
0f47457f1129fa21131465aba5663a14b2a09386,Tom Lane,2022-08-23 10:15:06-04:00,Remove our artificial PG_SOMAXCONN limit on listen queue length.
ba94dfd4c4f63cf8663f16e427bcc6fac35a4428,Tom Lane,2022-08-23 10:15:06-04:00,Doc: document possible need to raise kernel's somaxconn limit.
4ee6740167b6a311660a1e8752447a496dd0d235,Tom Lane,2022-08-23 10:15:06-04:00,Doc: prefer sysctl to /proc/sys in docs and comments.
bd67b7e01031b688f2f19f657ece4aa2322dbcc8,Peter Eisentraut,2022-08-23 15:40:37+02:00,Remove offsetof definition
c9818798147a4eec00bba61a05fa9bc88398ec3b,Thomas Munro,2022-08-24 00:09:37+12:00,Don't bother to set sockaddr_un.sun_len.
f972ec5c285c3bc50d81f8044e08cd636017ab68,Amit Kapila,2022-08-23 10:20:02+05:30,Add CHECK_FOR_INTERRUPTS while decoding changes.
1d77afefbd1dd13a0ebec9d6675dd305e86c0538,Andres Freund,2022-08-22 20:39:30-07:00,Don't define FRONTEND for libpq
9352d5cf128ad9888918bba00b87ba347438fd26,Andres Freund,2022-08-22 20:39:30-07:00,Don't define FRONTEND for ecpg libraries
06e3559bade1da89feb1a53d517c991fb4f15272,Andres Freund,2022-08-22 20:39:30-07:00,Don't define FRONTEND for initdb
1bdd54e662d58ed49448255a004b668b56bae100,Andres Freund,2022-08-22 20:25:42-07:00,Remove redundant call to pgstat_report_wal()
0c679464a837079acc75ff1d45eaa83f79e05690,Andres Freund,2022-08-22 20:22:50-07:00,Add BackendType for standalone backends
cd063344fb801a90a40923a5b8aefe4eb8d80762,Andres Freund,2022-08-22 20:16:50-07:00,pgstat: Acquire lock when reading variable-numbered stats
ba8321349bc02423aa4d49ebb5d579ec313cf930,John Naylor,2022-08-23 09:55:05+07:00,Switch format specifier for replication origins to %d
1b9050da66aba821fec18376bee30d17e91e7027,John Naylor,2022-08-23 09:24:32+07:00,Remove empty statement
ce6b672e4455820a0348214be0da1a024c3f619f,Robert Haas,2022-08-22 11:35:17-04:00,Make role grant system more consistent with other privileges.
36f729e2bc3539e777cda698dc441b8ccec42142,Peter Eisentraut,2022-08-22 15:38:41+02:00,Fix assertion failure in CREATE DATABASE
e2fe0aedd00eae89e6d00bca5c598d1ac31b266a,Daniel Gustafsson,2022-08-22 15:08:45+02:00,doc: Minor wordsmithing to COPY docs
f0b013b0fc0a53de0ffe610b403125affb9c6094,Peter Eisentraut,2022-08-22 13:26:52+02:00,pg_upgrade: Fix thinko in database info acquisition routine
64ef572c068fde7cbba7f82cd50f51c0131ffe3b,Thomas Munro,2022-08-22 17:50:30+12:00,Remove configure probes for sockaddr_storage members.
838f798f172d509f022841b82277ec84d108a379,Amit Kapila,2022-08-22 08:53:58+05:30,Use logical operator && instead of & in vacuumparallel.c.
49e525a08fcb42c05dc27bd0bc36aa491becc55f,Michael Paquier,2022-08-22 10:02:53+09:00,Fix comment in walsender_private.h
585d0cd944d952f08f7649d02f1d6b6644e93611,Peter Eisentraut,2022-08-20 20:52:24+02:00,Remove dummyret definition
c855872074b5bf44ecea033674d22fac831cfc31,Andres Freund,2022-08-20 10:59:01-07:00,"regress: allow to specify directory containing expected files, for ecpg"
1509abe2c5da6002620718d18031f5b5234c15cd,Peter Eisentraut,2022-08-20 13:53:21+02:00,Remove remaining mentions of UNSAFE_STAT_OK
92fce4e1eda9b24d73f583fbe9b58f4e03f097a4,David Rowley,2022-08-20 15:16:51+12:00,Reduce warnings with -Wshadow=compatible-local builds
f01592f9157707c4de1f00a0e0dc5a7e8fa8f1d5,David Rowley,2022-08-20 11:40:44+12:00,Remove shadowed local variables that are new in v15
3097bde7dd1d9e7b1127b24935e70ca4609e22b2,Peter Geoghegan,2022-08-19 09:26:08-07:00,Avoid reltuples distortion in very small tables.
7d12693473eca4008c5c53bb36a5f083068a941b,Peter Eisentraut,2022-08-19 11:20:09+02:00,Move a definition inside a header file
31e121d4f7bb3aad7a26021cbc7cfb43a077c7e3,Michael Paquier,2022-08-19 10:00:12+09:00,doc: Improve some markups and some wording around archiving modules
662ba729a67e5c6e43efbc5263e1d2c3a72a8741,Peter Geoghegan,2022-08-18 17:34:14-07:00,Initialize index stats during parallel VACUUM.
d9fbb8862959912c5266364059c0abeda0c93bbf,Jeff Davis,2022-08-18 14:23:30-07:00,Use correct LSN for error reporting in pg_walinspect
9288c2e6f8e6bb523f309dd413af1344962ebc6e,Robert Haas,2022-08-18 15:10:06-04:00,Bump catversion for 6566133c5f52771198aca07ed18f84519fac1be7
4ab53b647abffb911bea35662ca4b22d788c25d4,Andres Freund,2022-08-18 10:41:42-07:00,Don't add HAVE_LDAP_H HAVE_WINLDAP_H to pg_config.h
6566133c5f52771198aca07ed18f84519fac1be7,Robert Haas,2022-08-18 13:13:02-04:00,Ensure that pg_auth_members.grantor is always valid.
2f17b57017e5f1993dbe0f389e01f1302a541196,Tom Lane,2022-08-18 12:36:16-04:00,Improve performance of adjust_appendrel_attrs_multilevel.
ec97db399f1eccda6652d44b99d5363728832eb7,Robert Haas,2022-08-18 12:22:20-04:00,Adjust assertion in XLogDecodeNextRecord.
e6dbb48487faf47c1436d26064736a906f885a03,Tom Lane,2022-08-18 12:12:03-04:00,Fix subtly-incorrect matching of parent and child partitioned indexes.
3e63e8462f31657c8ae1c541c92daf43ede8f038,Robert Haas,2022-08-18 11:26:34-04:00,"When using the WAL-logged CREATE DATABASE strategy, bulk extend."
27f1774aac1f8ffe642b55e78dbe0b64ed082cc6,Tom Lane,2022-08-18 11:22:13-04:00,Remove unused configure variable.
08909e3aee6182a988da5bf5c1b543910ee096c7,Peter Eisentraut,2022-08-18 11:36:55+02:00,Simplify and clarify an error message
f340f97a13b1455349ee27550623179c018fa036,Thomas Munro,2022-08-18 16:31:11+12:00,mstcpip.h is not missing on MinGW.
2492fe49dcb534844d9eece97504b4caca1d81ae,Thomas Munro,2022-08-18 16:31:11+12:00,Remove configure probe for netinet/tcp.h.
cce28f62680ca77f18762d58bc31f6b67c6ef692,Thomas Munro,2022-08-18 16:31:11+12:00,Fix macro problem with gai_strerror on Windows.
2cea02fb85b9b00c3b95d8cd0e39cf91cd2ce289,Thomas Munro,2022-08-18 16:31:11+12:00,Remove configure probe for sys/sockio.h.
2f8d918359ccb34533690735eb46b851002ac698,Thomas Munro,2022-08-18 16:31:11+12:00,Remove configure probe for net/if.h.
a717cddcac518162cc17bae3c68a492db9ab2e75,Thomas Munro,2022-08-18 16:28:52+12:00,Remove dead ifaddr.c fallback code.
3f5dbcb5fe0bd68df7e5de5e95e10b3b892c43b2,John Naylor,2022-08-18 09:45:05+07:00,Update comment in gramparse.h
c920fe48181d81ce218faa746f8af92c41d03b2e,John Naylor,2022-08-18 08:57:13+07:00,"Refer to replication origin roident as ""ID"" in user facing messages and docs"
af7d270dd3c7523dad023f5761f630daa7fb2730,David Rowley,2022-08-18 11:32:55+12:00,Fix hypothetical problem passing the wrong GROUP BY pathkeys
a340359a4f9bed54e0af67dd90050c13e0976fb6,Daniel Gustafsson,2022-08-17 23:41:56+02:00,doc: Add a note on PO editors
afa0ec30bfd18611ec5bc4dfa394dc8838aece21,Tom Lane,2022-08-17 16:12:23-04:00,Refactor addition of PlaceHolderVars to joinrel targetlists.
b3ff6c742f6c7f750e9f74476576839cb039e1ab,Tom Lane,2022-08-17 15:52:53-04:00,Use an explicit state flag to control PlaceHolderInfo creation.
6569ca43973b754e8213072c8ddcae9e7baf2aaa,Tom Lane,2022-08-17 15:35:51-04:00,Make PlaceHolderInfo lookup O(1).
efd0c16becbf45e3b0215e124fde75fee8fcbce4,Tom Lane,2022-08-17 11:12:35-04:00,Avoid using list_length() to test for empty list.
4a319fce7671ffbe2a730f79529b7a2ef3794d41,Daniel Gustafsson,2022-08-17 10:05:03+02:00,doc: Consistently spell case-insensitive
3e7d94fca0e5ad8835b0f2b1a584c83ea11ce439,Daniel Gustafsson,2022-08-17 09:56:02+02:00,doc: Document pg_trgm being case-insensitive by default
d265cd202961c240a2875826ca47822b54f74db5,Michael Paquier,2022-08-17 15:28:45+09:00,Use SetInstallXLogFileSegmentActive() in more places in xlog.c
93f2349c36a7555a81d5e26edf9a0213fb3d323a,Michael Paquier,2022-08-17 14:55:20+09:00,Allow event trigger table_rewrite for ALTER MATERIALIZED VIEW
c52ad9c4efdb91ce274c65b1acdb350e439c7b2d,Tomas Vondra,2022-08-16 23:52:10+02:00,Fix assert in logicalmsg_desc
40ca9073ff228163b1320122a82e4064da6cf54f,Daniel Gustafsson,2022-08-16 22:54:43+02:00,doc: Remove reference to tty libpq connstring param
6cbed0ec791f3829d0e2092fd4c36d493ae75a50,Daniel Gustafsson,2022-08-16 12:44:24+02:00,doc: Add missing parenthesis to keycombo
0d5bd3a6cc3e4cd2fb44e2714e52a684cc7bbc25,Amit Kapila,2022-08-16 15:25:41+05:30,Fix replica identity check for a partitioned table.
f4c32cdd1cc3e759d8e300664ec553a16bcb6c37,Tatsuo Ishii,2022-08-16 09:20:14+09:00,doc: fix wrong tag used in create sequence manual.
3eae0cbf7e70db885c4ec37e0863022d3ad589d4,Thomas Munro,2022-08-16 10:53:29+12:00,Fix headerscheck and cpluspluscheck's exit codes.
75ca8c14576238926e1f4c2e80c11dd23a1911c3,Daniel Gustafsson,2022-08-15 22:30:00+02:00,doc: Add unit to pg_shmem_allocations attributes
bb9237a1295a29c4e41b97f9d34e3922ac69c071,Tom Lane,2022-08-15 15:40:07-04:00,Add missing bad-PGconn guards in libpq entry points.
1c5818b9c68e5c2ac8f19d372f24cce409de1a26,Peter Eisentraut,2022-08-15 12:43:52+02:00,Remove redundant spaces in _outA_Expr() output
f6c750d31d97a66a90e3389ae6832bf99cd15f30,Michael Paquier,2022-08-15 14:08:59+09:00,Improve tab completion of ALTER TYPE in psql
f2108d3bd03d3cb101a8ddfa5fe127d30e7f47f4,Michael Paquier,2022-08-15 13:36:36+09:00,Fix outdated --help message for postgres -f
a466219428a065ac24f7cec652f9188a5fba6f08,Tom Lane,2022-08-14 12:05:27-04:00,Preserve memory context of VarStringSortSupport buffers.
213bd0662cef220f7a30fea348288bb8989c1883,Thomas Munro,2022-08-14 11:15:23+12:00,Add new win32 header to headerscheck and cpluspluscheck
52ea29045b79a5f996e454ac6c7f3bcd64aef572,Thomas Munro,2022-08-14 09:57:48+12:00,Remove configure probe for gethostbyname_r.
5579388d2dda60ded329a4623f9b4529e91a1b24,Thomas Munro,2022-08-14 09:53:28+12:00,Remove replacement code for getaddrinfo.
de42bc3ac8f7205f2c302b402e40704ceb46a70c,Thomas Munro,2022-08-14 09:03:38+12:00,Remove configure probe for struct sockaddr_storage.
55d9cd46f65a5fc0c3bbb69d36cc9dba597a8c9c,Tom Lane,2022-08-13 17:00:32-04:00,Avoid misbehavior when hash_table_bytes < bucket_size.
f5580882856963d1b50f9e391a8dda82d44b69a6,Thomas Munro,2022-08-14 08:46:53+12:00,Remove HAVE_UNIX_SOCKETS.
e07ebd4b6e606a7c03ed3c6bf5d6bcbb725247b4,Tom Lane,2022-08-13 15:21:28-04:00,Catch stack overflow when recursing in transformFromClauseItem().
8ded65682bee2a1c04392a88e0df0f4fc7552623,Tom Lane,2022-08-13 13:36:39-04:00,Remove configurability of PPC spinlock assembly code.
adee0df127e088a47c58801fc5a412392297e1da,Thomas Munro,2022-08-14 00:09:47+12:00,Remove configure probe for shl_load library.
36b3d52459aecd4f8bc39a4604e42186c48aa9d2,Thomas Munro,2022-08-14 00:09:47+12:00,Remove configure probe for sys/resource.h and refactor.
37a65d1db14658bc75faa3aea7bd5a064118d135,Thomas Munro,2022-08-14 00:09:47+12:00,"Remove configure probes for sys/ipc.h, sys/sem.h, sys/shm.h."
7e50b4e3c52aaa13e86e0560d1382844074c9f1b,Thomas Munro,2022-08-14 00:09:47+12:00,Remove configure probe for sys/select.h.
077bf2f2750076675ae7195c58bec9a62d62fd34,Thomas Munro,2022-08-14 00:09:47+12:00,Remove configure probes for sys/un.h and struct sockaddr_un.
75357ab94034c6f2e65d146632691072756365c5,Thomas Munro,2022-08-14 00:07:17+12:00,Remove configure probe for sys/uio.h.
abf46ad9c7b3748e9c36cf6020206064e69cea7e,Peter Eisentraut,2022-08-13 10:32:38+02:00,Add missing fields to _outConstraint()
9da300128df71b8f3f2a92038aee251413735dbe,Peter Eisentraut,2022-08-13 00:00:41+02:00,pg_upgrade: Fix some minor code issues
c0408743c48fd9d6e34c40c38d8ca826e4a28525,Peter Eisentraut,2022-08-12 23:46:09+02:00,pg_upgrade: Remove unused typedef
fab54e6c1a3efd12bde22a24ebc2b08f6affcd04,Bruce Momjian,2022-08-12 15:43:23-04:00,doc:  add missing role attributes to user management section
115464bb5b4904e7536124eef168b7c17a56d4b4,Bruce Momjian,2022-08-12 15:05:13-04:00,doc:  add section about heap-only tuples (HOT)
50e088d6f262b602d2d983b41696188815ba1e00,Bruce Momjian,2022-08-12 12:02:21-04:00,doc:  warn about security issues around log files
1886060b985135af5088bbd9368c54e39f1327cc,Bruce Momjian,2022-08-12 11:35:23-04:00,doc:  clarify configuration file for Windows builds
74e28294cdbd422ba735d365d38746d8993411ff,Bruce Momjian,2022-08-12 11:26:03-04:00,"doc:  document the CREATE INDEX ""USING"" clause"
7d66ccee99d57055a2ef42aa14b60ff6bdae5f1c,Bruce Momjian,2022-08-12 10:59:00-04:00,doc:  clarify CREATE TABLE AS ... IF NOT EXISTS
4d807bbc4b336f7d9e091903ca3a6f9d77b2a934,Bruce Momjian,2022-08-12 10:30:01-04:00,doc:  improve wal_level docs for the 'minimal' level
e2a02a30c4028feaeda2bffadbb7441198f8867b,Bruce Momjian,2022-08-12 09:07:11-04:00,doc:  clarify DROP EXTENSION dependent members text
76733b399c490885564a560718de23d98bb5e66d,Robert Haas,2022-08-12 08:25:41-04:00,Avoid using a fake relcache entry to own an SmgrRelation.
3d895bc846f25859bd6dd242fbf204e6c5166e6f,Alvaro Herrera,2022-08-12 13:16:50+02:00,MERGE docs adjustments
92af9143f13df8c54362ebbd4397cb53f207ff2d,Alvaro Herrera,2022-08-12 12:05:50+02:00,Reject MERGE in CTEs and COPY
e7a552f303c56788d52ca4e46490236845662734,Peter Eisentraut,2022-08-12 08:17:30+02:00,"Fix _outConstraint() for ""identity"" constraints"
34dffa0224bd34e0fa27b464f1821c9c43f07703,Robert Haas,2022-08-11 14:12:11-04:00,Fix non-specific error message.
2c860777656ab34ba0cec8f780ee26e31187dd0c,Alvaro Herrera,2022-08-11 12:07:05+02:00,struct PQWalReceiverFunctions: use designated initializers
4e6dcbb6ae77d9f6f20072d19e433cab8329ea9b,Peter Eisentraut,2022-08-11 10:35:56+02:00,Add missing space in _outA_Const() output
7f13ac812313666a2fbb8dacfbee67e78d2ba0bc,Amit Kapila,2022-08-11 10:09:24+05:30,Fix catalog lookup with the wrong snapshot during logical decoding.
37a6e5df3713498a21942dae2ed3122bba5b9f50,John Naylor,2022-08-11 09:17:42+07:00,Optimize xid/subxid searches in XidInMVCCSnapshot().
a8c012869763c711abc9085f54b2a100b60a85fa,Robert Haas,2022-08-10 14:03:23-04:00,Move basebackup code to new directory src/backend/backup
309857f9c1825d0591579579bdde2a8c8bd3e491,Tom Lane,2022-08-10 13:37:25-04:00,Fix handling of R/W expanded datums that are passed to SQL functions.
92dc33a3a229f7d24b8c97b6a18b417d79cf4d97,Daniel Gustafsson,2022-08-10 13:49:48+02:00,Fix typo in test_oat_hooks README
0e60a50e0bf158bead247731e00cee95bcf64daf,Amit Kapila,2022-08-10 16:41:31+05:30,Improve the protocol message descriptions for 2PC logical replication.
fa351b1b1321fe4b9f5201d8ebb6aa42cff27fad,Peter Eisentraut,2022-08-10 12:02:32+03:00,Remove unused short option from getopt_long() call
b6ef167564905e8dab8af1b1dba0997ec61204ca,John Naylor,2022-08-10 10:48:29+07:00,Introduce optimized routine for linear searches of arrays
356dd2ce5b7b0f3ea11e016f73b1f173604b8452,Bruce Momjian,2022-08-09 20:37:53-04:00,doc: mention that COPY MATCH requires columns _in_ _order_
0b039e3a8489c08ec61b4d40382047c389af91ad,Michael Paquier,2022-08-09 20:01:44+09:00,Fix some inconsistencies with GUC categories
ffbfde4c87725c5342aa0727ed61c5c3c7c0cb39,John Naylor,2022-08-09 09:21:37+07:00,Fix mismatched file identifications
670475b2fa4bc683edf3d595292ce696496f6b49,Thomas Munro,2022-08-09 12:58:04+12:00,Fix obsolete comment in commit_ts.c.
01126dc8cf2c6e06babf1bbb4dab41a4a96d704f,Thomas Munro,2022-08-09 11:50:03+12:00,Fix obsolete comments in instr_time.h.
9a9f25e217428cdf4119ff08b77f9f5bd45f563c,Tom Lane,2022-08-08 14:43:35-04:00,Fix MSVC build script's check for obsolete node support functions.
71cac850d02f2ad46aca00d3852574bd48fb581a,Tom Lane,2022-08-08 12:16:01-04:00,Stabilize output of new regression test.
b9b21acc766db54d8c337d508d0fe2f5bf2daab0,Tom Lane,2022-08-08 11:12:31-04:00,"In extensions, don't replace objects not belonging to the extension."
7e29a79a46d30dc236d097825ab849158929d977,Andres Freund,2022-08-07 11:34:42-07:00,aix: fix misreading of condition in 8f12a4e7add
a2a36d56b96fe17c4ad9649936dcf7406eb78cc9,Andres Freund,2022-08-07 09:36:01-07:00,Trust a few system headers to stand on their own
20c105c4db56f784eebe39cb50ede8ad1bfa3899,Andres Freund,2022-08-07 09:36:01-07:00,solaris: Remove unnecessary gcc / gnu ld vs sun studio differences
8f12a4e7addc733deb5a656548fb8013609f50f1,Andres Freund,2022-08-07 09:36:01-07:00,aix: Remove checks for very old OS versions
9ddb870bd479c1e9cacc5605b7831a4df90fcbf5,Andres Freund,2022-08-07 09:36:01-07:00,windows: Remove HAVE_MINIDUMP_TYPE test
320f92b744b44f961e5d56f5f21de003e8027a7f,Andres Freund,2022-08-07 09:36:01-07:00,Rely on __func__ being supported
afe58c8b746cac1e2c3e9f0fc96a0f69a46c84d3,Alvaro Herrera,2022-08-07 10:19:40+02:00,Remove unportable use of timezone in recent test
cbf4403134738245db48b306c62eb1258f2b2bd0,Thomas Munro,2022-08-07 12:42:41+12:00,Simplify replacement code for strtof.
24c3ce8f1c707f9eeb1f68cebd44c2516ff799c2,Thomas Munro,2022-08-07 12:35:36+12:00,Simplify gettimeofday for Windows.
5c7121bcf8dbe94344742a5cd0fa0f016b7a76a1,Tom Lane,2022-08-06 13:32:29-04:00,Fix function-defined-but-not-used warning.
692df425b6883dd3edcc15bb984415ef349fafb1,Tom Lane,2022-08-06 11:50:34-04:00,Fix data-corruption hazard in WAL-logged CREATE DATABASE.
922a8fa098404cbd5c6089e78eca4aebd828f847,Andres Freund,2022-08-06 08:34:56-07:00,Simplify gettimeofday() fallback logic.
6c1c9f88ad5484fbef201b6adf59c319ceed764e,Alvaro Herrera,2022-08-06 15:52:10+02:00,Improve recently-added test reliability
70d25bf70ce2eaed91406f56cd45dcfaa9ecabe0,Michael Paquier,2022-08-06 21:13:45+09:00,Fix comment in copyfrom_internal.h
5fc88c5d53e43fa7dcea93499d230a0bf70f4f77,Thomas Munro,2022-08-06 12:50:59+12:00,Replace pgwin32_is_junction() with lstat().
f357233c9db8be2a015163da8e1ab0630f444340,Thomas Munro,2022-08-06 12:50:59+12:00,Make unlink() work for junction points on Windows.
c5cb8f3b770c043509b61528664bcd805e1777e6,Thomas Munro,2022-08-06 12:50:11+12:00,Provide lstat() for Windows.
feb593506b9b57e21052a9a7323e8f23faabdde6,Thomas Munro,2022-08-06 09:59:51+12:00,"Remove fallbacks for strtoll, strtoull."
f68faf4c7530e39e626b0aa3e4a36376e122fce7,Peter Geoghegan,2022-08-05 14:25:49-07:00,Fix comments about deduplication updating page.
b2fe783aecadb42e17868787bb45aa6328796d2a,Peter Geoghegan,2022-08-05 13:06:19-07:00,Add missing parenthesis to max item size macro.
4c81a50e5b6ea0bf2bc9896a6c89d16163598b43,Tom Lane,2022-08-05 15:57:46-04:00,Partially undo commit 94da73281.
e33ae53ddec80c15d297a31713212c05ea7341db,Tom Lane,2022-08-05 15:00:03-04:00,Fix handling of bare boolean expressions in mcv_get_match_bitmap.
94da73281ed93c86d2f286996bcd61d8bfac4ffd,Tom Lane,2022-08-05 13:58:47-04:00,Fix non-bulletproof ScalarArrayOpExpr code for extended statistics.
d7714c1454c36e910b9caab107d5241f6a273521,Alvaro Herrera,2022-08-05 19:36:24+02:00,Backpatch addition of .git-blame-ignore-revs
e5fc38ac303dd2427c0df5902f73a4c6e1fb48e4,Tom Lane,2022-08-05 12:46:44-04:00,Fix incorrect permissions-checking code for extended statistics.
e44dae07f931383151e2eb34ed9b4cbf4bf14482,Alvaro Herrera,2022-08-05 18:00:17+02:00,BRIN: mask BRIN_EVACUATE_PAGE for WAL consistency checking
d263ced225bffe2c340175125b0270d1869138fe,Noah Misch,2022-08-05 08:30:55-07:00,Be more prescriptive in new doc about re-archiving of same WAL file.
90a4b64134ce0cb9a31cdceb49e265e8e2f88b56,Alvaro Herrera,2022-08-05 11:55:52+02:00,regress: fix test instability
6b41a1579bd37aa95924d592d7a18a79d669662f,John Naylor,2022-08-05 16:50:22+07:00,Simplify coding style of is_valid_ascii()
82593b9a3d5f1c58157f6e8fd7d69ef0d6f6eeb3,Etsuro Fujita,2022-08-05 17:15:00+09:00,postgres_fdw: Disable batch insertion when there are WCO constraints.
ec0925c22a3da7199650c9903a03a0017705ed5c,Alvaro Herrera,2022-08-05 09:47:26+02:00,Fix ENABLE/DISABLE TRIGGER to handle recursion correctly
d2e150831af85fd30742f551a497db6639d91d0b,Thomas Munro,2022-08-05 16:37:38+12:00,Remove configure probe for fdatasync.
623cc67347cc62eb676570c81abe5e1f63ecaa1e,Thomas Munro,2022-08-05 16:37:11+12:00,Remove configure probe for clock_gettime.
92f375056c11193c26f1278446e6301f0c18ea22,Peter Geoghegan,2022-08-04 20:55:02-07:00,Fix nbtree maximum item size macro.
a0dc82711221aa220c5246fe788e5ed28924a4ea,Thomas Munro,2022-08-05 14:04:02+12:00,Simplify replacement code for preadv and pwritev.
718fe0a14add0fadb17d715d7aa24ebcf3fb35c4,Michael Paquier,2022-08-05 09:50:27+09:00,Make consistent a couple of log messages when parsing HBA files
47ab1ac822cd928bfe43b2c25be102a6a08902f4,Michael Paquier,2022-08-05 09:37:12+09:00,Use hba_file/ident_file GUCs rather than pg_hba.conf/pg_ident.conf in logs
53823a06be6f40d88d8e3ba45045ecee1a21fc5e,David Rowley,2022-08-05 10:14:00+12:00,Fix failure to set correct operator in window run condition
cf112c122060568aa06efe4e6e6fb9b2dd4f1090,Thomas Munro,2022-08-05 09:49:21+12:00,Remove dead pread and pwrite replacement code.
71f5dc6dfb3de50de28ddde53793540c2fa98b1f,Thomas Munro,2022-08-05 09:38:36+12:00,"Remove dead setenv, unsetenv replacement code."
b79ec732d29fe42e91aeab4da62d446f226b594a,Thomas Munro,2022-08-05 09:37:53+12:00,Remove configure probes for poll and poll.h.
5963c9a154bd5590a7ea48826d9bd72c9324e071,Thomas Munro,2022-08-05 09:36:50+12:00,Remove configure probe for link.
2b1f580ee2ca373d0451d89a40fc8f0a5f55ede9,Thomas Munro,2022-08-05 09:22:56+12:00,"Remove configure probes for symlink/readlink, and dead code."
adeef67834cc3db14c36430c1421cf4ed8a809d3,Thomas Munro,2022-08-05 09:21:51+12:00,Remove configure probe for setsid.
098f4d813b69b4f88943afa777ae4bba5166f803,Thomas Munro,2022-08-05 09:19:36+12:00,Remove configure probe for shm_open.
bdb657edd6db1e471437d62f4642674a801ef32c,Thomas Munro,2022-08-05 09:18:34+12:00,Remove configure probe and related tests for getrlimit.
ca1e85513e1c92afb80a74935cbbb6f7e4a3ccf9,Thomas Munro,2022-08-05 09:12:45+12:00,"Remove configure probe for dlopen, and refactor."
87e22f675fd81ba1d96b0b9a34bbf26d5ec532d5,Robert Haas,2022-08-04 15:26:07-04:00,Revert recent changes to 002_pg_upgrade.pl.
d59383924c580a77a2346d9b1284c8589b3d43e2,Tom Lane,2022-08-04 14:16:26-04:00,Fix check_exclusion_or_unique_constraint for UNIQUE NULLS NOT DISTINCT.
6ad86feecb246f6b9d1f097e2bf777775b7c2434,Tom Lane,2022-08-04 14:10:06-04:00,Add CHECK_FOR_INTERRUPTS in ExecInsert's speculative insertion loop.
cc116479917b7768bef46d0d789093bd6b25f7cd,Tom Lane,2022-08-04 11:11:33-04:00,Add proper regression test for the recent SRFs-in-pathkeys problem.
f8f20203c2a4352491535f971b51802a8218bcd3,Daniel Gustafsson,2022-08-04 16:30:06+02:00,Rephrase comments to make them clearer
bcabbfc6a94bb1d59e380f1bcb7cd5da8338cd11,John Naylor,2022-08-04 16:41:29+07:00,Fix formatting and comment typos
9f08803828d7dc9691e773f5bec4eed21f5ff520,John Naylor,2022-08-04 16:09:15+07:00,Fix assorted doc typos
f217d093fd6107731654c43d837bb4fece205d47,John Naylor,2022-08-04 15:48:37+07:00,Clarify DROP EXTENSION docs regarding explicitly dependent routines
245e14e28b298e6ed00ea8d8c607b62387c9da92,Michael Paquier,2022-08-04 17:36:21+09:00,Fix inconsistent comments for some function declarations in headers
56f2c7b58bda00ea5ecc56a93467ed9eae6b3db7,John Naylor,2022-08-04 13:49:18+07:00,Support SSE2 intrinsics where available
1aa8dad41ffad99923a658389ee948e88394491c,Tom Lane,2022-08-03 17:33:42-04:00,Fix incorrect tests for SRFs in relation_can_be_sorted_early().
bc76f5ac483a08fe2a699ce82d31a9a07520d502,Peter Geoghegan,2022-08-03 09:28:27-07:00,Add another old commit to git-blame-ignore-revs.
1da0850f0e4e37488e4f871b60cc5fbe5276a76f,Tom Lane,2022-08-03 11:14:55-04:00,Reduce test runtime of src/test/modules/snapshot_too_old.
0c20dd33db1607d6a85ffce24238c1e55e384b49,Amit Kapila,2022-08-03 15:31:17+05:30,Add wait_for_subscription_sync for TAP tests.
c67c2e2a29392b85ba7c728d3ceed986808eeec3,Tom Lane,2022-08-02 18:05:38-04:00,Be more wary about 32-bit integer overflow in pg_stat_statements.
9fc1776dda9f1ba6d36c4e7970218c3391f1bb2c,David Rowley,2022-08-03 09:46:02+12:00,Remove unused fields from ExprEvalStep
ec62ce55a813db5c925d89a53b5b22baa509abb6,Tom Lane,2022-08-02 10:29:35-04:00,"Change type ""char""'s I/O format for non-ASCII characters."
1349d2790bf48a4de072931c722f39337e72055e,David Rowley,2022-08-02 23:11:45+12:00,Improve performance of ORDER BY / DISTINCT aggregates
a69959fab2f3633992b5cabec85acecbac6074c8,Michael Paquier,2022-08-02 19:55:59+09:00,doc: Fix typos in protocol.sgml
6b24d3f9cc55d392f3c1b8ff58024d3e3b70d22a,Amit Kapila,2022-08-02 10:47:22+05:30,Move common catalog cache access routines to lsyscache.c
c689baa158bbe76597b4dacd61c415b58b60f4e0,John Naylor,2022-08-02 11:49:37+07:00,Fix comment in pg_db_role_setting.h
7bf91ec0f3b4d2abd39de44c2bcdd11e290af9f4,Amit Kapila,2022-08-02 09:30:46+05:30,Remove duplicated wait for subscription sync from 007_ddl.pl.
418ec32072a6489e909e590247945011ec825059,Tom Lane,2022-08-01 19:18:50-04:00,Add a regression test for contrib/tcn.
b592422095655a64d638f541df784b19b8ecf8ad,David Rowley,2022-08-02 11:02:46+12:00,Relax overly strict rules in select_outer_pathkeys_for_merge()
2865b4060a434855f90fda41f1b8f4bca7c55b0e,Tom Lane,2022-08-01 17:59:44-04:00,Add a regression test for contrib/pg_prewarm.
3592e0ff98b130c428c1d8091fc61767f7608732,David Rowley,2022-08-02 09:55:27+12:00,Have ExecFindPartition cache the last found partition
83f1793d6096deb419e16cc38201484a6f6e9f48,Tom Lane,2022-08-01 12:22:35-04:00,"Check maximum number of columns in function RTEs, too."
8b1ec7d2953273501c5cea8185b6358dc7709eb5,Michael Paquier,2022-08-01 16:38:23+09:00,Fix error reporting after ioctl() call with pg_upgrade --clone
2827f108d136de518f8f1aa7b1bbef0588e0a680,Andres Freund,2022-07-31 18:51:47-07:00,ci: remove minor version from freebsd image name
7ff358b76a106d3950e798a351c0e97d5b5abfe6,Michael Paquier,2022-08-01 09:58:19+09:00,Append -X to direct invocation of psql in new test for BASE_BACKUP
ad341469b423cda4f0c3c3ed195ca6fa122b0609,Michael Paquier,2022-08-01 09:16:11+09:00,Add more TAP tests with BASE_BACKUP and pg_backup_start/stop
3451a57f77848d69ced234b7989cc0e351383cd2,Tom Lane,2022-07-31 16:58:25-04:00,Remove test_oat_hooks.c's nodetag_to_string().
7781f4e3e711ace6bcf9b6253a104b180cb78fcf,Andrew Dunstan,2022-07-31 16:46:13-04:00,Add --schema and --exclude-schema options to vacuumdb.
e1c95e50e99ae8ed9a779c505a289e24a2df195e,Andres Freund,2022-07-31 12:31:36-07:00,ci: switch to freebsd 13.1
4ddfbd2a8ea9b41ced0cad1d984c833085f8ce91,Tom Lane,2022-07-31 13:43:17-04:00,Fix trim_array() for zero-dimensional array argument.
bfac42ea0284f4608d1c37477db14374f4ac9e87,Tom Lane,2022-07-31 12:29:44-04:00,Make new auto_explain test safe for log_error_verbosity = verbose.
43231423dafc0cedcb52169465589b0d1d3c47d2,Michael Paquier,2022-07-31 13:04:43+09:00,Feed ObjectAddress to event triggers for ALTER TABLE ATTACH/DETACH
07ff701dbd53aeb86dd5a09a8b943b3782d4b67f,Michael Paquier,2022-07-31 11:48:14+09:00,Expand tests of test_ddl_deparse/ for ALTER TABLE
6a1f082abac9da756d473e16238a906ca5a592dc,Tom Lane,2022-07-30 16:22:24-04:00,Improve regression test coverage of GiST index building.
be39d88934331c47c43d8c51500305e928f06240,Tom Lane,2022-07-30 15:33:44-04:00,Add regression test coverage for contrib/pg_buffercache.
d8e34fa7a18fab4aa8eb010edac133d63ecc11c6,Tom Lane,2022-07-30 13:05:15-04:00,Fix incorrect is-this-the-topmost-join tests in parallel planning.
d10fad96c664a503a4203fc4b5acd4e816b0158a,Tom Lane,2022-07-30 11:17:07-04:00,Adjust new pg_read_file() test cases for more portability.
212bdc0cbc32ae5041bf1cd609f7b7a0c8930fc3,Robert Haas,2022-07-29 23:24:39-04:00,Revise test case added in 43746996399541ecb5c7b188725a5f097c15ceae.
b998196bb59af02e985cfc93e1704773b5690fbf,Andrew Dunstan,2022-07-29 17:54:19-04:00,Fix new recovery test for log_error_verbosity=verbose case
43746996399541ecb5c7b188725a5f097c15ceae,Robert Haas,2022-07-29 16:31:57-04:00,Fix brown paper bag bug in bbe08b8869bd29d587f24ef18eb45c7d4d14afca.
283129e325b721a5a62227f20d7e3d149b379c73,Tom Lane,2022-07-29 15:38:49-04:00,"Support pg_read_[binary_]file (filename, missing_ok)."
fd96d14d950f2b1d19b5cb3b8e5a7d4d2b3fa161,Tom Lane,2022-07-29 13:31:10-04:00,"In transformRowExpr(), check for too many columns in the row."
80d690721973f6a031143a24a34b78a0225101a2,Robert Haas,2022-07-29 11:20:07-04:00,Fix mistake in bbe08b8869bd29d587f24ef18eb45c7d4d14afca.
59be1c942a47f6c8a4c47d242200fbbf4be59b88,Alvaro Herrera,2022-07-29 12:50:47+02:00,Fix test instability
0234ed81e958b2b6b21f231547e851c09c8f1744,Amit Kapila,2022-07-29 14:27:40+05:30,Move related functions next to each other in pg_publication.c.
bbe08b8869bd29d587f24ef18eb45c7d4d14afca,Robert Haas,2022-07-28 16:03:42-04:00,Use TRUNCATE to preserve relfilenode for pg_largeobject + index.
e09d7a1262c659578065eaf7edafe606d2c8ebf2,Tom Lane,2022-07-28 14:34:32-04:00,Improve speed of hash index build.
70a437aa45b6dcacc2ad894f95ef5bb46b26035f,Alvaro Herrera,2022-07-28 18:21:56+02:00,"doc: avoid saying ""inheritance"" ..."
851f4cc75cdd8c831f1baa9a7abf8c8248b65890,Robert Haas,2022-07-28 10:20:29-04:00,Clean up some residual confusion between OIDs and RelFileNumbers.
9e4f914b5eba3f49ab99bdecdc4f96fac099571f,Alvaro Herrera,2022-07-28 08:40:06+02:00,Fix replay of create database records on standby
d396606ebe9722baceabb156551169d83c85b8c8,Fujii Masao,2022-07-28 14:56:20+09:00,Fix comment in procarray.c.
4fc6b6eefcf98f79211bb790ee890ebcb05c178d,Thomas Munro,2022-07-28 14:26:12+12:00,Fix get_dirent_type() for symlinks on MinGW/MSYS.
5253519b27d3393c07eb04470f04462c67ad94a9,Tom Lane,2022-07-27 18:58:35-04:00,Fix new auto_explain test case for Windows.
5f858dd3bebd1f3845aef2bff7f4345bfb7b74b3,Robert Haas,2022-07-27 16:18:21-04:00,Bump catversion for commit d8cd0c6c95c0120168df93aae095df4e0682a08a.
3ac88fddd92cc3fd8475a2f5f33837dc18d2057b,Robert Haas,2022-07-27 13:54:37-04:00,Convert macros to static inline functions (buf_internals.h)
03361a368e7bf909283cc7721af004317fdabd3d,Tom Lane,2022-07-27 12:00:10-04:00,Add missing PGDLLEXPORT markings in contrib/pg_prewarm.
a2e97cb2b6fb64c3ca3198f5c5f31190bc14c703,Robert Haas,2022-07-27 11:12:15-04:00,Fix read_relmap_file() concurrency on Windows.
ce3049b0215b63744d11c0ce3ac6afdb67fc2ff0,Michael Paquier,2022-07-27 19:50:06+09:00,Refactor code in charge of grabbing the relations of a subscription
d0b193c0fad13cf35122b0d3dc805c76e323e8bf,Alexander Korotkov,2022-07-27 08:28:26+03:00,Split tuplesortvariants.c from tuplesort.c
ec92fe98356a8a36427fe9ef52873b50fe17852e,Alexander Korotkov,2022-07-27 08:28:10+03:00,Split TuplesortPublic from Tuplesortstate
097366c45f5dfe142eb232dc6d348ca0705a63a9,Alexander Korotkov,2022-07-27 08:27:58+03:00,Move memory management away from writetup() and tuplesort_put*()
033dd02db2248ed792332b950431ced4771b8304,Alexander Korotkov,2022-07-27 08:27:46+03:00,Put abbreviation logic into puttuple_common()
cadfdd1edff103d696bbfcdd126c2dee516aed9b,Alexander Korotkov,2022-07-27 08:27:29+03:00,Add new Tuplesortstate.removeabbrev function
d47da3162b4d77c888c895dd36e4ef9cb92fcf19,Alexander Korotkov,2022-07-27 08:26:53+03:00,Remove Tuplesortstate.copytup function
ffd1b6bb6f8a2ffc929699772610c6925364dbb3,Michael Paquier,2022-07-27 13:35:40+09:00,Add overflow protection for block-related data in WAL records
70988b7b0a0bd03c59a2314d0b5bcf2135692349,Tom Lane,2022-07-26 15:38:09-04:00,Improve makeArrayTypeName's algorithm for choosing array type names.
8bb3ad462f8d53b67d2c4707e9dde6604a276bd9,Robert Haas,2022-07-26 15:12:09-04:00,Fix brain fade in e530be2c5ce77475d56ccf8f4e0c4872b666ad5f.
d8cd0c6c95c0120168df93aae095df4e0682a08a,Robert Haas,2022-07-26 14:56:25-04:00,Remove the restriction that the relmap must be 512 bytes.
e530be2c5ce77475d56ccf8f4e0c4872b666ad5f,Robert Haas,2022-07-26 14:10:38-04:00,Do not allow removal of superuser privileges from bootstrap user.
f92944137cdec3e80e826879d817a2d3dff68b5f,Tom Lane,2022-07-26 13:07:03-04:00,Force immediate commit after CREATE DATABASE etc in extended protocol.
3cabe45a819f8a2a282d9d57e45f259c84e97c3f,Fujii Masao,2022-07-26 16:02:43+09:00,doc: Add note about re-archiving of same WAL files in docs.
756e221db610f333649385f7fef96e7e9e23ed71,Fujii Masao,2022-07-26 16:00:18+09:00,Reduce overhead of renaming archive status files.
27e0ee57f68d27af68967759a2ff61a581f501dc,Michael Paquier,2022-07-26 15:57:31+09:00,Fix path reference when parsing pg_ident.conf for pg_ident_file_mappings
857dd353480d98f920099ee0b73da178c197c13d,Amit Kapila,2022-07-26 08:22:53+05:30,Eliminate duplicate code in table.c.
0a5f06b84de76939cf9805e4266d47c2e8bf66df,Michael Paquier,2022-07-26 10:16:26+09:00,Fix a few issues with REINDEX grammar
7c34555f8c39eeefcc45b3c3f027d7a063d738fc,Tom Lane,2022-07-25 15:45:24-04:00,Add test for session_preload_libraries and parameter permissions checks.
a45388d6e0984abb02074f0300cd9c5cbda13848,Andrew Dunstan,2022-07-25 14:25:02-04:00,Add xheader_width pset option to psql
b35617de37870756bdb0e00ffc0a42441e56eefa,Tom Lane,2022-07-25 10:27:43-04:00,Process session_preload_libraries within InitPostgres's transaction.
7a08f78aea95a7046816fe6a711e83615ccdb737,Heikki Linnakangas,2022-07-25 08:52:46+03:00,Fix ReadRecentBuffer for local buffers.
2387f52962e615eac937ed47de724e4d55ffffb7,Fujii Masao,2022-07-25 10:59:38+09:00,Remove useless arguments in ReadCheckpointRecord().
6955bba0ede45e9379d04d7faaa889448919aa07,Tom Lane,2022-07-23 19:00:33-04:00,Doc: improve documentation about random().
e757cdd6ad1bc757df7a73616bde8d7e1cb2828a,Thomas Munro,2022-07-24 09:44:29+12:00,Remove dead getpwuid_r replacement code.
fb12becdfb89e35f3f56768cefe1a837f0afafaf,Thomas Munro,2022-07-24 09:32:34+12:00,Remove dead handling for pre-POSIX sigwait().
86e5eb4f58a276870fbd29e3711b36e4a4280979,Thomas Munro,2022-07-24 09:29:48+12:00,Remove dead getrusage replacement code.
b431dc5c3d7207ffb56b6045eb04265a53f63a03,Tom Lane,2022-07-23 16:10:14-04:00,Doc: update recovery/README.
8efefa748777baf6a61a0e5ec3858a2b90fd8e84,Tom Lane,2022-07-23 12:12:42-04:00,Increase minimum supported GNU make version to 3.81.
634a89c7082538e9521a97e5e92126090b68645c,Thomas Munro,2022-07-23 16:54:00+12:00,Remove configure probe for wctype.h.
a3b8d2a997ab6e8d982495753013c440b32929ba,Thomas Munro,2022-07-23 14:59:11+12:00,Remove configure probe for sys/tas.h.
0f39b70a6f3664036d527fb04ba709d363072a2e,Alvaro Herrera,2022-07-22 20:15:11+02:00,Fix [install]check in interfaces/libpq/Makefile
83011ce7d7f42b744a93d2b0819597d0aa94e9cc,Alvaro Herrera,2022-07-22 19:23:39+02:00,Rework grammar for REINDEX
0b292bed9211e5c85b7b102690f526c3a6600c2e,Tom Lane,2022-07-22 12:46:42-04:00,Close old gap in dependency checks for functions returning composite.
90474c16a7d24991586aa97c78b880fe9c072aba,Tom Lane,2022-07-22 10:53:26-04:00,Fix minor memory leaks in psql's tab completion.
7d158e8cb44b602ab76a3660b9f5f5c5c5992a1f,Alvaro Herrera,2022-07-22 13:13:20+02:00,parser: centralize common auxiliary productions
9853bf6ab0e3d869d04a3a22959a3c41bf01f0e0,Alvaro Herrera,2022-07-22 12:56:21+02:00,Update src/backend/parser/README
5344723755bdbb13d5271ccea181166327c63e97,Thomas Munro,2022-07-22 17:41:47+12:00,Remove unnecessary Windows-specific basebackup code.
9d3444dcce4d62716edec9c58c1b40be42185e7b,Thomas Munro,2022-07-22 16:57:12+12:00,Fix get_dirent_type() for Windows junction points.
44ccdce514c4b3b92c8aca744e9cf7be4580be0b,Fujii Masao,2022-07-22 11:59:38+09:00,postgres_fdw: Fix bug in checking of return value of PQsendQuery().
a1b56090eb54544b8ae01b95b424c254c6b71678,Thomas Munro,2022-07-22 12:41:17+12:00,Remove O_FSYNC and associated macros.
4f1f5a7f85cee932c417aef589b27574813a06c9,Thomas Munro,2022-07-22 10:41:50+12:00,"Remove fls(), use pg_leftmost_one_pos32() instead."
3225399021b62cda66012b17ee60c7bec4733fce,Thomas Munro,2022-07-22 09:40:39+12:00,Extend size_t support in pg_bitutils.h.
a4f09ef22981011020a5b7404dc2801751b15f64,Bruce Momjian,2022-07-21 14:55:23-04:00,"doc:  use wording ""restore"" instead of ""reload"" of dumps"
624aa2a13bd02dd584bb0995c883b5b93b2152df,Dean Rasheed,2022-07-21 19:23:13+01:00,Make the name optional in CREATE STATISTICS.
fa6c230ef23cfe5367cb883fd461580f6a42619d,Bruce Momjian,2022-07-21 13:58:45-04:00,doc:  clarify that auth. names are lower case and case-sensitive
b9654cecea6a544ad4c42a6779df77c2a5c7cd43,Tom Lane,2022-07-21 13:56:02-04:00,Fix ruleutils issues with dropped cols in functions-returning-composite.
2a51a066dd3e54e7087cf02f862c8067c78b9d0a,Amit Kapila,2022-07-21 16:25:07+05:30,Add missing space in comments.
366283961ac0ed6d89014444c6090f3fd02fce0a,Amit Kapila,2022-07-21 08:47:38+05:30,Allow users to skip logical replication of data having origin.
f2d0c7f18b0632a93d99f373edc3d8109faffbe2,Fujii Masao,2022-07-21 11:58:04+09:00,docs: Improve pg_settings_get_flags docs.
2b99ce10c2bc2b901cf2fe04f844f3983943bf9f,Michael Paquier,2022-07-21 11:00:48+09:00,Tweak a bit the new TAP tests of REINDEX DATABASE/SYSTEM
171ab95f64493f30dccf34bb1cafaa7b4957cd4e,Michael Paquier,2022-07-21 10:41:33+09:00,Fix various memory leaks in psql's describe commands \d*
af119e08fd147e808927b1a4c9f091636d52eb45,Tom Lane,2022-07-20 13:54:30-04:00,Dump more fields when dumping planner internal data structures.
6c31ac091f31171601ee00972e131d8683e7b828,Jeff Davis,2022-07-20 10:15:47-07:00,Process shared_preload_libraries in single-user mode.
2d04277121f2f8e18b65190f0dfa8ca97e9c29cb,Tom Lane,2022-07-20 13:04:33-04:00,Make serialization of Nodes' scalar-array fields more robust.
f77ff083350eb5a2625a4dbfca61d15b66c4918b,Alexander Korotkov,2022-07-20 15:49:37+03:00,Document the ability to specify TableAM for pgbench
bcedd8f5fce0b69970cf0cee7bca560833d05869,Dean Rasheed,2022-07-20 09:29:42+01:00,Make subquery aliases optional in the FROM clause.
1caf915ff31e91031f0a0b8e1016df2b59d6f9de,Alvaro Herrera,2022-07-20 10:24:50+02:00,Add PGDLLEXPORTS to some plpgsql function declarations
bde60daa0ec9d0ee8dc79c0caa2c94d128527867,Thomas Munro,2022-07-20 16:09:50+12:00,Fix warnings on Windows.
9430fb407bb64cc842e56fb5844265a9343dafba,Thomas Munro,2022-07-20 13:55:52+12:00,Add wal_sync_method=fdatasync for Windows.
b24b2be119c4cccceae838b62a3519a6d70b9476,Fujii Masao,2022-07-20 09:57:01+09:00,Fix assertion failure and segmentation fault in backup code.
ee79647769f54076422a18845f12e106a34c5f87,Fujii Masao,2022-07-20 09:56:42+09:00,Prevent BASE_BACKUP in the middle of another backup in the same session.
12c254c99f6c6f0bbfc7997ee10ea73fee30dea2,Michael Paquier,2022-07-20 09:50:12+09:00,Tweak detail and hint messages to be consistent with project policy
ecc84b916f8f36924e2b3de358045edfc3205e5a,Fujii Masao,2022-07-20 09:35:14+09:00,Add regression test for TRUNCATE on foreign table not supporting TRUNCATE.
13d83881514856353dc86575eb0fc28132349a60,Tom Lane,2022-07-19 17:21:55-04:00,Fix missed corner cases for grantable permissions on GUCs.
d6a3aeb9a37bdbb5aa8ed03a9f95e2b1a1b44ba7,Tom Lane,2022-07-19 12:29:37-04:00,Convert planner's AggInfo and AggTransInfo structs to proper Nodes.
e2f6c307c02924e6ee1667890b56280ab1960d2e,Tom Lane,2022-07-19 11:18:19-04:00,"Estimate cost of elided SubqueryScan, Append, MergeAppend nodes better."
1679d57a550530ebef624738cc1b12647714fca6,Alvaro Herrera,2022-07-19 09:54:03+02:00,Wrap overly long lines
4371d34f299bc261ba54f9bc3cdd1087f4336de3,Peter Eisentraut,2022-07-19 07:31:58+02:00,Clean up temp file from refactored dtrace rule
14a8bd98274aaf51912b29cbb869696fc825da00,Peter Eisentraut,2022-07-19 07:24:55+02:00,Convert macros to static inline functions (itup.h)
2cbc3c17a5c11d13c0ac92fe7557c56408f8f3d0,Michael Paquier,2022-07-19 11:45:06+09:00,Rework logic and simplify syntax of REINDEX DATABASE/SYSTEM
5fb5b6c4c176d873bd8405ec40f7002daf242a36,Michael Paquier,2022-07-19 10:51:27+09:00,Add more tests for REINDEX DATABASE/SYSTEM with relfilenode changes
950e64fa46b164df87b5eb7c6e15213ab9880f87,Andres Freund,2022-07-18 17:22:11-07:00,Use STDOUT/STDERR_FILENO in most of syslogger.
c290e79cf07f5784fd68e726177503a6805c28d6,Andres Freund,2022-07-18 17:21:54-07:00,windows: msvc: Define STDIN/OUT/ERR_FILENO.
0778eb79b1e2957743bbd577fc3d862a3dc007cf,Tom Lane,2022-07-18 19:43:16-04:00,Improve perl style in ecpg's parser-construction scripts.
d268d0f7a16e9e3c6de660b73543d875b8187def,Andres Freund,2022-07-18 14:53:02-07:00,ecpg: use our instead of my in parse.pl to fix perlcritic complaint
eb6569fd0e24e2f0502ef7b496ba0d3125bd4f15,Andres Freund,2022-07-18 12:33:02-07:00,Refactor dtrace postprocessing make rules
adba4b74710669cefe8e66cd8f586b47e6431f48,Andres Freund,2022-07-18 12:32:53-07:00,Add output directory option to gen_node_support.pl
c8a9246e09cc2786923df8e5abf3c9c317f3493c,Andres Freund,2022-07-18 12:24:39-07:00,Add output directory argument to generate-unicode_norm_table.pl
2bf626b714b5189d6041c228f74cdb769ea169fa,Andres Freund,2022-07-18 12:24:35-07:00,Add output file argument to generate-errcodes.pl
4f20506fe04092a9174bfc6dea908c3dfdbaaf1e,Andres Freund,2022-07-18 12:24:32-07:00,Add output path arg in generate-lwlocknames.pl
b3a0d8324cf1f02c04a7099a436cfd68cfbf4566,Andres Freund,2022-07-18 12:24:27-07:00,Move snowball_create.sql creation into perl file
db0a272d123b8d7f4d4acbeb54f27682a566be83,Andres Freund,2022-07-18 12:24:23-07:00,"ecpg: Output dir, source dir, stamp file argument for preproc/*.pl"
7c3c2cb9aeda4f288e89b25ede8cc2fe5997ac98,Andres Freund,2022-07-18 12:24:12-07:00,psql: Output dir and dependency generation for sql_help
a91242b1bcb312d6f482a758a432a32bd375896e,Andres Freund,2022-07-18 10:32:15-07:00,Deal with paths containing \ and spaces in basebackup_to_shell tests
0df4eb3f708626ba3b0fdfab5afccf785e5e945c,Tomas Vondra,2022-07-18 19:16:44+02:00,Reinstate tests accidentally removed by e3fcca0d0d
973137de0819793a82fc6dc91bddb78750380917,Peter Eisentraut,2022-07-18 14:53:00+02:00,pg_upgrade: Adjust quoting style in message to match guidelines
976b06c6630cbf09bf933a006b5e662753e7c0be,Peter Eisentraut,2022-07-18 14:26:43+02:00,Add another SQL/JSON error code
f58d7073b7750d58b5d53232f0d6a967f902b78f,Peter Eisentraut,2022-07-18 08:01:27+02:00,Convert macros to static inline functions (tupmacs.h)
8cf64d35eaccab967c51d8bccf2c1babe3f84715,Andres Freund,2022-07-17 18:50:14-07:00,Mark all symbols exported from extension libraries PGDLLEXPORT.
5050fe5458d16387728c0dd13eee9517fe4bce13,Andres Freund,2022-07-17 18:41:32-07:00,Fix configure executable permissions.
089480c077056fc20fa8d8f5a3032a9dcf5ed812,Andres Freund,2022-07-17 17:49:51-07:00,Default to hidden visibility for extension libraries where possible
fd4bad1655391582f639527c325fc4a99680cc64,Andres Freund,2022-07-17 17:29:32-07:00,Remove now superfluous declarations of dlsym()ed symbols.
f2b73c8d75d583adcdd3562adca335d31f430ac5,Andres Freund,2022-07-17 17:23:42-07:00,Add central declarations for dlsym()ed symbols
31e5b502920351ddcf8f5efa7f2dc4a60ecdca3a,Tom Lane,2022-07-17 18:11:22-04:00,postgres_fdw: be more wary about shippability of reg* constants.
f49a9fc2bb1228e98cf4fe217e661f3d1dd2ca8c,Tom Lane,2022-07-17 17:43:28-04:00,"Fix omissions in support for the ""regcollation"" type."
0a7ccee8fe9ffaff09ad45f4890a3457c69e80b7,Tom Lane,2022-07-17 17:27:50-04:00,postgres_fdw: set search_path to 'pg_catalog' while deparsing constants.
e993166d71878a11a177b3ade601320d03f12cdf,Tom Lane,2022-07-16 21:57:32-04:00,Disable unstable test cases in src/test/ssl/t/001_ssltests.pl.
55828a6b6084724b08675615a4e911ad4d421cd1,Tom Lane,2022-07-16 18:26:25-04:00,Disable unstable test cases in src/test/ssl/t/001_ssltests.pl.
5e692dcacabd5dbc8ccfb9e37a2d26a574b6dea6,Tom Lane,2022-07-16 12:26:35-04:00,Remove postmaster.c's reset_shared() wrapper function.
506428d091760650971433f6bc083531c307b368,Peter Eisentraut,2022-07-16 15:47:27+02:00,Attempt to fix compiler warning on old compiler
b449afb582bb9015bfbb85abc10ce122aef9ec70,Peter Eisentraut,2022-07-16 13:45:57+02:00,Attempt to fix compiler warning on old compiler
9fd45870c1436b477264c0c82eb195df52bc0919,Peter Eisentraut,2022-07-16 08:50:49+02:00,Replace many MemSet calls with struct initialization
c94ae9d827a360d74da6a304692d34a4dc8b6445,Thomas Munro,2022-07-16 17:03:38+12:00,"Emulate sigprocmask(), not sigsetmask(), on Windows."
3b8d23a3e14f05890f1f306902cd4b992beeee71,Thomas Munro,2022-07-16 12:22:42+12:00,Make dsm_impl_posix_resize more future-proof.
3a0e385048adf84d212e010d82db16228e5f4060,Peter Eisentraut,2022-07-15 17:04:48+02:00,Log details for client certificate failures
507ba16b28c724046551ef8757ebccb8b4fb6da6,Peter Eisentraut,2022-07-15 14:56:00+02:00,Convert macros to static inline functions (xlog_internal.h)
3e9ca526012b0913db8285211ee52d5d6225334d,Peter Eisentraut,2022-07-15 12:12:30+02:00,Support gcc -fkeep-inline-functions
80ad91ea8cfca6c817034423fc889876217c67af,David Rowley,2022-07-15 15:26:34+12:00,Fix inconsistent parameter names between prototype and declaration
582c3e9e8b8d27bec2deb71025c8e85b6257c589,Bruce Momjian,2022-07-14 20:01:11-04:00,"docs:  make monitoring ""phases"" table titles consistent"
5fe2d4c56edd315780e3c6a00caaa5625a719a87,Bruce Momjian,2022-07-14 17:41:03-04:00,doc:  clarify how dropping of extensions affects dependent objs.
47ae6948f0b03cade761b80932c60f208b41f748,Bruce Momjian,2022-07-14 16:34:30-04:00,pg_upgrade doc: mention that replication slots must be recreated
76fa4bf321c5f13c729f225a465e754958c0a5c5,Bruce Momjian,2022-07-14 16:19:45-04:00,doc:  add documentation about ecpg Oracle-compatibility mode
64d364bb39cbb1d97ab6dbd6b873a1016a261d4b,Bruce Momjian,2022-07-14 16:07:12-04:00,doc:  move system views section to its own chapter
ec1fe23afa93c444546d60c256f25c981c757d7c,Bruce Momjian,2022-07-14 15:44:22-04:00,doc:  clarify the behavior of identically-named savepoints
4f63f6aae0cd2bbcbb18c43db79c0351a69f91ad,Bruce Momjian,2022-07-14 15:33:28-04:00,"doc:  clarify that ""excluded"" ON CONFLICT is a single row"
6959e971b35e7e6e10d61b95699cec7985d053b1,Bruce Momjian,2022-07-14 15:17:19-04:00,doc:  mention that INSERT can block because of unique indexes
3e071b2cf584052b0799ebbc4d38ecfdb5bd701a,Bruce Momjian,2022-07-14 12:08:55-04:00,doc:  mention the pg_locks lock names in parentheses
80845b7c0b2cf0a26e44d7906d63cddbb4dd586c,Thomas Munro,2022-07-15 02:00:09+12:00,Don't clobber postmaster sigmask in dsm_impl_resize.
7c0eb3c622eb0882f460805109f244679b340964,Tom Lane,2022-07-14 09:04:23-04:00,Tighten up parsing logic in gen_node_support.pl.
57944910585750b52173a0f67c9e0e42639f1c0a,Thomas Munro,2022-07-15 00:06:32+12:00,Avoid shadowing a variable in sync.c.
7bae3bbf62d63cdd49ae4ca4a851cef0cdbe6ab5,Thomas Munro,2022-07-14 23:56:28+12:00,Create a distinct wait event for POSIX DSM allocation.
712704d3539e5ed6807e0b46fddaaf8ed47c2403,Thomas Munro,2022-07-14 23:56:22+12:00,Remove redundant ftruncate() for POSIX DSM memory.
4518c798b2b9a84958eca4cde6e7e450b6150da6,Thomas Munro,2022-07-14 18:01:27+12:00,Block signals while allocating DSM memory.
82785effc01d4bf5f98ed9f12a75c48009ff4e7e,John Naylor,2022-07-14 09:38:06+07:00,Correct some uses of e.g. and i.e. in message strings and documentation
6203583b72b58272010f8d06999811ff39922acf,Michael Paquier,2022-07-14 11:22:49+09:00,Remove support for Visual Studio 2013
4ca9985957881c223b4802d309c0bbbcf8acd1c1,Michael Paquier,2022-07-14 08:32:18+09:00,Fix output of createuser --help with --valid-until
a5f9f1b885a8f6bdc5b393736f1399986afdef6f,Tom Lane,2022-07-13 14:33:24-04:00,Mop up pg_upgrade's nls.mk for commit b0a55e432.
54ba2f06236a7588433a5825134759ed798eccbf,Tom Lane,2022-07-13 14:29:10-04:00,"Revert ""Use wildcards instead of manually-maintained file lists in */nls.mk."""
27d2693187d1bcf2563ee7142ba37d4788c8d52b,Tom Lane,2022-07-13 13:37:10-04:00,Avoid unsatisfied-external-reference errors in static inlines.
617d69141220f277170927e03a19d2f1b77aed77,Tom Lane,2022-07-13 12:56:42-04:00,Use wildcards instead of manually-maintained file lists in */nls.mk.
ff33a8c8874b43ec55d517ce0612ed79ad08a38a,Tom Lane,2022-07-13 11:48:17-04:00,Remove artificial restrictions on which node types have out/read funcs.
9c727360bcc77cf88693129cd6e610b752fdd3d1,Peter Eisentraut,2022-07-13 14:47:40+02:00,Convert macros to static inline functions (bufmgr.h)
aeb767ca0b0243d0c8c0eae2e1a4390b49ebb66d,Peter Eisentraut,2022-07-13 14:47:36+02:00,Convert macros to static inline functions (itemptr.h)
e1df03b80d51e093fddb2d554c9a81a28dae568c,Alvaro Herrera,2022-07-13 12:58:56+02:00,Plug memory leak
f16180216d0a6dcefd76fef4121227b63df46681,Alvaro Herrera,2022-07-13 12:58:56+02:00,Fix flag tests in src/test/modules/test_oat_hooks
784cedda0604ee4ac731fd0b00cd8b27e78c02d3,Peter Eisentraut,2022-07-13 12:21:45+02:00,Allow specifying STORAGE attribute for a new table
503e3833ef240c94e114be8703046d52f24da021,Peter Eisentraut,2022-07-13 11:43:40+02:00,Remove useless assertions
7057bf23546868ee5f1d9721e7129fb636aab042,Alvaro Herrera,2022-07-13 10:34:54+02:00,Fix XID list support some more
58b4f366c0c4b3a5d65269f01150e4ec04cb20a2,Peter Eisentraut,2022-07-13 09:15:01+02:00,Fix for make unportability
88dad06b47eb80f699211c9b0b7a1c6d9016ad19,Peter Eisentraut,2022-07-13 08:19:17+02:00,NLS: Put list of available languages into LINGUAS files
f29199d3190ffdc48f40233f58a346bbb906c060,David Rowley,2022-07-13 17:01:01+12:00,Small cleanup of create_list_bounds()
08951a7c93cf0dd791ee6ac8a8cf5e4b152528e5,Michael Paquier,2022-07-13 12:21:20+09:00,createuser: Add support for more clause types through new options
c23e3e6beb273ae8c0f8e616edb7ed1acb0271c4,David Rowley,2022-07-13 15:03:47+12:00,"Use list_copy_head() instead of list_truncate(list_copy(...), ...)"
50e4c280f0661f3ef837d2c3beb5fcc100202324,Michael Paquier,2022-07-13 11:29:02+09:00,createuser: Cleanup and fix internal option ordering
4cc832f94a583146fcf7886c9ce685894956d804,David Rowley,2022-07-13 14:02:20+12:00,Tidy up code in get_cheapest_group_keys_order()
83f1c7b742e80d5aa15e6710ecb324e388d007b3,Tom Lane,2022-07-12 17:05:46-04:00,Fix ECPG's handling of type names that match SQL keywords.
e64cdab003027acef29e713087fb667e2319f679,Tom Lane,2022-07-12 16:30:36-04:00,Invent qsort_interruptible().
920072339f304a7da0b5de966117420c96ad78cb,Tom Lane,2022-07-12 15:37:39-04:00,Improve error reporting from validate_exec().
7652353d87a6753627a6b6b36d7acd68475ea7c7,Tom Lane,2022-07-12 15:17:44-04:00,Remove trailing newlines in pg_upgrade's message strings.
eea9fa9b250f4044aa35d537f234c7d44fa9db3d,Tom Lane,2022-07-12 11:22:52-04:00,Add defenses against unexpected changes in the NodeTag enum list.
ca187d7455f174da40e26e6e0c8361821ee19559,Tom Lane,2022-07-12 10:46:58-04:00,Invent nodetag_only attribute for Nodes.
09c5acee8ef90a9a94993dad937bdcd56ccaf1e3,Robert Haas,2022-07-12 10:26:48-04:00,Rename some functions to mention Relation instead of RelFileLocator.
5ca0fe5c8ad7987beee95669124c7e245f2816d8,Alvaro Herrera,2022-07-12 16:11:04+02:00,Add copy/equal support for XID lists
d3117fc1a3e87717a57be0153408e5387e265e1b,John Naylor,2022-07-12 11:25:47+07:00,Fix out-of-bounds read in json_lex_string
3b00a944a9b3847fb02dae7c9ea62fe0b211b396,Fujii Masao,2022-07-12 09:18:02+09:00,Support TRUNCATE triggers on foreign tables.
14168d3c62fa90f1ec447f873f0e4df16a57a717,Thomas Munro,2022-07-12 11:05:44+12:00,Doc: Acknowledge historically supported CPUs and OSes.
718aa43a4ee613bf85afadb1596f861e1228ca43,Thomas Munro,2022-07-12 11:05:32+12:00,Further tidy-up for old CPU architectures.
b40baa96a7ad789718dcf59b1dd73bae15c3a7e1,Jeff Davis,2022-07-11 12:29:33-07:00,"Provide log_status_format(), useful for an emit_log_hook."
bf022d337ef096c79e6a0b51f0b42e69749ae210,Tom Lane,2022-07-11 13:38:47-04:00,Rationalize order of input files for gen_node_support.pl.
b2d5b4c6e09b2a505ced098d2cb1e7b015bfc50d,Robert Haas,2022-07-11 13:33:21-04:00,Fix mistake in comment.
2cd2569c72b8920048e35c31c9be30a6170e1410,Peter Eisentraut,2022-07-11 07:21:52+02:00,Convert macros to static inline functions (bufpage.h)
eed959a457ea0ffb042f4881e23358ba145d148c,Thomas Munro,2022-07-11 16:43:29+12:00,Fix lock assertions in dshash.c.
3838fa269c15706df2b85ce2d6af8aacd5611655,John Naylor,2022-07-11 11:11:36+07:00,Build de-escaped JSON strings in larger chunks during lexing
a6434b951558baad8372dc4b83bf87606dac9cda,Michael Paquier,2022-07-11 12:47:52+09:00,Fix two portability issues with the tests of test_oat_hooks
0a6be1f0ec3cc9b98453bdab2d4edcfd5a00c7fa,Michael Paquier,2022-07-11 11:20:15+09:00,Improve error message with JSON_SERIALIZE()
8445f5a21d40b969673ca03918c74b4fbc882bf4,Michael Paquier,2022-07-11 11:07:33+09:00,Improve two comments related to a boolean DefElem's value
1cd182163061f0c8619eaf79dc077ef78a81a13b,Michael Paquier,2022-07-11 10:56:17+09:00,doc: Fix inconsistent quotes in some jsonb fields
92d70b77ebb45ec43c163d7ebfe7a3c613c24621,Thomas Munro,2022-07-11 11:50:41+12:00,Tidy up claimed supported CPUs and OSes.
21267b64771925c154a767b1f261b5501d7bb26f,Thomas Munro,2022-07-10 16:52:38+12:00,Fix \watch's interaction with libedit on ^C.
301b06dd754007546305030683f439f675e40214,Tom Lane,2022-07-09 19:25:53-04:00,Exclude nodetags.h from headerscheck and cpluspluscheck.
8eccaf65254225921d6fd1f3bfa23e8a0b1f6bbb,Tom Lane,2022-07-09 15:15:05-04:00,Make assorted quality-of-life improvements in gen_node_support.pl.
3cd0ac987819280eb8dd3e0997f0294b8bc6355a,Tom Lane,2022-07-09 15:10:15-04:00,Doc: rearrange high-level commentary about node support coverage.
8c73c11a0d39049de2c1f400d8765a0eb21f5228,Tom Lane,2022-07-09 13:58:06-04:00,"Mark Scan as an abstract node type, too."
b4f79d278f2a78a65ff020b4e8cfa46a2587091d,Tom Lane,2022-07-09 13:35:37-04:00,Mark PlanState as an abstract node type.
2be87f092a2ac786264b2020797aafa837de5a8e,Peter Eisentraut,2022-07-09 15:06:01+02:00,Remove code sections obsoleted by node support automation
3e44aee3cea426e331c5cec6452b52bf8dd25e19,Peter Eisentraut,2022-07-09 13:22:46+02:00,Move a comment
ec156cf974775914d8da942504b7282d124a594b,Peter Eisentraut,2022-07-09 10:20:54+02:00,Add generated nodes\nodetags.h to clean.bat
3e79b7e8ee8852137bf0240ed15d6ffb655322a1,Peter Eisentraut,2022-07-09 10:20:23+02:00,Install generated nodes/nodetags.h
c842736006b1ca6f719f2fd2bd07f8edae42f684,Peter Eisentraut,2022-07-09 09:44:09+02:00,Fix vpath build
964d01ae90c314eb31132c2e7712d5d9fc237331,Peter Eisentraut,2022-07-09 08:53:59+02:00,Automatically generate node support functions
2373fe78dfc9d4aa2348a86fffdf8eb9d757e9d5,Bruce Momjian,2022-07-08 20:23:35-04:00,doc:  add examples for array_length() and jsonb_array_length()
aa31b29375b9afbe1330d7726855645ff82a2e51,Bruce Momjian,2022-07-08 18:36:27-04:00,doc:  add pg_prewarm example
e57519a4637a8d88ae993ac1273d2b59d03a0f75,Alexander Korotkov,2022-07-08 22:00:03+03:00,Add missing inequality searches to rbtree
8d51d7f403c209ab4d5db203f5e350f6c71233ca,Alexander Korotkov,2022-07-08 22:00:03+03:00,Use C99 designator in the rbtree sentinel definition
d498e052b4b84ae21b3b68d5b3fda6ead65d1d4d,Robert Haas,2022-07-08 10:20:27-04:00,Preserve relfilenode of pg_largeobject and its index across pg_upgrade.
bf1f4a364d6c72cc5c39a6d81d156a0335fdf332,Peter Eisentraut,2022-07-08 11:03:45+02:00,Adjust node serialization tag of A_Expr for consistency
251154bebe98ca5d3487ccbe0dceb7f412b57934,Peter Eisentraut,2022-07-08 10:40:44+02:00,Remove T_Join and T_Plan
3de359f18f2bfbc96272bd265264aa5c2f247ca4,John Naylor,2022-07-08 14:53:20+07:00,Simplify json lexing state
3140f089855c03035ee354aa115618068f8d0206,Peter Eisentraut,2022-07-08 09:22:27+02:00,Reformat some more node comments
0ad5b48e58945e88b71eb5932d0c003a95def6ea,Thomas Munro,2022-07-08 14:14:57+12:00,Remove HP/Intel Itanium support.
9db300ce6e38411144f1e36dba345a5f91bbdee4,Thomas Munro,2022-07-08 14:05:05+12:00,Remove HP-UX port.
3c633f32b9c712cc0b4c8d946f0eeae04a3ff51a,Andrew Dunstan,2022-07-07 17:40:02-04:00,Only allow returning string types or bytea from json_serialize
88210542106de5b26fe6aa088d1811b68502d224,Tom Lane,2022-07-07 11:23:40-04:00,Remove stray references to lefttree/righttree in the executor.
62c46eee2279eb0300ab7ffe393d0d0dcfafb157,Fujii Masao,2022-07-07 22:37:54+09:00,Add checkpoint and REDO LSN to log_checkpoints message.
8d367a44d34bbcaca4a894db2b3de741795141b7,Dean Rasheed,2022-07-07 13:08:08+01:00,Fix alias matching in transformLockingClause().
82699edbfe75534b3b6f6f4321339a432b7b8ff2,Etsuro Fujita,2022-07-07 16:25:00+09:00,postgres_fdw: Fix grammar.
d63d957e330c611f7a8c0ed02e4407f40f975026,Peter Eisentraut,2022-07-07 08:36:51+02:00,Convert macros to static inline functions (block.h)
495ed0ef2d72a6a74def296e042022479d5d07bd,Michael Paquier,2022-07-07 13:25:45+09:00,Make Windows 10 the minimal runtime requirement for WIN32
d547f7cf5efc531be8587641a5682cc46b37bc81,Amit Kapila,2022-07-07 09:00:27+05:30,Re-order disable_on_error in tab-complete.
1409eade9f206baebbe9ed7e18cc9ef2979c6594,Michael Paquier,2022-07-07 10:13:01+09:00,Clean up some includes and comments in TAP test scripts
f4d3ca421d9c67d55e527f74dde515d7f87996de,Andres Freund,2022-07-06 15:57:29-07:00,pgstat: slru: remove outdated comment
55b8ac81723c45dca95d4ad4892a1ee28db37c23,Tom Lane,2022-07-06 17:26:42-04:00,Fix wrong field order in _readMergeWhenClause().
0229106afab93e9868e758f4b555daafcfac4b75,David Rowley,2022-07-07 08:14:00+12:00,Overload index_form_tuple to allow the memory context to be supplied
2d7ead85267cc0a41ea4e94ee0ac144d5214d353,Robert Haas,2022-07-06 13:05:51-04:00,pg_stat_statements: Fix test that assumes wal_records = rows.
7b64e4b3fa04769b725306a75bf3dd26e5a854fa,Andres Freund,2022-07-06 08:56:34-07:00,"pgstat: drop subscription stats without slot as well, fix comment"
b0a55e43299c4ea2a9a8c757f9c26352407d0ccc,Robert Haas,2022-07-06 11:39:09-04:00,Change internal RelFileNode references to RelFileNumber or RelFileLocator.
7775c748db1257523ecbed1060dadb608bdff6de,Andres Freund,2022-07-06 08:11:39-07:00,Remove LLVM_CONFIG from Makefile.global.in
eb7a9cd459736f29c5d091cf1bf59842ec9c7175,Peter Eisentraut,2022-07-06 10:35:33+02:00,Tiny capitalization adjustment in pkg-config files
fe3caa1439378830d13423939b13e39d5afa8cf0,David Rowley,2022-07-06 19:40:32+12:00,Remove size increase in ExprEvalStep caused by hashed saops
16d52fc89dbe8394ed318521e076f08fd2e4bf8c,Peter Eisentraut,2022-07-06 08:42:56+02:00,Refactor sending of DataRow messages in replication protocol
b55f62abb2c2e07dfae99e19a2b3d7ca9e58dc1a,Peter Eisentraut,2022-07-06 07:41:33+02:00,Unify DLSUFFIX on Darwin
4b8ee4e9d37bb12969aeaf4225b001b11da6de0c,Peter Eisentraut,2022-07-06 07:16:46+02:00,Reorder ecpg_config.h.in alphabetically
d4bfe41281705c1bcb7093b3d07ce5ff1114341b,Michael Paquier,2022-07-06 09:55:30+09:00,autho_explain: Add GUC to log query parameters
08385ed261965c4e1604e357330ac5bf9755b01a,Tom Lane,2022-07-05 18:23:33-04:00,Tighten pg_upgrade's new check for non-upgradable anyarray usages.
056cc366fafa8110f5761a7383ae1cd903dd728c,Andres Freund,2022-07-05 11:54:46-07:00,pgstat: reduce timer overhead by leaving timer running.
67b26703b4152a30a91208e28a4b72b3abda5832,Andres Freund,2022-07-05 11:25:08-07:00,expression eval: Fix EEOP_JSON_CONSTRUCTOR and EEOP_JSONEXPR size.
3f8148c256e067dc2e8929ed174671ba7dc3339c,Andres Freund,2022-07-05 11:01:10-07:00,Revert 019_replslot_limit.pl related debugging aids.
b9eb0ff09eb843566645679c3ab65b3c9d12c08b,Robert Haas,2022-07-05 13:31:42-04:00,Rename pg_checkpointer predefined role to pg_checkpoint.
09878cdd489ff7aca761998e7cb104f4fd98ae02,Tom Lane,2022-07-05 13:06:31-04:00,Fix pg_upgrade to detect non-upgradable anyarray usages.
8d9f9634ef21ab0023e2bd98e799f5ad2eec4539,Tom Lane,2022-07-05 11:12:33-04:00,Fix errors in copyfuncs/equalfuncs support for JSON node types.
054325c5eeb3140a067ba66735c3d811163ecd6a,Alvaro Herrera,2022-07-05 14:21:20+02:00,libpq: Improve idle state handling in pipeline mode
5001b44b11381f6e1787403ae81bce1ff1f78a99,Alvaro Herrera,2022-07-05 13:38:26+02:00,BRIN: improve documentation on summarization
6ffff0fd225432fe2ae4bd5abb7ff6113e255418,Peter Eisentraut,2022-07-05 10:26:36+02:00,Fix pg_prepared_statements.result_types for DML statements
e3dd7c06e62774628e102c3cd47ee46e85519de7,Michael Paquier,2022-07-05 16:17:51+09:00,Simplify a bit the special rules generating unaccent.rules
84ad713cf85aeffee5dd39f62d49a1b9e34632da,Peter Eisentraut,2022-07-05 07:23:32+02:00,Add result_types column to pg_prepared_statements view
eb64ceac7ec3422f2370b8824dce62ee8fe52dca,Michael Paquier,2022-07-05 12:54:25+09:00,Remove durable_rename_excl()
dac1ff30906b9cef7859380905d038892b32968b,Michael Paquier,2022-07-05 10:16:12+09:00,"Replace durable_rename_excl() by durable_rename(), take two"
2ce648f750a91b04bfa371a8f966703a382fcc97,Peter Eisentraut,2022-07-04 19:43:58+02:00,Refactor sending of RowDescription messages in replication protocol
f10a025cfe97c1a341f636368e67af5ca644c5d8,Alvaro Herrera,2022-07-04 14:52:12+02:00,Implement List support for TransactionId
55f4802785f66a584c05dca40e5d9b25491674b2,Michael Paquier,2022-07-04 15:48:52+09:00,Prevent write operations on large objects in read-only transactions
8ba3cb2f1863e3243aa40d73633bd88f774f74ce,Peter Eisentraut,2022-07-04 08:06:05+02:00,Fix for change timeline field of IDENTIFY_SYSTEM to int8
ec40f3422412cfdc140b5d3f67db7fd2dac0f1e2,Peter Eisentraut,2022-07-04 07:32:48+02:00,Change timeline field of IDENTIFY_SYSTEM to int8
4e85b97304a74f5f0fc82136b95f0d5a67b7fd53,Peter Eisentraut,2022-07-04 07:31:54+02:00,Fix attlen in RowDescription of BASE_BACKUP response
255625df1d3a9823c891d585fbf5c3bb913182eb,Tom Lane,2022-07-03 21:38:32-04:00,Use a short socket directory path in pg_upgrade testing.
89a39d4a4da01b13dddcbcf9bcdac2205c9b1279,Andrew Dunstan,2022-07-03 17:08:25-04:00,Remove %error-verbose directive from jsonpath parser
b762bbde30d21d6a091d44cc2cbbfb1c9550be52,Tom Lane,2022-07-03 16:49:24-04:00,Allow makeaclitem() to accept multiple privilege names.
b6a5158f98fd5158f66943d721061418f183b370,Noah Misch,2022-07-03 13:07:17-07:00,Add Windows file version information to libpq/test programs.
22a67fdd5d2756860e0e0813e4a1ae11b69e21c7,Tom Lane,2022-07-03 15:27:27-04:00,"Simplify tab completion of extension versions, redux."
5faef9d582012433db9ad05af27a77bd591508e1,Peter Eisentraut,2022-07-03 20:11:05+02:00,Remove redundant null pointer checks before PQclear and PQconninfoFree
02c408e21a6e78ff246ea7a1beb4669634fa9c4c,Peter Eisentraut,2022-07-03 11:47:15+02:00,Remove redundant null pointer checks before free()
098c703d308fa88dc9e3f9f623ca023ce4717794,Peter Eisentraut,2022-07-03 09:05:34+02:00,Remove redundant null pointer checks before pg_free()
e2bc242833da27cd73c279bebfb321a65384808f,Noah Misch,2022-07-02 21:03:19-07:00,Fix previous commit's ecpg_clocale for ppc Darwin.
5633836ef306aa4d2be44821b601494054b479d7,Noah Misch,2022-07-02 13:00:30-07:00,ecpglib: call newlocale() once per process.
43470717c47092194832b90737dc74ec6ab9ef33,Jeff Davis,2022-07-02 11:29:55-07:00,Emit debug message when executing extension script.
835d476fd21bcfb60b055941dee8c3d9559af14c,Peter Eisentraut,2022-07-02 12:47:15+02:00,Reformat some node comments
94ebf8117c93f19218e60eb24f3f6bd09b796767,Thomas Munro,2022-07-02 16:23:39+12:00,Default to dynamic_shared_memory_type=sysv on Solaris.
0507977aa4a356052ea0e5da209162e4b2125c1d,Michael Paquier,2022-07-02 12:30:45+09:00,Introduce pg_attribute_nonnull(...)
c99c67fc43f8659517310c62e8a2637d56d0e449,Noah Misch,2022-07-01 18:27:50-07:00,Replace PGISOLATIONTIMEOUT with 2 * PG_TEST_TIMEOUT_DEFAULT.
4f4c72c2dc06e944950305b0c1f48071ff49e263,Noah Misch,2022-07-01 18:27:18-07:00,Fix race condition in t/028_pitr_timelines.pl.
f172b11d616e4e440be6b3235721e283e4c16460,Tom Lane,2022-07-01 18:39:30-04:00,Remove no-longer-used parameter for create_groupingsets_path().
f58f1fb6c0f0990558d0859018b31412b1338447,Peter Eisentraut,2022-07-01 16:41:46+02:00,Add missing GETTEXT_FLAGS entry
d746021de18baf0f29eff0388204a0664f41eb8b,Peter Eisentraut,2022-07-01 11:23:15+02:00,"Add construct_array_builtin, deconstruct_array_builtin"
7c2d6f8d3400edab2b91de7765db9ec71235fac9,Fujii Masao,2022-07-01 14:19:52+09:00,doc: Add index entry for MERGE SQL command.
4e2e8d71fe25e43fc82351bd350a6e80beee50be,John Naylor,2022-07-01 11:41:36+07:00,Clarify that pg_dump takes ACCESS SHARE lock
389869af59dadb1584ece2f9d344a31e4bfe45eb,Thomas Munro,2022-07-01 14:17:54+12:00,Harden dsm_impl.c against unexpected EEXIST.
33bd4698c1174d24f6e53f965f6d64aeab3611f6,Michael Paquier,2022-07-01 09:37:17+09:00,Fix code comments still referring to pg_start/stop_backup()
550bc0a6c0c6af20d34c16902f0ed977550396eb,Michael Paquier,2022-07-01 09:13:57+09:00,Refactor the TAP test of auto_explain
258f48f858b0bcc4c3fac3fa01f79ee61ad0cd1e,Peter Eisentraut,2022-07-01 00:16:38+02:00,Change some unnecessary MemSet calls
8cd61d288adfabe1b7f83359eb0abd27382eec08,Peter Eisentraut,2022-06-30 19:10:13+01:00,Avoid unnecessary MemSet call
d31d30973a190f69d414f7fc7b670771ac346a59,Tom Lane,2022-06-30 11:26:40-04:00,Stamp HEAD as 16devel.
adadae45816e14caabeccf0324980136b996db4a,Tom Lane,2022-06-30 11:08:12-04:00,Add 82d0ffae3 to git-blame-ignore-revs.
82d0ffae3219e4bc153a1306ce23013d168e04a2,Tom Lane,2022-06-30 11:03:03-04:00,pgindent run prior to branching v15.
f5135d2aba87f59944bdab4f54129fc43a3f03d0,Bruce Momjian,2022-06-28 16:35:32-04:00,relnotes:  update item about public schema permission change
c1d033fcb5ecf306241cd729d1edcaa846456335,Tom Lane,2022-06-27 16:11:56-04:00,Stamp 15beta2.
27f953ea9901c08fb3e4064f9a31e07bc30c1e6d,Magnus Hagander,2022-06-27 19:46:23+02:00,Remove outdated recommendation for manual VACUUM
d28e26bbe288c786d8211d8c526c34c775170dea,Peter Eisentraut,2022-06-27 12:53:05+02:00,PL/Python: Update guide to alternative expected files
fa06a34d14ea053e1e405a6ab2a1c3f1631c3a5e,Peter Eisentraut,2022-06-27 09:09:29+02:00,pg_upgrade: Fix version comparison for global ICU support
401f623c7b14890011b9bb9dda7639b1de4d40ad,Michael Paquier,2022-06-27 15:33:39+09:00,"doc: Mention attribute ""inherited"" in pg_stats_ext[_exprs]"
3c0bcdbc663ebf00e3da57ae32361f21b6af495d,Peter Eisentraut,2022-06-27 08:19:02+02:00,Translation updates
adf6d5dfb2094cc2bb28b4dea0565dcd0e775ed9,Heikki Linnakangas,2022-06-27 08:21:08+03:00,Fix visibility check when XID is committed in CLOG but not in procarray.
7201cd18627afc64850537806da7f22150d1a83b,Thomas Munro,2022-06-27 11:34:26+12:00,Fix relptr's encoding of the base address.
ebc584ed495d7ad3a3f33db4e75d9543ff6a87d1,Tom Lane,2022-06-26 08:58:05-04:00,Harden range_table_mutator() against null RangeTblEntry.subquery.
3ab4fc5dcf30ebc90a23ad878342dc528e2d25ce,Thomas Munro,2022-06-26 10:55:21+12:00,Don't trust signalfd() on illumos.
00377b9a02b89a831ae50e1c718d34565356698f,Noah Misch,2022-06-25 09:07:41-07:00,CREATE INDEX: use the original userid for more ACL checks.
2f2e24d90c402738765cb7a458bfc459138ae6b9,Noah Misch,2022-06-25 09:07:41-07:00,Use --no-unlogged-table-data in t/027_stream_regress.pl.
901a9d53011573e45cd7b87682f0520ef3b0fd2d,Peter Eisentraut,2022-06-24 13:03:59+02:00,Remove unportable test
1f50918a6fb02207d151e7cb4aae4c36de9d827c,Amit Kapila,2022-06-24 09:21:24+05:30,Fix intermetent test failure in 028_row_filter.pl.
1ce34519c79e9eed1b6b8dd2f47ae95564e739d7,Amit Kapila,2022-06-24 08:37:26+05:30,Doc: clarify that tablesync ignores publish operation.
75f2171e6c8fa4e1f0ce4fdbf907ee7d0fcb404d,Peter Eisentraut,2022-06-23 22:53:24+02:00,Fix missing newline at end of message
52b5c53ae8ca63449788dea31d766895ba9c8553,Michael Paquier,2022-06-23 16:42:27+09:00,Fix typo in pg_publication.c
41a2b56ae80bd13bc4cb09c48c6f873fd4382e05,Peter Eisentraut,2022-06-23 09:36:12+02:00,PL/Tcl: Don't link with -lc explicitly
ac0e2d387a044faed310cbfe2fae78ecb0f6a4b6,Amit Kapila,2022-06-23 09:23:46+05:30,Fix memory leak due to LogicalRepRelMapEntry.attrmap.
ca7a0d1d368216e89359c63531a4df0b99a437e4,Michael Paquier,2022-06-23 10:49:20+09:00,Fix two issues with HEADER MATCH in COPY
eba331ae2aad781d498f8a424a12185146c7f1f7,Andres Freund,2022-06-22 16:50:14-07:00,pgstat: Mention pgstat_replslot.c in pgstat.c.
0b135e4c2ec9b8dbdcf1d01a40d11e27afbeef54,Bruce Momjian,2022-06-22 16:59:54-04:00,doc: improve wording of plpgsql RAISE format text
a9a230e623e551889b325bc5d50d9929e4d11a22,Bruce Momjian,2022-06-22 14:33:48-04:00,doc: clarify wording about phantom reads
e243de03fb4583dd4a9f0afb41493727d7946c02,Robert Haas,2022-06-22 13:11:49-04:00,amcheck: Fix incorrect use of VARATT_IS_COMPRESSED.
9f0b953457012a41321ab62cffa6aeabcb6e99b2,Peter Eisentraut,2022-06-22 14:24:48+02:00,doc: Clean up title case use
662dbe2c8657b01b436105754dff918a39a67365,Tom Lane,2022-06-21 12:04:11-04:00,Simplify tab completion of extension versions.
75bfe7434d415fcd7e879a187f9e8dfcd3e0b017,Amit Kapila,2022-06-21 15:39:35+05:30,Fix stale values in partition map entries on subscribers.
26a6d1495c6876fc2cb69f39d7d6d56f6f3baa4a,Peter Eisentraut,2022-06-21 11:21:04+02:00,doc: Make some synopsis punctuation consistent
26b3455afaa968fb48d0e468528d79de56624559,Amit Kapila,2022-06-21 08:07:43+05:30,Fix partition table's REPLICA IDENTITY checking on the subscriber.
2253f5b49748ff7b48ccc67260c84cbca99db688,Peter Eisentraut,2022-06-20 14:33:41+02:00,Fix file references inside some SGML comments
2adeaa809cd40f527f3949bd062759d26de7df19,Bruce Momjian,2022-06-19 18:05:27-04:00,relnotes:  simplify wording of pg_basebackup compression item
660ee7bec276b69605b3c997ee740d5d386ad2c3,Peter Eisentraut,2022-06-19 17:39:50+02:00,Message and documentation refinements
9cd43f6cbd8b6fbac6837bcdba5e12f0ecbafefb,Tom Lane,2022-06-18 19:45:38-04:00,Fix busted tab completion of extension versions.
7bd4a9e9901966fb35acd509af0d468881aa5d22,Michael Paquier,2022-06-17 09:03:07+09:00,doc: Do s/int/integer/ to describe the type of some GUC parameters
e3fcca0d0d2414f3a50d6fd40eddf48b7df81475,Tomas Vondra,2022-06-16 15:02:49+02:00,Revert changes in HOT handling of BRIN indexes
664da2a389e5d1d4ebf0f98c82997739cd496e8e,Michael Paquier,2022-06-16 17:21:04+09:00,Fix comment in regression tests for large objects
b7658c24c7c1ffad131a7fdf67ce7fc008be1177,Amit Kapila,2022-06-16 08:45:07+05:30,Fix data inconsistency between publisher and subscriber.
ffffeebf244770a9450d9fe2597abde725a9b984,Alvaro Herrera,2022-06-15 16:54:38+02:00,Link to MVCC docs in MERGE docs
a059e15cdeef3e8de9a34de48c49c29d398bf4e8,Michael Paquier,2022-06-15 15:36:16+09:00,Re-add locally-generated files in pg_upgrade's .gitignore and Makefile
5a97b1325453d641a795710a92b233c665b662b1,Amit Kapila,2022-06-15 09:52:12+05:30,Fix cache look-up failures while applying changes in logical replication.
a3ff08e0b08dbfeb777ccfa8f13ebaa95d064c04,Michael Paquier,2022-06-15 11:24:52+09:00,Tweak behavior of psql --single-transaction depending on ON_ERROR_STOP
ba412c905af14699a128a7bcd8ce5234adb93ceb,Tom Lane,2022-06-14 18:16:46-04:00,Avoid ecpglib core dump with out-of-order operations.
d26ac35d0d7cb42a0453e69e0e9ce6d163b55927,Tom Lane,2022-06-14 17:47:09-04:00,Doc: clarify the default collation behavior of domains.
4e54d231aecb68cf64daf56ab7851c699719762e,Tom Lane,2022-06-13 14:28:05-04:00,pg_upgrade: further tweaking of make_outputdirs().
19408aae7fa2bf28866fb262b27f08405e71152e,Andrew Dunstan,2022-06-12 09:17:17-04:00,Make subscription tests pass with log_error_verbosity=verbose
0d932a9d990fdb78d58abc42c03a1e84cfa2facd,Bruce Momjian,2022-06-11 15:28:20-04:00,relnotes:  update word wrapping
4d3b4d7bfa39420c12dd8af9269a5b68f006011f,Bruce Momjian,2022-06-11 14:59:18-04:00,relnotes:  update AS OF date
9dcae643698f0a0caf77e40181c7af278e146ea7,Bruce Momjian,2022-06-11 14:37:50-04:00,"relnotes:  add links to the release notes, indent, word wrap"
d43cafaf4990e220d2f71fee4da276e98b874e91,Bruce Momjian,2022-06-10 13:40:50-04:00,relnotes:  add markup of text
1218780ccebace6a4c4d5872d7b158aa36e6882e,Tom Lane,2022-06-10 10:35:57-04:00,Un-break whole-row Vars referencing domain-over-composite types.
21724558650a7387ffbc2b0da53d6314389419bb,Peter Eisentraut,2022-06-10 06:05:08+02:00,Fix collation of JSON_TABLE output columns
4a8a5dd7f59cd8dd9969cef1969cb5f7c5124eec,Etsuro Fujita,2022-06-09 19:30:00+09:00,Improve comments for trivial_subqueryscan().
e77de23fbb0f4ef27090c144edcfa889bb2a06d5,Peter Eisentraut,2022-06-09 08:49:13+02:00,psql: Show notices immediately (again)
7ab5b4eb483478bc85ad45ef5405b4a70c3f4c94,Tom Lane,2022-06-08 13:26:18-04:00,Be more careful about GucSource for internally-driven GUC settings.
abed46aea4739c78802ab2ce5e93dc9a7e23c113,Tom Lane,2022-06-08 12:01:51-04:00,"Doc: copy-edit ""jsonb Indexing"" section."
b46e8a83e978c7f7edfe70b3a47bca3e9806e101,Peter Eisentraut,2022-06-08 15:35:44+02:00,Put option listing back into alphabetical order
ca899d98b4aa50d80df9232c5c6ea9e4038cdf48,Michael Paquier,2022-06-08 11:24:06+09:00,Fix portability issue in TAP tests of psql for locales
4fff78f00910af0137f9de7532f8eb21d08ab1c3,Michael Paquier,2022-06-08 10:53:01+09:00,Restructure pg_upgrade output directories for better idempotence
fa5185b26c45afb8407bca2941bec95e0aef862b,David Rowley,2022-06-08 12:39:09+12:00,Harden Memoization code against broken data types
bf4717b0910763e81ffbf0358de06a88faee5132,Tom Lane,2022-06-07 15:34:30-04:00,Fix off-by-one loop termination condition in pg_stat_get_subscription().
51da231597a9e414174cf621b219559e18269dc3,Tom Lane,2022-06-06 11:26:57-04:00,Don't fail on libpq-generated error reports in pg_amcheck.
6d157e7cb8d3f4aa28a9fef95c498ce8ac3c31a9,Tom Lane,2022-06-06 11:20:21-04:00,Don't fail on libpq-generated error reports in ecpg_raise_backend().
157f8739ad18278ca946758b2f274a8109a0aa08,Michael Paquier,2022-06-06 11:05:59+09:00,Fix psql's single transaction mode on client-side errors with -c/-f switches
f00a4f02ac2e31aaa6f74f8ef916624b9018370f,Tom Lane,2022-06-04 11:54:05-04:00,Automatically count the number of output lines in psql/help.c.
15b6d2155375dee2fcba072fffa03c1c8b44656c,Michael Paquier,2022-06-04 12:16:52+09:00,Force run of pg_upgrade in the build directory in its TAP test
1fbe94084fd34200e61dd1db6225e8c8c65c000d,Tom Lane,2022-06-03 15:49:36-04:00,Improve psql \?'s description of large-object-related commands.
4ecacc3c8cb4b27374bdb1ca83696c0c09ee7f79,Tom Lane,2022-06-03 13:54:53-04:00,Doc: improve example for intarray's uniq() function.
94c7db4f1dc33f6e393c53cde48775449a593176,Tom Lane,2022-06-03 11:51:37-04:00,Doc: fix incorrect bit-reversal in example of macaddr formatting.
2cc96f23391437e976aa830c5a955a2804d66452,Michael Paquier,2022-06-03 13:15:20+09:00,"Run tests of libpq on installcheck-world, checkprep and check-world"
642e9165fd511315f0c5c3ad940f6ded42752dbe,Etsuro Fujita,2022-06-02 18:00:00+09:00,Doc: Further fix CREATE FOREIGN TABLE synopsis.
fd0b9dcebda7b931a41ce5c8e86d13f2efd0af2e,Amit Kapila,2022-06-02 08:31:50+05:30,Prohibit combining publications with different column lists.
99f6f19799edbba5e0a73702c0a1bd13bdd285a2,Michael Paquier,2022-06-02 09:21:32+09:00,Add missing test names in TAP tests of pg_upgrade
dd1c8dd1015f4548d6c29de56e54eda317b39319,Tom Lane,2022-06-01 17:21:45-04:00,Silence compiler warnings from some older compilers.
eb39610f82679e015dd990a3fbba1c62e399c32a,Tom Lane,2022-06-01 16:15:47-04:00,Fix pl/perl test case so it will still work under Perl 5.36.
1d0de97ba1e6ac9f76c63daee574f599df5f2f42,Tom Lane,2022-06-01 10:39:46-04:00,Doc: fix a couple of erroneous examples.
bbb6489042a8928ccba7d72343b9ea6d0c607974,David Rowley,2022-06-01 12:44:45+12:00,Doc: mention limitation of the number of resultset columns
e1ed1a7aa5477a52faad2699c881966fb73128cb,Magnus Hagander,2022-05-31 21:59:47+02:00,Recommend scram-sha-256 instead of md5 authentication in docs
e28bb885196916b0a3d898ae4f2be0e38108d81b,Alvaro Herrera,2022-05-31 21:24:59+02:00,"Revert changes to CONCURRENTLY that ""sped up"" Xmin advance"
16c80e7d0cdad933103968aec7cd024bca5274c0,Tom Lane,2022-05-31 14:47:44-04:00,Ensure ParseTzFile() closes the input file after failing.
c03b7f52607f20e8b49e662927ba5810d49f3427,Tom Lane,2022-05-31 12:18:27-04:00,Doc: fix mention of psql's minimum supported server version.
492046fa9ed4a236d490f56bc5afcaa2f3b6ad6c,Tom Lane,2022-05-31 12:14:02-04:00,Doc: fix mention of pg_dump's minimum supported server version.
f5bfba5413f51b4fa0a7b0dc879d39ae6881d8be,Robert Haas,2022-05-31 08:46:54-04:00,shm_mq_sendv: Fix flushing bug when receiver not yet attached.
0a050ee000b6783ac4b78e9eadb47a4e72912672,Amit Kapila,2022-05-31 14:37:41+05:30,Fix typo in hash README.
0efa51357e0fe0fd69f0c27245ed7e68039b1ea8,Michael Paquier,2022-05-31 09:44:00+09:00,Remove useless tests for TRUNCATE on foreign tables
12e28aac8e8eb76cab13a4e9b696e3dab17f1c99,Thomas Munro,2022-05-31 12:06:11+12:00,Add debugging help in OwnLatch().
5f0adec2537dab531ef63ff6e0fe640698a291d9,Tom Lane,2022-05-30 14:05:20-04:00,Make STRING an unreserved_keyword.
a8cca6026e992d9b627c7dbee5f8a50bde507a94,Peter Eisentraut,2022-05-30 07:26:06+02:00,logging: Also add the command prefix to detail and hint messages
b3fb16e8bb3eaadc6bd4e7cc6af816b0359d7b3d,Michael Paquier,2022-05-30 10:50:21+09:00,doc: Reword description of roles able to view track_activities's info
fc36ac52ebd3b0c879877c424f94318728b25935,Heikki Linnakangas,2022-05-29 23:54:25+03:00,Fix COPY FROM when database encoding is SQL_ASCII.
f6b6a8fb94f115c5197fbba0c004a262dc710134,Tom Lane,2022-05-29 13:25:21-04:00,Doc: fix missing/bogus documentation of range_intersect_agg().
cfce3be818ab6778cf2c314ff4f6f398b74f75eb,Thomas Munro,2022-05-29 17:04:46+12:00,Doc: Document pg_stat_recovery_prefetch.stats_reset.
0107855b1480d381f28f935e279ec3b64f410ef7,Andres Freund,2022-05-28 13:11:59-07:00,Align stats_fetch_consistency definition with guc.c default.
b4529005fd387e863bfa9eb863629b1183c0449c,Michael Paquier,2022-05-28 15:02:08+09:00,"Revert ""Add single-item cache when looking at topmost XID of a subtrans XID"""
f1431f3bffa00962ae8debb98a750ed2fb09fa3b,Michael Paquier,2022-05-28 12:12:40+09:00,Handle NULL for short descriptions of custom GUC variables
3e9abd2eb1b1f6863250f060290f514f30ce8044,David Rowley,2022-05-27 10:37:58+12:00,Teach remove_unused_subquery_outputs about window run conditions
2b65de7fc296bb5060c8d4ae8cb680f71364fbe0,Tom Lane,2022-05-26 14:14:05-04:00,Remove misguided SSL key file ownership check in libpq.
ce21a36cf837083cb41521aff035d9c1310f0f66,Robert Haas,2022-05-26 12:54:33-04:00,"In CREATE FOREIGN TABLE syntax synopsis, fix partitioning stuff."
6217053f4e856159442629bd50c583ce3e4bc1fb,Tom Lane,2022-05-26 12:25:10-04:00,Avoid ERRCODE_INTERNAL_ERROR in oracle_compat.c functions.
de89d8711e2b70150a2c5b3215d99da108fbe1e8,Bruce Momjian,2022-05-25 22:19:20-04:00,relnotes: update ordered partition scan item
0dc379de646309d388990399132f9c12137e86e4,Michael Paquier,2022-05-25 14:21:05+09:00,Add tab completion for table_rewrite's CREATE EVENT TRIGGER in psql
98f897339b011d04f3b9f48050aa31de9a5a4869,Andres Freund,2022-05-24 21:26:39-07:00,Fix stats_fetch_consistency default value indicated in postgresql.conf.sample.
335e444f2269086c22146d885afb9d6e92d5cb01,Bruce Momjian,2022-05-24 19:37:50-04:00,relnotes:  add Heikki to UTF8 item
c9dfe2e83a8dbc30e6992ced01da2f7cfa0f63f3,Michael Paquier,2022-05-24 11:00:41+09:00,Remove duplicated words in comments of pgstat.c and pgstat_internal.h
d45e824b6719147ef5d225c1949c2e65548e00ff,Peter Eisentraut,2022-05-23 13:09:18+02:00,doc: Improve COPY synopsis
da1c0acd0a61eb8c1d62725ded9c219e783cc6a2,Peter Eisentraut,2022-05-23 10:54:39+02:00,pg_upgrade: Tweak translatable strings
09ed73f1a4af5cdcbe9725727822e54bd8e9f743,Peter Eisentraut,2022-05-23 10:31:33+02:00,doc: Add documentation for pg_database.datlocprovider column
9520f8d92a8681e441cc863422babd544353dd39,Peter Eisentraut,2022-05-23 10:07:36+02:00,psql: Update \timing also in case of an error
6e647ef0e750bc5007e4af48b19023d68ae91b6a,John Naylor,2022-05-23 13:11:43+07:00,Remove debug messages from tuplesort_sort_memtuples()
7fdbdf204920ac279f280d0a8e96946fdaf41aef,Andres Freund,2022-05-22 15:25:13-07:00,pgstat: fix stats.spec instability on slow machines.
c7461fc25558832dd347a9c8150b0f1ed85e36e8,Tom Lane,2022-05-21 14:45:58-04:00,"Show 'AS ""?column?""' explicitly when it's important."
e19272ef603bdb11a09e7f8500dc4e0fb4ec73de,Tom Lane,2022-05-21 13:26:08-04:00,Remove unused-and-misspelled function extern declaration.
a916cb9d5a89804998dd4e7fd7bbb27cb5a7abc8,Tom Lane,2022-05-21 13:13:44-04:00,"Avoid overflow hazard when clamping group counts to ""long int""."
ac1ae477f85c6aeb3119071c1c00eb042b4afa4d,Michael Paquier,2022-05-21 19:05:47+09:00,doc: Mention pg_read_all_stats in description of track_activities
d1436555f5ab33b1e4d458e9b2722e5eaf0548f6,Michael Paquier,2022-05-21 17:57:23+09:00,doc: Fix description of the JIT time fields in pg_stat_statements
eaa5ebe046c4f247d843bdfd36da4c28be9dbfab,Michael Paquier,2022-05-21 12:01:48+09:00,Improve and fix some issues in the TAP tests of pg_upgrade
5e5fa323350060360799004f96840bbf3cb51e49,Tom Lane,2022-05-20 13:42:02-04:00,Remove portability hazard in unsafe_tests/sql/guc_privs.sql.
6029861916e8e2c0155c332c10f182a22619c663,Alvaro Herrera,2022-05-20 18:52:55+02:00,Fix DDL deparse of CREATE OPERATOR CLASS
b39838889e76274b107935fa8e8951baf0e8b31b,Michael Paquier,2022-05-20 18:29:51+09:00,Add pg_version() to PostgreSQL::Test::Cluster
a5084a10fe60412036899a79b3aee76ba31a3579,Alvaro Herrera,2022-05-20 10:05:31+02:00,doc: Explain 'invalid' index state for CREATE INDEX CONCURRENTLY
25f915b31e41e5c86e1905d199c7d41cc66161ed,Peter Eisentraut,2022-05-20 09:26:21+02:00,pg_waldump: Improve option parsing error messages
1d8ef62f6e1982c3019fc044dea070a8861a91bf,Tom Lane,2022-05-19 18:36:07-04:00,Doc: clarify location of libpq's default service file on Windows.
8d061acd12af26551b607299aa204c946d2b6ba2,Alvaro Herrera,2022-05-19 16:20:32+02:00,Repurpose PROC_COPYABLE_FLAGS as PROC_XMIN_FLAGS
a1e7616d6e1e8056b6eae6d68be9e1e658afaf96,Andrew Dunstan,2022-05-19 10:03:43-04:00,Rework SQL/JSON documentation
648aa6734fefb2cc2c9bba7d6444890e727eaca1,Peter Eisentraut,2022-05-19 09:42:17+02:00,"doc: Properly punctuate ""etc."""
c4a4e760f6b0e7933e7d3bff0b589af9da49f8e6,David Rowley,2022-05-19 17:14:23+12:00,Fix incorrect comments for Memoize struct
0ff20288e1cb3282efb43401896a939916fceb4d,Amit Kapila,2022-05-19 08:20:55+05:30,Extend pg_publication_tables to display column list and row filter.
62221ef187b0098c8f331f804b7c63859e5ee6ff,Alvaro Herrera,2022-05-18 23:19:53+02:00,Update xml_1.out and xml_2.out
12e423e21d8ef47d95a099c12f625f6d191eaf92,Alvaro Herrera,2022-05-18 21:20:49+02:00,Fix EXPLAIN MERGE output when no tuples are processed
0fbf0112002355efb2bb525ab88edf891dbfd033,Alvaro Herrera,2022-05-18 20:28:31+02:00,Check column list length in XMLTABLE/JSON_TABLE alias
598ac10be1c20961baac44db773eb826f788fdfa,Alvaro Herrera,2022-05-18 18:33:04+02:00,Make EXPLAIN MERGE output format more compact
81e3c83d988daa8fd763ec5104d540713832dd1a,Peter Eisentraut,2022-05-18 18:18:22+02:00,Fix markup in synopsis
27f1366050c6cd8c1ea5f03b367a5a167ebf34b7,Michael Paquier,2022-05-18 09:47:38+09:00,pgbench: Restore compatibility of --partitions=0
bbf7c2d9e932db873469cd9cecf0e05e39c1962d,Michael Paquier,2022-05-18 09:06:22+09:00,Fix typo in walreceiver.c
05a5a1775c89f6beb326725282e7eea1373cbec8,Tom Lane,2022-05-16 17:10:42-04:00,Stamp 15beta1.
4bfa420075b4e85012837b6b6d376edf8af5ede5,Bruce Momjian,2022-05-16 10:18:17-04:00,relnotes: improve updated UTF8 item wording
9499c0fcf488e2f8e0e3ae71b06003fe7735feb4,Bruce Momjian,2022-05-16 10:09:36-04:00,relnotes: improve UTF8 text item in relation to ASCII
6a8a7b1ccbc0e92ce2b301e9aad26a4caedfd9b5,Peter Eisentraut,2022-05-16 11:12:42+02:00,Translation updates
cd690e07fd47f245df02ab461754755956bf3e00,Peter Eisentraut,2022-05-16 09:41:02+02:00,pg_upgrade: Add missing gettext triggers
cd46d42a515918e88ae8ccb5990d59b3ad451455,Peter Eisentraut,2022-05-16 08:55:01+02:00,pg_upgrade: Add missing gettext triggers
1e731ed12aac3f2ed99cf13244f5a1571a6eb6e6,David Rowley,2022-05-16 16:07:56+12:00,Fix incorrect row estimates used for Memoize costing
5bcc4d09332844ae369bcf99f18ace1c982b7301,Alvaro Herrera,2022-05-14 09:57:03+02:00,Add link to HBA docs in initdb --auth documentation
dce7072e5106456a1f1f003c2fcc2d7901ab89d8,Alvaro Herrera,2022-05-14 09:03:16+02:00,Add link to initdb in pg_hba.conf docs
93759c665d482b5bf76ca22c9cac91e713e9386e,Thomas Munro,2022-05-14 11:58:10+12:00,Fix slow animal timeouts in 032_relfilenode_reuse.pl.
fcab82a2d79b4533cfdc8e8d5e00dbdf6830d63a,Michael Paquier,2022-05-14 08:27:59+09:00,Fix comment in pg_proc.c
c4f113e8fef900e9e7e7c77a3a21db1535e5be72,Alvaro Herrera,2022-05-13 23:52:35+02:00,Clean up newlines following left parentheses
3715850ecc524544546e696bb0a7bbc44095d12a,Bruce Momjian,2022-05-13 11:50:45-04:00,relnotes:  add null logical replication item
3ab9a63cb638a1fd99475668e2da9c237495aeda,Tom Lane,2022-05-13 11:40:08-04:00,"Rename JsonIsPredicate.value_type, fix JSON backend/nodes/ infrastructure."
2454cb07eed1ec7e68b9953b03d473d3c334ba05,Peter Eisentraut,2022-05-13 16:16:28+02:00,Indent protocol.sgml
4f2400cb3f10aa79f99fba680c198237da28dd38,Robert Haas,2022-05-13 09:31:06-04:00,Add a new shmem_request_hook hook.
8c8d307f82976122980bbccf940319d1b8a71403,Etsuro Fujita,2022-05-13 18:30:00+09:00,"Doc: Improve description of the ""parallel_commit"" option for postgres_fdw."
30ed71e423ee63b263730b86326da2a629a29f84,Peter Eisentraut,2022-05-13 07:17:29+02:00,Indent C code in flex and bison files
0cf16cb8ca4853b084c40eca310c4c9c3ebf7e2a,Andres Freund,2022-05-12 18:54:26-07:00,Don't report stats in LogicalRepApplyLoop() when in xact.
8d3341266508fc1aed1f1a6bdb4ed885821c81b0,Michael Paquier,2022-05-13 09:39:13+09:00,Remove PGDLLIMPORT marker from __pg_log_level
07d683b54af854098cc559d4b8640905f9efa0ea,Andres Freund,2022-05-12 12:39:33-07:00,Remove function declaration for function in pg_proc.
0699b1ae2d8e7b8763a2019d9cd651ab55521779,Andres Freund,2022-05-12 12:39:33-07:00,Add missing binary_upgrade.h includes.
09cd33f47bb32f904c32b5aabe607a5125159cc4,Andres Freund,2022-05-12 12:39:33-07:00,Add 'static' to file-local variables missing it.
905c020bef99e16b37529203084cd93932e73805,Andres Freund,2022-05-12 12:39:33-07:00,Add missing 'extern' to function prototypes.
c2f436151edc818601c2499e400e1ad53d0da66f,Tom Lane,2022-05-12 15:35:15-04:00,Do pre-release housekeeping on catalog data.
03501aceae5d27bf5a23942035299d52600e3279,Tom Lane,2022-05-12 15:22:20-04:00,Add 23e7b38bf to git-blame-ignore-revs.
23e7b38bfe396f919fdb66057174d29e17086418,Tom Lane,2022-05-12 15:17:30-04:00,Pre-beta mechanical code beautification.
93909599cdba64c8759d646983c0a4ef93de1e50,Tom Lane,2022-05-12 13:08:31-04:00,libpq: drop pending pipelined commands in pqDropConnection().
b5f44225b833a2fd07b4a7c77e33ae0c37e6a7d6,Andres Freund,2022-05-12 09:11:31-07:00,Mark a few 'bbsink' related functions / variables static.
79b58c6f684315d39dfdbd721da7576d90bd9f99,Tom Lane,2022-05-12 11:31:46-04:00,Make pull_var_clause() handle GroupingFuncs exactly like Aggrefs.
25285e5d4ee5b5655ddf93204180aedc873f19d6,Bruce Momjian,2022-05-12 10:11:55-04:00,relnotes:  adjust several logical replication items and FK text
4036bcbbb92839f20ed6d0db418996954dd66470,Etsuro Fujita,2022-05-12 17:30:00+09:00,postgres_fdw: Update comments in make_new_connection().
5edeb574285ecbcc47f0b769a7e363404db0155b,Michael Paquier,2022-05-12 15:08:45+09:00,Add some missing PGDLLIMPORT markings
6bfecf33f6ed558deee4f801e296b058261dbef3,Bruce Momjian,2022-05-11 22:46:56-04:00,relnotes:  mention non-exclusive backup mode was deprecated
7761b9faabae15217fe0e5bbb54230b425222f81,John Naylor,2022-05-12 09:20:32+07:00,Use correct datum macros in more tuplesort specialization functions.
d70b95a7178af84212487438b5509871090f5b05,Bruce Momjian,2022-05-11 22:19:12-04:00,relnotes:  add author to in-memory sorts item
da82c62469865e11c29881b42e955482194ca781,Bruce Momjian,2022-05-11 22:01:46-04:00,relnotes:  update for non-exclusive backup mode removal
922d1a27e9bd3415522a5ec5578c7c1324b16b93,Bruce Momjian,2022-05-11 20:55:22-04:00,relnote:  improve sorting entries
ab02d702ef08343fba30d90fdf7df5950063e8c9,Robert Haas,2022-05-11 15:30:30-04:00,Remove non-functional code for unloading loadable modules.
78ccd6cca48dab098fcce62528c2b471f7a0010a,Bruce Momjian,2022-05-11 11:28:29-04:00,relnotes:  adjustments from Álvaro Herrera
279d957efebb4fe0636981cf0354b310fd2a109b,Bruce Momjian,2022-05-11 10:45:17-04:00,relnotes:  update foreign key partition and add sort items
45edde037efc6ec76714e0be7309b348fe34351e,Michael Paquier,2022-05-11 15:38:55+09:00,Fix typos and grammar in code and test comments
0d3431497dbe91ba1e428ace4e9537c109eaff07,Thomas Munro,2022-05-11 18:03:03+12:00,Add logging for excessive ProcSignalBarrier waits.
f95d53eded55ecbf037f6416ced6af29a2c3caca,Amit Kapila,2022-05-11 11:11:44+05:30,Fix the logical replication timeout during large transactions.
8bbf8461a3a2a38ce5f2952a025385b6938a61f7,Michael Paquier,2022-05-11 14:21:06+09:00,"Silence extra logging when using ""postgres -C"" on runtime-computed GUCs"
3aa7a3d2a3d1177d32680b94541dc2db7f3d7b0b,Peter Eisentraut,2022-05-11 06:16:56+02:00,Add missing source files to nls.mk
38fbbb5bb293c4cceebb130b42357a2d6ee8d294,Bruce Momjian,2022-05-10 23:41:26-04:00,relnotes:  more adjustments
581c4e5b31853045473949822bcd0c90daf850fb,Bruce Momjian,2022-05-10 22:10:45-04:00,relnotes:  logical replication permissions checked by subscrib.
a3c5f56c213e5799f7f5eb08890f6ddebacbb83c,Bruce Momjian,2022-05-10 21:57:33-04:00,relnotes:  adjustments
0826ac89ac18ab05b9991cfbba72351a502ef12c,Michael Paquier,2022-05-11 10:21:52+09:00,Improve setup of environment values for commands in MSVC's vcregress.pl
c90c16591c438e4146b1d4b9e4539f80b58845ba,David Rowley,2022-05-11 11:38:13+12:00,Fix some incorrect preprocessor tests in tuplesort specializations
aff45c879e018d18951a9bc4cd8e2a395ee52c43,Tom Lane,2022-05-10 18:42:02-04:00,configure: don't probe for libldap_r if libldap is 2.5 or newer.
b0d4b3c386f5372474575a4eeba2450951d9b44a,Bruce Momjian,2022-05-10 17:49:51-04:00,relnotes:  adjust sections for various items
40131af573514d9915798f5fa6399ddc3d214937,Bruce Momjian,2022-05-10 16:47:48-04:00,relnote:  add ARM64 spinlock item
653443ed83f03820d29604b65dca6a56f3f8ab06,Bruce Momjian,2022-05-10 16:34:11-04:00,relnotes:  remove sequence replication and update 'postgres -C'
9d89bb8a025d0374f7705cea9fead4eae9ae80ed,Bruce Momjian,2022-05-10 16:05:12-04:00,relnote:  extensive updates
9700b250c5b84a083261add9f6e3507c9c72e076,Peter Eisentraut,2022-05-10 21:15:56+02:00,Formatting and punctuation improvements in sample configuration files
93e6892f6717d5777c9decef301728e8bb3f011b,Peter Eisentraut,2022-05-10 20:57:37+02:00,Remove some tabs in SQL code in C string literals
a9c018565eb306b5a884c31ca6e26efed4dfc774,Peter Eisentraut,2022-05-10 20:31:13+02:00,doc: Update SQL keywords for SQL:2016 technical corrigenda
3c534949bbb0c7f312175879d1bf7de4f336c6e1,Bruce Momjian,2022-05-10 12:51:25-04:00,"relnotes:  ""training"" -> ""trailing"""
9499606db00290562096d74f62cf47f953795b58,Bruce Momjian,2022-05-10 11:35:28-04:00,doc:  first draft of PG 15 release notes
7dd3ee508432730d15c5d3032f37362f6b6e4dd8,Michael Paquier,2022-05-10 11:31:31+09:00,Fix several issues with the TAP tests of pg_upgrade
fe20afaee8aac7838ed6e4a76baa83e547629582,Tom Lane,2022-05-09 14:15:37-04:00,Fix core dump in transformValuesClause when there are no columns.
29904f5f2fdafbbb96ef3685fd361053b061aeb1,Tom Lane,2022-05-09 11:40:40-04:00,"Revert ""Disallow infinite endpoints in generate_series() for timestamps."""
0abc1a059e27c5a71a1a186c97d9c0af407469cc,Noah Misch,2022-05-09 08:35:08-07:00,"In REFRESH MATERIALIZED VIEW, set user ID before running user code."
a117cebd638dd02e5c2e791c25e43745f233111b,Noah Misch,2022-05-09 08:35:08-07:00,Make relation-enumerating operations be security-restricted operations.
f45f8b7ff3fe6c8b8139e177bb3fec7629ef9f05,Peter Eisentraut,2022-05-09 07:17:08+02:00,Add missing source files to nls.mk
7863ee4def653f2c2193cb0b0cf4a8f0f3ca6c56,Michael Paquier,2022-05-09 08:39:59+09:00,Fix control file update done in restartpoints still running after promotion
a22652ebbcb33a6a271cc69841ad61d971d7db30,Thomas Munro,2022-05-08 19:19:36+12:00,Fix race in 032_relfilenode_reuse.pl.
ad76c9708bd1a333c28e7be2178e34b745fb23d1,Noah Misch,2022-05-07 00:33:15-07:00,"Under has_wal_read_bug, skip contrib/bloom/t/001_wal.pl."
e2f65f42555ff531c6d7c8f151526b4ef7c016f8,Thomas Munro,2022-05-07 16:47:29+12:00,Fix old-fd issues using global barriers everywhere.
b74e94dc27fdbb13954f230b1d1298430afa6c0c,Thomas Munro,2022-05-07 16:32:10+12:00,Rethink PROCSIGNAL_BARRIER_SMGRRELEASE.
701d918a426b394620ce4d046533f77262c70829,Robert Haas,2022-05-06 09:24:06-04:00,Fix misleading comments about background worker registration.
ee97d46cdb7e23f8ee98fe22648a1c3c75a80261,Daniel Gustafsson,2022-05-06 14:41:36+02:00,pgcrypto: remove questionmark from error message
0250a167a07d4d2cff932e467d84306cbd3704fe,Daniel Gustafsson,2022-05-06 14:41:33+02:00,pgcrypto: report init errors as PXE_CIPHER_INIT
17ec5fa502d299b1919b1afacda839fb7d8206ad,Daniel Gustafsson,2022-05-06 14:41:31+02:00,Clear the OpenSSL error queue before cryptohash operations
59a32f00937c85fe944cf1fac3e8b98d091e2bc6,Michael Paquier,2022-05-06 20:01:15+09:00,Fix typo in origin.c
7e367924e33e47e0b0b135b0649c406a589bd496,Peter Eisentraut,2022-05-06 09:17:38+02:00,Update SQL features
7d6a4fdf3243a7a18e2cfc6cf03bce01cc6ce651,Peter Eisentraut,2022-05-06 09:14:15+02:00,Fix some whitespace in documentation markup
a6f12520bed073d1d548a691e85d7f5371cc4ed4,Peter Eisentraut,2022-05-06 09:07:14+02:00,doc: Fix typos
ab3479bf55066f3dc827796f5bf1e957ffc97d2d,Tom Lane,2022-05-05 14:54:53-04:00,Update time zone data files to tzdata release 2022a.
9e6b7b45ca92cccd6b870fa4e0a98059a86ce79d,Andres Freund,2022-05-04 12:50:38-07:00,Fix timing issue in deadlock recovery conflict test.
c40ba5f318f96a6a5a29729b987ead11c5dc65c1,Tom Lane,2022-05-04 14:44:40-04:00,Fix rowcount estimate for SubqueryScan that's under a Gather.
dc2be6ed47e54004666a78e1592896c08f2be80e,Peter Eisentraut,2022-05-04 17:36:31+02:00,Remove JsonPathSpec typedef
d47a11da9e5c5bad3eb0f353ab7b883d3f0eb48a,Peter Eisentraut,2022-05-04 17:34:22+02:00,Add missing enum tag in enum used in nodes
cfb63b994e91af8315f5262b3dc630c565f2420a,Peter Eisentraut,2022-05-04 14:20:36+02:00,Simplify configure test
0432490d290f679cad773ce4735e8769e2c4db75,Daniel Gustafsson,2022-05-04 14:15:25+02:00,Rename libpq test programs with libpq_ prefix
2e77180d4572ddb892f9c2e253ee95dc0fa26b5f,Peter Eisentraut,2022-05-04 07:57:39+02:00,Fix incorrect format placeholders
8f1537d10e83ad9c23ed2772cc28f74582b237ea,Andres Freund,2022-05-02 18:25:00-07:00,Fix possibility of self-deadlock in ResolveRecoveryConflictWithBufferPin().
21e184403bf92c52191d1f03dd6566a3d54dc907,Andres Freund,2022-05-02 17:19:11-07:00,Add tests for recovery deadlock conflicts.
7307988abdff6c948d87e6d9dc9aaaa1f4c5283f,Michael Paquier,2022-05-02 20:16:19+09:00,basebackup_to_shell: Add missing MarkGUCPrefixReserved()
d89f97e83efed4b2ac0a1803a1b6813c8277de73,Etsuro Fujita,2022-05-02 16:45:00+09:00,Fix typo in comment.
ed57cac84d1c5642737dab1e4c4b8cb4f0c4305f,Jeff Davis,2022-04-30 09:05:32-07:00,pg_walinspect: fix case where flush LSN is in the middle of a record.
ccd10a9bfa54c1aad3561232bf24222f1b455e1c,Tom Lane,2022-04-30 11:54:28-04:00,Tighten enforcement of variable CONSTANT markings in plpgsql.
a79153b7a28579bda02e0d72464383dca4929e62,Andrew Dunstan,2022-04-29 09:01:05-04:00,Claim SQL standard compliance for SQL/JSON features
9c3d25e17894f35045a2d57dfb834e25c9dc4c21,Andrew Dunstan,2022-04-28 15:28:20-04:00,Fix JSON_OBJECTAGG uniquefying bug
5c854e7a2c8a6cd26040e0f9949e7a4a007f6366,Etsuro Fujita,2022-04-28 15:15:00+09:00,Disable asynchronous execution if using gating Result nodes.
55b56865115eccd6449e79d6f06fe49d6ba3b792,Michael Paquier,2022-04-28 13:08:16+09:00,Revert recent changes with durable_rename_excl()
e84f82ab5cff2811745ae8e2ac163a4b8b733394,John Naylor,2022-04-28 09:27:32+07:00,Fix SQL syntax in comment in logical/worker.c
2c902bbf1911a3c3dd68b817209eca9be81e381c,Michael Paquier,2022-04-28 11:10:40+09:00,Remove durable_rename_excl()
ccfbd9287d70038518bdd3e85d7f5fd3dd1bb880,Michael Paquier,2022-04-28 10:11:45+09:00,Replace existing durable_rename_excl() calls with durable_rename()
755df30e48b0a9ff8428f4c1ccb468dac29fc320,Peter Eisentraut,2022-04-27 09:49:10+02:00,Fix incorrect format placeholders
9ddf251f94090cebf1bd8fc18396cb8a4b580d04,Peter Eisentraut,2022-04-27 09:15:09+02:00,Handle NULL fields in WRITE_INDEX_ARRAY
06cafd6f577ba251ac10d4f009fc3be424705a37,Michael Paquier,2022-04-26 14:24:13+09:00,Fix typo in pg_walinspect.c
21a10368eb3fce73f146d7e48b4d81496f60d965,Michael Paquier,2022-04-26 13:41:17+09:00,Add some isolation tests for CLUSTER
b787c554c264cbed4de4eff2bb170a5224f0cfa5,Andrew Dunstan,2022-04-25 15:47:55-04:00,Inhibit mingw CRT's auto-globbing of command line arguments
dec8ad367e46180f826d5b6dc820fbecba1b71d2,Alvaro Herrera,2022-04-25 15:48:13+02:00,Drop unlogged table after test is done
4fb5c794e58613561f94ad5ea1197729be7791dc,Alvaro Herrera,2022-04-25 15:00:49+02:00,Cover brin/gin/gist/spgist ambuildempty routines in regression tests
0bd56172b2871e94c0d7115ffbf430308317ac49,Alvaro Herrera,2022-04-25 10:32:13+02:00,Always pfree strings returned by GetDatabasePath
f819020d400f1dbd96ee1a9fd44a1f6f44932b4d,Tom Lane,2022-04-23 12:16:12-04:00,Fix incautious CTE matching in rewriteSearchAndCycle().
c1da0acbb06e9175044b436d14c51cef03339109,Noah Misch,2022-04-22 20:20:11-07:00,Test ALIGNOF_DOUBLE==4 compatibility under ALIGNOF_DOUBLE==8.
a66e722cc1180cd7a2046fb552195a7d7703a592,Robert Haas,2022-04-22 16:19:39-04:00,Remove some recently-added pg_dump test cases.
826be1ffb28dde083552150243dbbdcac55ab28e,Peter Eisentraut,2022-04-22 11:19:17+02:00,doc: Add links to tables
99c754129d787ea4ce3b34b9f4c5f5e74c45ab6a,David Rowley,2022-04-22 16:02:15+12:00,Fix performance regression in tuplesort specializations
92e7a537520927107742af654619e55f34072942,Tom Lane,2022-04-21 17:58:52-04:00,Remove inadequate assertion check in CTE inlining.
914611ea738a3601717990faff0f5d71a0f14a3d,Tom Lane,2022-04-21 17:12:49-04:00,Fix missed cases in libpq's error handling.
2cb1272445d2a6616991fc6ede274d9f1f62ff73,Tom Lane,2022-04-21 16:23:15-04:00,Rethink method for assigning OIDs to the template0 and postgres DBs.
586955dddecc95e0003262a3954ae83b68ce0372,Alvaro Herrera,2022-04-21 19:12:21+02:00,Standardize references to Zstandard as <productname>
bb85eec6fe9178aa849b43414f2db440bb5edfbd,Alvaro Herrera,2022-04-21 19:01:36+02:00,CREATE PUBLICATION ref: Minor tweaks to row filters
40eba064b24d98e343b45ccef6907fe8c9784dc1,Tom Lane,2022-04-21 12:02:23-04:00,Use DECLARE_TOAST_WITH_MACRO() to simplify toast-table declarations.
4eea2202beadbba67638bb129149abe5650aaaf6,Etsuro Fujita,2022-04-21 15:30:00+09:00,postgres_fdw: Disable batch insert when BEFORE ROW INSERT triggers exist.
ba6af6aa0b764d76cfca79d9dfbddc7134a16bfc,Peter Geoghegan,2022-04-20 18:29:02-07:00,"vacuumlazy.c: MultiXactIds are MXIDs, not XMIDs."
8ab0ebb9a842dc6063d1374a38b47a3b7ee64afe,Peter Geoghegan,2022-04-20 17:17:43-07:00,Fix CLUSTER tuplesorts on abbreviated expressions.
eafdf9de06e9b60168f5e47cedcfceecdc6d4b5f,Tom Lane,2022-04-20 18:08:23-04:00,Disallow infinite endpoints in generate_series() for timestamps.
d2d35479796c3510e249d6fc72adbd5df918efbf,Robert Haas,2022-04-20 11:37:29-04:00,"Allow db.schema.table patterns, but complain about random garbage."
836af9756b742f5a8ae77b4bef9d27311772a13c,Tom Lane,2022-04-20 11:04:49-04:00,Remove trailing whitespace from *.sgml files.
6c0f9f60f1c24aead1bfdd0ed294ac5b6f1d1ac1,Peter Eisentraut,2022-04-20 16:11:14+02:00,Fix incorrect format placeholders
e70813fbc4aaca35ec012d5a426706bd54e4acab,Alvaro Herrera,2022-04-20 11:44:08+02:00,set_deparse_plan: Reuse variable to appease Coverity
a87e75956926f966d90bdd1a6bd495cf59cdc3ad,Alvaro Herrera,2022-04-20 11:18:04+02:00,Move ModifyTableContext->lockmode to UpdateContext
3dcc6bf4068a29be2bebee80bb919f8057af0fd9,Alvaro Herrera,2022-04-20 10:34:58+02:00,ExecModifyTable: use context.planSlot instead of planSlot
74547b9c23f9f7ecfc6511e055982b8d5f51ae88,Amit Kapila,2022-04-20 08:59:55+05:30,Stabilize streaming tests in test_decoding.
7bdd489d3d32d6ab5af1d2b22eaf8cc7dc148027,David Rowley,2022-04-20 15:17:56+12:00,"Doc: use ""an SQL"" consistently rather than ""a SQL"""
344a225cb9d42f20df063e4d0e0d4559c5de7910,Tom Lane,2022-04-19 23:03:59-04:00,Fix breakage in AlterFunction().
83cca409edf276cfbd2ff691ceea1b10027c5205,Michael Paquier,2022-04-20 11:05:34+09:00,Remove duplicated word in comment of basebackup.c
f2a2bf66c87e14f07aefe23cbbe2f2d9edcd9734,Peter Eisentraut,2022-04-19 21:04:52+02:00,Fix extract epoch from interval calculation
a62bff74b135b191de0417d1cc8ec52f144c8fe7,Tatsuo Ishii,2022-04-19 17:04:27+09:00,Fix aggregate logging of pgbench.
dd4ab6fd6528e160571986fa8817cee9f2645aa8,Amit Kapila,2022-04-19 08:49:49+05:30,Fix the check to limit sync workers.
587de223f03e6086d511dab16b17406eb21277ce,Tom Lane,2022-04-18 20:04:55-04:00,Add missing error handling in pg_md5_hash().
36d4efe779bfc7190ea1c1cf8deb0d945b726663,Tom Lane,2022-04-18 12:16:45-04:00,Avoid invalid array reference in transformAlterTableStmt().
1a8b110539efe18803c1fa8aa452a2178dbad9a9,Michael Paquier,2022-04-18 13:41:40+09:00,Fix second race condition in 002_archiving.pl with archive_cleanup_command
676eeb6dd1655f7a3ee783b7ca0d645580630acc,Amit Kapila,2022-04-18 08:42:37+05:30,Add additional documentation for row filters.
e61efafcb82c605dcc78f668685223e20d2f7ad8,Michael Paquier,2022-04-18 11:39:50+09:00,Fix race in TAP test 002_archiving.pl when restoring history file
42e44f3b3830cbc051a5d83956546e2ef553b047,Michael Paquier,2022-04-18 10:18:34+09:00,Handle compression level in pg_receivewal for LZ4
42dbbca58e8e87e461bb0a4fe48a450e90e1e932,Noah Misch,2022-04-16 17:43:54-07:00,"Add a temp-install prerequisite to src/interfaces/ecpg ""checktcp""."
acf1dd42342d6d84ca8e7a1998335e2e8809759e,Thomas Munro,2022-04-17 10:50:19+12:00,Don't retry restore_command while reading ahead.
4a736a161c306fcfed970e6b649f2f03f465ac24,Andres Freund,2022-04-16 14:44:58-07:00,pgstat: Use correct lock level in pgstat_drop_all_entries().
9f4f0a0dad4c7422a97d94e4051c08ec6d181dd6,Tom Lane,2022-04-16 16:04:50-04:00,Fix incorrect logic in HaveRegisteredOrActiveSnapshot().
a17fd67d2f2861ae0ce00d1aeefdf2facc47cd5e,Andrew Dunstan,2022-04-16 09:36:08-04:00,Build libpq test programs under MSVC
5a892c9b154f513a42c4a42cdfdae524ce33c86a,Peter Eisentraut,2022-04-16 09:05:07+02:00,Fix some trailing whitespace in documentation files
5fbb2d8f105efee1d059a7edb86f45e38616d329,Noah Misch,2022-04-15 23:15:38-07:00,"Use standard timeout, in 010_pg_basebackup.pl."
d3609dd2547b3ed807bc3b6dd27a008d65e86668,Peter Geoghegan,2022-04-15 15:48:39-07:00,Fix multi-table VACUUM VERBOSE accounting.
7129a9791eafdd825eae0187b7dd7b99ed48fdc7,Tom Lane,2022-04-15 18:31:01-04:00,psql: fix \l display for pre-v15 databases.
6fea65508a1aa6a1caa5f3e7b4d27bcccb0740d8,Tom Lane,2022-04-15 17:50:05-04:00,Tighten ComputeXidHorizons' handling of walsenders.
bdb71dbe80d0560f84255e05b73f449e11007325,Peter Geoghegan,2022-04-15 14:20:56-07:00,VACUUM VERBOSE: Show dead items for an empty table.
357c8455e64915f2d8f50ca5853eb91b74470d96,Peter Geoghegan,2022-04-15 13:21:43-07:00,Adjust VACUUM's removable cutoff log message.
91998539b227dfc6dd091714da7d106f2c95a321,Tom Lane,2022-04-15 13:29:39-04:00,"Revert ""Temporarily add some probes of tenk1's relallvisible in create_index.sql."""
f7a605f636d62935b80f9905575d40bc4eeca5ae,Andrew Dunstan,2022-04-15 07:49:20-04:00,Small cleanups in SQL/JSON code
5cd1c40b3ce9600f129fd1fea9850e1affaf31d5,Andres Freund,2022-04-14 17:40:25-07:00,pgstat: set timestamps of fixed-numbered stats after a crash.
3f19e176ae0f55a653d62e1504dbe5ad8c1006a0,Alvaro Herrera,2022-04-14 22:11:06+02:00,Have CLUSTER ignore partitions not owned by caller
275e719d910459db747346a51d56185e2440763b,Alvaro Herrera,2022-04-14 21:52:20+02:00,Reword text on ROW SHARE lock as acquired by SELECT FOR <lock>
5bb2b6abc8d6cf120a814317816e4384bcbb9c1e,Tom Lane,2022-04-14 12:14:01-04:00,Temporarily add some probes of tenk1's relallvisible in create_index.sql.
4cd8717af3f0345c758d46fea06fb390b4d593f2,Andrew Dunstan,2022-04-14 10:26:29-04:00,Improve a couple of sql/json error messages
fcdb35c32ac70a113c134a66daf9ba28523ff32b,Andrew Dunstan,2022-04-14 09:24:22-04:00,Fix transformJsonBehavior
cd4868a5700fadf5a840d44686658517433b338c,Michael Paquier,2022-04-14 15:08:03+09:00,pageinspect: Fix handling of all-zero pages
a00fd066b1b632e675bae74841a87de1ffc1cd33,David Rowley,2022-04-14 09:28:56+12:00,Add missing spaces after single-line comments
ac8be0cb957811d04d7564f4d710ceb3e5f2fb9f,David Rowley,2022-04-14 09:16:05+12:00,Docs: fix some spelling mistakes and also do some wordsmithing
b5607b0746f40b3f5b38004c64ccc9697ee1e222,Tom Lane,2022-04-13 16:26:34-04:00,Fix case sensitivity in psql's tab completion for GUC names.
139d46ee26a2c7813d02739d35fa305890643ac1,Tom Lane,2022-04-13 15:03:58-04:00,Further tweak the default behavior of psql's \dconfig.
7b7ed046cb2ad9f6efac90380757d5977f0f563f,Tom Lane,2022-04-13 13:35:07-04:00,Prevent access to no-longer-pinned buffer in heapam_tuple_lock().
24d2b2680a8d0e01b30ce8a41c4eb3b47aca5031,Alvaro Herrera,2022-04-13 19:16:02+02:00,Remove extraneous blank lines before block-closing braces
ed0fbc8e5ac995eada933250c1d5535336442b97,Alvaro Herrera,2022-04-13 18:19:38+02:00,Release cache tuple when no longer needed
112fdb3528465cc14a2f1dff3dc27f100326d885,Andrew Dunstan,2022-04-13 10:37:43-04:00,Fix finalization for json_objectagg and friends
a038679cd876f63e17a08f64fafad27cd5bc23fe,Peter Eisentraut,2022-04-13 14:04:51+02:00,Fix incorrect format placeholders
a59746d311264305bbe68aaf48d5b20e8fd56920,David Rowley,2022-04-13 21:28:25+12:00,Docs: wording improvement for compute_query_id = regress
b940918dc888b9b797f29d965f8beafe0a4271b5,Michael Paquier,2022-04-13 15:32:35+09:00,"Remove ""recheck"" argument from check_index_is_clusterable()"
fdc18ea23b393d4a34c78b94ad3fcaf547e74959,David Rowley,2022-04-13 17:42:13+12:00,Docs: tidy up various usages of the productname tag
042a923ad53dfbe39a9d5012d6c3cf3c9c338884,Michael Paquier,2022-04-13 11:09:51+09:00,Rework compression options of pg_receivewal
d27323db7c451462387cd284275e1e79c59f7bac,David Rowley,2022-04-13 12:01:23+12:00,Docs: adjust wording about basebackup_to_shell's required_role GUC
0f0b76b67a064083c77a25a307592c55ab5f2930,David Rowley,2022-04-13 11:18:54+12:00,Docs: adjust pg_upgrade syntax to mark -B as optional
aa36e7dd38d35b81d978ab94cd7a6fd3dc2d23c5,Tom Lane,2022-04-12 18:21:04-04:00,Doc: tweak textsearch.sgml for SEO purposes.
55ff3563d8fac659147a87ea93ec1464c601107d,David Rowley,2022-04-13 09:15:02+12:00,"Docs: avoid confusing use of the word ""synchronized"""
7fc0e7de9fb8306e84d1c15211aba4308f694455,Robert Haas,2022-04-12 14:45:23-04:00,Revert the addition of GetMaxBackends() and related stuff.
2c9381840fe2d6d1c3179350493fe5fd3dcf90b5,Tom Lane,2022-04-12 13:25:29-04:00,Remove not-very-useful early checks of __pg_log_level in logging.h.
d4f109e4a2c028bcd889cc44d84b10fff7d9186b,Tom Lane,2022-04-12 11:36:45-04:00,Doc: update description of random() function.
e7cc4a6e3dcc39f3643f998aa5da6a6f27f28db5,Peter Eisentraut,2022-04-12 16:19:00+02:00,Use WRITE_ENUM_FIELD for enum field
51e81794058e78a151368d0b652f3c92602568c0,Peter Eisentraut,2022-04-12 16:18:01+02:00,Make node output prefix match node structure name
183c869e1cbf69e7f5408ccb2121d37deec9956e,Alvaro Herrera,2022-04-12 15:19:57+02:00,adjust_partition_colnos mustn't be called if not needed
4533de358dd5f2a8930e3a73bcb49103b37357be,Thomas Munro,2022-04-12 21:21:06+12:00,Fix documentation for pg_stat_recovery_prefetch.
aeebb8bf233e7f48a7a6eb6857e7b7c61ef0ef4c,Amit Kapila,2022-04-12 14:14:32+05:30,Fix grammatical errors and typos in logical replication docs.
3603f7c6e66afda7c7bf4acdefd4e5b04c5478b3,Michael Paquier,2022-04-12 17:28:17+09:00,Remove WalCompressionMethod in favor of pg_compress_algorithm
ce4f46fdc814eb1b704d81640f6d8f03625d0f53,Alvaro Herrera,2022-04-12 09:29:39+02:00,Change mechanism to set up source targetlist in MERGE
a4b57543acfb52cc7c7e031501002563f536b929,Michael Paquier,2022-04-12 13:38:54+09:00,"Rename backup_compression.{c,h} to compression.{c,h}"
bd037dc928dd126e5623117b2fe7633ec3fa7c40,Tom Lane,2022-04-11 17:43:53-04:00,Make XLogRecGetBlockTag() throw error if there's no such block.
9debd123483b970a53ba0e3de51c6234f3044df0,Peter Geoghegan,2022-04-11 14:20:46-07:00,Remove comment about historic heap vacuuming issue.
9de692c10176e2af00dc915b122e07bd6903185c,Tom Lane,2022-04-11 15:56:01-04:00,Remove dead code in do_pg_backup_start().
5e70d8b5d18b0a71528dc6f11ade31a9d10e00cb,Tom Lane,2022-04-11 15:11:46-04:00,Tweak the default behavior of psql's \dconfig.
3c702b3ed1519624d50e7a42283b8d481a579f77,Tom Lane,2022-04-11 13:22:37-04:00,Explicitly ignore guaranteed-true result from pgstat_lock_entry().
93fcf2d2095674834e1ddbc6803ec043e3216afa,Tom Lane,2022-04-11 13:15:46-04:00,"fgetc() returns int, not char."
8638c76cc9f47b86bd6500559fbf023a8886d9d6,Jeff Davis,2022-04-11 08:52:27-07:00,Doc build fix: remove tab from filelist.sgml.
b46bcf7a4b6f161eae1cee3ed9b6c4a28d04f4d0,Andrew Dunstan,2022-04-11 11:51:26-04:00,Improve readability of SQL/JSON documentation.
c215cc7b61cbe06425c8ea3ac9d49581e6b5c6cd,Peter Eisentraut,2022-04-11 17:36:44+02:00,Add color support for new frontend detail/hint messages
dfd0f2bbc5776f261ef4c8ab128469ef9091dcfe,Tom Lane,2022-04-11 11:20:20-04:00,Avoid re-writing files unnecessarily in src/tools/copyright.pl.
ad385a494f6ad863b38aa7c708f23aaf223438a7,Robert Haas,2022-04-11 10:52:18-04:00,docs: Note the recovery_min_apply_delay bloats pg_wal.
e0064f0ff6dfada2695330c6bc1945fa7ae813be,David Rowley,2022-04-11 20:50:20+12:00,Docs: Mention that relpersistence is for sequences now too
b0e5f02ddc836499bdcf093df52e4c342dda5891,David Rowley,2022-04-11 20:49:41+12:00,Fix various typos and spelling mistakes in code comments
bba3c35b29d07a27bbf5dd0d7d5e7c7592e02f81,David Rowley,2022-04-11 20:48:48+12:00,Docs: Fix various mistakes and typos
7597cc3083f8b3607123f71bc6432afc5a655d6e,Michael Paquier,2022-04-11 16:36:25+09:00,Fix the dates of some copyright notices
0c65177a21a9e23490bee0e50ba61eeb287f7183,Peter Eisentraut,2022-04-11 07:39:25+02:00,Put new command-line options into alphabetical order in help output
8ac700acffc7b17d88414be47b8dff44fb1ea681,Michael Paquier,2022-04-11 09:49:13+09:00,doc: Clarify behavior of query planner locking with REINDEX
cd959b1b0662c9d57540b31961680c38037ffcd6,Daniel Gustafsson,2022-04-10 21:42:43+02:00,Doc: fix typos in documentation
b6b8824ee771eecb84830903fad50a7f6853639d,Tom Lane,2022-04-10 15:31:42-04:00,Doc: reformat descriptions of pgbench output formats.
c835dcdab622813bb1ccd130458065089f2ccacd,Andrew Dunstan,2022-04-10 09:19:21-04:00,Fix pgperlsyncheck following SSL TAP test refactoring
3b0a42e74edfc57c3cef1f3b1a583d4fe5cca846,Andrew Dunstan,2022-04-10 09:19:09-04:00,Add timestamp and elapsed time decorations to TAP test logs
7b735f8b52ad4ccf742c29dc41e3d049bdffe2fa,Tom Lane,2022-04-09 15:09:38-04:00,Doc: shorten JSON_SERIALIZE example to avoid a PDF build warning.
80c877271a61bd11d6a2ff9a37f1f414a1b082ab,Peter Eisentraut,2022-04-09 16:17:41+02:00,Fix whitespace
38abc39c81f9d51cff0b4dccebd5bf73327f19e1,Peter Eisentraut,2022-04-09 16:15:01+02:00,Add missing serial commas
fc5b83bb60a862a4a27372b255405df598455ff1,Peter Eisentraut,2022-04-09 15:46:37+02:00,Add missing source files to nls.mk
c0d1c641cbe433d1b6304bc1e3a2d8cd38b9a8e5,Tom Lane,2022-04-08 18:14:24-04:00,Silence compiler warnings for unsupported compression methods.
9a374b77fb53e4cfbca121e4fa278a7d71bde7c4,Tom Lane,2022-04-08 14:55:14-04:00,Improve frontend error logging style.
5c431c7fb327e1abc70b7a197650f8d45fd5bede,Tom Lane,2022-04-08 14:22:47-04:00,Fix busted .gitignore entry.
f37015a1617d4e6b4b50a1c789b382d9a654fcd9,Robert Haas,2022-04-08 11:44:17-04:00,Rename delayChkpt to delayChkptFlags.
891624f0ec3b3d353269b0bfc7bc545333d6b4d5,Peter Eisentraut,2022-04-08 15:16:33+02:00,psql: Fix translation marking
8ec569479fc28ddd634a13dc100b36352ec3a3c2,Robert Haas,2022-04-08 08:16:38-04:00,Apply PGDLLIMPORT markings broadly.
80900d4690916a30f278d877eb5a7a42b14c3f0a,Robert Haas,2022-04-08 08:06:10-04:00,Helper script to apply PGDLLIMPORT markings.
57d6aea00fcefec3825a5948ce05cf2b4941097b,Magnus Hagander,2022-04-08 13:52:16+02:00,Add JIT counters to pg_stat_statements
dad9ba1c82fd985aa6fb8035ebca1e79c138dde2,Jeff Davis,2022-04-08 03:21:12-07:00,Fix buildfarm failures in pg_walinspect tests.
12aaae5131af343b7cd2fdef05dee82c25d8aaf8,Jeff Davis,2022-04-08 02:30:57-07:00,Check XLogRecHasBlockRef() before XLogRecHasBlockImage().
1562e92c62a3f3a4e5d87895523ff74174029654,Jeff Davis,2022-04-08 01:33:58-07:00,Fix buildfarm failure from commit 2258e76f90.
2258e76f90bf0254504644df0515cddc0c0a87f9,Jeff Davis,2022-04-08 00:26:44-07:00,Add contrib/pg_walinspect.
708007dced2b05ed9b4f1963e91b2eb67413bd19,Peter Eisentraut,2022-04-08 07:41:55+02:00,Remove error message hints mentioning configure options
b3abca68106d518ce5d3c0d9a1e0ec02a647ceda,Andres Freund,2022-04-07 21:35:35-07:00,pgstat: Update docs to match the shared memory stats reality.
76cbf7edb6385c682facda095050858cac2efae0,Michael Paquier,2022-04-08 13:12:07+09:00,pg_stat_statements: Track I/O timing for temporary file blocks
a6baa4baddd5f111bc59d8f5ed5cadbb2d91e98d,Andrew Dunstan,2022-04-07 23:46:03-04:00,Documentation for SQL/JSON features
efb0ef909f605817da6b77c1f3fef0a24457ec16,Michael Paquier,2022-04-08 11:27:21+09:00,Track I/O timing for temporary file blocks in EXPLAIN (BUFFERS)
dafae9707ab7e7079ce1ba22cebda4557d0cbaf3,Thomas Munro,2022-04-08 13:43:37+12:00,Fix recovery_prefetch docs.
d6c0db14836cd843d589372d909c73aab68c7a24,Andres Freund,2022-04-07 18:20:50-07:00,pgstat: Hide instability in stats.spec with -DCATCACHE_FORCE_RELEASE.
5264add7847871d61d36a5770dac2139d6a7bc80,Andres Freund,2022-04-07 15:43:43-07:00,pgstat: add/extend tests for resetting various kinds of stats.
10a8d138235b3b8cfbce8a0145526d9b9a80cc96,Peter Geoghegan,2022-04-07 15:42:12-07:00,Truncate line pointer array during heap pruning.
9d9c02ccd1aea8e9131d8f4edb21bf1687e40782,David Rowley,2022-04-08 10:34:36+12:00,Teach planner and executor about monotonic window funcs
2f4d0d67994b32320487784afab7ab997d331bb5,Tom Lane,2022-04-07 18:26:20-04:00,Extend plsample example to include a trigger handler.
9f8a050f68dcb38fb0a1ea87e0e5d04df32b56f4,Andres Freund,2022-04-07 14:52:20-07:00,Add minimal tests for recovery conflict handling.
53b9cd20d4144f5d65c107babe23916aad6c2ef8,Andres Freund,2022-04-07 14:52:20-07:00,pgstat: test stats interactions with physical replication.
a90641eac24dfc8889122d88eb7f482cd3db8b39,Alvaro Herrera,2022-04-07 23:42:13+02:00,"Revert ""Rewrite some RI code to avoid using SPI"""
3e707fbb4009e9ac1d0e8b78b7af9f3f03f4cf1a,Tom Lane,2022-04-07 17:09:51-04:00,psql: add \dconfig command to show server's configuration parameters.
16acf7f1aaea6c5efc0fa49182c16cd6bfd9f3d3,Andres Freund,2022-04-07 12:28:02-07:00,"pgstat: add tests for handling of restarts, including crashes."
99392cdd78b788295e52b9f4942fa11992fd5ba9,Alvaro Herrera,2022-04-07 21:10:03+02:00,Rewrite some RI code to avoid using SPI
dbe29b0d2c96f34b3f3222c6fc1710fcff065f18,Andres Freund,2022-04-07 11:58:04-07:00,Fix test instability introduced in e349c95d3e9 due to async deduplication.
00cb86e75d6dd13a8bc07f79c2cdbe20d96c2d92,Alvaro Herrera,2022-04-07 20:30:59+02:00,Add isolation tests for snapshot behavior in ri_triggers.c
2c7ea57e56ca5f668c32d4266e0a3e45b455bef5,Tomas Vondra,2022-04-07 20:06:36+02:00,"Revert ""Logical decoding of sequences"""
d7ab2a9a3c0a2800ab36bb48d1cc97370067777e,Peter Eisentraut,2022-04-07 18:25:12+02:00,doc: Fix man page whitespace issues
dad97e0502b4a5fc125c83e9092d9673f0e91805,Jeff Davis,2022-04-07 09:14:49-07:00,"Fix off-by-one error in pg_waldump, introduced in 5c279a6d350."
957aa4d87a419d18710283cf4f53ba7d3ead6bbe,Jeff Davis,2022-04-07 08:40:54-07:00,Fix another buildfarm issue from commit 5c279a6d350.
344d62fb9a978a72cf8347f0369b9ee643fd0b31,Peter Eisentraut,2022-04-07 16:18:00+02:00,Unlogged sequences
bab588cd5cbbeb43cda6e20c967b43000ea2aa80,Daniel Gustafsson,2022-04-07 14:02:33+02:00,Fix typo in xlogrecovery.c code comment
d772b18d44c209ec4a48ba6e1d86c13445318b81,Peter Eisentraut,2022-04-07 13:45:25+02:00,Avoid <substeps> element in man pages
5b186308fbc41d0713fa91426d57a2afe37dd969,Thomas Munro,2022-04-07 20:55:16+12:00,Include some missing headers.
a2f433fa491f709767dbf916203f1c53f39707fe,Andres Freund,2022-04-07 00:57:13-07:00,"pgstat: add alternate output for stats.spec, for the 2PC disabled case."
6392f2a0968c20ecde4d27b6652703ad931fce92,Andres Freund,2022-04-07 00:56:09-07:00,"Try to silence ""-Wmissing-braces"" complaints in rmgrdesc.c."
5dc0418fab281d017a61a5756240467af982bdfd,Thomas Munro,2022-04-07 19:42:14+12:00,"Prefetch data referenced by the WAL, take II."
9553b4115f1879f66935f42fff0b798ef91866d0,Jeff Davis,2022-04-07 00:39:30-07:00,Fix warning introduced in 5c279a6d350.
e349c95d3e91754c8c3afc0587d52d44a479c8d2,Andres Freund,2022-04-07 00:22:49-07:00,"pgstat: add tests for transaction behaviour, 2PC, function stats."
ad401664b8012cafb64e8fce33fe40356c5bc686,Andres Freund,2022-04-07 00:21:54-07:00,pgstat: add pg_stat_have_stats() test helper.
0f96965c658147d6d6bad096d2d4a2c9c665f4a9,Andres Freund,2022-04-06 23:35:56-07:00,"pgstat: add pg_stat_force_next_flush(), use it to simplify tests."
5e07d3d6bdbff998eb68c131ecd10c448b026e47,Andres Freund,2022-04-06 23:35:56-07:00,pgstat: fix small bug in pgstat_drop_relation().
81ae9e65887476b4c55aaad276a8010a459a41ce,Andres Freund,2022-04-06 23:35:56-07:00,pgstat: prevent fix pgstat_reinit_entry() from zeroing out lwlock.
3536b851adb275e2f49a80030111e84abc0736ba,Andres Freund,2022-04-06 23:26:59-07:00,Fix compilation with WAL_DEBUG.
5c279a6d350205cc98f91fb8e1d3e4442a6b25d1,Jeff Davis,2022-04-06 23:06:46-07:00,Custom WAL Resource Managers.
a8cfb0c1a964ebbe830c5138d389b0d2627ec298,Peter Eisentraut,2022-04-07 07:45:25+02:00,Update config.guess and config.sub
06f5295af673df795e8e70e28c43d61c2817b6df,Michael Paquier,2022-04-07 14:34:37+09:00,Add single-item cache when looking at topmost XID of a subtrans XID
fbfe6910eca0d6a61cbcdd27cdd5a8d9de6477fa,Andres Freund,2022-04-06 21:29:46-07:00,pgstat: move pgstat.c to utils/activity.
1db4e5a4eeec0c5e240628923daf0e0a666f8c04,Andres Freund,2022-04-06 21:29:46-07:00,pgstat: rename STATS_COLLECTOR GUC group to STATS_CUMULATIVE.
6f0cf87872ab2fd4a81249ca9d6299b9b1a52277,Andres Freund,2022-04-06 21:29:46-07:00,pgstat: remove stats_temp_directory.
5891c7a8ed8f2d3d577e7eea34dacff12d7b6bbd,Andres Freund,2022-04-06 21:29:46-07:00,pgstat: store statistics in shared memory.
be902e26510788c70a874ea54bad753b723d018f,Andres Freund,2022-04-06 21:29:46-07:00,pgstat: normalize function naming.
79b716cfb7a1be2a61ebb4418099db1258f35e30,Amit Kapila,2022-04-07 09:39:25+05:30,Reorder subskiplsn in pg_subscription to avoid alignment issues.
e41aed674f35c63380175bb0e2dfa8dccfb2204d,Andres Freund,2022-04-06 18:38:24-07:00,pgstat: revise replication slot API in preparation for shared memory stats.
8b1dccd37c71ed2ff016294d8f9053a32b02b19e,Andres Freund,2022-04-06 18:27:52-07:00,pgstat: scaffolding for transactional stats creation / drop.
8fb580a35ce358063dfdd10991d017498283c767,Andres Freund,2022-04-06 17:56:19-07:00,pgstat: prepare APIs used by pgstatfuncs for shared memory stats.
997afad89d12f314555600feee8189d753e105d1,Andres Freund,2022-04-06 17:56:19-07:00,pgstat: introduce PgStat_Kind enum.
0d5c387573be5c40bf18b7b8983f406637dff42f,Michael Paquier,2022-04-07 08:51:49+09:00,Add option --config-file to pg_rewind
a82a5eee314df52f3183cedc0ecbcac7369243b1,Tom Lane,2022-04-06 18:58:14-04:00,Use ISB as a spin-delay instruction on ARM64.
8ea7963fc741b6f403a544d56ad0ecf78e5237b1,Andres Freund,2022-04-06 14:09:18-07:00,pgstat: add pgstat_copy_relation_stats().
cc96373cf39bbfb386a40a47b7f0ea8f051f1838,Andres Freund,2022-04-06 14:08:57-07:00,pgstat: rename some pgstat_send_* functions to pgstat_report_*.
dbafe127bb215f512164669b49f99fcb7ed9d266,Tom Lane,2022-04-06 17:03:50-04:00,"Suppress ""variable 'pagesaving' set but not used"" warning."
bdbd3d9064f9dbd064253e05f156ec77d4a90d05,Andres Freund,2022-04-06 13:56:06-07:00,pgstat: stats collector references in comments.
ab62a642d52c95c0c62e927ba1bf3cfa279b744b,Andres Freund,2022-04-06 13:23:47-07:00,pgstat: move transactional code into pgstat_xact.c.
c3e9b07936f70388c6f5341b68d6a04d40e07b86,Andres Freund,2022-04-06 12:41:29-07:00,pgstat: move pgstat_report_autovac() to pgstat_database.c.
46a2d2499a647174585fcfe871ddd2d32244a128,Andres Freund,2022-04-06 12:40:04-07:00,dsm: allow use in single user mode.
e99546f56670491370d7dc63b0693c3aadaa3112,Stephen Frost,2022-04-06 15:00:07-04:00,Forgotten catversion bump for 39969e2a1e4d7f5a37f3ef37d53bbfe171e7d77a
39969e2a1e4d7f5a37f3ef37d53bbfe171e7d77a,Stephen Frost,2022-04-06 14:41:03-04:00,Remove exclusive backup mode
14d3f24fa8a21f8a7e66f1fc60253a1e11410bf3,Andrew Dunstan,2022-04-06 13:53:11-04:00,Further improve jsonb_sqljson parallel test
a0ffa885e478f5eeacc4e250e35ce25a4740c487,Tom Lane,2022-04-06 13:24:33-04:00,Allow granting SET and ALTER SYSTEM privileges on GUC parameters.
2ef6f11b0c77ec323c688ddfd98ffabddb72c11d,Andrew Dunstan,2022-04-06 10:25:45-04:00,Reduce running time of jsonb_sqljson test
01effb130420ba06b3fb441274415bd07c8a87b0,Peter Eisentraut,2022-04-06 09:15:05+02:00,Fix unsigned output format in SLRU error reporting
b604a1c204fce2600730cb60aa78e04e949fa588,Peter Eisentraut,2022-04-06 09:10:24+02:00,Change one AssertMacro to Assert
c2bb02bc2e858ba345b8b33f1f3a54628f719d93,Etsuro Fujita,2022-04-06 15:45:00+09:00,Allow asynchronous execution in more cases.
376dc437de40bd17e99a37f72f88627a16d7f200,Peter Eisentraut,2022-04-06 08:17:33+02:00,Update Unicode data to CLDR 41
2d09e44d309f64d3571f90f7620c9d924aecd010,Amit Kapila,2022-04-06 08:20:40+05:30,Improve comments for row filtering and toast interaction in logical replication.
17a856d08bedeaec77be3f15572e01f553e9613f,Tatsuo Ishii,2022-04-06 09:55:58+09:00,Change aggregated log format of pgbench.
e37ad5fa4df2319e26a7e779607130feae1a5029,Tom Lane,2022-04-05 20:44:01-04:00,Remove race condition in 022_crash_temp_files.pl test.
75edb919613ee835e7680e40137e494c7856bcf9,Daniel Gustafsson,2022-04-05 22:16:45+02:00,Fix compilerwarning in logging size_t
fadb48b00e02ccfd152baa80942de30205ab3c4f,Andrew Dunstan,2022-04-05 14:17:08-04:00,PLAN clauses for JSON_TABLE
e83ebfe6d767dafcefe00bc5f11392a3d6976c1b,Peter Geoghegan,2022-04-05 09:44:52-07:00,"Have VACUUM warn on relfrozenxid ""in the future""."
16915126746e2d8597a92197a346fea0756f8e3e,Daniel Gustafsson,2022-04-05 14:45:31+02:00,pg_rewind: Fetch small files according to new size.
98fe74218d97becb2a53581304c96091409fd929,Michael Paquier,2022-04-05 19:10:10+09:00,Extend TAP tests of pg_dump to test for compression with gzip
297daa9d43539fbf5fbb3c3a2cca190d0e3da471,Alvaro Herrera,2022-04-05 11:46:48+02:00,Refactor and cleanup runtime partition prune code a little
7a43a1fc52d0fefdcb008f2fc460ab46f242da69,Tom Lane,2022-04-04 22:10:06-04:00,Update some tests in 013_crash_restart.pl.
909eebf27b9e6aaa78fb3338f7d8fbc7fa174247,Andres Freund,2022-04-04 14:32:52-07:00,dshash: revise sequential scan support.
55e566fc4bc866d73541a3b28be5454bf8d666b0,Andres Freund,2022-04-04 14:23:02-07:00,pgstat: remove some superflous comments from pgstat.h.
edadf8098f4b2ca50bcc449f8857d0cc960b3c90,Andres Freund,2022-04-04 13:53:34-07:00,pgstat: consistent function comment formatting.
4e34747c88a03ede6e9d731727815e37273d4bc9,Andrew Dunstan,2022-04-04 16:03:47-04:00,JSON_TABLE
c42a6fc41dc22b42e5417224440c02893996afb4,Peter Geoghegan,2022-04-04 11:53:33-07:00,vacuumlazy.c: Further consolidate resource allocation.
7844c9918a43b494adde3575891d217a37062378,Peter Eisentraut,2022-04-04 20:00:33+02:00,psql: Show all query results by default
cbf4177f2ca0b9bbfdb78a6ab51e3876e9ff6eac,Tom Lane,2022-04-04 12:38:51-04:00,Disable synchronize_seqscans in 027_stream_regress.pl.
4eb9798879680dcc0e3ebb301cf6f925dfa69422,Andrew Dunstan,2022-04-04 11:03:49-04:00,Avoid freeing objects during json aggregate finalization
afb529e6772b4e2b065644a2204697eeaf6c9a96,Robert Haas,2022-04-04 10:36:23-04:00,pg_basebackup: Fix code that thinks about LZ4 buffer size.
40af10b571bdabbab06839d090083c9f9c2091d2,David Rowley,2022-04-04 22:52:35+12:00,Use Generation memory contexts to store tuples in sorts
77bae396df3f6f883f58f1877b7c08eb3ebb6b63,David Rowley,2022-04-04 22:24:59+12:00,Adjust tuplesort API to have bitwise option flags
1b0d9aa4f728edfdff64c3a13fc52bb95f7fb860,David Rowley,2022-04-04 20:53:13+12:00,Improve the generation memory allocator
cc58eecc5d75a9329a6d49a25a6499aea7ee6fd6,Thomas Munro,2022-04-04 10:52:02+12:00,Fix tuplesort optimization for CLUSTER-on-expression.
591e088dd5b357796e136c13dfcdb1f06fd7a3c2,Tom Lane,2022-04-03 17:04:33-04:00,Fix portability issues in datetime parsing.
f3c15cbe5065f8c4fb902af8f810a8061a802417,Peter Geoghegan,2022-04-03 13:35:43-07:00,Generalize how VACUUM skips all-frozen pages.
0b018fabaaba77e39539ce7eb71e34a90ceb0825,Peter Geoghegan,2022-04-03 09:57:21-07:00,Set relfrozenxid to oldest extant XID seen by VACUUM.
05023a237c059c840380817abf079a9282a227b7,Peter Geoghegan,2022-04-02 13:34:57-07:00,Doc: Add relfrozenxid Tip to XID wraparound section.
e39f9904671082c5ad3a2c5acbdbd028fa93bf35,Tom Lane,2022-04-02 16:12:29-04:00,Fix overflow hazards in interval input and output conversions.
f7e4d5c64fb3977e3a773e7213472be1b59dab2f,Peter Geoghegan,2022-04-02 12:29:35-07:00,Doc: Clarify the role of aggressive VACUUMs.
1b208ebaf14e668a24c78ee42cf805431cd0f591,Tom Lane,2022-04-02 13:50:05-04:00,Add a couple more tests for interval input decoding.
14bf1e831356770cc61a5f43b9b816f0c0583f2b,Peter Geoghegan,2022-04-02 10:33:21-07:00,vacuumlazy.c: Clean up variable declarations.
9752436f049430428464e22dcf837e9c6fa4e513,Joe Conway,2022-04-02 13:24:38-04:00,Use has_privs_for_roles for predefined role checks: round 2
cfdd03f45e6afc632fbe70519250ec19167d6765,Alvaro Herrera,2022-04-02 19:08:34+02:00,Allow CLUSTER on partitioned tables
b7c485fb93726cb04b858442d73043b56e603711,Peter Geoghegan,2022-04-02 09:49:08-07:00,Doc: Remove MultiXact wraparound section link.
0af504733c6e9198067705822e7527dc4e60b4f6,Alvaro Herrera,2022-04-02 17:18:14+02:00,Remove excess semicolon in MERGE docs
c6dc6a0124fa130e1c083a870156c32ab4cf0ae2,Andrew Dunstan,2022-04-02 10:00:10-04:00,Use ORDER BY in catalog results in SQL/JSON tests
6974924347c908335607a4a2f252213d58e21b7c,John Naylor,2022-04-02 15:22:25+07:00,Specialize tuplesort routines for different kinds of abbreviated keys
db086de5abe5d87b07cddd030092b1f81f99c5ea,Peter Eisentraut,2022-04-02 07:41:12+02:00,Remove obsolete comment
d2a2ce4184b0038adb1d6d292f12685056e2ab7a,Michael Paquier,2022-04-02 12:06:11+09:00,Make upgradecheck a no-op in MSVC's vcregress.pl
d43085d12e825ede628bafee1e5e6e0e3a3d5e67,Michael Paquier,2022-04-02 11:27:20+09:00,pageinspect: Use better macros to get special page area for GIN and GiST
465ab24296c27502c81c8c197725cba728b9b057,Peter Eisentraut,2022-04-01 17:15:24+02:00,libpq: Fix pkg-config without OpenSSL
479b69a4a551465614042bba00694001273d702f,Tom Lane,2022-04-01 11:05:52-04:00,Set minimum required version of zstd as 1.4.0.
c1932e542863f0f646f005b3492452acc57c7e66,Peter Eisentraut,2022-04-01 15:51:23+02:00,libpq: Allow IP address SANs in server certificates
fa25bebb827a8cc4d62f15d564b0093f40b9d44d,Robert Haas,2022-04-01 08:48:44-04:00,docs: Changing column type doesn't always require an index rebuild.
af9e180495507a2b01f1bc31b7ea5125b8385903,Peter Eisentraut,2022-04-01 14:08:43+02:00,Add SSL tests for IP addresses in certificates
5519d5affdfae4f5ea4b5faca65348cc14c5d279,Peter Eisentraut,2022-04-01 13:03:33+02:00,psql: Refactor ProcessResult()
d16773cdc86210493a2874cb0cf93f3883fcda73,Michael Paquier,2022-04-01 13:24:50+09:00,Add macros in hash and btree AMs to get the special area of their pages
73db8f4d17ed4efb7709f1cafd5b1dd0285b0842,Michael Paquier,2022-04-01 12:45:40+09:00,Improve handling and logging of TAP tests for pg_upgrade
322becb6085cb92d3708635eea61b45776bf27b6,Michael Paquier,2022-04-01 10:13:50+09:00,Switch the regression tests of pg_upgrade to use TAP tests
fb691bbb4c8d729e6701f708edbb003b73efb16b,Tom Lane,2022-03-31 18:29:10-04:00,Keep plpgsql.h C++-clean.
53ef6c40f1e7ff6c9ad9a221cd9999dd147ec3a2,Tom Lane,2022-03-31 17:05:47-04:00,Expose a few more PL/pgSQL functions to debugger plugins.
9f91344223aad903ff70301f40183691a89f6cd4,Andrew Dunstan,2022-03-31 15:45:25-04:00,"Fix comments with ""a expression"""
49082c2cc3d8167cca70cfe697afb064710828ca,Andrew Dunstan,2022-03-31 15:45:24-04:00,RETURNING clause for JSON() and JSON_SCALAR()
ad43a413c4f7f5d024a5b2f51e00d280a22f1874,Robert Haas,2022-03-31 15:15:11-04:00,"initdb: When running CREATE DATABASE, use STRATEGY = WAL_COPY."
f3dd9fe1dd9254680591aa8d9891b90b8d735b2a,Tom Lane,2022-03-31 14:29:48-04:00,Fix postgres_fdw to check shippability of sort clauses properly.
28bdfa2adfc6afe4121614b500bfcb27b7c6b94c,Andres Freund,2022-03-31 11:19:24-07:00,Print information about type of test and subdirectory before running tests.
d5f43a1a10f688e2437ffb7d454d0a2d57308bff,Andrew Dunstan,2022-03-31 14:10:47-04:00,Remove use of perl parent module in Cluster.pm
fea1cc49e4abca7eeb9bb9dd02d7d78abbd8d045,Robert Haas,2022-03-31 14:06:17-04:00,"In basebackup_to_shell tests, properly set up pg_hba.conf."
8910a25fef3dc4aa7e10cfcebdc784650a4d256b,Peter Eisentraut,2022-03-31 19:59:29+02:00,psql: Refactor SendQuery()
878e64d0f8f6865943046ce88e597a5657e304c2,Tom Lane,2022-03-31 11:24:26-04:00,Add missing newline in one libpq error message.
d3ab618290543017402b3bec9d36dde881becb18,Peter Eisentraut,2022-03-31 16:20:27+02:00,psql: Add tests for \errverbose
ddee016b342cddcfb97325afac0a65c502932e5f,Andrew Dunstan,2022-03-31 08:34:39-04:00,Fix comment typo in PotsgreSQL::Test::Cluster module
4e31c46e1e7b7d3a34909ec872c4446711e86e7d,Daniel Gustafsson,2022-03-31 12:03:33+02:00,doc: Fix typo in ANALYZE documentation
2beb4acff1e83fef6766a5a7d5bbd952444a0b36,Daniel Gustafsson,2022-03-31 11:16:16+02:00,Add diagnostic output on error in pump_until
8f2e2bbf145384784bad07a96d461c6bbd91f597,Amit Kapila,2022-03-31 08:25:50+05:30,Raise a WARNING for missing publications.
8ac4c25a05d1e491a51d5390aaae405600e8e466,Michael Paquier,2022-03-31 10:34:10+09:00,Clean up some dead code in pg_dump with tar format and gzip compression
f8e0d900afed933d8f5d3f189fdb141924a8e518,Tom Lane,2022-03-30 19:59:44-04:00,Add .gitignore for basebackup_to_shell.
db0d67db2401eb6238ccc04c6407a4fd4f985832,Tomas Vondra,2022-03-31 01:13:33+02:00,Optimize order of GROUP BY keys
606948b058dc16bce494270eea577011a602810e,Andrew Dunstan,2022-03-30 16:30:37-04:00,SQL JSON functions
8e053dc6dfbee4ae412e98ad73cfd4662d7453ac,Robert Haas,2022-03-30 15:53:08-04:00,Fix possible NULL-pointer-deference in backup_compression.c.
027fa0fd72619a56d9d8877eedcb514331b63fa4,Robert Haas,2022-03-30 15:47:02-04:00,basebackup_to_shell: Add TAP test.
26a0c025e233c3d4333f071bde4ac970ba1ec643,Robert Haas,2022-03-30 15:40:04-04:00,Document basebackup_to_shell.required_role.
7ae1619bc5b1794938c7387a766b8cae34e38d8a,Peter Eisentraut,2022-03-30 20:16:23+02:00,Add range_agg with multirange inputs
ff50baec65bba1a839322ba8bcb3efcd08f40621,Andres Freund,2022-03-30 09:33:28-07:00,ci: enable zstd where available.
f453d684ecf9f6cd872d4bb43fe385c2c56126bd,Peter Eisentraut,2022-03-30 17:53:54+02:00,Change some internal error messages to elogs
fb16d2c6588446b00534d90958e6dc312ae52a2f,Andrew Dunstan,2022-03-30 11:25:11-04:00,Make PostgreSQL::Test::Cluster compatible with all live branches
cd7ea75e4b1b0c44476bef4f00075b9a4b07733e,Peter Eisentraut,2022-03-30 17:23:13+02:00,Additional tests for range_intersect_agg(anymultirange)
b21c4cf95103fae63aeb534f8ee37fbf90a1f907,Peter Eisentraut,2022-03-30 17:10:58+02:00,doc: Document range_intersect_agg(anymultirange)
51c0d186d99a18e6aae53003f5138f20991e15a6,Robert Haas,2022-03-30 09:41:26-04:00,Allow parallel zstd compression when taking a base backup.
c6863b85829149e2241faafa161b6c5af1f06cb9,Robert Haas,2022-03-30 09:03:28-04:00,Simplify a needlessly-complicated regular expression.
860ea46ba7be69c46c37a96983e1ddca9d630c2e,Daniel Gustafsson,2022-03-30 13:07:30+02:00,doc: Clarify when SSL actually means TLS
f505bec711f602c6bd08a88e8ad894b611e7e8a1,Etsuro Fujita,2022-03-30 19:00:00+09:00,Fix typo in comment.
072132f04e55c1c3b0f1a582318da78de7334379,Peter Eisentraut,2022-03-30 09:02:31+02:00,Add header matching mode to COPY FROM
edcedcc2c7bb8390858bbccda9637318598f2473,Michael Paquier,2022-03-30 13:34:01+09:00,Add TAP test in pg_dump with --format=tar and --compress
d5a9d86d8ffcadc52ff3729cd00fbd83bc38643c,Amit Kapila,2022-03-30 07:41:05+05:30,Skip empty transactions for logical replication.
ad4f2c47de440cdd5d58cf9ffea09afa0da04d6c,Robert Haas,2022-03-29 16:58:24-04:00,Make PostgreSQL::Test::Cluster::run_log() return a useful value.
1a36bc9dba8eae90963a586d37b6457b32b2fed4,Andrew Dunstan,2022-03-29 16:57:13-04:00,SQL/JSON query functions
3d067c53b26dfeb95da0d75a65614b4d7b45c317,Robert Haas,2022-03-29 13:48:39-04:00,"In 020_createdb.pl, change order of command-line arguments."
9c08aea6a3090a396be334cc58c511edab05776a,Robert Haas,2022-03-29 11:48:36-04:00,Add new block-by-block strategy for CREATE DATABASE.
bf902c13930c268388644100663f2998868b6e85,Alvaro Herrera,2022-03-29 15:36:21+02:00,"Revert ""Fix replay of create database records on standby"""
edea649afbcedd431802a5255cd153538e43ee1d,Robert Haas,2022-03-29 09:24:24-04:00,Explain why the startup process can't cause a shortage of sinval slots.
3785d8e98b741749d09f1cfe119ec04961ed07b2,Daniel Gustafsson,2022-03-29 14:53:20+02:00,doc: Make UPDATE FROM examples consistent
ebc8b7d4416d8e0dfb7c05132ef6182fd3daf885,Daniel Gustafsson,2022-03-29 14:02:45+02:00,Enable SSL library detection via PQsslAttribute()
8cd7627c7b19c5a1bb235e7ad91b53856b101e65,Peter Eisentraut,2022-03-29 08:58:54+02:00,psql: Add test for psql behavior on server crash
c14a9eeec4797358922f8696d76716501b86c57d,Michael Paquier,2022-03-29 13:52:49+09:00,Avoid instabilities with the regression tests of pg_freespacemap
a2c84990bea7beadb599d02328190e2a763dcb86,Michael Paquier,2022-03-29 10:15:48+09:00,Add system view pg_ident_file_mappings
091a971bb59ca9751f32a4aa5aee969c5a915754,Michael Paquier,2022-03-29 09:06:51+09:00,Modify query on pg_hba_file_rules to check for errors in regression tests
33a377608fc29cdd1f6b63be561eab0aee5c81f0,Andrew Dunstan,2022-03-28 15:37:08-04:00,IS JSON predicate
6198420ad8a72e37f4fe4964616b17e0fd33b808,Joe Conway,2022-03-28 15:10:04-04:00,Use has_privs_for_roles for predefined role checks
79de9842ab03259325ee4055fb0a7ebd2e4372ff,Robert Haas,2022-03-28 13:38:13-04:00,Remove the ability of a role to administer itself.
61762426e6edbe87100dd5a4f107e8c06a11ec02,Robert Haas,2022-03-28 12:19:05-04:00,Fix a few goofs in new backup compression code.
d22646922d66012705e0e2948cfb5b4a07092a29,Tom Lane,2022-03-28 11:19:37-04:00,Add public ruleutils.c entry point to deparse a Query.
386ca0abf4107721a363f1c152cd026041b609ea,Alvaro Herrera,2022-03-28 17:10:36+02:00,Fix role names in merge.sql regress file
7103ebb7aae8ab8076b7e85f335ceb8fe799097c,Alvaro Herrera,2022-03-28 16:47:48+02:00,Add support for MERGE SQL command
ae63017bdb316b16a9f201b10f1221598111d6c5,Peter Eisentraut,2022-03-28 15:22:34+02:00,Preparatory test cleanup
61fa6ca79b3c566f44831a33bb226f7358ed4511,Tomas Vondra,2022-03-28 14:30:00+02:00,Document autoanalyze limitations for partitioned tables
e26114c817b610424010cfbe91a743f591246ff1,Peter Eisentraut,2022-03-28 11:11:39+02:00,Make JSON path numeric literals more correct
91c0570a791180aa3ff01d70eb16ed6c0d8283a3,Andres Freund,2022-03-27 22:35:42-07:00,"Don't fail for > 1 walsenders in 019_replslot_limit, add debug messages."
da4b56662f2cda3ef97847307aaec8e8f66ffb15,Andres Freund,2022-03-27 21:47:26-07:00,Mark pg_stat_get_subscription_stats() strict.
43a7dc96eb363f87286494223861301361ce766c,Andres Freund,2022-03-27 21:46:23-07:00,Fix NULL input behaviour of pg_stat_get_replication_slot().
8af36427d4cc783a9efe8781889ea0936f1d48dd,Thomas Munro,2022-03-28 16:26:32+13:00,Fix pg_waldump docs.
264d284929e0d5a419821f94f16f766b5497c87a,Andres Freund,2022-03-27 18:13:50-07:00,waldump: fix use-after-free in search_directory().
cc7401d5ca498a84d9b47fd2e01cebd8e830e558,Tom Lane,2022-03-27 18:32:40-04:00,Fix up compiler warnings/errors from f4fb45d15.
f4fb45d15c59d7add2e1b81a9d477d0119a9691a,Andrew Dunstan,2022-03-27 17:03:34-04:00,SQL/JSON constructors
f79b803dcc98d707450e158db3638dc67ff8380b,Andrew Dunstan,2022-03-27 17:03:33-04:00,Common SQL/JSON clauses
b64c3bd62ea7064a1a36fbd921e8955fa76faa3e,Daniel Gustafsson,2022-03-27 22:26:40+02:00,Remove more unused module imports from TAP tests
c2d81ee902b96e6218e832eea184dbbfbc3af7d7,Tom Lane,2022-03-27 15:05:22-04:00,Remove useless variable.
641a9b716789628a4e7403ecef1b82cc4a9552b0,Tom Lane,2022-03-27 14:38:05-04:00,Avoid using large pass-by-value struct arguments in pgbench.
0fb6954aa5012fc0c41af364fb328f90e648f6b7,Tom Lane,2022-03-27 12:57:46-04:00,Fix breakage of get_ps_display() in the PS_USE_NONE case.
411b91360f2711e36782b68cd0c9bc6de44d3384,Michael Paquier,2022-03-27 18:22:22+09:00,Fix comment in execParallel.c
291e517a4dc93b4137b0da8d46350f9300183f05,Michael Paquier,2022-03-27 17:53:40+09:00,pageinspect: Add more sanity checks to prevent out-of-bound reads
404f49338fef32150f930ddfa8ae0411b5e35121,Tomas Vondra,2022-03-27 00:11:38+01:00,Wait for subscription to sync in t/031_column_list.sql
4a7e964fc67a541b6ea1b72729ad3f8e632d003c,Daniel Gustafsson,2022-03-26 22:00:39+01:00,SSL TAP test backend library independence refactoring
e07d4ddc55fdcf82082950b3eb0cd8f728284c9d,Tom Lane,2022-03-26 14:30:09-04:00,Suppress compiler warning in relptr_store().
41b00f8e601fcf82aab2fc5ad0214a67f4829431,Tomas Vondra,2022-03-26 19:13:27+01:00,Move prattrs to the pg_publication_rel section in docs
979cd655c13c3ea5d7df1db84ef9c9c85c0ea6b3,Tom Lane,2022-03-26 11:53:37-04:00,Suppress compiler warning in pub_collist_to_bitmapset().
923def9a533a7d986acfb524139d8b9e5466d0a5,Tomas Vondra,2022-03-26 01:01:27+01:00,Allow specifying column lists for logical replication
05843b1aa49df2ecc9b97c693b755bd1b6f856a9,Tomas Vondra,2022-03-25 21:07:17+01:00,Minor improvements in sequence decoding code and docs
174877f1e344812f620fd8891af97104d5dfca13,Tom Lane,2022-03-25 14:23:26-04:00,Harden TAP tests that intentionally corrupt page checksums.
002c9dd97a0c874fd1693a570383e2dd38cd40d5,Tomas Vondra,2022-03-25 14:29:56+01:00,Handle sequences in preprocess_pubobj_list
2d2232933b02d9396113662e44dca5f120d6830e,Tomas Vondra,2022-03-25 13:24:14+01:00,Update tab-completion for CREATE PUBLICATION with sequences
49d9cfc68bf4e0d32a948fe72d5a0ef7f464944e,Alvaro Herrera,2022-03-25 13:16:21+01:00,Fix replay of create database records on standby
c64fb698d076b297b350f667719ba5d58551a7f9,Peter Eisentraut,2022-03-25 09:47:50+01:00,Make update-unicode target work in vpath builds
23119d51a14c046dae35ae5e6ad9e35982d044fd,Peter Eisentraut,2022-03-25 08:56:02+01:00,Refactor DLSUFFIX handling
56566835039ac5eed70f188518cef1a7ea0971b2,Etsuro Fujita,2022-03-25 15:30:00+09:00,postgres_fdw: Minor cleanup for pgfdw_abort_cleanup().
ad8759bea06d2a0cac033f5ba551011663d9e716,Michael Paquier,2022-03-25 14:11:18+09:00,Fix typos in standby.c
3e67a5cac6a50139bd29b96ab97496dbc1543d92,Amit Kapila,2022-03-25 07:37:06+05:30,Remove some useless free calls.
0f79caa3c61e643e6285524f3148a35fb61ddcf3,Tatsuo Ishii,2022-03-25 10:22:55+09:00,Second attempt to fix pgbench TAP test.
52b5568432963b721698a2df1f37a0795b9611dc,Thomas Munro,2022-03-25 13:52:27+13:00,Improve command line options for pg_waldump.
f28bf667f602f6ff36c219eb40c5f61de4440ae5,Andres Freund,2022-03-24 17:12:09-07:00,Add retries for further investigation of 019_replslot_limit.pl failures.
26ebb0e28032283f99bf985fb47ea3d19fbaf91a,Daniel Gustafsson,2022-03-24 22:41:40+01:00,List offending databases in pg_upgrade datallowconn check
ce95c543763b6fade641a67fa0c70649d8527243,Tom Lane,2022-03-24 16:33:13-04:00,Fix pg_statio_all_tables view for multiple TOAST indexes.
7dac61402e34c6d41d5d11cdc4c6a55f91e24026,Daniel Gustafsson,2022-03-24 20:51:40+01:00,Remove unused module imports from TAP tests
412ad7a55639516f284cd0ef9757d6ae5c7abd43,Robert Haas,2022-03-24 14:52:28-04:00,Fix possible recovery trouble if TRUNCATE overlaps a checkpoint.
86459b3296803cfa4d3e53c0fc8763412c71b6d0,Alvaro Herrera,2022-03-24 19:31:05+01:00,Wrap inline function definitions in #ifndef FRONTEND
75b1521dae1ff1fde17fda2e30e591f2e5d64b6a,Tomas Vondra,2022-03-24 18:49:27+01:00,Add decoding of sequences to built-in replication
0adb3dc68bfb9a347ff2c7fe63200419bb649265,Tom Lane,2022-03-24 13:34:36-04:00,Doc: add some documentation about serialization failure handling.
e27f4ee0a701854daf16ac1d044f20d28a17053e,Alvaro Herrera,2022-03-24 18:02:27+01:00,Change fastgetattr and heap_getattr to inline functions
0bd7af082ace135581bb13a6bd2d88e68c66a3e0,Tom Lane,2022-03-24 11:47:41-04:00,Invent recursive_worktable_factor GUC to replace hard-wired constant.
a47651447f01562dac2e007db03733e750d45b6b,Peter Eisentraut,2022-03-24 14:07:38+01:00,Remove unnecessary translator comment
bbd4951b73ec5ba4356133140da19cf378a796fd,Michael Paquier,2022-03-24 20:56:31+09:00,doc: Improve postgres command for shared_memory_size_in_huge_pages
127aea2a65cd89c1c28357c6db199683e219491e,Thomas Munro,2022-03-24 21:42:28+13:00,Add additional filtering options to pg_waldump.
ac9c5dc5d4cc15e396b59ca66df25969e51a2a00,Tatsuo Ishii,2022-03-24 13:32:59+09:00,Fix pgbench TAP test.
d4781d8873f8c3fc8b0957cc03ce91627576cf36,Michael Paquier,2022-03-24 12:42:30+09:00,Refactor code related to pg_hba_file_rules() into new file
a1bc4d3590b1f620485c3ec5290dc628e62476f8,Michael Paquier,2022-03-24 09:36:30+09:00,Add some basic regression tests for pg_freespacemap
3ac7d024122f26d828907f15d088dcd67d2eb4f1,Andres Freund,2022-03-23 13:05:59-07:00,Don't try to translate NULL in GetConfigOptionByNum().
1c6bb380e5aba195204a9c6d0b4713bd1b3dec9c,Andres Freund,2022-03-23 13:05:25-07:00,Don't call fwrite() with len == 0 when writing out relcache init file.
e71c76fcab8d00defe9a7a608facdd9663f7bcbf,Andres Freund,2022-03-23 12:43:14-07:00,configure: check for dlsym instead of dlopen.
c97e4bdcb142effc452d33b81f31e0b3ac990b71,Andrew Dunstan,2022-03-23 15:11:45-04:00,Clean test_rls_hooks module
81b9f23c9c83813f14d20cf6993d94fdd44c0991,Andres Freund,2022-03-23 11:33:57-07:00,"ci: test headerscheck, cpluspluscheck as part of CompilerWarnings task."
3e1c942a4e2f06e9b0196180eb8fd1383e6d788e,Alvaro Herrera,2022-03-23 19:23:51+01:00,pg_upgrade: Upgrade an Assert to a real 'if' test
591767150f5f91ccc3614e71977c47ce7a68786b,Robert Haas,2022-03-23 13:25:26-04:00,pg_basebackup: Try to fix some failures on Windows.
9d92582abf918215d27659d45a4c9e78bda50aff,Alvaro Herrera,2022-03-23 18:22:10+01:00,"Fix ""missing continuation record"" after standby promotion"
dfdb2f3bf5c6ff4014de142a7b82b205224e01d3,Alvaro Herrera,2022-03-23 16:46:57+01:00,test_decoding: Add comments about delaying BEGIN/PREPARE
68d8f9bfb2f467c306d81b4f1cee1a5a0e5ede37,Robert Haas,2022-03-23 11:37:12-04:00,"In get_bc_algorithm_name, add a dummy return statement."
7c51b7f7cc0860ab9a5784fce7a44142e4eb5463,Andrew Dunstan,2022-03-23 11:13:33-04:00,Force NO_LOCALE / UTF8 for test_oat_hooks tests
fc15396dc6821e15c883b8101be45ee6298a4d77,Andrew Dunstan,2022-03-23 10:42:25-04:00,Use approved style for listing OBJS in test_oat_hooks Makefile
607e75e8f0f84544feb879b747da1d40fed71499,Robert Haas,2022-03-23 10:22:54-04:00,Unbreak the build.
ffd53659c46a54a6978bcb8c4424c1e157a2c0f1,Robert Haas,2022-03-23 09:19:14-04:00,Replace BASE_BACKUP COMPRESSION_LEVEL option with COMPRESSION_DETAIL.
4a39f87acd6e681e5ded1239391d8a92645b43d6,Tatsuo Ishii,2022-03-23 19:05:45+09:00,Allow pgbench to retry in some cases.
383f222119f54e3904aae768b1ca23d03f56a042,Thomas Munro,2022-03-23 15:06:25+13:00,Try to stabilize vacuum test.
5b29a9f772974e5863238b3f88b2f38c62b2a48f,Andrew Dunstan,2022-03-22 20:18:30-04:00,Temporarily disable installcheck for test_oat_hooks module
1460fc5942591fdb6bee0bc8342019ede31ff3b6,Andrew Dunstan,2022-03-22 19:56:14-04:00,"Revert ""Common SQL/JSON clauses"""
3707e437c73920492cab0dd17432be6e89bafd76,Andres Freund,2022-03-22 16:46:24-07:00,Add missing xlogdefs.h include to pg_subscription.h.
865fe4d5df560a6f5353da652018ff876978ad2d,Andrew Dunstan,2022-03-22 17:32:54-04:00,Common SQL/JSON clauses
a3b071bbe050252b35c589a7f1a2ee2f7ee3e9d4,Andrew Dunstan,2022-03-22 16:18:06-04:00,Tidy up Object Access hooks tests
f0206d99520ebdb751469ad53ff62bbff817ab3d,Andrew Dunstan,2022-03-22 13:27:26-04:00,Fix new Object Access hooks test
097786fbbb58897fec12ed9bfff3940c77b5867b,Andres Freund,2022-03-22 08:22:02-07:00,Add missing dependency of pg_dumpall to WIN32RES.
ce8c978295a55912dc81f9fbcd4f9f6d35379224,Andres Freund,2022-03-22 08:15:40-07:00,pgstat: fix function name in comment.
90efa2f5565d28054c30c18f6a2f17f94fdff91e,Andrew Dunstan,2022-03-22 10:28:31-04:00,Add a test module for Object Access hooks
d11e84ea466b4e3855d7bd5142fb68f51c273567,Andrew Dunstan,2022-03-22 10:28:31-04:00,Add String object access hooks
29992a6a509b256efc4ac560a1586b51a64b2637,Tom Lane,2022-03-22 10:19:15-04:00,"Revert ""graceful shutdown"" changes for Windows."
7faa5fc84bf46ea6c543993cffb8be64dff60d25,Dean Rasheed,2022-03-22 10:28:10+00:00,Add support for security invoker views.
f5576a21b0778f275d7418f6f7a44d9400ee90aa,Peter Eisentraut,2022-03-22 08:58:44+01:00,pgcrypto: Remove internal padding implementation
9ca234bae79358a24de2a8dc1ec8024656ca66a4,Michael Paquier,2022-03-22 13:20:31+09:00,Fix failures in SSL tests caused by out-of-tree keys and certificates
208c5d65bbd60e33e272964578cb74182ac726a8,Amit Kapila,2022-03-22 07:11:19+05:30,Add ALTER SUBSCRIPTION ... SKIP.
315ae75e9b6da72456eaa44e55ace9ab1b95ef74,Andres Freund,2022-03-21 16:21:00-07:00,pgstat: reorder pgstat.[ch] contents.
2591ee8ec44d8cbc8e1226550337a64c684746e4,Tom Lane,2022-03-21 17:44:29-04:00,Fix assorted missing logic for GroupingFunc nodes.
13619598f1080d7923454634a2570ca1bc0f2fec,Andres Freund,2022-03-21 12:02:25-07:00,pgstat: split different types of stats into separate files.
cb02fcb4c95bae08adaca1202c2081cfc81a28b5,Tom Lane,2022-03-21 14:58:49-04:00,Fix bogus dependency handling for GENERATED expressions.
17f3bc09284e1b529cdf524bbba709af6493f30c,Tom Lane,2022-03-21 14:38:23-04:00,Move pg_attrdef manipulation code into new file catalog/pg_attrdef.c.
7b6ec86532c2ca585d671239bba867fe380448ed,Tom Lane,2022-03-21 12:22:13-04:00,Fix risk of deadlock failure while dropping a partitioned index.
1f8bc448680bf93a974cb5f52d496514ff67720c,Tom Lane,2022-03-21 11:11:55-04:00,Remove workarounds for avoiding [U]INT64_FORMAT in translatable strings.
c540d3715731e0e50259011ee62ea4c0c042b1b1,Magnus Hagander,2022-03-21 12:35:48+02:00,Fix typo in file identification
d4ba8b51c76300f06cc23f4d8a41d9f7210c4866,Andres Freund,2022-03-20 19:12:09-07:00,"pgstat: separate ""xact level"" handling out of relation specific functions."
bff258a2732e3f8cf94010345c4ad37f8f9b5899,Andres Freund,2022-03-20 19:12:09-07:00,pgstat: rename pgstat_initstats() to pgstat_relation_init().
8363102009d8ee64255ad4948183f9d159eb8f4b,Andres Freund,2022-03-20 19:12:09-07:00,pgstat: introduce pgstat_relation_should_count().
2d655a08d532feed356222a8b1e427561dc7a883,Alvaro Herrera,2022-03-20 22:10:24+01:00,Blind fix for uninitialized memory bug in ba9a7e392171
a096813b6f583621db4119b6ab1be4ffc26f859d,Thomas Munro,2022-03-21 09:31:51+13:00,Log regression.diffs in 027_stream_regress.pl.
7fa3db367986160dee2b2b0bbfb61e1a51d486fd,Tom Lane,2022-03-20 16:06:48-04:00,"psql: handle tab completion of timezone names after ""SET TIMEZONE TO""."
ba9a7e392171c83eb3332a757279e7088487f9a2,Alvaro Herrera,2022-03-20 18:43:40+01:00,Enforce foreign key correctly during cross-partition updates
3f513ac7935db86f72511aac24fa6b52ed29bfe7,Tom Lane,2022-03-20 12:39:40-04:00,Doc: fix our example systemd script.
3a671e1f7cb8b29ad77b08f891b8f22621f490a3,Peter Eisentraut,2022-03-20 10:21:45+01:00,Fix global ICU collations for ICU < 54
3c0c5cc5e65906bad6abe6bb8c2d9f6669870f33,Andres Freund,2022-03-19 12:37:28-07:00,Add a few recent and not so recent revs to git-blame-ignore-revs.
78f9506b380f0cd3eb2229e2a49040ee00f102bb,Andres Freund,2022-03-19 11:42:22-07:00,"pgstat: split out WAL handling from pgstat_{initialize,report_stat}."
89c546c2948904a2c811ccb26d92fb54edaf7821,Andres Freund,2022-03-19 11:42:22-07:00,"pgstat: split relation, database handling out of pgstat_report_stat()."
a3a75b982b5bb6fba95ad8b3d48e70439dcd2329,Andres Freund,2022-03-19 11:42:22-07:00,pgstat: run pgindent on pgstat.c/h.
50b1e8c51b3c779bdfce5cd61bf4bbc80fd48377,Andres Freund,2022-03-19 11:42:22-07:00,"ci: windows: Use CIRRUS_ESCAPING_PROCESSES, revert 770011e3f39."
a1fc50672c4b410f6a75db1efe807efeaccf571c,Alvaro Herrera,2022-03-19 19:34:04+01:00,Fix an outdated and grammatically wrong comment
eb8399cf1f3dd8ad02633e3bb84e2289d2debb44,Michael Paquier,2022-03-19 19:13:52+09:00,Improve handling of SET ACCESS METHOD for ALTER MATERIALIZED VIEW
ade2159bcdc18939d4e9b1773d12fe06cfcd201d,Michael Paquier,2022-03-19 17:28:50+09:00,Add regression tests for ALTER MATERIALIZED VIEW with tablespaces
9616da3ddbc14de43c34676f92aa061dad8caefb,Michael Paquier,2022-03-19 16:37:31+09:00,doc: Mention SET TABLESPACE clause for ALTER MATERIALIZED VIEW
97bddda61b9ae1a33116c8596c48d9dc095597a5,Andres Freund,2022-03-18 18:48:03-07:00,Silence -Wmaybe-uninitialized compiler warning in dbcommands.c.
e186f56f9c6ead4ef65848ae6c499f9949b12625,Noah Misch,2022-03-18 18:18:00-07:00,Close race condition in slot_creation_error.spec.
4a288a37f9b7bfd13c4f5cd8b545ac856f975813,Andres Freund,2022-03-18 15:42:33-07:00,ci: compile with -Og where applicable.
225fb558cd42fe05b5ac55b7586cc1d16fd2f0ea,Andres Freund,2022-03-18 15:42:02-07:00,ci: include hints how to install OS packages.
068739fb4f345c8c922d72f2c8e15e9c0a75056d,Tom Lane,2022-03-18 16:01:42-04:00,Fix incorrect xmlschema output for types timetz and timestamptz.
0d3aaadd324e0566820c863d4617eb4fc949d220,Tom Lane,2022-03-18 13:26:04-04:00,Specify database encoding in new ICU test.
9eaef6f8ea951320eae0c0083b07d901fe9bd3e5,Tom Lane,2022-03-18 13:21:47-04:00,Doc: remove bogus instruction to install contrib/hstore.
d914eb347fcd7554a7afda5efaa709582f64f660,Tom Lane,2022-03-18 13:10:04-04:00,Remove workarounds for avoiding [U]INT64_FORMAT in translatable strings.
3f1ce973467a0d285961bf2f99b11d06e264e2c1,Thomas Munro,2022-03-18 18:45:47+13:00,"Add circular WAL decoding buffer, take II."
7a7cd84893e02e79d4b5e2d72b4ae327b031b217,Michael Paquier,2022-03-18 10:46:36+09:00,doc: Remove mention to in-place tablespaces for pg_tablespace_location()
f512efb2d50ab78e7610f0e3801925f22ebec611,Michael Paquier,2022-03-18 10:38:16+09:00,Fix header inclusion order in pg_receivewal.c
b2397aae23982b77de29d3a55b263a03852d0714,Thomas Munro,2022-03-18 13:40:26+13:00,Declare aarch64 has single copy atomicity for 8 byte values.
d7b5c071dd6af2b81a7042dc60295061c7230cdc,Tom Lane,2022-03-17 18:25:44-04:00,Don't bother to attach column name lists to RowExprs of named types.
ec62cb0aac5ba31a82339606009ddbd7eb00e2ac,Tom Lane,2022-03-17 18:18:05-04:00,Revert applying column aliases to the output of whole-row Vars.
39f0c4bd670c3482f4def87a31108c175da0a8d3,Robert Haas,2022-03-17 13:21:07-04:00,Refactor code for reading and writing relation map files.
5a079662256e381fde699c4fbbed6c2504a6d30a,Tomas Vondra,2022-03-17 17:03:48+01:00,Fix row filters with multiple publications
a9b7e92084cdea1bd397ec26c3233206932f29c7,Peter Eisentraut,2022-03-17 14:12:39+01:00,doc: Add documentation for new field pg_database.daticulocale
25e777cf8e547d7423d2e1e9da71f98b9414d59e,Alvaro Herrera,2022-03-17 11:47:04+01:00,Split ExecUpdate and ExecDelete into reusable pieces
f2553d43060edb210b36c63187d52a632448e1d2,Peter Eisentraut,2022-03-17 11:13:16+01:00,Add option to use ICU as global locale provider
f6f0db4d62400ff88f523dcc4d7e25f9506bc0d8,Michael Paquier,2022-03-17 11:25:02+09:00,Fix pg_tablespace_location() with in-place tablespaces
c91f71b9dc91ef95e1d50d6d782f477258374fc6,Tomas Vondra,2022-03-16 18:05:58+01:00,Fix publish_as_relid with multiple publications
d0083c1d2a21f2e5c8f341891cca4fad5a616758,Robert Haas,2022-03-16 09:26:48-04:00,Suppress compiler warnings.
3ac577b912fb869f8c472c66f9bd60db833a103a,Daniel Gustafsson,2022-03-16 11:38:29+01:00,doc: Ensure intermediate path creation with mkdir
7e74aafc4335e743199c6c68ca9dd539053db9e5,Alexander Korotkov,2022-03-16 11:41:18+03:00,Fix default signature length for gist_ltree_ops
46d9bfb0a68f7b145199711d2fb5d37561c4a130,Thomas Munro,2022-03-16 17:20:24+13:00,Fix race between DROP TABLESPACE and checkpointing.
4477dcb207c23f808737a5059157a085212f55e9,Michael Paquier,2022-03-16 12:29:39+09:00,pageinspect: Fix memory context allocation of page in brin_revmap_data()
501c66c81b755583fa516c88e1cc7c760dc88bd5,Thomas Munro,2022-03-16 15:55:15+13:00,Fix documentation typo in commit 5e6368b4.
3390ef1b7be28eac24dd95af23a4a287e6e7b1a4,Thomas Munro,2022-03-16 15:35:16+13:00,Fix waiting in RegisterSyncRequest().
076f4d9539e9687d68ada32353c0c16d9bfa3cfb,Michael Paquier,2022-03-16 11:19:39+09:00,pageinspect: Fix handling of page sizes and AM types
5e6368b42ee6d4b59e085301ca7b0e50f37a897b,Thomas Munro,2022-03-16 13:57:59+13:00,Wake up for latches in CheckpointWriteDelay().
a56e7b66010f330782243de9e25ac2a6596be0e1,Thomas Munro,2022-03-16 10:30:55+13:00,Silence LLVM 14 API deprecation warnings.
8ef1fa3ee05d7acfe3f69d28daabec33db84d870,Robert Haas,2022-03-15 13:41:36-04:00,Remove accidentally-committed file.
c6306db24bd913375f99494e38ab315befe44e11,Robert Haas,2022-03-15 13:24:23-04:00,Add 'basebackup_to_shell' contrib module.
e4ba69f3f4a1b997aa493cc02e563a91c0f35b87,Robert Haas,2022-03-15 13:22:04-04:00,Allow extensions to add new backup targets.
75eae090876f4d47bf6a1e1016627b75da612307,Robert Haas,2022-03-15 13:06:25-04:00,Change HAVE_LIBLZ4 and HAVE_LIBZSTD tests to USE_LZ4 and USE_ZSTD.
695f459f1713303ba33b76eeb866c6501dff6380,Amit Kapila,2022-03-15 08:11:17+05:30,Fix compiler warning introduced in commit 705e20f855.
6bdf1a1400d3fb8c87e020be943942dcab7e75e2,Michael Paquier,2022-03-15 11:29:35+09:00,Fix collection of typos in the code and the documentation
ff8b37ba801073b4506f670317141785bab9f4d8,Michael Paquier,2022-03-15 10:52:19+09:00,Add more regression tests for pg_ls_dir()
c6f2f01611d4f2c412e92eb7893f76fa590818e8,Thomas Munro,2022-03-15 14:01:23+13:00,Fix pg_basebackup with in-place tablespaces.
9dde82899cdf48bd7b2f3d83e4f724ac9ae02c79,Robert Haas,2022-03-14 16:50:54-04:00,"Support ""of"", ""tzh"", and ""tzm"" format codes."
705e20f8550c0e8e47c0b6b20b5f5ffd6ffd9e33,Amit Kapila,2022-03-14 09:32:40+05:30,Optionally disable subscriptions on error.
369398ed886dc13956654777467536625e6fc7ee,Tom Lane,2022-03-13 19:52:48-04:00,Fix bogus tab-completion queries.
6e20f4600a420961817ce743be454080745f84d1,Peter Geoghegan,2022-03-13 13:07:49-07:00,VACUUM VERBOSE: tweak scanned_pages logic.
7e12256b478b89518ff410f29192af21de37d070,Andres Freund,2022-03-12 14:21:40-08:00,Force track_io_timing off in explain.sql to avoid failures when enabled.
02fea8fdda6531f34305b445f92f5b62241329b3,Andres Freund,2022-03-12 14:15:25-08:00,Set synchronous_commit=on in test_setup.sql.
e370f100f05d77eec258fb430009c16c0e315065,Peter Geoghegan,2022-03-12 13:20:45-08:00,vacuumlazy.c: Standardize rel_pages terminology.
73f6ec3d3c8d5786c54373e71a096e5acf78e7ca,Peter Geoghegan,2022-03-12 12:52:38-08:00,vacuumlazy.c: document vistest and OldestXmin.
5b68f75e12831cd5b7d8058320c0ca29bbe76067,Peter Geoghegan,2022-03-11 19:30:21-08:00,Normalize heap_prepare_freeze_tuple argument name.
8e375ea4a0e95dd0d74f11c439cce4498bf80bd7,Michael Paquier,2022-03-12 09:39:13+09:00,Bump XLOG_PAGE_MAGIC due to the addition of wal_compression=zstd
3a46a45f6f009785b46188ed862afbccfb4cf56a,Alvaro Herrera,2022-03-11 20:40:03-03:00,Add API of sorts for transition table handling in trigger.c
641f3dffcdf1c7378cfb94c98b6642793181d6db,Tom Lane,2022-03-11 13:47:29-05:00,Restore the previous semantics of get_constraint_index().
d6f1cdeb9a9ea227f87a2156e3a1ed94706b2193,Robert Haas,2022-03-11 12:36:24-05:00,pg_basebackup: Clean up some bogus file extension tests.
b2de45f9200d9adcac50015521574696dc464ccd,Robert Haas,2022-03-11 12:22:02-05:00,pg_basebackup: Avoid unclean failure with server-compression and -D -.
e94bb1473eb36e19c200476cebc3750cf6a978e7,Peter Eisentraut,2022-03-11 08:32:52+01:00,DefineCollation() code cleanup
9198e6399664c34985236b7a88a8efae96be633b,Michael Paquier,2022-03-11 15:16:21+09:00,"doc: Standardize capitalization of term ""hot standby""/""Hot Standby"""
e9537321a74a2b062c8f7a452314b4570913f780,Michael Paquier,2022-03-11 12:18:53+09:00,Add support for zstd with compression of full-page writes in WAL
0071fc71277e51723eeb4856eeeb5d25600a429a,Michael Paquier,2022-03-11 10:59:47+09:00,Fix header inclusion order in xloginsert.c with lz4.h
352d297dc74feb0bf0dcb255cc0dfaaed2b96c1e,Andres Freund,2022-03-10 12:57:05-08:00,dshash: Add sequential scan support.
adb5c28adc59415b54c087507dd84c71368c289c,Peter Eisentraut,2022-03-10 14:09:21+01:00,Re-update Unicode data to CLDR 39
45fb0de4dc65f43a037fe7c90f360ae0596d9328,Andres Freund,2022-03-09 09:46:21-08:00,ldap tests: Add paths for openbsd.
ee56c3b21629277cf7f2e6398e7dd4e40c11df3c,Andres Freund,2022-03-09 09:31:02-08:00,ldap tests: Don't run on unsupported operating systems.
2cfde3c2371860aa6c05f84c3fbec9c400ab6b1a,Peter Eisentraut,2022-03-09 12:12:20+01:00,Fix double declaration for check_ok() in pg_upgrade.h
df4c3cbd8f4f619785c735669150e3a1df9cf7ca,Peter Eisentraut,2022-03-09 11:08:16+01:00,Add parse_analyze_withcb()
ddf590b8115212ea061f9428f20f4c36d8e25e62,Peter Eisentraut,2022-03-09 10:54:20+01:00,pycodestyle (PEP 8) cleanup in Python scripts
e80a7a1f3d65e34fff73166d42abe0e2d5f91add,Peter Eisentraut,2022-03-09 10:54:16+01:00,unaccent: Remove Python 2 support from Python script
e3df32bbc38bc4a20092ea18b482b81119fa72dd,Michael Paquier,2022-03-09 14:59:08+09:00,doc: Add ALTER/DROP ROUTINE to the event trigger matrix
7687ca996e558d95e68d2d0d70fed22a6317ba78,Michael Paquier,2022-03-09 10:43:25+09:00,"doc: Improve references to term ""FSM"" in pageinspect and pgfreespacemap"
43e7787dd3387a7455fc4d9c353addb79a50ebe5,Andres Freund,2022-03-08 10:34:06-08:00,plpython: Restore alternative output for plpython_error test.
a180c2b34de0989269fdb819bff241a249bf5380,Tomas Vondra,2022-03-08 19:23:00+01:00,Stabilize test_decoding touching with sequences
54c72eb5e5e63f99f68c054900424724b0570b20,Andres Freund,2022-03-08 09:47:34-08:00,plpython: add missing plpython.h include to plpy_plpymodule.h
1d4be6be65ab18aa3b240d9bc912ebece255c53b,Robert Haas,2022-03-08 10:05:55-05:00,Fix LZ4 tests for remaining buffer space.
7cf085f077df8dd9b80cf1f5964b5b8c142be496,Robert Haas,2022-03-08 09:52:43-05:00,Add support for zstd base backup compression.
c28839c8326155f25161ed42f23890c997e0b4a4,Michael Paquier,2022-03-08 14:29:03+09:00,Improve comment in execReplication.c
d3e8368c4b6e5110d8b3d12859850aeaae08dffb,Amit Kapila,2022-03-08 08:08:32+05:30,Add the additional information to the logical replication worker errcontext.
4228cabb72bb57e1df4c9d92613f1fcd4baadd5a,Andres Freund,2022-03-07 18:30:57-08:00,plpython: Adjust docs after removal of Python 2 support.
9b7e24a2cb37fb52af13219f625cd719e364a346,Andres Freund,2022-03-07 18:30:28-08:00,plpython: Code cleanup related to removal of Python 2 support.
db23464715f4792298c639153dda7bfd9ad9d602,Andres Freund,2022-03-07 18:20:51-08:00,plpython: Remove regression test infrastructure for Python 2.
76a29adee749f41e277459cbf2e47a2ff7777f31,Andres Freund,2022-03-07 18:20:20-08:00,"plpython: Remove plpythonu, plpython2u and associated transform extensions."
5b81703787bfc1e6072c8e37125eba0c5598b807,Michael Paquier,2022-03-08 10:12:22+09:00,Simplify SRFs using materialize mode in contrib/ modules
d5ed9da41d96988d905b49bebb273a9b2d6e2915,Tomas Vondra,2022-03-07 20:53:16+01:00,Call ReorderBufferProcessXid from sequence_decode
25751f54b8e02a8fff62e9dbdbc9f2efbb4e8dc1,Peter Eisentraut,2022-03-07 08:13:30+01:00,Add pg_analyze_and_rewrite_varparams()
5e0e99a80b2f41c8e9ed0f4071892d9e797a12be,Amit Kapila,2022-03-07 08:33:58+05:30,Make the errcontext message in logical replication worker translation friendly.
9e98583898c347e007958c8a09911be2ea4acfb9,Michael Paquier,2022-03-07 10:26:29+09:00,Create routine able to set single-call SRFs for Materialize mode
770011e3f39f21f2095d3a044b72460c4efac345,Andres Freund,2022-03-04 22:00:09-08:00,ci: windows: Work around cirrus-ci bug causing test failures.
766075105c21442418359221e0a0da43040b273c,Noah Misch,2022-03-04 18:53:13-08:00,Use PG_TEST_TIMEOUT_DEFAULT for pg_regress suite non-elapsing timeouts.
f2698ea02ca8a56f38935d2b300ac54936712558,Noah Misch,2022-03-04 18:53:13-08:00,Introduce PG_TEST_TIMEOUT_DEFAULT for TAP suite non-elapsing timeouts.
9240589798e02705dbe3e86549d064988c0f47d2,Tom Lane,2022-03-04 13:23:58-05:00,Fix pg_regress to print the correct postmaster address on Windows.
791b1b71da35d9d4264f72a87e4078b85a2fcfb4,Peter Eisentraut,2022-03-04 14:50:22+01:00,Parse/analyze function renaming
d816f366bc427cacba29c1e4b1696afa620e73a7,Peter Eisentraut,2022-03-04 09:12:29+01:00,psql: Make SSL info display more compact
ceb57afd3ce177e897cb4c5b44aa683fc0036782,Amit Kapila,2022-03-04 07:54:12+05:30,Add some additional tests for row filters in logical replication.
f7ea240aa7491b6ed2985bb50888bd432f3341df,Tom Lane,2022-03-03 20:04:35-05:00,Tighten overflow checks in tidin().
b3c8aae00850384b1cec5311eb1864e2f5e80a44,Michael Paquier,2022-03-04 09:51:12+09:00,doc: Fix description of pg_stop_backup()
8134fe4ad80a1f9673770126ed7c45045b8ef467,Tom Lane,2022-03-03 19:15:38-05:00,Remove some pointless code in block.h.
0fbdfaf79d0bbfe1ede9d8ca2d85b2c9a8513082,Tom Lane,2022-03-03 19:03:17-05:00,Fix bogus casting in BlockIdGetBlockNumber().
46ab07ffda9d6c8e63360ded2d4568aa160a7700,Tom Lane,2022-03-03 18:13:24-05:00,Clean up assorted failures under clang's -fsanitize=undefined checks.
62ce0c758d5d66092efbca7d037233e2ca9bdc78,Michael Paquier,2022-03-03 10:51:57+09:00,"Fix catalog data of pg_stop_backup(), labelled v2"
50f03473ed8132a43bf5c10764fb5b9eda71ac16,Tom Lane,2022-03-02 11:29:11-05:00,Doc: update libpq.sgml for root-owned SSL private keys.
e58791c6ad317fddcb7f54d19f6a8a4c43fecf7b,Peter Eisentraut,2022-03-02 10:33:12+01:00,Add id's to various elements in protocol.sgml
506035b0b8323126823849483cee833e1de75330,Tatsuo Ishii,2022-03-02 08:28:12+09:00,Fix typo in pgbench messages.
dc57366c583685c4b2901f2ba69943f596b974ec,Michael Paquier,2022-03-02 07:37:07+09:00,Fix check for PGHOST[ADDR] in pg_upgrade with Windows and temporary paths
9028cce426ba6e08ee5ef8fcaedb2445e6c08c75,Peter Eisentraut,2022-03-01 11:23:28+01:00,psql: Additional tests
a33e17f210547226ada52d2b8af851c3553bb4fa,Michael Paquier,2022-03-01 12:52:25+09:00,Rework internal command generation of pg_rewind
7a85073290856554416353a89799a4c04d09b74b,Amit Kapila,2022-03-01 06:17:52+05:30,Reconsider pg_stat_subscription_workers view.
54bd1e43ca56e323aef309dc2dc0e1391825ce68,Tom Lane,2022-02-28 15:36:54-05:00,Handle integer overflow in interval justification functions.
a59c79564bdc209a5bc7b02d706f0d7352eb82fa,Tom Lane,2022-02-28 14:12:52-05:00,"Allow root-owned SSL private keys in libpq, not only the backend."
12d768e70497afc5a57acf73c251316997b5175a,Tom Lane,2022-02-28 12:54:12-05:00,Don't use static storage for SaveTransactionCharacteristics().
2e517818f4af4abe93bf56442469944544f10d4b,Tom Lane,2022-02-28 12:45:36-05:00,Fix SPI's handling of errors during transaction commit.
b15f254466aefbabcbed001929f6e09db59fd158,Tom Lane,2022-02-28 11:31:30-05:00,Adjust interaction of libpq pipeline mode with errorMessage resets.
fbee60f6a4ff2561f5a5af23959a29967f53fbde,Peter Eisentraut,2022-02-28 14:06:25+01:00,Improve some psql test code
667726fbe50f21d7d3ce5d5c5949a45c2496b60f,Michael Paquier,2022-02-28 10:53:56+09:00,pg_stat_statements: Remove unnecessary call to GetUserId()
d1b307eef2818fe24760cc2c168d7d65d59775a8,Dean Rasheed,2022-02-27 11:12:30+00:00,Optimise numeric division for one and two base-NBASE digit divisors.
d996d648f333b04ae3da3c5853120f6f37601fb2,Dean Rasheed,2022-02-27 10:41:12+00:00,Simplify the inner loop of numeric division in div_var().
e3d41d08a17549fdc60a8b9450c0511c11d666d7,Dean Rasheed,2022-02-27 10:15:46+00:00,Apply auto-vectorization to the inner loop of div_var_fast().
6b04abdfc5e0653542ac5d586e639185a8c61a39,Andres Freund,2022-02-26 16:51:47-08:00,Run tap tests in src/interfaces/libpq.
ac25173cdbc40b310a7e72d9557c45a699f1f7b3,Andres Freund,2022-02-26 16:51:47-08:00,Convert src/interfaces/libpq/test to a tap test.
1155d8b8d52ed8705fd8386eaa64fb05c04170c6,Andres Freund,2022-02-26 16:43:54-08:00,Fix use of wrong variable in pg_receivewal's get_destination_dir().
d33aeefd9b7c8c76f584432717dc944505565e52,Andres Freund,2022-02-26 16:07:07-08:00,"Fix warning on mingw due to pid_t width, introduced in fe0972ee5e6."
a89850a57e0557bd3faab32398eb2d9536f6e2a4,Amit Kapila,2022-02-26 10:38:37+05:30,Fix typo in logicalfuncs.c.
fe0972ee5e6f8a663c5cf3f24ef98987c503da95,Andres Freund,2022-02-25 17:04:39-08:00,Add further debug info to help debug 019_replslot_limit.pl failures.
638300fef541fb9393caa1ee8821a639816301d1,Tom Lane,2022-02-25 17:40:43-05:00,Disallow execution of SPI functions during plperl function compilation.
cd83cb953606b94966981056e79dbb6c48751055,Andres Freund,2022-02-25 10:30:05-08:00,pg_waldump: Fix error message for WAL files smaller than XLOG_BLCKSZ.
73c61a50a1555007001d29844dcdb10b4f982a73,Peter Geoghegan,2022-02-24 19:01:54-08:00,vacuumlazy.c: Remove obsolete num_tuples field.
22eb12cfff3e842bb35427e1ec819d64daabd5a1,Amit Kapila,2022-02-25 07:51:21+05:30,Fix few values in pg_proc for pg_stat_get_replication_slot.
cf879d3069a3f025824b4a3fa3086137b34bad48,Peter Geoghegan,2022-02-24 18:31:07-08:00,Remove unnecessary heap_tuple_needs_freeze argument.
31d8d4740ffb21c9898a21b5018c31e92af6935d,Daniel Gustafsson,2022-02-24 20:58:18+01:00,Guard against reallocation failure in pg_regress
6c46e8a5dfc9f49e673d76fc6ae097b81d7740ef,Heikki Linnakangas,2022-02-24 16:15:12+02:00,Fix data loss on crash after sorted GiST index build.
e77216fcb021bb19d83b348db084adfe8d918118,Michael Paquier,2022-02-24 16:54:59+09:00,Simplify more checks related to set-returning functions
fcc28178c6943d7df72b484a87fdb7e06d0c1079,Michael Paquier,2022-02-24 16:11:34+09:00,Clean up and simplify code in a couple of set-returning functions
04e706d4238f98a98e1c0b1a02db9d4280b96f04,Etsuro Fujita,2022-02-24 14:30:00+09:00,postgres_fdw: Add support for parallel commit.
cfb4e209ec15d4a0c44efa98b2788be806a43a92,Amit Kapila,2022-02-24 08:54:39+05:30,Fix one of the tests introduced in commit 52e4f0cd47.
bd74c4037c4ee268db46e983bcc0f1e0a9f7ab72,Tom Lane,2022-02-23 11:10:46-05:00,Re-allow underscore as first character of custom GUC names.
0475a97f744d2fea3676b2e69405d20358eac07a,Daniel Gustafsson,2022-02-23 14:24:43+01:00,Quick exit on log stream child exit in pg_basebackup
c7d7e1203958952e0ef67d336c58f1e7094e7634,Daniel Gustafsson,2022-02-23 14:23:50+01:00,Remove duplicated word in comment
6da65a3f9a9deae4fdcc768c612b0c8f52759f75,Daniel Gustafsson,2022-02-23 14:22:16+01:00,Add function to pump IPC process until string match
91d3580535238abf93c67a6d3dce64f0e8c3cc6d,Daniel Gustafsson,2022-02-23 11:22:46+01:00,Use test functions in pg_rewind test module
2313a3ee22eb3c63a987b496df64c67443763a5a,Daniel Gustafsson,2022-02-23 10:54:03+01:00,Fix statenames in mergejoin comments
afdeff10526e29e3fc63b18c08100458780489d9,Andres Freund,2022-02-22 18:02:34-08:00,Add temporary debug info to help debug 019_replslot_limit.pl failures.
9467321649efc1fec28603d4ba35d03202c4ead1,Peter Eisentraut,2022-02-22 10:11:38+01:00,Put typtype letters back into consistent order
52e4f0cd472d39d07732b99559989ea3b615be78,Amit Kapila,2022-02-22 08:11:50+05:30,Allow specifying row filters for logical replication of tables.
ebf6c5249b7db525e59563fb149642665c88f747,Michael Paquier,2022-02-22 10:22:15+09:00,Add compute_query_id = regress
88103567cb8fa5be46dc9fac3e3b8774951a2be7,Tom Lane,2022-02-21 14:10:43-05:00,Disallow setting bogus GUCs within an extension's reserved namespace.
2776922201f751e3202a713b61d97fe4e44a8440,Andres Freund,2022-02-21 08:58:29-08:00,Assert in init_toast_snapshot() that some snapshot registered or active.
7c38ef2a5d6cf6d8dc3834399d7a1c364d64ce64,Andres Freund,2022-02-21 08:57:34-08:00,Fix temporary object cleanup failing due to toast access without snapshot.
27b02e070fd1b6622b10937d9346b65ffacbc351,Andres Freund,2022-02-21 08:34:59-08:00,pg_upgrade: Don't print progress status when output is not a tty.
3f649663a49d5bb815858d90a271bb532c58fd0e,Peter Eisentraut,2022-02-21 10:55:03+01:00,pgcrypto: Remove unused error code
abe81ee08468e63f94b91e484f47c867bcc706d3,Peter Eisentraut,2022-02-21 10:28:43+01:00,pgcrypto: Remove unused error code
5c868c92caa864d223006c095d623b8086754c6f,Peter Eisentraut,2022-02-21 09:42:46+01:00,Fix possible null pointer reference
bf4ed12b58205d8527053d53c8f473074e191b8d,Michael Paquier,2022-02-21 09:55:55+09:00,doc: Mention environment variable ZSTD in the TAP tests for MSVC
fbabdf8f9a55894f7cd8f0fa86c9a4ef55576296,Andres Freund,2022-02-20 13:51:36-08:00,Fix meaning-changing typo introduced in fa0e03c15a9f.
83a7637e2c5be27a0788b920501dde284b3fca33,Tom Lane,2022-02-20 15:02:41-05:00,Reset conn->errorReported when PQrequestCancel sets errorMessage.
1c6d4629394d1b696b4e47ab4c501752e8c974e7,Andrew Dunstan,2022-02-20 11:51:45-05:00,Remove most msys special processing in TAP tests
95d981338b241ce1d1b2346cfe2df509bb7243ca,Andrew Dunstan,2022-02-20 11:51:45-05:00,Remove PostgreSQL::Test::Utils::perl2host completely
cf12541f2bd5fd34425ecbb99f056a30ca5b7cae,Andrew Dunstan,2022-02-20 11:51:44-05:00,Ensure the right perl is used for TAP tests on msys
69639e2b5c12c6f1eafa9db1a6b7d16e6471ac61,Heikki Linnakangas,2022-02-20 18:33:50+02:00,Fix uninitialized variable.
4b35408f1ed59dd590f683ae0f015bbaf3b84d3d,John Naylor,2022-02-20 13:22:08+07:00,Use bitwise rotate functions in more places
d7a978601d4e469f1a8f19122c049bb25fd7f096,Michael Paquier,2022-02-19 15:06:53+09:00,doc: Simplify description of --with-lz4
07daca53bfcad59618a9c6fad304e380cc9d2bc1,Michael Paquier,2022-02-19 14:58:51+09:00,Fix inconsistencies in SRF checks of pg_config() and string_to_table()
618c16707a6d6e8f5c83ede2092975e4670201ad,Tom Lane,2022-02-18 15:35:21-05:00,Rearrange libpq's error reporting to avoid duplicated error text.
6c417bbcc8ff98875234ca269979fc7defde58e5,Robert Haas,2022-02-18 13:40:31-05:00,Add support for building with ZSTD.
2e372869aa38a9d6e4552c192da4454b17e01e38,Tom Lane,2022-02-18 11:43:04-05:00,Don't let libpq PGEVT_CONNRESET callbacks break a PGconn.
ce1e7a2f716919652c280937087b24937677f8b3,Tom Lane,2022-02-18 11:37:27-05:00,"Don't let libpq ""event"" procs break the state of PGresult objects."
de447bb8e6fbbad19f964a2d7f04c9ccc1d06903,Tom Lane,2022-02-17 22:46:01-05:00,Suppress warning about stack_base_ptr with late-model GCC.
f927a6ec3ef710ad2bd7d9c63f524b7a22d7e664,Fujii Masao,2022-02-18 12:19:10+09:00,Fix comment in CheckIndexCompatible().
94c49d53402240ad7ddbcae9049ff2840a54b9c6,Fujii Masao,2022-02-18 11:38:12+09:00,postgres_fdw: Make postgres_fdw.application_name support more escape sequences.
c476f380e296bab57fecada1ea96c86d575bf160,Amit Kapila,2022-02-18 07:46:51+05:30,Fix a comment in worker.c.
62cb7427d1e491faf8612a82c2e3711a8cd65422,Tom Lane,2022-02-17 15:03:40-05:00,Avoid dangling-pointer usage in pg_basebackup progress reports.
138c51b72168e7b57c9edb4e9935274d3abf6bed,Robert Haas,2022-02-17 10:53:51-05:00,Add missing binary-upgrade guard.
f1ac4a74dee5ac0c89612fe2ac6e48082edbec23,Andrew Dunstan,2022-02-17 09:59:59-05:00,Disable perl2host() processing in TAP tests
19252e8ec938bf07897c1519f367d0467a39242c,Andres Freund,2022-02-16 22:47:35-08:00,plpython: Reject Python 2 during build configuration.
8f388f6f554b113f25a53fe3237238d2c58ed1eb,Peter Geoghegan,2022-02-16 18:41:52-08:00,Increase hash_mem_multiplier default to 2.0.
74388a1ac36d2f0206c5477eeddc636d7947a5a4,Peter Geoghegan,2022-02-16 17:15:50-08:00,Avoid VACUUM reltuples distortion.
d61a361d1aef1231db61162d99b635b89c73169d,Michael Paquier,2022-02-17 09:52:02+09:00,Remove all traces of tuplestore_donestoring() in the C code
46208923446651a58c49115d17b4de6da4934c71,Heikki Linnakangas,2022-02-16 23:15:08+02:00,Fix bogus log message when starting from a cleanly shut down state.
01ad1c953032ea2b88893d6a2f50fb4a8fea2873,John Naylor,2022-02-16 19:33:28+07:00,Add missing TYPEALIGN macros
9ed87a78e0377728588e5c8688202195694581aa,Heikki Linnakangas,2022-02-16 12:01:32+02:00,Fix read beyond buffer bug introduced by the split xlog.c patch.
2549f0661bd28571d7200d6f82f752a7ee5d47e1,Peter Eisentraut,2022-02-16 10:37:31+01:00,Reject trailing junk after numeric literals
70e81861fadd9112fa2d425c762e163910a4ee52,Heikki Linnakangas,2022-02-16 09:30:38+02:00,Split xlog.c into xlog.c and xlogrecovery.c.
be1c00ab13a7c2c9299d60cb5a9d285c40e2506c,Heikki Linnakangas,2022-02-16 09:22:44+02:00,Move code around in StartupXLOG().
b3a5d01c051b2a6579dc13af93a3dc3bebe8d051,Heikki Linnakangas,2022-02-16 09:22:41+02:00,Refactor setting XLP_FIRST_IS_OVERWRITE_CONTRECORD.
d231be00cbf29bf24e5b4fc79e587982bbc00ebb,Heikki Linnakangas,2022-02-16 09:22:34+02:00,Run pgindent on xlog.c.
27d195a57849fbcfb2ef455d40e1901b5002b505,Etsuro Fujita,2022-02-16 15:15:00+09:00,Doc: Update documentation for modifying postgres_fdw foreign tables.
7265dbffad7feac6ea9d373828583b5d3d152e07,Michael Paquier,2022-02-16 10:25:12+09:00,"Add TAP test to automate the equivalent of check_guc, take two"
853c6400bf5defda139dc36387ce761398011799,Heikki Linnakangas,2022-02-16 01:37:48+02:00,"Fix race condition in 028_pitr_timelines.pl test, add note to docs."
988ffc30637ce2b7c4ff984513f4695372602ce2,Peter Geoghegan,2022-02-15 15:16:19-08:00,"Update ""don't truncate with failsafe"" rationale."
3b0ee7f583dc347c4aecb57d35830d2f99956e5c,Tom Lane,2022-02-15 17:28:17-05:00,Ensure that length argument of memcmp() isn't seen as negative.
4c1a1a347a47df7c17b0fd212436ccbb896c47ca,Tom Lane,2022-02-15 17:17:28-05:00,"Ensure that the argument of shmdt(2) is declared ""void *""."
1f6e0ce3beb45f23e4774148bd654d915be8d611,Andres Freund,2022-02-15 13:52:40-08:00,docs: Work around bug in the docbook xsl stylesheets.
2523928b285b06242e0c669fadfc76d73bafdd66,Tom Lane,2022-02-15 12:57:44-05:00,Reject change of output-column collation in CREATE OR REPLACE VIEW.
4d373e05286daff05d7fd0f6e4ab7ff4e5304d81,Daniel Gustafsson,2022-02-15 11:35:17+01:00,Ensure that STDERR is empty in connect_ok tests
6538be9e1e412224c69f447d2b08342ba47ce9f1,Peter Eisentraut,2022-02-15 11:13:49+01:00,Fix XML namespace declarations
3279cef0727a0fd285f3f1f459a7094acff9f629,Heikki Linnakangas,2022-02-15 11:55:52+02:00,Add more logging to new 028_pitr_timelines.pl test.
797129e5910144a2a937b88e145874a15b83578a,Peter Eisentraut,2022-02-15 10:16:34+01:00,Remove IS_AF_UNIX macro
a59135a81aa781d126c48a516179e43dbb0d428a,John Naylor,2022-02-15 14:30:57+07:00,"Spell ""startup process"" with lower case in the documentation"
13d129333ee2cc936350cd257af4d0367a6099ac,Peter Eisentraut,2022-02-15 07:58:49+01:00,Add test case for trailing junk after numeric literals
73508475d69e90f98ebd9b7e1a5933a26a49c5e9,Peter Eisentraut,2022-02-15 07:44:26+01:00,Remove pg_atoi()
278cdea6b9d2993d1a819fbb28262236a72f6d02,Andres Freund,2022-02-14 21:53:36-08:00,Add isolation test for errors during logical slot creation.
a4e1deb42b378650aaa2bcb3897caad9fe895957,Michael Paquier,2022-02-15 13:41:40+09:00,Remove command checks in tests of pg_basebackup and pg_receivewal
a008496300110d1b5ab7cb29b67ac043a6999bdb,Michael Paquier,2022-02-15 11:46:55+09:00,Fix thinko with subdirectories generated by pg_upgrade for internal files
2f6501fa3c54bbe4568e3bcccd9a60d26a46b5ee,Andres Freund,2022-02-14 17:08:17-08:00,Move replication slot release to before_shmem_exit().
b45fa793406d6007a787c586c1960b1ffc2ef2fb,Peter Eisentraut,2022-02-14 23:07:35+01:00,Remove one use of pg_atoi()
cfc7191dfea330dd7a71e940d59de78129bb6175,Peter Eisentraut,2022-02-14 21:57:26+01:00,Move scanint8() to numutils.c
291ec6e45ebe1a87f930a250ad3c6672472b9b19,Tom Lane,2022-02-14 11:25:46-05:00,Suppress integer-overflow compiler warning for inconsistent sun_len.
fd2abeb7c2b285d0575eeb743744e3dca4f66323,Tom Lane,2022-02-14 10:56:19-05:00,Delete contrib/xml2's legacy implementation of xml_is_well_formed().
50e5bc582a4371a88218078a2c651d901bf87d96,Heikki Linnakangas,2022-02-14 11:33:57+02:00,Add test case for an archive recovery corner case.
1383d52faa47190460b4dde63b69c944f2860b72,Peter Eisentraut,2022-02-14 09:11:13+01:00,Add missing node support functions
37851a8b83d3d57ca48736093b10aa5f3bc0c177,Peter Eisentraut,2022-02-14 08:27:26+01:00,Database-level collation version tracking
9898c5e03c40c133a9a01d8b2b36cb7c990b30d5,Peter Eisentraut,2022-02-14 07:11:51+01:00,Improve correlation names in sanity tests
cba5b994c990bba8df9b8bb75f25ca40aef6b68b,Thomas Munro,2022-02-14 16:52:23+13:00,Use WL_SOCKET_CLOSED for client_connection_check_interval.
50e570a59e7f86bb41f029a66b781fc79b8d50f1,Thomas Munro,2022-02-14 16:52:23+13:00,Add WL_SOCKET_CLOSED for socket shutdown events.
5e01001ffb386aa6683fb65b918359f486625eb1,Amit Kapila,2022-02-14 08:55:58+05:30,WAL log unchanged toasted replica identity key attributes.
0052fb489008a68d0f3e0445f52e1ab3166632a4,Thomas Munro,2022-02-14 15:51:43+13:00,Track LLVM 15 changes.
b19a7e392a6ac2aa72f3556e6090bf010b858785,John Naylor,2022-02-14 09:07:09+07:00,Correct Makefile dependencies for catalog scripts
1d084fba1bd144538dfea22c322f1c148c821148,Michael Paquier,2022-02-14 10:40:34+09:00,"Add ./configure check for ""lz4"" command"
3f74daa8dfc634132ff7270212c57da5e316b001,Alexander Korotkov,2022-02-14 04:17:04+03:00,Fix memory leak in IndexScan node with reordering
c963e84fb8c8ec75bfdbe6a7a0857ccd1378baa0,Michael Paquier,2022-02-14 09:30:35+09:00,Make origin data initialization consistent other fields in 2PC header
994d76707a254da6d03e389fa46141371a99e4e1,Tom Lane,2022-02-13 19:20:56-05:00,"Fix misuse of ""const"" qualifier."
7e6124ca7d81f4767a44bae487226bc8b003ec31,Thomas Munro,2022-02-14 12:52:57+13:00,Remove REGRESS_OUTPUTDIR environment variable.
302612a6c74fb16f26d094ff47e9c59cf412740c,Tom Lane,2022-02-13 13:06:55-05:00,Silence minor compiler warnings.
f79c94f39df092dfe3371257140ec76bba40bfb6,Andres Freund,2022-02-12 19:38:06-08:00,ci: fix copy-paste mistake in 16eb8231d1b.
0a156058aa49f7d60628efdba1787524bc3f2940,Andres Freund,2022-02-12 15:53:30-08:00,ci: macos: align sysinfo_script to other tasks.
16eb8231d1b53d7eade7530cc5cd58c8409a3993,Andres Freund,2022-02-12 15:52:36-08:00,ci: Only use one artifact instruction for logs.
79b79dd57a9672903951aa0d879500818b32e2eb,Andres Freund,2022-02-12 15:52:36-08:00,ci: s/CCACHE_SIZE/CCACHE_MAXSIZE/.
b779d7d8fdae088d70da5ed9fcd8205035676df3,Tomas Vondra,2022-02-12 23:50:42+01:00,Fix skip-empty-xacts with sequences in test_decoding
faa189c932d51945b2285e277128b0f26b96afdd,Tom Lane,2022-02-12 14:00:09-05:00,Move libpq's write_failed mechanism down to pqsecure_raw_write().
335fa5a26029d8040ebf332fda3f900cc9da23f2,Tom Lane,2022-02-12 13:23:20-05:00,Fix thinko in PQisBusy().
52377bb81a2c0427d357bba71e7149de02d016ce,Michael Paquier,2022-02-12 12:53:59+09:00,"Revert ""Add TAP test to automate the equivalent of check_guc"""
efa4a9462a072b4cd6459058df274dd23022d0e2,Peter Geoghegan,2022-02-11 18:26:15-08:00,Consolidate VACUUM xid cutoff logic.
872770fd6ccf12596b9e26234df9a37cae083af2,Peter Geoghegan,2022-02-11 16:48:40-08:00,"Add VACUUM instrumentation for scanned pages, relfrozenxid."
80901b32913ffa59bf157a4d88284b2b3a7511d9,Tomas Vondra,2022-02-12 00:51:46+01:00,Add decoding of sequences to test_decoding
44fa84881fff4529d68e2437a58ad2c906af5805,Peter Geoghegan,2022-02-11 14:32:17-08:00,Simplify lazy_scan_heap's handling of scanned pages.
4eb2176318d0561846c1f9fb3c68bede799d640f,Thomas Munro,2022-02-12 10:21:23+13:00,"Fix DROP {DATABASE,TABLESPACE} on Windows."
e5691cc9170bcd6c684715c2755d919c5a16fea2,Tom Lane,2022-02-11 15:24:02-05:00,Don't use_physical_tlist for an IOS with non-returnable columns.
549ec201d6132b7c7ee11ee90a4e02119259ba5b,Daniel Gustafsson,2022-02-11 20:54:44+01:00,Replace Test::More plans with done_testing
751b8d23b788580bbff7463e3959f9a92a95b28a,Robert Haas,2022-02-11 09:41:42-05:00,pg_basebackup: Allow client-side LZ4 (de)compression.
dab298471ff2f91f33bc25bfb73e435d3ab02148,Robert Haas,2022-02-11 08:29:38-05:00,Add suport for server-side LZ4 base backup compression.
a745b936507f57334e2c0108dcea5965848e3e35,Tom Lane,2022-02-10 16:49:39-05:00,Make pg_ctl stop/restart/promote recheck postmaster aliveness.
ea09a75e1efe42318abfb8ece90ce70037201f59,Andrew Dunstan,2022-02-10 13:44:05-05:00,Use gendef instead of pexports for building windows .def files
0da92dc530c9251735fc70b20cd004d9630a1266,Tomas Vondra,2022-02-10 18:43:51+01:00,Logical decoding of sequences
0d4513b6138650355fcc981a9f34ff57b8d69db4,Robert Haas,2022-02-10 12:12:43-05:00,Remove server support for the previous base backup protocol.
d37776e451e3481d7364137a0b159102bb05992a,Tom Lane,2022-02-10 11:52:28-05:00,Make timeout.c more robust against missed timer interrupts.
9cd28c2e5f11dfeef64a14035b82e70acead65fd,Robert Haas,2022-02-10 10:48:33-05:00,Remove server support for old BASE_BACKUP command syntax.
6d503d2a47324c15c5b4274bf4dd016064143754,Daniel Gustafsson,2022-02-10 14:23:36+01:00,Set SNI ClientHello extension to localhost in tests
4c5c41b4d985c39a0aba5b637f61216206f18d33,Peter Eisentraut,2022-02-10 12:23:40+01:00,Remove unnecessary resetPQExpBuffer call
b9a3139397ff284cebc92fb008862ab902261883,Peter Eisentraut,2022-02-10 12:12:52+01:00,psql: Rename results to result when only a single one is meant
f5744f1d1e3588b4c782bcad44e8da9c056eb67f,Peter Eisentraut,2022-02-10 09:16:17+01:00,Update comment
400fc6b6487ddf16aa82c9d76e5cfbe64d94f660,Fujii Masao,2022-02-10 12:33:41+09:00,Add min() and max() aggregates for xid8.
adbd00f7a59bcfbcd6907858499c94a27c6680ed,Noah Misch,2022-02-09 18:16:59-08:00,"Use Test::Builder::todo_start(), replacing $::TODO."
0147fc7c8c92ee22910f40b1740425f43382bc95,Michael Paquier,2022-02-10 10:45:14+09:00,Fix typo in multixact.c
4567596316d186c6e61c72df013797266fcac2f7,Michael Paquier,2022-02-10 10:27:29+09:00,Reduce more the number of calls to GetMaxBackends()
f0cd9097cfac435ec18ab2595c81f13a14736758,Tom Lane,2022-02-09 17:06:21-05:00,Further tweaks for psql's new tab-completion logic.
c5f5b4dd4b5ccecd193550530ff483f16f95746b,Tom Lane,2022-02-09 14:24:54-05:00,Test honestly for <sys/signalfd.h>.
f48385c1327f1eaef134ad41b382041a79c5200a,Daniel Gustafsson,2022-02-09 15:36:46+01:00,Fix typo in archive modules docs
1a29217a00a34162ca0ffac336d83f28132330a6,Daniel Gustafsson,2022-02-09 14:12:55+01:00,Free temporary memory when reading TOC
cf29a11ef6467fbb4b246d2086f7eecb1cfa42db,Michael Paquier,2022-02-09 12:10:31+09:00,Retire src/backend/utils/misc/check_guc
b0a55f4d4ad58e4bc152f8c1696b4af46525e3f1,Michael Paquier,2022-02-09 10:15:26+09:00,Add TAP test to automate the equivalent of check_guc
d5c2a91e54cd083429dbb89113addf56bdac6a48,Tom Lane,2022-02-08 19:25:56-05:00,Remove ppport.h's broken re-implementation of eval_pv().
aa64f23b02924724eafbd9eadbf26d85df30a12b,Robert Haas,2022-02-08 15:53:19-05:00,Remove MaxBackends variable in favor of GetMaxBackends() function.
2da896182ce11240774af6c4d769777f90a09536,Tom Lane,2022-02-08 15:40:08-05:00,Rename create_function_N test scripts for clarity.
cc50080a828dd4791b43539f5a0f976e535d147c,Tom Lane,2022-02-08 15:30:38-05:00,Rearrange core regression tests to reduce cross-script dependencies.
ba15f16107bea8a93edc505f3013cd7df4ac90fc,Michael Paquier,2022-02-08 10:35:27+09:00,Add PostgreSQL::Test::Cluster::config_data()
f1ea98a7975e15cefdb446385880a2f55224ee7d,Alexander Korotkov,2022-02-07 23:20:42+03:00,Reduce non-leaf keys overlap in GiST indexes produced by a sorted build
42a9e88bf6a809e6023c9d50f58cc6b9446f229d,Michael Paquier,2022-02-07 14:19:52+09:00,Add (void) cast in front of rmtree() call at the end of pg_upgrade
38bfae36526636ef55daf7cf2a3282403587cb5b,Michael Paquier,2022-02-06 12:27:29+09:00,pg_upgrade: Move all the files generated internally to a subdirectory
cbadfc1f8aa76e5a46a20354d533d6c2171668d3,Tom Lane,2022-02-05 12:55:44-05:00,Doc: be clearer that foreign-table partitions need user-added constraints.
5e26aa641e8a4fbd0a56f79119b0d8f62dbd4ddc,Tom Lane,2022-02-05 11:59:29-05:00,"Test, don't just Assert, that mergejoin's inputs are in order."
b31e3f561365136b48d63e8561f32b697df16d1d,John Naylor,2022-02-04 10:53:24-05:00,Improve worst-case performance of text_position_get_match_pos()
807fee1a39de6bb8184082012e643951abb9ad1d,Thomas Munro,2022-02-04 16:16:10+13:00,"Track LLVM 14 API changes, up to 2022-01-30."
7f481b8d3884445b3839e402bf6d156e458ffeb6,Amit Kapila,2022-02-04 07:30:40+05:30,Improve invalidation handling in pgoutput.c.
00c360a89c1ab5ced2b07e2f531998fa6842f194,Robert Haas,2022-02-03 16:40:32-05:00,"In basic_archive tests, insist on wal_level='replica'."
5ef1eefd76f404ddc59b885d50340e602b70f05f,Robert Haas,2022-02-03 14:05:02-05:00,Allow archiving via loadable modules.
7c1aead6cbe7dcc6c216715fed7a1fb60684c5dc,Andres Freund,2022-02-03 10:44:26-08:00,"Fix compiler warning in non-assert builds, introduced in f862d57057f."
c1838b6f7a736aabca3482732490fd3ff3532fd3,Andrew Dunstan,2022-02-03 12:13:11-05:00,Authorize new user in pg_basebackup tests
94aa7cc5f707712f592885995a28e018c7c80488,Peter Eisentraut,2022-02-03 11:48:21+01:00,Add UNIQUE null treatment option
f862d57057fdc73e663fe09d8948ed06b1b71dd7,Etsuro Fujita,2022-02-03 15:15:00+09:00,Further fix for EvalPlanQual with mix of local and foreign partitions.
4b0e37faaf5ffe1552a07438323341c6394890da,Tom Lane,2022-02-02 23:01:56-05:00,Remove configure's check for rl_completion_append_character.
9d179d9c23b9d4cc1a4ffa02e4de79114de064d7,Bruce Momjian,2022-02-02 21:53:52-05:00,"doc:  clarify syntax notation, particularly parentheses"
f3feff825940972c0dcf1173f0a6a4ff43f8d382,Andres Freund,2022-02-02 18:33:25-08:00,windows: Improve crash / assert / exception handling.
6dcc18526673ec6cfa2fa286d2039ae85fb8eb9e,Andres Freund,2022-02-02 17:31:54-08:00,ci: windows: run tests under timeout.
d33a81203e95d31e62157c4ae0e00e2198841208,Tom Lane,2022-02-02 16:09:03-05:00,Improve psql tab-completion tests.
8e2b6d45a033287da7c8f63062129ea02d86d831,Robert Haas,2022-02-02 13:50:33-05:00,Fix server crash bug in 'server' backup target.
87669de72c2249e6aec84b8c27fdc3ffb7284e13,Peter Eisentraut,2022-02-02 11:58:55+01:00,Some cleanup for change of collate and ctype fields to type text
cb2bab14fff5b4e1c065b8546323f1a9fefc9611,Peter Eisentraut,2022-02-02 09:14:26+01:00,doc: Fix mistake in PL/Python documentation
4d7c3e34475a750d0529f5912deedc9b1a1eedd8,Thomas Munro,2022-02-02 16:11:00+13:00,Fix recovery conflict in 027_stream_regress.pl.
020258fbd30d37ddd03d0ec68264d1544f8d2838,Tom Lane,2022-02-01 17:05:09-05:00,Treat case of tab-completion keywords a bit more carefully.
a5a9d77b8b4ea636ca5f8ae115c00a031c94c56c,Tom Lane,2022-02-01 10:57:38-05:00,Doc: modernize documentation for lo_create()/lo_creat().
0526f2f4c38cb50d3e2a6e0aa5d51354158df6e3,John Naylor,2022-01-31 15:10:01-05:00,Fix missing undefine in sort_template.h
b426bd48ee3f5a6890038421f81df7ed919d73dc,Tom Lane,2022-01-31 13:53:38-05:00,Simplify coding around path_contains_parent_reference().
c10f830c511f0ba3e6f4c9d99f444d39e30440c8,Tom Lane,2022-01-31 12:05:37-05:00,Make canonicalize_path() more canonical.
c89f409749c35bf18fab8e025a34645dd925390c,Andres Freund,2022-01-30 16:42:14-08:00,"plperl: windows: Use Perl_setlocale on 5.28+, fixing compile failure."
d10e41d4238e7dcd23968230939c0c59cbcb41c2,Michael Paquier,2022-01-31 08:56:41+09:00,Introduce pg_settings_get_flags() to find flags associated to a GUC
02b8048ba5dc36238f3e7c3c58c5946220298d71,Tom Lane,2022-01-30 13:33:23-05:00,psql: improve tab-complete's handling of variant SQL names.
b3d7d6e462fce56ec68ca8dd5424f36f630c60f6,Alvaro Herrera,2022-01-30 12:25:24-03:00,Remove xloginsert.h from xlog.h
8e2e0f75869e47b3a429b1251b00b3d6d5861028,Tom Lane,2022-01-29 11:41:18-05:00,Fix failure to validate the result of select_common_type().
5ecd0183fb6afa4a07aad71ea0e08c70f64a42a9,Michael Paquier,2022-01-29 10:47:36+09:00,Fix comments about bgworker registration before MaxBackends initialization
bf42fcace5c510b3579469913ae4cbb2517861d5,Peter Geoghegan,2022-01-28 17:41:09-08:00,vacuumlazy.c: Rename state field for consistency.
dc084d7c730c93541a386851de9c62bd0e9a0c92,Michael Paquier,2022-01-29 10:22:42+09:00,Fix incorrect memory context switch in COPY TO execution
0d72d6b341f0d11674c7efb269f2d824c983c35d,Robert Haas,2022-01-28 16:15:58-05:00,Add bbstreamer_gzip.c to Mkvcbuild.pm.
95787e849b9c3cb047751400c8bc49a8bf0f4133,Alvaro Herrera,2022-01-28 17:08:40-03:00,Tab-complete ALTER PUBLICATION ADD TABLE with list of tables
82331ed4dd60ce1f8db67e189f793f27cd1aac96,Robert Haas,2022-01-28 14:13:54-05:00,Remove superfluous variable.
aeb4cc9ea07a63ecb4a230513620ceee855a839a,Robert Haas,2022-01-28 13:29:32-05:00,Move the code to archive files via the shell to a separate file.
7f6772317b4a4f9d30c25d1853571fca6d834f0c,Robert Haas,2022-01-28 12:31:40-05:00,Adjust server-side backup to depend on pg_write_server_files.
51891d5a95605c4e98324731b386345d89c5a71e,Robert Haas,2022-01-28 11:40:53-05:00,pg_basebackup: Cleaner handling when compression is multiply specified.
da505eafca81bc81c34f729521a42a093408cb92,Robert Haas,2022-01-28 09:02:18-05:00,Fix mistakes in commit d45099425eb19e420433c9d81d354fe585f4dbd6.
d45099425eb19e420433c9d81d354fe585f4dbd6,Robert Haas,2022-01-28 08:41:25-05:00,Allow server-side compression to be used with -Fp.
43f33dc018a4b77ced78a0a6df8ed5d450cfe5f4,Peter Eisentraut,2022-01-28 09:44:47+01:00,Add HEADER support to COPY text format
5553cbd4fe3eb177b3266ca4a7e80159323608c2,Peter Eisentraut,2022-01-28 09:13:11+01:00,Add some const decorations
9a50f2e51cf89889a08922b74dbe68486f20b760,Peter Eisentraut,2022-01-28 08:21:36+01:00,doc: Update ALTER COLLATION wording
eabcfd99ed27e5d21fee91fc7007678589081f58,Etsuro Fujita,2022-01-28 15:45:00+09:00,Fix typo in comment.
108505d763d12bc2d9d21697f57c331963aa12d1,Fujii Masao,2022-01-28 11:24:42+09:00,Prevent memory context logging from sending log message to connected client.
7340aceed72b522bfcbba70520b4c2435c35d2ba,Andres Freund,2022-01-27 14:49:57-08:00,Specify --host in 027_stream_regress.pl's pg_regress invocation.
8ee940843dfed6623b0a0d0b15080aa469116ce0,Robert Haas,2022-01-27 15:11:19-05:00,Avoid referencing Z_DEFAULT_COMPRESSION outside HAVE_LIBZ.
71cbbbbe80a43b1a89ce6eab56c780394425dc38,Robert Haas,2022-01-27 14:20:18-05:00,pg_basebackup: Add a dummy return to bbsink_gzip_new().
f192e1bdf3b247167207ae42f6bef81a7ce5e93b,Tomas Vondra,2022-01-27 20:13:55+01:00,Fix ordering of XIDs in ProcArrayApplyRecoveryInfo
c9cfc861fc871014f9f2fce477c8182fa13fc120,Peter Eisentraut,2022-01-27 18:31:01+01:00,Remove some trailing whitespace in documentation files
dabf63bc9a5b71f61c2c8712c85d33fdc06efa8c,Robert Haas,2022-01-27 11:05:48-05:00,pg_basebackup: Fix a couple of recently-introduced bugs.
acea505186e65dff33db69517d36a02c7b4f0283,Andrew Dunstan,2022-01-27 08:27:56-05:00,Improve msys2 detection for TAP tests
fefce9ef987ea00cd963f679223fdb9d381b9ec5,Peter Eisentraut,2022-01-27 09:23:50+01:00,psql: Add tab completion for ALTER COLLATION / REFRESH VERSION
54637508f87bd5f07fb9406bac6b08240283be3b,Peter Eisentraut,2022-01-27 08:54:25+01:00,Change collate and ctype fields to type text
9e283fc85d66f6e4d355c6996e863afb026866d4,Etsuro Fujita,2022-01-27 16:15:00+09:00,postgres_fdw: Fix handling of a pending asynchronous request in postgresReScanForeignScan().
ce6d79368efa8a553490b5b5962bc529d7de54cb,Noah Misch,2022-01-26 18:06:19-08:00,"On sparc64+ext4, suppress test failures from known WAL read failure."
2dbb7b9b2279d064f66ce9008869fd0e2b794534,Magnus Hagander,2022-01-26 09:58:59+01:00,Fix pg_hba_file_rules for authentication method cert
bd233bdd8dd95ea127a921998847724c44295736,Tom Lane,2022-01-25 18:52:44-05:00,"Replace use of deprecated Python module distutils.sysconfig, take 2."
e2217706619520fc70cb4fb41abf7535956e7bef,Tom Lane,2022-01-25 18:35:30-05:00,"Revert ""Temporarily add some information about python include paths to configure."""
e1f860f13459e186479319aa9f65ef184277805f,Robert Haas,2022-01-25 14:59:37-05:00,Tidy up a few cosmetic issues related to pg_basebackup.
f9a74c1498d25098606fc5c4621216d38a1cc57d,David Rowley,2022-01-25 21:10:03+13:00,Consider parallel awareness when removing single-child Appends
741bd3293389d451adb91190f84914a59142214f,Michael Paquier,2022-01-25 13:37:19+09:00,Improve errors related to incorrect TLI on checkpoint record replay
410aa248e5a883fde4832999cc9b23c7ace0f2ff,Michael Paquier,2022-01-25 09:40:04+09:00,"Fix various typos, grammar and code style in comments and docs"
c817a072aae8441a11d6a0336953ecd69dc548ba,Andrew Dunstan,2022-01-24 16:32:16-05:00,Unbreak pg_verifybackup/t/008_untar.pl on msys
e9d4001ec592bcc9a3332547cb1b0211e8794f38,Andrew Dunstan,2022-01-24 15:34:19-05:00,Add tests of the CREATEROLE attribute
6aa5186146f15f8b78749b52caee1eabb3a1aa92,Tom Lane,2022-01-24 15:33:38-05:00,Fix limitations on what SQL commands can be issued to a walsender.
0ad8032910d5eb8efd32867c45b6a25c85e60f50,Robert Haas,2022-01-24 15:13:18-05:00,Server-side gzip compression.
aa01051418f10afbdfa781b8dc109615ca785ff9,Robert Haas,2022-01-24 14:23:43-05:00,pg_upgrade: Preserve database OIDs.
4f0bcc735038e96404fae59aa16ef9beaf6bb0aa,Andrew Dunstan,2022-01-24 14:11:25-05:00,Unbreak pg_basebackup/t/010_pg_basebackup.pl on msys
3c06ec6d1412a6ebf05ee0566b5c05969f0b541f,Tom Lane,2022-01-24 12:09:46-05:00,Remember to reset yy_start state when firing up repl_scanner.l.
f032f63e727c1ab07603b3d1cd88d50f850d5738,Andres Freund,2022-01-23 23:30:40-08:00,Temporarily add some information about python include paths to configure.
9c86d9337eb0b9fdf7a8ce19d6044cc7ca0086fb,Andres Freund,2022-01-23 14:09:27-08:00,pg_basebackup: Skip a few more fsyncs if --no-sync is specified.
ac7df108cf32e11e4bd120898ed09bd58fa5b62c,Tom Lane,2022-01-23 13:54:24-05:00,pg_dump: avoid useless query in binary_upgrade_set_type_oids_by_type_oid
353708e1fb2d8b1a34f6da2c25d4bb6633cf4493,Tom Lane,2022-01-23 12:51:38-05:00,Clean up recent Coverity complaints.
dc43fc9b3aa3e0fa9c84faddad6d301813580f88,Tom Lane,2022-01-23 11:09:00-05:00,Suppress variable-set-but-not-used warning from clang 13.
7b65862e2280eafca00566ee44af2c1bbb143e9d,Tomas Vondra,2022-01-23 03:53:18+01:00,Correct type of front_pathkey to PathKey
6d554e3fcd6fb8be2dbcbd3521e2947ed7a552cb,Tomas Vondra,2022-01-23 03:16:31+01:00,Check syscache result in AlterStatistics
62e28097cebf99533bd0badd6f3c6ce9db9f1497,Tom Lane,2022-01-22 17:11:33-05:00,Remove useless inline marker.
4f02cbcb6839553c595efa3a2eb1c2a09557ef79,Tom Lane,2022-01-22 15:44:51-05:00,Doc: add cross-references between array_to_string and string_to_array.
d8fbbb925bdb8ca1c8eb8572192f4ee199f4d276,Tom Lane,2022-01-22 13:32:40-05:00,Flush table's relcache during ALTER TABLE ADD PRIMARY KEY USING INDEX.
1f655fdc39352c813a83a0a0f1e932af9ef2b6de,Tom Lane,2022-01-21 15:36:27-05:00,Fix race condition in gettext() initialization in libpq and ecpglib.
1fabec7d7c389181424fa7881632a415584ca7b7,Andres Freund,2022-01-21 11:22:55-08:00,fsync pg_logical/mappings in CheckPointLogicalRewriteHeap().
6c07f9ebce1579612c4ed9076159f9e942e50f9d,Etsuro Fujita,2022-01-21 17:45:00+09:00,postgres_fdw: Fix subabort cleanup of connections used in asynchronous execution.
237d1f317240b60b3fff698f4e9b184d1db83a6e,Michael Paquier,2022-01-21 14:54:04+09:00,Fix one-off bug causing missing commit timestamps for subtransactions
cfe7bd17e4fa987c9ba14add48ea58a41c45ccdb,Thomas Munro,2022-01-21 15:38:05+13:00,"Add new simple TAP test for tablespaces, attempt II."
5c649fe153367cdab278738ee4aebbfd158e0546,Michael Paquier,2022-01-21 11:08:43+09:00,Extend the options of pg_basebackup to control compression
512fc2dd790e3e7c35b3af8cd7586aeb25248c6e,Tom Lane,2022-01-20 17:32:21-05:00,"Revert ""Make configure prefer python3 to plain python."""
4fdbf9af5184d033f07010a1ab573fb329e7b8cd,Tom Lane,2022-01-20 17:28:07-05:00,Tighten TAP tests' tracking of postmaster state some more.
3500ccc39b0dadd1068a03938e4b8ff562587ccc,Robert Haas,2022-01-20 10:46:33-05:00,Support base backup targets.
f80900be06f784a6bda705800305c550e05d6edf,Andrew Dunstan,2022-01-20 10:13:18-05:00,Allow clean.bat to be run from anywhere
ab4fd4f868edb4a59302db52857f4fe7c8d81f42,Robert Haas,2022-01-20 09:01:12-05:00,Remove 'datlastsysoid'.
b700f96cffd91efbe93827d22c76b8f069809450,Thomas Munro,2022-01-20 23:10:40+13:00,"Try to stabilize reloptions test, again."
b99ccd2cb2178b62b613edaf427fda8deace5bbf,Peter Eisentraut,2022-01-20 09:50:18+01:00,Call pg_newlocale_from_collation() also with default collation
b2a76bb7d0550fbfdc028e5bda4853d05444398a,Michael Paquier,2022-01-20 16:54:47+09:00,doc: Mention the level of locks taken on objects in COMMENT
7a5f6b47488d824b1ea1326be4337e2c32325ff2,Jeff Davis,2022-01-19 14:58:49-08:00,Make logical decoding a part of the rmgr.
a3d6264bbce0ff7002be35a907b73b01e2e37f45,Tom Lane,2022-01-19 17:17:55-05:00,"interval_out() must be marked STABLE, not IMMUTABLE."
6c4a8903b93fa5ee088a282b2e8b79ad6571a853,Tom Lane,2022-01-19 16:29:09-05:00,"TAP tests: check for postmaster.pid anyway when ""pg_ctl start"" fails."
f201da39edcd6ac1ab9a3edf3e20e2a73bbbe69e,Tom Lane,2022-01-19 15:38:58-05:00,Make configure prefer python3 to plain python.
a7f4171071bbcdec79e8afa4cad1bc6951b098cc,Tom Lane,2022-01-19 12:36:49-05:00,Don't enable fsync in src/test/recovery/t/008_fsm_truncation.pl.
89f059bdf52cc9a86b890d42ceed92237123479e,Tom Lane,2022-01-19 12:31:15-05:00,Remove redundant memory context switches in BeginCopyFrom().
c330b75d9ccecd7ae3cc9716629a48b22235c509,Daniel Gustafsson,2022-01-19 14:48:25+01:00,Dynamically find correct installation docs in Makefile.
0f47e833bf6d96c1a2c5173c8e0f6c6cc30f9592,Robert Haas,2022-01-19 08:12:08-05:00,Fix alignment problem with bbsink_copystream buffer.
44129c04323e7252f9a4064278ab049966dc4499,Michael Paquier,2022-01-19 10:37:40+09:00,doc: Fix description of pg_replication_origin_oid() in error case
5987feb70b5bbb1fc4e64d433f490df08d91dd45,Tom Lane,2022-01-18 14:13:13-05:00,Make PQcancel use the PGconn's tcp_user_timeout and keepalives settings.
cc333f32336f5146b75190f57ef587dff225f565,Robert Haas,2022-01-18 13:47:49-05:00,Modify pg_basebackup to use a new COPY subprotocol for base backups.
3414099c338bf619c00dd82d96f29a9668a3bf07,Thomas Munro,2022-01-19 07:25:21+13:00,Try to stabilize the reloptions test.
dda42ff8e60541e9eb5ac21b79af32d914f408a8,Peter Eisentraut,2022-01-18 17:42:29+01:00,"Revert ""Replace use of deprecated Python module distutils.sysconfig"""
d14315084366584bffdca1e014cd44ee81408ceb,Peter Eisentraut,2022-01-18 16:53:41+01:00,Fix thinko in psql test
e0e567a106726f6709601ee7cffe73eb6da8084e,Peter Eisentraut,2022-01-18 06:37:02+01:00,Replace use of deprecated Python module distutils.sysconfig
d3f45323bbe734bff1f778bb819ce95b718d73ed,John Naylor,2022-01-17 22:53:50-05:00,Improve code clarity in epilogue of UTF-8 verification fast path
9007d4ea774edd815efeb0e0ef954127841beb2f,Tom Lane,2022-01-17 21:19:02-05:00,Fix psql \d's query for identifying parent triggers.
839f9636b374d67952fdb2b048f055393bc5a8f4,Andres Freund,2022-01-17 15:43:35-08:00,tests: Consistently use pg_basebackup -cfast --no-sync to accelerate tests.
c702d656a28386cf5f642206b495c66775afc4ea,Andres Freund,2022-01-17 15:35:11-08:00,heap pruning: Only call BufferGetBlockNumber() once.
35b2803cf29a39b1adaf55b8b376b965837e9c50,Thomas Munro,2022-01-18 08:07:29+13:00,Move 027_stream_regress.pl's output to tmp_check.
9a974cbcba005256a19991203583a94b4f9a21a9,Robert Haas,2022-01-17 13:40:27-05:00,pg_upgrade: Preserve relfilenodes and tablespace OIDs.
2131c049d338fcc41612b24b91eabe27163c3c61,Tom Lane,2022-01-17 13:30:04-05:00,Avoid calling gettext() in signal handlers.
f3f467b8f69b673fb73d15bf5ccd3a2027403d7b,Tom Lane,2022-01-17 12:52:44-05:00,Avoid calling strerror[_r] in PQcancel().
cf925936ecc031355cd56fbd392ec3180517a110,Peter Eisentraut,2022-01-17 13:59:46+01:00,Fix for new Boolean node
941460fcf731a32e6a90691508d5cfa3d1f8eeaf,Peter Eisentraut,2022-01-17 10:38:23+01:00,Add Boolean node
ca86a63d207aca1f52ff13a1ce13854681d1bbf9,Michael Paquier,2022-01-17 16:03:12+09:00,Fix typo in pg_dumpall.c
2158628864cfbc03c838834a46c193bde5807361,Michael Paquier,2022-01-17 14:51:46+09:00,"Add support for --no-table-access-method in pg_{dump,dumpall,restore}"
f47ed79cc8a0cfa154dc7f01faaf59822552363f,Thomas Munro,2022-01-17 16:34:55+13:00,"Test replay of regression tests, attempt II."
4c004dd520fcf262ba7a3f2b1f80a8aa6b56c8d0,Amit Kapila,2022-01-17 07:50:00+05:30,Consistently use the function name CreateCheckPoint in code and comments.
dc686681e0799b12c40f44f85fc5bfd7fed4e57f,Michael Paquier,2022-01-17 10:16:53+09:00,Introduce log_destination=jsonlog
6478896675660402171c97d6307e6e1519250025,Tom Lane,2022-01-16 16:39:26-05:00,Teach hash_ok_operator() that record_eq is only sometimes hashable.
fe75517443b7c38f5251d007d06321655ce6c0b6,Tom Lane,2022-01-16 14:59:20-05:00,Fix psql's tab-completion of enum label values.
ed48e3582e8447cb9969c366e46c82a56b7608cd,Tom Lane,2022-01-16 13:29:02-05:00,Clean up TAP tests' usage of wait_for_catchup().
269b532aef55a579ae02a3e8e8df14101570dfd9,Tomas Vondra,2022-01-16 13:38:01+01:00,Add stxdinherit flag to pg_statistic_ext_data
e701bdd2f042829402d96589cb16ae218967af73,Michael Paquier,2022-01-16 21:19:30+09:00,Update copyright notice to 2022 for recently-introduced TAP test
4483b2cf29bfe8091b721756928ccbe31c5c8e14,Tom Lane,2022-01-15 15:54:10-05:00,Remove standby_schedule and associated test files.
46cf109089e8b0eeb3370c0f482b0aaf0becaae0,Tom Lane,2022-01-15 15:47:00-05:00,Add simple test for physical replication of sequences.
20b9fa308ebf7d4a26ac53804fce1c30f781d60c,Tomas Vondra,2022-01-15 19:06:48+01:00,Build inherited extended stats on partitioned tables
74527c3e022d3ace648340b79a6ddec3419f6732,Fujii Masao,2022-01-15 11:22:24+09:00,Add tab-completion for CREATE FOREIGN TABLE.
36c4bc6e725fe3e9b5a6cc7f1f83010534f18e4b,Tomas Vondra,2022-01-15 02:20:54+01:00,Ignore extended statistics for inheritance trees
49c9d9fcfa9ae3403617b1a292f2425374219131,Peter Geoghegan,2022-01-14 16:50:34-08:00,Unify VACUUM VERBOSE and autovacuum logging.
0c53a6658e47217ad3dd416a5543fc87c3ecfd58,Thomas Munro,2022-01-15 02:16:07+13:00,"Revert ""Add new simple TAP test for tablespaces."""
dccee0f2b72648b8b3c42883a7d99210eb813f30,Thomas Munro,2022-01-15 00:44:32+13:00,"Revert ""Test replay of regression tests."""
123828a7fa563025d0ceee10cf1b2a253cd05319,Thomas Munro,2022-01-15 00:09:24+13:00,Test replay of regression tests.
d1511fe1b040853f6e10d353e56b42bb96ae239d,Thomas Munro,2022-01-15 00:09:24+13:00,Add new simple TAP test for tablespaces.
d6d317dbf6154b3d33fb53e1c3433f039b5d4d74,Thomas Munro,2022-01-15 00:09:24+13:00,Use in-place tablespaces in regression test.
7170f2159fb21b62c263acd458d781e2f3c3f8bb,Thomas Munro,2022-01-15 00:09:24+13:00,"Allow ""in place"" tablespaces."
c4cc2850f4d16092c2b7b39964c097260935a72c,Peter Eisentraut,2022-01-14 11:26:08+01:00,Rename value node fields
93415a3b5ac8d8a2951ca0db887d8a173b8630a0,Peter Eisentraut,2022-01-14 10:53:21+01:00,Refactor AlterRole()
bb42bfb5ccb5f138a8b7ad3549cfb05c0cc5187b,Andres Freund,2022-01-13 18:14:05-08:00,Assert redirect pointers are sensible after heap_page_prune().
18b87b201f73a1ffb1a2cf941789610e0da6e621,Andres Freund,2022-01-13 18:13:41-08:00,Fix possible HOT corruption when RECENTLY_DEAD changes to DEAD while pruning.
43c2175121c829c8591fc5117b725f1f22bfb670,Tom Lane,2022-01-13 17:49:46-05:00,Fix ruleutils.c's dumping of whole-row Vars in more contexts.
dfc0cb3940cd4d1f19fcf6c7545dc6cc01c6c92c,Andres Freund,2022-01-13 10:56:41-08:00,ci: windows: run initdb with --no-sync.
8a1ce5e54f6d144e4f8e19af7c767b026ee0c956,Andres Freund,2022-01-13 10:26:22-08:00,ci: windows: enable build summary to make it easier to spot warnings / errors.
5513dc6a304d8bda114004a3b906cc6fde5d6274,Michael Paquier,2022-01-13 16:17:21+09:00,Improve error handling of HMAC computations
379a28b56a927f7608892138d08f4d24e6cf0620,Fujii Masao,2022-01-13 12:17:33+09:00,"doc: Add ""(process)"" to the term ""WAL receiver"" in glossary."
87f29f4fcc4e53fe0331e338437edda1f1927530,Michael Paquier,2022-01-13 09:43:36+09:00,Fix incorrect comments in hmac.c and hmac_openssl.c
db6736c93cb844d245b726e7a262f2cdcd34612e,Peter Geoghegan,2022-01-12 15:41:04-08:00,Fix memory leak in indexUnchanged hint mechanism.
e9b873f667681232469007d755d0c163a63ea978,Peter Geoghegan,2022-01-12 14:13:35-08:00,"vacuumlazy.c: fix ""garbage tuples"" reference."
6b94e7a6da2f1c6df1a42efe64251f32a444d174,Tomas Vondra,2022-01-12 22:27:24+01:00,Consider fractional paths in generate_orderedappend_paths
025b920a3d45fed441a0a58fdcdf05b321b1eead,Alvaro Herrera,2022-01-12 16:24:26-03:00,Add index on pg_publication_rel.prpubid
134d9746364425e437a6d8eb1e2de0f3c59bfd2b,Tom Lane,2022-01-12 14:23:13-05:00,Include permissive/enforcing state in sepgsql log messages.
a18b6d2dc288dfa6e7905ede1d4462edd6a8af47,Peter Eisentraut,2022-01-12 10:39:57+01:00,ecpg: Catch zero-length Unicode identifiers correctly
bed6ed3de9b3e62d8c6ee034513d04d769091927,Michael Paquier,2022-01-12 15:03:48+09:00,Move any code specific to log_destination=csvlog to its own file
ac7c80758a7ad6369aefce7406f08c689144ec4b,Michael Paquier,2022-01-12 14:16:59+09:00,Refactor set of routines specific to elog.c
9a3d8e1886670ca3532687c5336d97965a79a084,Michael Paquier,2022-01-12 12:39:36+09:00,Fix comment related to pg_cryptohash_error()
af9e6331aeba149c93052c3549140082a85a3cf9,Thomas Munro,2022-01-12 10:19:00+13:00,Add missing include guard to win32ntdll.h.
6f6943fc94ada145c0af5f62f719abad73825e5b,Tom Lane,2022-01-11 14:22:00-05:00,Improve error message for missing extension.
98e93a1fc93e9b54eb477d870ec744e9e1669f34,Tom Lane,2022-01-11 13:46:20-05:00,Clean up messy API for src/port/thread.c.
7fa945b857cc1b2964799411f1633468826861ff,John Naylor,2022-01-11 12:56:26-05:00,Improve warning message in pg_signal_backend()
9cb5518b7ff69ab3bbc422313c69d54696fe8472,Tom Lane,2022-01-11 12:03:06-05:00,Clean up error message reported after \password encryption failure.
790fbda902093c71ae47bff1414799cd716abb80,Fujii Masao,2022-01-11 23:19:59+09:00,Enhance pg_log_backend_memory_contexts() for auxiliary processes.
85c61ba8920ba73500e1518c63795982ee455d14,Amit Kapila,2022-01-11 12:01:48+05:30,Update docs of logical replication for commit 8d74fc96db.
dbfa1022e4b63e71c4313f4d61a20ff97f2fb134,Amit Kapila,2022-01-11 10:50:18+05:30,Fix typo in rewriteheap.c.
b69aba74578adf58f48de0f21dceddc2d9f1c4b1,Michael Paquier,2022-01-11 09:55:16+09:00,Improve error handling of cryptohash computations
9ef2c655558bb1ec20c4f87850d9322420e35acb,Tom Lane,2022-01-10 11:46:16-05:00,Doc: fix bogus example about ambiguous timestamps.
90657b42bfd592d906989023886ff2875ff2ae95,Andrew Dunstan,2022-01-10 10:08:44-05:00,Avoid warning about uninitialized value in MSVC python3 tests
f3e78069db7f7a753ebfe1010b810e47e0d2aa9a,Thomas Munro,2022-01-11 00:04:33+13:00,Make EXEC_BACKEND more convenient on Linux and FreeBSD.
ee419607381dd9a8031f2bc226c742a3289b7f33,Peter Eisentraut,2022-01-10 09:37:43+01:00,Rename functions to avoid future conflicts
376ce3e404b75d267089c4bc6dc7c18d0b38728b,Tom Lane,2022-01-09 19:19:02-05:00,Prefer $HOME when looking up the current user's home directory.
6867f963e319934cbdafeb4bd5beaea5797c7be2,Tom Lane,2022-01-09 12:43:09-05:00,Make pg_get_expr() more bulletproof.
96a6f11c06252b046ca9a6ee1f581a2f5d599301,Jeff Davis,2022-01-08 20:07:16-08:00,More cleanup of a2ab9c06ea.
54b1cb7eb784a66680ee18f84e2c4e86fad59e82,Tom Lane,2022-01-08 14:54:39-05:00,Fix results of index-only scans on btree_gist char(N) indexes.
f1e90859cef3f48f45578390acf63c6f7fd61697,Jeff Davis,2022-01-08 09:27:43-08:00,"Fix pgperlcritic complaint, per buildfarm."
fe594abf7c22d721de322c7fd55b5b6a844bcda5,Michael Paquier,2022-01-08 16:44:45+09:00,Fix issues with describe queries of extended statistics in psql
a2ab9c06ea15fbcb2bfde570986a06b37f52bcca,Jeff Davis,2022-01-07 17:40:56-08:00,Respect permissions within logical replication.
d0d62262d34154965511cfda6b98609d27752d5a,Michael Paquier,2022-01-08 09:12:21+09:00,Fix thinko coming from 000f3adf
27b77ecf9f4d5be211900eda54d8155ada50d696,Bruce Momjian,2022-01-07 19:04:57-05:00,Update copyright for 2022
c3879a7b4c87344d804483234a7278a68e8248d9,Andrew Dunstan,2022-01-07 16:07:45-05:00,Allow MSVC .bat wrappers to be called from anywhere
825d95e8a8b266110d3d7eaa38a8f4abcf146a1a,Andrew Dunstan,2022-01-07 15:48:53-05:00,Skip install/test of pgcrypto on MSVC when not built with openssl
fb0745fa0d706d1519d6e55e93d1dcae27e12e4d,Michael Paquier,2022-01-07 16:05:31+09:00,Fix comment in fe-connect.c about PQping and pg_ctl
353aa01687b5dd582debdfe63871498cd522cbbd,Fujii Masao,2022-01-07 15:31:56+09:00,postgres_fdw: Add regression test for postgres_fdw.application_name GUC.
50e144193c779f3da3b4836fa00cf1ce64953543,Michael Paquier,2022-01-07 14:13:35+09:00,Add TAP tests for pg_basebackup with compression
000f3adfdc4336df83777eba86ce48f36cb6c6e9,Michael Paquier,2022-01-07 13:48:59+09:00,Refactor tar method of walmethods.c to rely on the compression method
7ead9925ff94cfc9c3237672b7d19d5cc1b27ef5,Tom Lane,2022-01-06 16:46:46-05:00,"Prevent altering partitioned table's rowtype, if it's used elsewhere."
328dfbdabd22e321bfe1f0547be71faca99a11e9,Tom Lane,2022-01-06 13:09:05-05:00,Extend psql's \lo_list/\dl to be able to print large objects' ACLs.
ee5822361dabf03300a24f60d57a968a654e1d46,Michael Paquier,2022-01-06 11:41:09+09:00,doc: Remove link to JSON support in the SQL specification
987db509ed35ad287c50a7eac381535830f03a29,Tom Lane,2022-01-05 18:18:44-05:00,"On second thought, remove regex.linux.utf8 regression test altogether."
72a3ebf235b52fdb715214027026f66a0ad7da4d,Tom Lane,2022-01-05 17:31:54-05:00,Enable routine running of regex.linux.utf8 regression test.
f4566345cf40b068368cb5617e61318da60676ec,Alvaro Herrera,2022-01-05 19:00:13-03:00,Create foreign key triggers in partitioned tables too
c2e8bd27519f47ff56987b30eb34a01969b9a9e8,Tom Lane,2022-01-05 13:30:07-05:00,Enable routine running of citext's UTF8-specific test cases.
6ce16088bfed97f982f66a9dc17b8364df289e4d,Michael Paquier,2022-01-05 10:27:07+09:00,Reduce relcache access in WAL sender streaming logical changes
913a03ec29abcb6c20e5941e5f3ac0578619cd3e,Tom Lane,2022-01-04 16:52:51-05:00,Remove redundant initialization of BrinMemTuple.
67a8cb5cbfffa9f104a5965a2152e5256dd2be2c,Alvaro Herrera,2022-01-04 13:21:23-03:00,Fix silly mistake in Assert
f66885bec0df509ee9b604a83c17dbd7eb9959b1,Alvaro Herrera,2022-01-04 13:01:05-03:00,Allow special SKIP LOCKED condition in Assert()
56a3e848c74730cde15278266b757f4262948763,Peter Eisentraut,2022-01-04 16:19:48+01:00,pg_dump: Refactor dumpDatabase()
dfe67c0e85a5a613f802f78641ccc1c48845076e,Tom Lane,2022-01-03 18:14:01-05:00,Tab completion: don't offer valid constraints in VALIDATE CONSTRAINT.
8a2e323f208557acbfdc911516e84ec017f5a6ca,Tom Lane,2022-01-03 16:12:11-05:00,Handle mixed returnable and non-returnable columns better in IOS.
9a3ddeb519e8d91b670fa923619b212a9670389c,Tom Lane,2022-01-03 15:42:27-05:00,"Fix index-only scan plans, take 2."
4b160492b9b8345747dfcad468eb89e9ccc0a876,Tom Lane,2022-01-03 14:05:03-05:00,Clean up error messages related to bad datetime units.
ba2bc4a7bace6db6657b4e550b11137e31e2f8dc,Tom Lane,2022-01-03 12:24:44-05:00,Use MaxLockMode symbol in more places.
9623d8999603dff84e7cb85caca2af82c5f67c8b,Alvaro Herrera,2022-01-03 10:48:48-03:00,Avoid using DefElemAction in AlterPublicationStmt
234ba62769990fcce52003b1b3f4fe2c521bb622,Michael Paquier,2022-01-03 17:34:45+09:00,pg_stat_statements: Remove obsolete comment
69872d0bbe64fcd67c4fb4c61e5c7bf6a3443a47,Magnus Hagander,2022-01-02 17:06:32+01:00,Fix typo
4ace456776524839ef3279ab0bad8a2c9f6cc2a7,Tom Lane,2022-01-01 16:12:03-05:00,Fix index-only scan plans when not all index columns can be returned.
