hash,author,date,msg
cb44a8345e7c248cf4158f2702fd9c9358399cfb,Tomas Vondra,2023-12-30 23:17:01+01:00,Fix parallel BRIN builds with synchronized scans
6c63bcbf3ccf555f02a8fd8b2acaf01a6e94cb97,Tomas Vondra,2023-12-30 23:15:04+01:00,Minor cleanup of the BRIN parallel build code
5632d6e18a8afd586a99f680eddddc38b4ead769,Heikki Linnakangas,2023-12-30 22:18:54+02:00,"Don't send ""cannot connect"" errors on invalid startup packet"
4710b67d4d35832223dc49ccc2ccc043dff53793,Peter Eisentraut,2023-12-30 20:18:23+01:00,pg_stat_statements: Add TAP test for testing restarts
742f6b3e6df980d7dafa4a18a165d285483d5f0e,Peter Eisentraut,2023-12-30 20:18:23+01:00,pg_stat_statements: Add coverage for entry_dealloc()
a740b213d4b4d3360ad0cac696e47e5ec0eb8864,Peter Eisentraut,2023-12-30 11:43:57+01:00,Add GUC backtrace_on_internal_error
9d49837d7144e27ad8ea8918acb28f9872cb1585,Peter Eisentraut,2023-12-29 23:54:40+01:00,"Follow-up fixes for ""Make all Perl warnings fatal"""
2c321ceaa904eb2722050abd35bf4eaea434c8b5,Jeff Davis,2023-12-29 11:26:10-08:00,Fix collate.windows.win1252 test.
c5385929593dd8499cfb5d85ac322e8ee1819fd4,Peter Eisentraut,2023-12-29 18:20:00+01:00,Make all Perl warnings fatal
7418767f11d11ca4003ed3e8e96296eabb2acfe1,Tom Lane,2023-12-29 10:57:11-05:00,"In pg_dump, don't dump a stats object unless dumping underlying table."
541e8f14a185495f814ae0a0876a0d0c4118833a,Peter Eisentraut,2023-12-28 17:25:47+01:00,Fix variable name and comment
f246c48ac4ac323152d3569bed1ccd571a5cc3d8,Michael Paquier,2023-12-28 20:09:12+09:00,doc: Mention AttributeRelationId in FDW validator function description
58054de2d0847c09ef091956f72ae5e9fb9a176e,Tom Lane,2023-12-27 15:55:46-05:00,Improve the implementation of information_schema._pg_expandarray().
6c361d323b908c0391e05d15afc01957db2e415b,Tom Lane,2023-12-27 13:52:01-05:00,Doc: specify aclitem syntax more clearly.
3f1fd416316cbb66de61ac1ac34839f025b0b242,Tom Lane,2023-12-27 13:05:19-05:00,Fix another incorrect data type choice from commit dc2123400.
390408ec08d338f36798ec063f81c5098596f8da,Peter Eisentraut,2023-12-27 17:39:10+01:00,Fix incorrect format placeholders
a7ebd82b9e50960cac59868fa1dd3cbe12de8c7b,Peter Eisentraut,2023-12-27 17:15:26+01:00,Fix a warning in Perl test code
98c6231d198a98b1c5ec9d400cd5593752fa9de9,Tom Lane,2023-12-27 11:02:53-05:00,Fix incorrect data type choices in some read and write calls.
da083b20f63739130dd65d8f0ca4a49b6db31cfe,Robert Haas,2023-12-27 08:45:23-05:00,Initialize variable to placate compiler.
7e6fb5da41d8ee1bddcd5058b7204018ef68d193,Alexander Korotkov,2023-12-27 14:35:08+02:00,Improvements and fixes for e0b1ee17dc
06b10f80ba4db745f21847520b07b4ffad814313,Alexander Korotkov,2023-12-27 14:21:49+02:00,Remove BTScanOpaqueData.firstPage
3e527aeeedb0bbbb2388365147ab00cd0f55dfc4,Peter Eisentraut,2023-12-27 10:48:01+01:00,pg_stat_statements: Add test coverage for pg_stat_statements_reset_1_7
3727b8d0e3f1fa7568f6a6f4378ce5a79daeb0d9,Peter Eisentraut,2023-12-27 10:48:01+01:00,pg_stat_statements: Add test coverage for pg_stat_statements_1_8()
7d7ef075d2b3f3bac4db323c2a47fb15a4a9a817,John Naylor,2023-12-27 13:31:54+07:00,Fix typo and case in messages
e0477837ce49d73c9f21a5e00143b741ce6e1f89,Alexander Korotkov,2023-12-27 03:57:57+02:00,Make replace_relid() leave argument unmodified
7d58f2342bd3d2f0474207b63a3a548c29e20a9e,Alexander Korotkov,2023-12-27 03:57:57+02:00,REALLOCATE_BITMAPSETS manual compile-time option
71a3e8c43ba8f3d026ae0cb2c2df27455ffdca76,Alexander Korotkov,2023-12-27 03:57:57+02:00,Add asserts to bimapset manipulation functions
059de3ca4766012743b4ff7c8e7193abb71f7189,Tom Lane,2023-12-26 17:57:48-05:00,Fix failure to verify PGC_[SU_]BACKEND GUCs in pg_file_settings view.
a46972e30ca7e15b667a47b57b42c9dd78bfaab8,Tom Lane,2023-12-26 17:03:02-05:00,Fix mistaken file name in plpython's meson recipe.
58c3151bbc045e8f575027f53c79e328381e7e61,Tom Lane,2023-12-26 16:16:37-05:00,Hide warnings from Python headers when using gcc-compatible compiler.
c4fe2e8220462a9688dba4380bda0ccb2ecaabb7,Peter Eisentraut,2023-12-26 21:33:57+01:00,Add meson NLS support for pg_combinebackup
f67a3d42688adf8045fe9bfaec699abbc6a33c83,Bruce Momjian,2023-12-26 15:31:50-05:00,doc:  add ISO 8601 extended format example using to_char()
bbf1f1340800da38625ea7034dca3c14c6431f64,Tom Lane,2023-12-26 14:37:46-05:00,Add empty placeholder LINGUAS file for pg_combinebackup.
d327f418d1e6aea1fee3105853ca5c9ef937ce1f,Peter Eisentraut,2023-12-26 20:13:11+01:00,Remove unused macro
231ff70f98e389dd510db86d3971b87e92c65d39,Michael Paquier,2023-12-26 18:54:36+09:00,Fix some translatable strings in pg_basebackup and pg_combinebackup
0eac3c798c2d223d6557a5440d7534317dbd4fa0,Amit Kapila,2023-12-26 10:31:50+05:30,Doc: Add missing pgoutput options.
bad0763a4d7be3005eae35d460c73ac4bc7ebaad,Tom Lane,2023-12-24 23:36:33-05:00,Fix erroneous -Werror=missing-braces on old GCC.
0a93f803f45f45f39473e2c61923c4b4777bc8a8,Alexander Korotkov,2023-12-25 01:33:34+02:00,Fix a comment for remove_self_joins_recurse()
b5fb6736ed3b6875e2a4ca39d33325147f535137,Alexander Korotkov,2023-12-25 01:33:26+02:00,Don't constrain self-join removal due to PHVs
8a8ed916f73f4f16e8eb3e0e30ac1201a7642fda,Alexander Korotkov,2023-12-25 01:33:08+02:00,Handle PlaceHolderVar case in replace_varno_walker
12915a58eec962f407a6c38ce2bf08a48dde57b5,Alexander Korotkov,2023-12-25 01:12:36+02:00,Enhance checkpointer restartpoint statistics
64e77b496af61ee31189ba69b40e785e11e9967f,Michael Paquier,2023-12-24 11:49:14+09:00,pgbench: Fix overflow in table populating when rows >= 2^31-1
da44ff312ea3b2868b8fab68944017cb56427709,Tom Lane,2023-12-23 11:50:33-05:00,"Set readline-relevant ENV vars in interactive_psql(), not caller."
3e2e0d5ad7fcb89d18a71cbfc885ef184e1b6f2e,Peter Eisentraut,2023-12-22 21:44:55+01:00,Set all variable-length fields of pg_attribute to null on column drop
e2b73f4a4de6c2df6a1e623ad06b42f1bb2471ad,Tom Lane,2023-12-22 13:32:15-05:00,Stop generating plain-text INSTALL instructions.
8ddf9c1dc020d569d3a0aa22e3269a64e8a4ef23,Andrew Dunstan,2023-12-22 13:56:27+00:00,Make win32tzlist.pl checkable again
8793c60051541c8df8dbe133cb9cf8138efe3b3f,Jeff Davis,2023-12-21 15:10:13-08:00,Initialize data directories with --lc-messages=C for tests.
ffc6ab9b56ae02a64349c8c6b59dd659dab5516a,Robert Haas,2023-12-21 16:03:03-05:00,Replace nonsense comment with a relevant one.
49f2194ed5c1f6274ac807fb033880aee0b0d1c3,Robert Haas,2023-12-21 15:36:17-05:00,Fix numerous typos in incremental backup commits.
ba08c10fcd7f58486e77166fa93e61ed59962da0,Tom Lane,2023-12-21 15:04:00-05:00,"pg_combinebackup didn't clean its tmp_check directory, either."
903737c5bf9431c2f983c87ac211082418341805,Tom Lane,2023-12-21 12:43:36-05:00,Avoid trying to fetch metapage of an SPGist partitioned index.
0590480132bf5db7383a90a29e7b3e29a2a4743a,Tom Lane,2023-12-21 11:50:41-05:00,pg_combinebackup's .gitignore file is incomplete.
a0ff37173d7d412d53bc299fc611068be3bc7060,Dean Rasheed,2023-12-21 12:55:22+00:00,Fix BEFORE ROW trigger handling in cross-partition MERGE update.
e557db106ef69413edb75c362191084ee73a0f55,Peter Eisentraut,2023-12-21 11:42:12+01:00,Fix prologue of get_partition_ancestors()
9ca6e7b9411e36488ef539a2c1f6846ac92a7072,Peter Eisentraut,2023-12-21 10:10:06+01:00,meson: Make gzip and tar optional
9aa374dcfb760746cd9ebe248dc68979c18849a5,Peter Eisentraut,2023-12-21 10:10:05+01:00,meson: Make sed optional
c161ab74f76af8e0f3c6b349438525ad9575683b,Michael Paquier,2023-12-21 10:19:17+09:00,Add PostgreSQL::Test::Cluster::advance_wal
bf6260b39da6ef34c7147d560c49f35d2bbf07c9,Masahiko Sawada,2023-12-21 10:09:38+09:00,Show isCatalogRel in several rmgr descriptions.
387aecc948ed2fa39e04f84d9eea086d32ebd42e,Andrew Dunstan,2023-12-20 22:37:57+00:00,Rename pgindent options
e6c56f2a9d45d2ee636bb94c93a4268c39a1ad18,Daniel Gustafsson,2023-12-20 23:07:44+01:00,doc: Fix typo in pg_combinebackup documentation
30e54d5c5d8fceb7287162c116961fa0627544f5,Daniel Gustafsson,2023-12-20 22:37:28+01:00,Fix unchecked return value from strdup
dc212340058b4e7ecfc5a7a81ec50e7a207bf288,Robert Haas,2023-12-20 09:49:12-05:00,Add support for incremental backup.
174c480508ac25568561443e6d4a82d5c1103487,Robert Haas,2023-12-20 08:42:28-05:00,Add a new WAL summarizer process.
00498b718564cee3530b76d860b328718aed672b,Michael Paquier,2023-12-20 15:07:55+09:00,Fix generation of distribution tarball
766571be16598b401b5527208847145edc6be1f4,Jeff Davis,2023-12-19 17:35:54-08:00,Additional write barrier in AdvanceXLInsertBuffer().
c3a8e2a7cb16d55e3b757934b538cb8b8a0eab02,Jeff Davis,2023-12-19 17:35:42-08:00,Use 64-bit atomics for xlblocks array elements.
1301c80b2167feb658a738fa4ceb1c23d0991e23,Michael Paquier,2023-12-20 09:44:37+09:00,Remove MSVC scripts
27f7f81e4c8d5d390ea212d13b65ada8e4a232cd,Michael Paquier,2023-12-20 08:39:54+09:00,basic_archive: Fix comments related to NO_INSTALLCHECK
aafc07c7a191bc807c77fe2a044006a5db07faba,Robert Haas,2023-12-19 15:24:31-05:00,Move src/bin/pg_verifybackup/parse_manifest.c into src/common.
47f01d727e3a271bbff7d2f9db838e81d27bd495,Robert Haas,2023-12-19 15:00:23-05:00,Fix brown paper bag bug in 5c47c6546c413d5eb51c1626070a807026e6139d.
7e1ce2b3de16dfbe1598cef060dfc8458522938a,Tom Lane,2023-12-19 11:12:16-05:00,Prevent integer overflow when forming tuple width estimates.
2a607fb822a2ad8f3a2cc714871283ad8cdf71c4,Peter Eisentraut,2023-12-19 14:58:47+01:00,Update comment for Cardinality typedef
e52e271b23005f27e997215617993c87629247f2,Daniel Gustafsson,2023-12-19 14:13:50+01:00,doc: Fix syntax in ALTER FOREIGN DATA WRAPPER example
3c080fb4fad3e1c1e34f74a7b84a443137adc9f2,Heikki Linnakangas,2023-12-19 12:11:47+02:00,Simplify newNode() by removing special cases
20847013642127e75ee4fe3ddb8228a1fb4b652f,Michael Paquier,2023-12-19 18:19:05+09:00,pageinspect: Fix failure with hash_bitmap_info() for partitioned indexes
a8dd62ef4959141e410278fd68b3d1821e0bbbaa,Michael Paquier,2023-12-19 15:20:39+09:00,pgstattuple: Fix failure with pgstathashindex() for partitioned indexes
c8bc807cf8bc741c83bc74553326856affee5a4f,Amit Kapila,2023-12-19 09:53:33+05:30,pgoutput: Raise an error for missing protocol version parameter.
8b965c549dc8753be8a38c4a1b9fabdb535a4338,Tom Lane,2023-12-18 12:46:10-05:00,compute_bitmap_pages' loop_count parameter should be double not int.
64b1fb5f03266f0ef4eef3ad2b7d97170bb05b78,Nathan Bossart,2023-12-18 10:53:32-06:00,Optimize pg_atomic_exchange_u32 and pg_atomic_exchange_u64.
0d1adae6f739273046705acaf5314384e8a73a18,Nathan Bossart,2023-12-18 10:34:33-06:00,Micro-optimize datum_to_json_internal() some more.
4908c5872059c409aa647bcde758dfeffe07996e,Thomas Munro,2023-12-18 15:01:50+13:00,Provide vectored variants of smgrread() and smgrwrite().
b7412e293b6b3bf9dd02596d6f6be456a0597d58,Tom Lane,2023-12-17 16:49:44-05:00,Doc: add a bit to indices.sgml about what is an indexable clause.
3c9d9acae0bc0cd2f905043cb1d581baec4622c4,Michael Paquier,2023-12-16 20:16:20+01:00,Refactor pgstat_prepare_io_time() with an input argument instead of a GUC
a6be0600ac3b71dda8277ab0fcbe59ee101ac1ce,Alvaro Herrera,2023-12-16 18:20:03+01:00,Remove useless LIMIT_OPTION_DEFAULT value from LimitOption
b485ad7f07c80efbfd47329f138f0fe3a5acf013,Thomas Munro,2023-12-16 17:51:21+13:00,Provide multi-block smgrprefetch().
59bd34c2fa02b005dc33190245b2bffc6a08c0b9,Tom Lane,2023-12-15 13:55:05-05:00,Fix bugs in manipulation of large objects.
0e917508b89dd21c5bcd9183e77585f01055a20d,Peter Eisentraut,2023-12-14 09:48:24+01:00,Fix typo
741fb0056eda5e7bd03deb0719121f88b4b9e34a,Daniel Gustafsson,2023-12-13 11:32:13+01:00,docs: Fix typo in pg_stat_statements documentation
8a7cbfce13d476a3e9782111c45a7b3335646ee4,Michael Paquier,2023-12-12 17:05:18+01:00,Prevent tuples to be marked as dead in subtransactions on standbys
c5962ad21a6e3119c9f63b5fbfbcfe663413d551,Daniel Gustafsson,2023-12-12 12:16:38+01:00,Fix typo in comment
871fe4917e1e92304bdcc2ab779de7416492c6de,Thomas Munro,2023-12-12 13:12:43+13:00,Provide vectored variants of FileRead() and FileWrite().
0c6be59f5e34f44b20d9ec3ffb58c1d9a0bf985e,Thomas Munro,2023-12-12 10:57:18+13:00,Provide helper for retrying partial vectored I/O.
baf7c93ed583949d837bc13f24a15a0efbcb1ae7,Thomas Munro,2023-12-12 09:46:46+13:00,Define unconstify() and unvolatize() for C++.
0a5c46a7a488f2f4260a90843bb9de6c584c7f4e,Tom Lane,2023-12-11 11:51:56-05:00,Be more wary about OpenSSL not setting errno on error.
d3fe6e90bab52b8cbf085cfad5e4da110a2cd373,Alvaro Herrera,2023-12-11 11:55:34+01:00,Simplify productions for FORMAT JSON [ ENCODING name ]
c7a3e6b46d38f880f42642df003796b9bf99c1a8,Michael Paquier,2023-12-11 11:49:02+01:00,Remove trace_recovery_messages
8d7d2197f31c1839db4726d1a12cb29016f4fa36,Amit Kapila,2023-12-11 08:50:43+05:30,Fix an undetected deadlock due to apply worker.
90834ceccd7298d4495c088fab85e6d87b9cb086,Peter Eisentraut,2023-12-10 07:46:06+01:00,"Remove some unnecessary includes of ""access/xlog_internal.h"""
aa210e0c121eb8f58c86d4fcc833a5a6fbb6f5a9,Peter Geoghegan,2023-12-08 15:37:53-08:00,Fix nbtree backward scan race condition comments.
dc3f9bc549d4cc8cb1d4030bdc94e788d70fdcfe,Nathan Bossart,2023-12-08 13:39:08-06:00,Micro-optimize JSONTYPE_NUMERIC code path in json.c.
867dd2dc8704e58636b8599f61ada3d83c7e6473,Jeff Davis,2023-12-08 11:16:01-08:00,Cache opaque handle for GUC option to avoid repeasted lookups.
c9c0589fda0edc46b8f5e7362b04636c0c4f0723,Peter Geoghegan,2023-12-08 11:05:17-08:00,Optimize nbtree backward scan boundary cases.
b437571714707bc6466abde1a0af5e69aaade09c,Tomas Vondra,2023-12-08 18:15:26+01:00,Allow parallel CREATE INDEX for BRIN indexes
dae761a87edae444d11a411f711f1d679bed5941,Tomas Vondra,2023-12-08 17:14:32+01:00,Add empty BRIN ranges during CREATE INDEX
00edb2061fcf288574b7b5c0be67fab71f7e136b,Daniel Gustafsson,2023-12-08 13:42:54+01:00,Don't clean initdb files on template creation failure
44913add91e789884e207f19c1d7ec067f23f6d5,Heikki Linnakangas,2023-12-08 13:19:37+02:00,Remove some unnecessary #includes of postmaster/interrupt.h
7db01fbcefbd95a7c97afa128fab59f4a09b3ff1,Alvaro Herrera,2023-12-08 11:58:58+01:00,Test that it works to RESET an invalid reloption
b31ba5310b5176402b60abc0454a033b1210ab75,Heikki Linnakangas,2023-12-08 09:47:15+02:00,Rename ShmemVariableCache to TransamVariables
15916ffb0468d0b1036ba661767fe6e1b5fb3ee8,Heikki Linnakangas,2023-12-08 09:46:59+02:00,Initialize ShmemVariableCache like other shmem areas
049ef3398d05c9dc8f48aa9a6d68440661cfeb87,Heikki Linnakangas,2023-12-08 09:16:21+02:00,Don't try to open visibilitymap when analyzing a foreign table
cd7f19da34684b7b12fdc08511c5ce7bebb09419,Thomas Munro,2023-12-08 16:09:03+13:00,Fix potential pointer overflow in xlogreader.c.
2cc2d02dd04ff01602f25c141d814ab46776ade4,Bruce Momjian,2023-12-07 21:35:50-05:00,doc:  clarify handling of ON CONFLICT with triggers
e5b8c4f68fa554b1db9951af579c70c2a4692e55,Michael Paquier,2023-12-08 10:36:23+09:00,Fix path of regress shared library in pg_upgrade test
c0fcf077708c99d64c86087eb567999cb85848e0,Bruce Momjian,2023-12-07 20:06:23-05:00,"doc, pg_upgrade: add vacuumdb w/ tips for generating quick stats"
5134e9d295f335b4ee9f8846f934e5593f65e881,Bruce Momjian,2023-12-07 19:43:04-05:00,doc:  FOR UPDATE / KEY / SHARE / KEY SHARE takes an table alias
651030a3d7b44e0f448f860f6cccc1b0eff26ac6,Bruce Momjian,2023-12-07 19:36:52-05:00,"doc, intagg:  fix one-to-many mention to many-to-many"
719b342d36ce9a049137817e93e6a18a711a40e4,Jeff Davis,2023-12-07 15:44:03-08:00,Shrink Unicode category table.
d16a0c1e2e3874cd5adfa9ee968008b6c4b1ae01,David Rowley,2023-12-07 21:28:24+13:00,Verify that attribute counts match in ExecCopySlot
d43bd090a8fee81fe88eb1e9e15e30d30ee130ed,Michael Paquier,2023-12-07 14:27:54+09:00,Improve some error messages with invalid indexes for REINDEX CONCURRENTLY
0bf62460bb9e86101d24e31e915c2e8922675296,Amit Kapila,2023-12-07 08:42:48+05:30,Fix issues in binary_upgrade_logical_slot_has_caught_up().
c426f7c2b36a5efd9bcef2a2dfcc559f7879cd84,Michael Paquier,2023-12-07 08:31:02+09:00,Fix assertion failure with REINDEX and event triggers
c2a465b2c94fb44211c350f73b5a11978d3b4536,Nathan Bossart,2023-12-06 17:16:57-06:00,Suppress -Wunused-result warning about write().
52e98d45023027de0fa8e4eee2d53e2c20185812,Peter Eisentraut,2023-12-06 10:11:36+01:00,Use signal-safe functions in signal handler
7636725b922c8cd68f21d040f3542d3bce9c68a4,Michael Paquier,2023-12-06 14:10:39+09:00,Fix compilation on Windows with WAL_DEBUG
bfc677c3bc31658957f601886352901fdd8c2811,Michael Paquier,2023-12-06 09:54:47+09:00,Apply filters to dump files all the time in 002_pg_upgrade.pl
824dbea3e41efa3b35094163c834988dea7eb139,Alexander Korotkov,2023-12-05 22:53:12+02:00,Add support for deparsing semi-joins to contrib/postgres_fdw
278eb13c48236c261ed4bab1cb4696321e346eb7,Robert Haas,2023-12-05 12:51:39-05:00,Rename pg_verifybackup's JsonManifestParseContext callback functions.
d463aa06a9a8c078c1a80ac14b65765b9e5b9ecd,Robert Haas,2023-12-05 12:17:49-05:00,Rename JsonManifestParseContext callbacks.
4d0cf0b05defcee985d5af38cb0db2b9c2f8dbae,Daniel Gustafsson,2023-12-05 15:54:59+01:00,Fix indentation
98e675ed7af95cb65a594ce730d42390e0118dcb,Daniel Gustafsson,2023-12-05 14:30:56+01:00,Fix incorrect error message for IDENTIFY_SYSTEM
b8ba7344e9eb9bb505a92900b2a59257ef718135,Alvaro Herrera,2023-12-05 12:43:24+01:00,Fix handling of errors in libpq pipelines
63c5df126abb7364b70dafe75fef576dd8eb0bbc,Amit Kapila,2023-12-05 09:10:06+05:30,Fix a random failure in 003_logical_slots.pl.
a86c61c9eefaba7dcf375cd60c875c871ed60945,Jeff Davis,2023-12-04 17:19:16-08:00,Optimize SearchPathCache by saving the last entry.
b14b1eb4da4c97afec24cf8956e842b98ebb2a51,Nathan Bossart,2023-12-04 11:55:18-06:00,Teach convert() and friends to avoid copying when possible.
e7c6efe305afff030b50fe6f792af48deff5cf3e,Heikki Linnakangas,2023-12-04 15:34:37+02:00,Remove now-unnecessary Autovacuum[Launcher|Worker]IAm functions
a3f76a3f7e3a670728e2e2bed45499c11acb2936,Alvaro Herrera,2023-12-04 14:00:51+01:00,Don't use pgbench -j in tests
457428d9e99b6bed6f3aabd596cb882564d1e207,Peter Eisentraut,2023-12-04 06:35:22+01:00,Remove unnecessary include of <math.h>
da67cb0a4487bfbf269de72de9d9252dfc80813d,Peter Eisentraut,2023-12-04 06:35:22+01:00,Remove unnecessary include of <sys/socket.h>
dffb2b478f54f4abdd0271bbab44d3f81d017648,Peter Eisentraut,2023-12-04 06:35:22+01:00,Remove unnecessary includes of <signal.h>
f21848de20130146bc8039504af40bd24add54cd,Michael Paquier,2023-12-04 09:53:49+09:00,Add support for REINDEX in event triggers
d78b6cbb602f5c36db3e267e2713b3aa22c815a5,Michael Paquier,2023-12-04 08:09:51+09:00,doc: Remove reference to trigger file regarding promotion
fd5e8b440dfd633be74e3dd3382d4a9038dba24f,Heikki Linnakangas,2023-12-03 16:39:18+02:00,Refactor how InitProcess is called
388491f1e5e63fe97c7cca26d18b64321973d423,Heikki Linnakangas,2023-12-03 16:38:54+02:00,Pass BackgroundWorker entry in the parameter file in EXEC_BACKEND mode
69d903367cdea188bf865f4edd72a186cda9e689,Heikki Linnakangas,2023-12-03 16:09:42+02:00,Refactor CreateSharedMemoryAndSemaphores
b19890d49d122257ddcdb7ab2c5038f5075906c1,Heikki Linnakangas,2023-12-01 22:30:08+02:00,Silence Valgrind complaint with EXEC_BACKEND
0d93ce31a584ff454f39df9f94f84376756e074b,Peter Eisentraut,2023-12-01 17:58:18+01:00,pgindent fix
a11c9c42ea3193ff7a977764788bda43ebb07b35,Peter Eisentraut,2023-12-01 16:05:41+01:00,Check collation when creating partitioned index
5b2dcead39904ae56e2c17cb5c7a14e6f255790c,Peter Eisentraut,2023-12-01 08:41:41+01:00,doc: Update info on information schema usage tables
f66fcc5cd616da8d81a2d2f9b80a9f080796f4b6,Amit Kapila,2023-12-01 10:22:13+05:30,Fix an uninitialized access in hash_xlog_squeeze_page().
aa11a9c14902b7bcb1d73533a0403dc50361112a,Andres Freund,2023-11-30 19:25:40-08:00,meson: Stop using deprecated way getting path of files
3b51265ee30784880fb2652051a4066ab9f9f90e,Thomas Munro,2023-12-01 15:18:51+13:00,Adjust obsolete comment explaining set_stack_base().
f93133a250c62d4dcda4298296fca759a8779621,Heikki Linnakangas,2023-12-01 01:00:03+02:00,"Print lwlock stats also for aux processes, when built with LWLOCK_STATS"
ae2ccf66a261caac9701986597e3f29188f890d6,Alexander Korotkov,2023-11-30 13:46:23+02:00,Fix typo in 5a1dfde8334b
b3efa270b5192f0c72dc26f0ea1bc795ad8516c3,Daniel Gustafsson,2023-11-30 10:56:53+01:00,Fix spelling and punctuation
c3f4a84481b6a8d84b1928165a7bf459e5304ed8,Daniel Gustafsson,2023-11-30 10:56:51+01:00,Add missing file to nls Makefile
17935e1fdf0aff083347b4b2d6268d945041d188,Daniel Gustafsson,2023-11-30 10:56:48+01:00,Fix array subscript warnings
b589f211e025eb66f7c9e5a0b0cc23cc6fff3605,Alexander Korotkov,2023-11-30 11:34:45+02:00,Fix warning due non-standard inline declaration in 4ed8f0913bfdb5f355
095d109ccd76ca4c46c4ea2be30d63d70361c5f9,John Naylor,2023-11-30 15:25:57+07:00,Remove redundant setting of hashkey after insertion
489ca33081c8f590a314d4a09d9bee56a81f1a85,Peter Eisentraut,2023-11-30 07:27:17+01:00,meson: Improve/fix Python version selection
e255b646a16b45823c338dadf787813fc9e191dc,Masahiko Sawada,2023-11-30 14:29:48+09:00,Add tests for XID wraparound.
a243569bf65c5664436e8f63d870b7ee9c014dcb,Michael Paquier,2023-11-30 14:19:29+09:00,doc: Mention how to use quotes with GUC names in error messages
8d9978a7176a2805a8188605de3c16ffc914dc8a,Michael Paquier,2023-11-30 14:11:45+09:00,Apply quotes more consistently to GUC names in logs
334f512f45ebc946ca1a5aa51808b4447f6384a0,Masahiko Sawada,2023-11-30 14:08:34+09:00,Add option to specify timeout seconds to BackgroundPsql.pm.
a1827568d22fba9e33044b8cfc5eb19e55ad5488,Peter Eisentraut,2023-11-30 06:00:44+01:00,Remove unused macro
7e5f5177996150bf3845562d00d41d1e1847d7e3,Peter Eisentraut,2023-11-30 05:34:28+01:00,"Improve ""user mapping not found"" error message"
3e36e48d8efecea9f2c991c0341e567af2eb363a,Amit Kapila,2023-11-30 09:31:21+05:30,Fix a test in 003_logical_slots.
5abff2aaa1ab968cccbb76823e089b790912d21f,Masahiko Sawada,2023-11-30 11:23:00+09:00,Fix wrong description of BackgroundPsql's timeout.
f99dd98242d41fd33a93c913430cc431b7baa8e2,Masahiko Sawada,2023-11-30 10:14:17+09:00,Fix BackgroundPsql's set_query_timer_restart() issue without argument.
03749325d16c4215ecd6d6a6fe117d93931d84aa,Daniel Gustafsson,2023-11-29 14:56:26+01:00,Fix typo in comment
a5cf808be55bcc68c3917c380f95122436af1be1,Daniel Gustafsson,2023-11-29 14:56:24+01:00,Read include/exclude commands for dump/restore from file
15c9ac3629936a9bb5010155d3656e913027ccb7,Thomas Munro,2023-11-29 17:19:25+13:00,Optimize pg_readv/pg_pwritev single vector case.
a60b8a58f435c44fc54e904cb05784b49dc04d0e,Alexander Korotkov,2023-11-29 01:44:01+02:00,Add SLRU tests for 64-bit page case
5a1dfde8334b25e19bf4b3aa75274c547a3aa30f,Alexander Korotkov,2023-11-29 01:43:36+02:00,Make use FullTransactionId in 2PC filenames
2cdf131c46e631addfc386f6106e52a1b8cc3a70,Alexander Korotkov,2023-11-29 01:41:48+02:00,Use larger segment file names for pg_notify
4ed8f0913bfdb5f3551de3c27fc2c2e880abc5a2,Alexander Korotkov,2023-11-29 01:40:56+02:00,Index SLRUs by 64-bit integers rather than by 32-bit integers
a916b47e23290ca24ffd083e5128d994f62966f6,Tom Lane,2023-11-28 13:32:15-05:00,Clean up usage of bison precedence for non-operator keywords.
c82207a548db47623a2bfa2447babdaa630302b9,Tom Lane,2023-11-28 12:34:03-05:00,"Use BIO_{get,set}_app_data instead of BIO_{get,set}_data."
10a59925a378bd67aa3834c842dad19de9c5e4c0,Heikki Linnakangas,2023-11-28 14:15:14+02:00,Fix comment about ressortgrouprefs being unique in setop plans.
f36b63623db60e16b910658d6fde6b7931e0ac46,Michael Paquier,2023-11-28 19:44:13+09:00,Remove more statements from stats.sql
60f227316c0ebf5f4f8296f11cedc9360e9cb8ae,Heikki Linnakangas,2023-11-28 12:00:14+02:00,Fix assertions with RI triggers in heap_update and heap_delete.
cd342474890f31a7364c0d1161334546822b639c,Dean Rasheed,2023-11-28 09:50:17+00:00,psql: Add tab completion for view options.
a9a8108411e49c81316a9aba848a7f9ad3d3e939,Michael Paquier,2023-11-28 13:18:59+09:00,Remove test for pg_stat_reset_shared() in stats.sql
5ad49322e50459444b201e624d5df706751c9d41,Michael Paquier,2023-11-28 08:40:08+09:00,Fix comment in tableam.h about GetHeapamTableAmRoutine()
14f2f9eb1a15f234f1ef417b8e62a6b7f950be4d,Michael Paquier,2023-11-28 08:35:50+09:00,Add CHECK_FOR_INTERRUPTS() in scram_SaltedPassword() for the backend
930d2b442ff12e6d466a8c62cecdf3f17680aa3e,David Rowley,2023-11-28 10:41:12+13:00,Don't use bms_membership() in cases where we don't need to
75680c3d805e2323cd437ac567f0677fdfc7b680,Nathan Bossart,2023-11-27 13:10:09-06:00,Retire a few backwards compatibility macros.
8a553f2aed8dfe6cb8cdd0fe78e01b19d4138b35,Alvaro Herrera,2023-11-27 19:18:03+01:00,Fix CREATE INDEX CONCURRENTLY example
a82ee7ef3aacc2073d3ef5f4b7e5067fa08ea76c,Tomas Vondra,2023-11-27 16:53:06+01:00,Check if ii_AmCache is NULL in aminsertcleanup
1f395354d8742d57c166104874114b6e0d01e104,Heikki Linnakangas,2023-11-27 17:42:39+02:00,Reduce rate of walwriter wakeups due to async commits.
360392fa2a9bb74338b4864790d18eadb13fd8a8,Amit Kapila,2023-11-27 08:49:55+05:30,Avoid unconditionally filling in missing values with NULL in pgoutput.
dc9f8a798307244d791b71f666f50de319799e7c,Alexander Korotkov,2023-11-27 02:52:17+02:00,Track statement entry timestamp in contrib/pg_stat_statements
6ab1dbd26bbf307055d805feaaca16dc3e750d36,Alexander Korotkov,2023-11-27 02:52:17+02:00,Add NOT NULL checking of pg_stat_statements_reset() in tests
01eca6a913c4997c17e1569898f14cf611bff647,Michael Paquier,2023-11-27 09:40:44+09:00,Fix race condition with BIO methods initialization in libpq with threads
bc3c8db8ae2f899cfd65edce99fe9cf65caf1ed7,Alexander Korotkov,2023-11-27 01:32:17+02:00,Display length and bounds histograms in pg_stats
441c8a31349105590e778fe7dd1db0d0c89299df,Alexander Korotkov,2023-11-27 01:32:17+02:00,Update comments for pg_statistic catalog table
3558f120f8697e63d97145706151778bb176ba7b,Tom Lane,2023-11-26 16:40:24-05:00,Doc: list AT TIME ZONE and COLLATE in operator precedence table.
b2caf7c0e1ebada614b6aa3004d826080a07e7e4,Tomas Vondra,2023-11-26 21:35:32+01:00,Fix brin.c indentation issues introduced by c1ec02be1d
86b64bafc19c4c60136a4038d2a8d1e6eecc59f2,Peter Eisentraut,2023-11-25 22:31:26+01:00,Use fipshash in brin_multi test
c1ec02be1d79eac95160dea7ced32ace84664617,Tomas Vondra,2023-11-25 20:27:28+01:00,Reuse BrinDesc and BrinRevmap in brininsert
6ec8262a02a84470a6a5c936e51f6cb641cebce1,Bruce Momjian,2023-11-25 11:04:46-05:00,C comment:  add header to pg_test_fsync.c
8d981341a552e31244f2e9992e143b56bf0292fc,Bruce Momjian,2023-11-25 10:48:18-05:00,C comment:  clarify that WAL files can be _recycled_ or removed
79588d3c8d08b8653dfc523d6ae5168652c6ff8a,Bruce Momjian,2023-11-24 22:36:23-05:00,"Use SECS_PER_HOUR macro in tzparser.c, instead of constants"
9890a855ae82d2185c6dcd98f0071a0c889cacc3,Bruce Momjian,2023-11-24 22:02:07-05:00,doc:  gin_page_opaque_info() must be a _compressed_ GIN page
712dc2338b23196edd94619f43f24d23139cc0a9,Bruce Momjian,2023-11-24 20:07:34-05:00,"doc:  improve ALTER TABLE ""offical constraint"" wording"
798394c6ccdada517c3508047a865d9994bfe25f,Tom Lane,2023-11-24 20:02:56-05:00,Doc: un-break PDF build.
1a0796b9279b1cbbb3d1ede9b06d930d49e57a6c,Tom Lane,2023-11-24 20:02:56-05:00,gitignore generated file targets-meson.sgml.
344afc77690b4cef2605420d67c1d1ceb28760cc,Bruce Momjian,2023-11-24 19:44:09-05:00,modify segno. for pg_walfile_name() and pg_walfile_name_offset()
5c4c7efaddd4ddd70176dadf3097efcacf811adf,Bruce Momjian,2023-11-24 18:01:56-05:00,doc:  remove documentation for deprecated @@@ operator
49d7e713d93033f6b8c8b37e8bb2a8362c2dec52,Bruce Momjian,2023-11-24 17:56:28-05:00,doc:  mention vacuum's removal of commit timestamp information
6631363a5992a81d7bbcecaba68886564ad701ba,Thomas Munro,2023-11-25 10:43:39+13:00,Fix whitespace.
262454be9a62d69d7523c0c88c7d07d5971a0fa0,Thomas Munro,2023-11-25 09:50:20+13:00,Improve comments about pqsignal().
48b5aa31437a161356fb8ec820b81b7b67cf04c2,Bruce Momjian,2023-11-24 14:36:00-05:00,doc:  add docs for age(xid) and mxid_age(xid)
d053a879bb360fb72c46de2a013e741d3f7c9e8d,Tom Lane,2023-11-23 13:30:18-05:00,Fix timing-dependent failure in GSSAPI data transmission.
50c67c2019ab9ade8aa8768bfe604cd802fe8591,Heikki Linnakangas,2023-11-23 13:31:36+02:00,Use ResourceOwner to track WaitEventSets.
414e75540f058b23377219586abb3008507f7099,Bruce Momjian,2023-11-22 23:41:15-05:00,C comment:  fix typos with unnecessary apostrophes
1db5300015a778f51a26a8a0614fe7fcb6323c17,Bruce Momjian,2023-11-22 16:40:10-05:00,doc:  remove double-negative in REFRESH MATERIALIZED ... CONCURR
eeb0ebad79d9350305d9e111fbac76e20fa4b2fe,Amit Kapila,2023-11-22 11:44:14+05:30,Fix the initial sync tables with no columns.
ff68cc6f3bf08546802216e0b9d28ad1d4be7e70,Amit Kapila,2023-11-22 08:39:24+05:30,Stop the search once the slot for replication origin is found.
cf359a053524210099c413099f36004c62ebcee0,Bruce Momjian,2023-11-21 20:09:20-05:00,"doc: FreeBSD uses camcontrol identify, not atacontrol, for cache"
2f30226624b0645913ea832c15b10b0de43bc7c4,Michael Paquier,2023-11-22 09:32:06+09:00,Fix query checking consistency of table amhandlers in opr_sanity.sql
3af101ce8be8eeb0e8adc61e293b5d12989f68be,Bruce Momjian,2023-11-21 15:32:25-05:00,doc:  vacuum_cost_limit controls when vacuum_cost_delay happens
afc3b0143c89405540461f306137ab6a9671c3bb,Alvaro Herrera,2023-11-21 16:10:27+01:00,Remove unneeded assignments in for loop header
24ea53dcfab7fe463c0cf56095e9fe5d23cdb748,Alvaro Herrera,2023-11-21 14:55:29+01:00,Avoid overflow in fe_utils' printTable()
e83aa9f92fdd88c2912cc43a61fd9f59f4c8f4d3,Michael Paquier,2023-11-21 13:55:01+09:00,Simplify some logic in CreateReplicationSlot()
7c3fb505b14e86581b6a052075a294c78c91b123,Amit Kapila,2023-11-21 07:59:53+05:30,Log messages for replication slot acquisition and release.
07cb29737a4ea9bd28e436eecb4016c3202e3928,Andres Freund,2023-11-20 17:46:40-08:00,"meson: Document build targets, add 'help' target"
6614cfb43c8281feef5c4563ddc36ab04914014e,Andres Freund,2023-11-20 17:46:40-08:00,meson: Add 'world' target
9e5b2a091fd0d672b7b2ff8afcfc9e9a6e9a5ac8,Andres Freund,2023-11-20 17:46:40-08:00,docs: meson: Change what 'docs' target builds
ddcab2a0329511e8872b62f2c77e5fa33547c277,Andres Freund,2023-11-20 17:46:40-08:00,"meson: docs: Add {html,man} targets, rename install-doc-*"
ad57c2a7c58665c14236a999435d37ba59eb7fc4,Jeff Davis,2023-11-20 15:53:42-08:00,Optimize check_search_path() by using SearchPathCache.
8efa301532c8c93938e04451a74754c91b0b760d,Jeff Davis,2023-11-20 15:36:07-08:00,Be more paranoid about OOM in search_path cache.
3650e7a3933166b40f7f9043bd91f45d3467c74d,Michael Paquier,2023-11-20 09:14:53+09:00,Prevent overflow for block number in buffile.c
28f84f72fbafe3bef675d3a176eb53177f4a9433,Tomas Vondra,2023-11-19 21:03:38+01:00,Lock table in DROP STATISTICS
b218fbb7a35fcf31539bfad12732038fe082a2eb,Dean Rasheed,2023-11-18 14:41:20+00:00,Guard against overflow in interval_mul() and interval_div().
4bc8f29088f8a2e9c89e6c0819337c4c8bf5f20a,Dean Rasheed,2023-11-18 12:41:23+00:00,doc: improve description of privileges for MERGE and update glossary.
823eb3db1c50a6b8a89ebedc1db96b14de140183,Andres Freund,2023-11-17 16:29:48-08:00,meson: Fix missing dependency from install-quiet to sepgsql.sql
b282fa88df78a05643d2df84a2b8e81cd9c1705d,Jeff Davis,2023-11-17 13:58:16-08:00,simplehash: preserve consistency in case of OOM.
a268a51de692c462e641a58ac842bbb0ac1e43ea,Andres Freund,2023-11-17 13:54:30-08:00,"docs: Fix standalone INSTALL, broken in 06c70849fb2"
8127e6e8ada675f5212e8ffac8cfb9ebaa0fe845,Bruce Momjian,2023-11-17 16:47:04-05:00,doc:  update query section to show LIMIT/OFFSET like SELECT
b2e237afddc56a4826121169a693412d8683d940,Andres Freund,2023-11-17 12:46:55-08:00,Release lock on heap buffer before vacuuming FSM
f7816aec23eed1dc1da5f9a53cb6507d30b7f0a2,Tom Lane,2023-11-17 14:36:23-05:00,"Extract column statistics from CTE references, if possible."
06c70849fb26ac431a722b1d10cffe1c65e728a4,Andres Freund,2023-11-17 10:23:02-08:00,docs: Document --with-selinux/-Dselinux options centrally
c04f3de3dca3b54e16d7774885c8b64f90ca259b,Andres Freund,2023-11-17 10:23:02-08:00,meson: Change default of 'selinux' feature option to auto
3c44e7d8d4fe3381736c4b4daff4be5ff3d1466e,Peter Eisentraut,2023-11-17 17:58:39+01:00,Allow tests to pass in OpenSSL FIPS mode (rest)
8d5573b92e66075c20f327d93d46a24095739a58,Tom Lane,2023-11-17 11:29:46-05:00,Don't specify number of dimensions in cases where we don't know it.
284cbaea7c4b89ce8685a148baeaf1d7896a900e,Peter Eisentraut,2023-11-17 16:52:46+01:00,Allow tests to pass in OpenSSL FIPS mode (TAP tests)
795592865c96b58016a883ac6390c985f140918d,Peter Eisentraut,2023-11-17 14:55:51+01:00,pgcrypto: Allow tests to pass in OpenSSL FIPS mode
b1e5c9fa9ac4399895bf312398c5d441baba0c3b,Michael Paquier,2023-11-17 11:20:53+09:00,Change logtape/tuplestore code to use int64 for block numbers
c99c7a4871187a8bcf717147ff08e05a49e678d5,Michael Paquier,2023-11-17 10:46:50+09:00,Remove NOT_USED BufFileTellBlock() from buffile.c
3af0d17acef7538c5605afa5dd7929cfd7e38d9e,Peter Eisentraut,2023-11-16 16:16:07+01:00,pgcrypto: Split off pgp-encrypt-md5 test
743ddafc7124604c1f59b5d9f661be47a987a8d0,Tom Lane,2023-11-16 10:05:14-05:00,Ensure we preprocess expressions before checking their volatility.
bc15a126bbab99aa12fe7138131c12d3674e2c94,Peter Eisentraut,2023-11-16 08:14:33+01:00,Explicitly skip TAP tests under Meson if disabled
2e8a0edc2a3321582d5da65690b0371654c7a44f,Michael Paquier,2023-11-16 15:41:34+09:00,"Add target ""slru"" to pg_stat_reset_shared()"
816f10564a8671918e170a547625584d10587cf4,Michael Paquier,2023-11-16 09:44:29+09:00,psql: Add some completion support for CREATE TABLE .. AS
69c32b8b3535f7f367cca90a09d9557d575b270c,Nathan Bossart,2023-11-15 15:04:18-06:00,Fix fallback implementation for pg_atomic_test_set_flag().
6a72c42fd5af7ada49584694f543eb06dddb4a87,Nathan Bossart,2023-11-15 13:42:30-06:00,Retire MemoryContextResetAndDeleteChildren() macro.
83267b15bf0dffa6e1096608bda95b8488048bb9,Tom Lane,2023-11-15 13:59:54-05:00,src/test/modules/test_dsa needs a .gitignore file.
83b4326e6098a057d3931619e387d59844e70aed,Daniel Gustafsson,2023-11-15 14:07:00+01:00,doc: align column order with pg_stat_statements view
c21e6e2fd48cdcfe7d01eed243d576c722ef8de5,Heikki Linnakangas,2023-11-15 11:03:49+01:00,Clear CurrentResourceOwner earlier in CommitTransaction.
325f54033e59499cfc087932f68eec5356061640,Heikki Linnakangas,2023-11-15 11:03:49+01:00,Add test_dsa module.
a8b330ffb6f71db8ef306a7110dade6ca64cf773,Heikki Linnakangas,2023-11-15 10:34:28+01:00,Fix dsa.c with different resource owners.
f26c2368dcaef7519d8400ca958c4b5742cdbd46,Jeff Davis,2023-11-14 17:53:30-08:00,Add cache for recomputeNamespacePath().
7f6bc3b356787e5dbc0d371c9c53cb125c20cd6d,Michael Paquier,2023-11-15 09:41:10+09:00,doc: Improve description of targets for pg_stat_reset_shared()
025584a168a4b3002e19350bb8db0ebf1fd10235,Robert Haas,2023-11-14 10:51:05-05:00,Change how a base backup decides which files have checksums.
519fc1bd9e9d7b408903e44f55f83f6db30742b7,Dean Rasheed,2023-11-14 10:58:49+00:00,Support +/- infinity in the interval data type.
b41b1a7f490093643ce2080d1cf9323e24423eb8,Peter Eisentraut,2023-11-14 11:00:49+01:00,doc: Update note about Bison and Flex build requirements
e7814b40d02582238b14d838c2458825d9170178,Peter Eisentraut,2023-11-14 10:44:44+01:00,"Fix capitalization of ""Tcl"""
43071777be134bb471f316fea66d928e6c40e37f,Peter Eisentraut,2023-11-14 10:41:17+01:00,Fix whitespace
3849fe7c2ba7758eee5f1f524147a3620b677fb3,Peter Eisentraut,2023-11-14 10:27:10+01:00,Replace Gen_dummy_probes.sed with Gen_dummy_probes.pl
1e3f461e825fe61f741b291c91b30967739a90d0,Tom Lane,2023-11-14 00:31:39-05:00,Allow new role 'regress_dump_login_role' to log in under SSPI.
e5cca6288a4098cf731599b5977b0f6714ba0ac6,Michael Paquier,2023-11-14 09:50:52+09:00,Add support for pg_stat_reset_slru without argument
a70f2a57f233244c0a780829baf48c624187d456,Tom Lane,2023-11-13 17:04:26-05:00,Don't try to dump RLS policies or security labels for extension objects.
24943fba465b467d9fc70ce1eb82ee255f6992de,Bruce Momjian,2023-11-13 16:35:55-05:00,doc:  clarify handling of ts_headline() operators & extra words
f279241b09aa3cf4c6162f74dc8b5cc99ebcd196,Bruce Momjian,2023-11-13 16:26:59-05:00,psql:  improve description consistency of \dTS data types
7539a1b2fc839f45a95f66a42939db13629e79a9,Bruce Momjian,2023-11-13 16:08:22-05:00,doc: clarify handling of range upper/lower/upper_inf/lower_inf()
d1379ebf4c2d3d399e739966dbfa34e92a53b727,Tom Lane,2023-11-13 15:41:31-05:00,Improve default and empty privilege outputs in psql.
bd86407892126d8c950dd90e6016ea6d0450bd19,Bruce Momjian,2023-11-13 15:20:54-05:00,doc:  move ROW IS NULL examples to a different chapter
8680bae8463a0b213893ca6a1c5bb2c2530e823c,Bruce Momjian,2023-11-13 14:53:38-05:00,doc:  clarify that pg_global can _only_ be used for system tabs.
e61a82c949353d9684d037a9a404fbb26b651535,Bruce Momjian,2023-11-13 14:44:39-05:00,Adjust file_fdw regression tests for acc95f29ef FREEZE commit
151a0ee76dc7204b858d84f128e6f819f1393040,Bruce Momjian,2023-11-13 14:27:38-05:00,doc:  restructure ALTER DEFAULT PRIVILEGES
83472de606db42a1e1f59ab2c3d0e5ae0b95e739,Tom Lane,2023-11-13 13:01:51-05:00,Improve readability and error detection of array_in().
57d6a198c9f62c5379cdb6e85e956be2257979c7,Bruce Momjian,2023-11-13 13:01:08-05:00,doc:  correct description of libpq's PQsetnonblocking() mode
acc95f29efd4f8aa60eb72a838bfd3c979fb1c5b,Bruce Momjian,2023-11-13 12:53:03-05:00,Add error about the use of FREEZE in COPY TO
103ed24e311770510e2faf56a24cb27d297219de,Bruce Momjian,2023-11-13 12:41:04-05:00,doc:  remove RUNAS instructions for pg_upgrade on Windows
5c62ecf6ec3c912c85a8292a9ad0daa8c0777088,Tom Lane,2023-11-13 11:44:35-05:00,Don't release index root page pin in ginFindParents().
c3fd6a10fc520158e381d0296316be387b5b8da7,Daniel Gustafsson,2023-11-13 14:13:03+01:00,doc: Add missing semicolon in example
06e8e71e7ffdaa50556f946c080a22040b8a4784,Etsuro Fujita,2023-11-13 19:05:00+09:00,Remove incorrect file reference in comment.
861f86beea1c241943a3ef000e789f18bbc8b7e8,Amit Kapila,2023-11-13 14:08:26+05:30,Use REGBUF_NO_CHANGE at one more place in the hash index.
7606175991f8ed5ae36eecf6951cb89dcfb2156e,Michael Paquier,2023-11-13 08:26:44+09:00,Extend sendFileWithContent() to handle custom content length in basebackup.c
23c8c0c8f4721db693ef908c22f7cf754e6852a9,Michael Paquier,2023-11-12 16:43:12+09:00,Add ability to reset all shared stats types in pg_stat_reset_shared()
a9f19c1349c22819038842a0debba2c86b4832b8,Michael Paquier,2023-11-12 10:06:51+09:00,Fix inconsistencies for queries on pg_class in type_sanity.sql
b7f315c9d7d839dda847b10d170ffec7c3f4dbba,Alexander Korotkov,2023-11-10 22:46:46+02:00,Fix how SJE checks against PHVs
eb81e8e7902f63c4d292638edc8b7e92b766a692,Peter Eisentraut,2023-11-10 11:56:52+01:00,Fix whitespace
8bfb231b43d7f6058041483f2b823dd52eac7bf8,Amit Kapila,2023-11-10 08:45:01+05:30,Prohibit max_slot_wal_keep_size to value other than -1 during upgrade.
5ba1ac99a8d8623604d3152be8fd9a201ba5240b,Bruce Momjian,2023-11-09 17:51:19-05:00,doc: fix wording describing the checkpoint_flush_after GUC
80e278e436a7ad5cb4724d8b8ef39e79e4c3f5e6,Bruce Momjian,2023-11-09 16:45:01-05:00,doc:  remove unnecessary comma in postgres-fdw
36f5594c0fe694600c07c803324b51fcfbea4079,Tom Lane,2023-11-09 15:46:16-05:00,Fix computation of varnullingrels when const-folding field selection.
b630d9d6c82aeb540c92faf220b837cc71a1416c,Peter Eisentraut,2023-11-09 15:10:43+01:00,meson: Install missing example files
7b8399819b9b1a409b11ebfb4027aed56747f923,Peter Eisentraut,2023-11-09 15:10:43+01:00,meson: Fix doc installation path computation
b44a1708abe306831073cf88bb0ba6a11e68daee,Alexander Korotkov,2023-11-09 14:25:13+02:00,Fix the way SJE removes references from PHVs
3850d4dec1d91c4fdce274f42986840444d5593e,Dean Rasheed,2023-11-09 12:10:14+00:00,Avoid integer overflow hazard in interval_time().
a4f7d33a904fcd4da7a12d249416dd2c5c5f2c1c,Dean Rasheed,2023-11-09 11:23:42+00:00,Fix AFTER ROW trigger execution in MERGE cross-partition update.
10d34fefc2ab3c12b03772744c24000c44b7a550,David Rowley,2023-11-10 00:15:54+13:00,"Ensure we use the correct spelling of ""ensure"""
0e3e8fbd3a8b1660b02a5bb032dc1f50e1d66b19,Dean Rasheed,2023-11-09 09:50:23+00:00,Fix corner-case 64-bit integer subtraction bug on some platforms.
a7db71ed2787e7dbf2c41473a2b7df2fcb55abd0,Amit Kapila,2023-11-09 09:26:40+05:30,Fix uninitialized slot array access during the upgrade.
108161bcb9cc6df45ed9200ca935c63b2cad4666,Michael Paquier,2023-11-09 10:04:31+09:00,pg_stat_statements: Remove duplicated tests for SET statements
8f4a1ab471e6a258881e3d7f5883705714cde7e1,Heikki Linnakangas,2023-11-09 01:33:14+02:00,Fix bug in the new ResourceOwner implementation.
322f55bdbd018bf18a0c5605c7bc592c625dc263,Bruce Momjian,2023-11-08 16:48:43-05:00,doc::  simplify introductory text
0ccb657a3378f6a9b760a2f25dd6f26cb726cf57,Bruce Momjian,2023-11-08 16:36:18-05:00,README:  remove duplicate download link & mention related softw.
3a236fc9f39eb9eb39c1a66f7263590be3d2ed45,Bruce Momjian,2023-11-08 16:16:20-05:00,"doc:  change ""system"" to ""cluster"" where appropriate"
53015c8afae30176853bed90061672981d0ed72c,Bruce Momjian,2023-11-08 16:05:02-05:00,doc:  mention that ANALYZE does block DDL
b0f7dd915bca6243f3daf52a81b8d0682a38ee3b,Alvaro Herrera,2023-11-08 18:44:54+01:00,Check stack depth in new recursive functions
76db9cb6368eb553ec334fe05e1258f2439bf07f,Tom Lane,2023-11-08 12:01:28-05:00,Fix some issues with tracking nesting level in pg_stat_statements.
1a5594b95762a3c1d3a670881ee7f3c5679a1642,Alvaro Herrera,2023-11-08 16:44:08+01:00,Call pqPipelineFlush from PQsendFlushRequest
cd694f60dc975e9fe41e8643ca6f0629283d102e,Heikki Linnakangas,2023-11-08 13:30:55+02:00,Change pgcrypto to use the new ResourceOwner mechanism.
954e43564d9920f0a98e3b750e0c74bb035410f5,Heikki Linnakangas,2023-11-08 13:30:52+02:00,Use a faster hash function in resource owners.
b8bff07daa85c837a2747b4d35cd5a27e73fb7b2,Heikki Linnakangas,2023-11-08 13:30:50+02:00,Make ResourceOwners more easily extensible.
b70c2143bbbe291fe2b444150772972fa53972f1,Heikki Linnakangas,2023-11-08 13:30:46+02:00,Move a few ResourceOwnerEnlarge() calls for safety and clarity.
e9f075f9a15593fe31c610e15cfc71a5fa281ede,Peter Eisentraut,2023-11-08 11:27:28+01:00,Don't install ldap_password_func in meson
b64c8b01c275f802372b6860793737219fe2fd62,Michael Paquier,2023-11-08 17:29:02+09:00,Fix use of OPENSSL in SSL tests if command is not found
1b2c6b756eaae5203af887973b306882fb477836,Michael Paquier,2023-11-08 14:06:26+09:00,Enlarge assertion in bloom_init() for false_positive_rate
615f5f6faa0fb659c4e20e1d2137a869cd33058b,Alvaro Herrera,2023-11-07 19:26:39+01:00,Stop including parsenodes.h in plannodes.h
3c551ebede46194237f82062b54b92e474b5c743,Peter Eisentraut,2023-11-07 07:58:14+01:00,citext: Allow tests to pass in OpenSSL FIPS mode
8af917be6badf0b50759fd7d9ca4e3e7977dd486,Amit Kapila,2023-11-07 11:32:33+05:30,Fix the test 003_logical_slots.
c2bdd2c5b1d48a7e39e1a8d5e1d90b731b53c4c9,Michael Paquier,2023-11-07 11:55:13+09:00,Reorder two functions in inval.c
ac7d6f5f831e4dd83d891b95560d514b2d722d98,David Rowley,2023-11-07 11:16:43+13:00,Make use of initReadOnlyStringInfo() in more places
18b585155a891784ca8985f595ebc0dde94e0d43,Tom Lane,2023-11-06 10:56:43-05:00,Detect integer overflow while computing new array dimensions.
3b0776fde56763c549df35ce9750f3399bc710b2,Tom Lane,2023-11-06 10:38:00-05:00,Compute aggregate argument types correctly in transformAggregateCall().
721856ff24b3722ce8e894e5a32c9c063cd48455,Peter Eisentraut,2023-11-06 15:18:04+01:00,Remove distprep
b72de09a1b8e55774b70add4de0f8c59cef6cf6f,Noah Misch,2023-11-06 06:14:13-08:00,"Set GUC ""is_superuser"" in all processes that set AuthenticatedUserId."
3a9b18b3095366cd0c4305441d426d04572d88c1,Noah Misch,2023-11-06 06:14:13-08:00,Ban role pg_signal_backend from more superuser backend types.
526fe0d79914b2dfcfd79effd1ab26ff62469248,Daniel Gustafsson,2023-11-06 09:38:29+01:00,Add XMLText function (SQL/XML X038)
7b5275eec3a50d55f5750357b8a223cf5f0bb59f,Peter Eisentraut,2023-11-06 09:16:00+01:00,pg_resetwal: Add more tests and test coverage
6ceec8a1fe7a5028b29bbfe402f645f6fea5fb90,Peter Eisentraut,2023-11-06 09:16:00+01:00,doc: pg_resetwal: Add comments how the multipliers are derived
93c85db3b5b8d8d15b10b4c66a0e6961028470d4,Alexander Korotkov,2023-11-06 10:04:01+02:00,Fix allocation of UniqueRelInfo
2c7c6c417fe655ab3fd4ca7f68ec22c913a2fe80,Peter Eisentraut,2023-11-05 21:59:04+01:00,More consistent behavior of GetDataDirectoryCreatePerm on Windows
151ffcf6d8c1a527fa3abc27b1a13c0d43be494e,David Rowley,2023-11-04 15:41:16+13:00,Try again to fix the MSVC build
ec63622c03ff7be36d32c08aaa7d853856451488,Alexander Korotkov,2023-11-04 03:30:18+02:00,Fix usage of the parse tree for estimate_num_groups() in set operations
a237a07d5351d7bb0afc6e0c41410d52915e47c8,Andres Freund,2023-11-03 14:48:52-07:00,"meson: docs: Install all manpages, not just ones in man1"
d594e0daf79f9e55d5308074d1ef801e9da285ac,Bruce Momjian,2023-11-03 14:03:22-04:00,doc:  move HBA reload instructions above the syntax details
42d3125adae176cb7dcf7a4d896a78e615f6bbb4,Bruce Momjian,2023-11-03 13:57:59-04:00,doc: \copy can get data values \. and end-of-input confused
d391f6dcc377b961628510ee7049d78032816ac0,Bruce Momjian,2023-11-03 13:39:50-04:00,doc: CREATE DATABASE doesn't copy db-level perms. from template
77513529420253626e41df967d54e76510782c64,Bruce Momjian,2023-11-03 13:05:27-04:00,"doc: mention ORDER BY for some aggregates, add ORDER BY examples"
95a610b0970d887a4733633a14f29a537129f160,Tom Lane,2023-11-03 11:48:23-04:00,Doc: update CREATE RULE ref page's hoary discussion of views.
a8510a7d96b9d0e7f1937801f9340bd02c539b7f,Bruce Momjian,2023-11-03 09:51:53-04:00,doc:  ALTER DEFAULT PRIVILEGES does not affect inherited roles
39c959ef25bd9cdd966ee024ab14f8f4214bb276,David Rowley,2023-11-03 20:12:36+13:00,Add missing unicode_category.c to MSVC build scripts
b690e5facb4fbd2600dc477cfe64415538d306cc,David Rowley,2023-11-03 12:35:37+13:00,Stabilize postgres_fdw tests on 32-bit machines
0bc726d95a305ca923b1f284159f40f0d5cf5725,Tom Lane,2023-11-02 11:53:36-04:00,"Make GetConfigOption/GetConfigOptionResetString return """" for NULL."
7704a1a72e879daaefa1742916e01505edd2ce47,Tom Lane,2023-11-02 11:47:33-04:00,Be more wary about NULL values for GUC string variables.
4b14e18714e10ac930ca53938fc6fa1a4fda50c7,David Rowley,2023-11-02 23:16:34+13:00,Attempt to stabilize postgres_fdw tests
a02b37fc083239a07f1ac02951d208235efb218b,Jeff Davis,2023-11-01 22:47:06-07:00,Additional unicode primitive functions.
7021d3b1766420ac4968fa0ff81873e81b7fd641,Michael Paquier,2023-11-02 14:34:51+09:00,Prevent startup of logical replication launcher during pg_upgrade
40d5e5981cc0fa81710dc2399b063a522c36fd68,Michael Paquier,2023-11-02 12:38:05+09:00,Fix 003_check_guc.pl when loading modules with custom GUCs
cac169d686eddb277880a0d8a760ac3007b4846a,David Rowley,2023-11-02 14:30:15+13:00,Increase DEFAULT_FDW_TUPLE_COST from 0.01 to 0.2
4210b55f598534db9d52c4535b7dcc777dda75a6,Michael Paquier,2023-11-02 07:33:02+09:00,"doc: Replace reference to ERRCODE_RAISE_EXCEPTION by ""raise_exception"""
783e816666c7e70bc79c10aa14dd3d56c61dd483,Bruce Momjian,2023-11-01 13:57:29-04:00,doc:  add reference to wire protocol details
0f852cccd96c6dafd7d23fb4ab073df8d370eb94,Daniel Gustafsson,2023-11-01 11:46:30+01:00,Fix function name in comment
fe705ef6fc1d1b4b48aea94a1dd2835a6630dacf,Michael Paquier,2023-11-01 14:54:13+09:00,doc: Expand section related to LWLocks and shared memory
6ec62b779907e2fa49283a7d1dbd761fb64675f1,Bruce Momjian,2023-10-31 13:18:42-04:00,doc:  add missing word to sentence about Paris
3fdc1d269345cac24275613f4d6b799e195d95a0,Bruce Momjian,2023-10-31 11:59:14-04:00,C comment: mention why no setting lasterrno in dir_existsfile()
b706172d22a29962c42c90f2c3c704c2a4141660,Bruce Momjian,2023-10-31 11:42:02-04:00,C comment:  improve statistics computation comment example
741ed2065c65b14c2edfc93c83fc8f8f5c033bfc,Bruce Momjian,2023-10-31 11:02:04-04:00,C comment:  adjust statistics mention
87cf7b63c4b2e9e647cc9929051538a4f592ef3f,Bruce Momjian,2023-10-31 10:21:32-04:00,doc: improve ALTER SYSTEM description of value list quoting
b69db5173678223686e4669ab07d5ea907da2535,Bruce Momjian,2023-10-31 10:13:11-04:00,doc:  improve bpchar and character type length details
4a6286fd939e84b894f074586e522b7102fc53c5,Bruce Momjian,2023-10-31 09:23:09-04:00,doc:  add function argument and query parameter limits
989adace3f19010f21009477afb5b50e1a4dd3c6,Bruce Momjian,2023-10-31 09:10:35-04:00,doc:  1-byte varlena headers can be used for user PLAIN storage
75e700db45141d073e671f7c7b4aacee1ebc629a,Bruce Momjian,2023-10-31 08:51:36-04:00,improve alignment of postgresql.conf comments
73635b6d63b5e12ea5f8b44a0154440654819820,David Rowley,2023-10-31 16:42:08+13:00,Adjust the order of the prechecks in pgrowlocks()
13503eb5905b51d22d86a3c2065c241a61cedd44,Noah Misch,2023-10-30 14:46:05-07:00,Diagnose !indisvalid in more SQL functions.
6ec9e9975eff5260651d84ed8bcfd8ecb08e5fbb,Noah Misch,2023-10-30 14:46:05-07:00,amcheck: Distinguish interrupted page deletion from corruption.
56b30e266eaa74f38bdda45067c9a5a63cd24c75,Bruce Momjian,2023-10-30 14:52:35-04:00,pgindent run to fix commits de64268561 and 5ae2087202a
0c60e8ba80e03491b028204a19a9dca6d216df91,Peter Eisentraut,2023-10-30 06:08:53-04:00,Fill in more of ObjectProperty
57891c256c345451b91ddb67a8e2a9c5eca9ae1c,Amit Kapila,2023-10-30 14:36:21+05:30,Add STREAM_START/STREAM_STOP for transactional messages during decoding.
675fed4df5db4e78d40a0ce9cb785cfba9fa480f,Alexander Korotkov,2023-10-30 10:35:03+02:00,Fix indentation in contrib/amcheck/verify_nbtree.c
5b2147d9fcc1f3d09701c548ebebf55cad0d403d,Michael Paquier,2023-10-30 17:19:24+09:00,Expand regression tests for pg_stat_reset_shared()
dc5bd38894373e6806289e3aca26e7fafa5f6f95,Michael Paquier,2023-10-30 15:28:20+09:00,Delay recovery mode LOG after reading backup_label and/or checkpoint record
c4ede4fdfb9c7c3480a8139ac706498ffcf35fb6,Amit Kapila,2023-10-30 10:46:31+05:30,Doc: Make link names consistent in logical replication commands.
1ffdc03c21ae78981b93297ae977841b59793eb7,Michael Paquier,2023-10-30 13:56:02+09:00,Mention standby.signal in FATALs for checkpoint record missing at recovery
96f052613f35d07d001c8dd2f284ca8d95f82d1b,Michael Paquier,2023-10-30 09:47:16+09:00,Introduce pg_stat_checkpointer
bf01e1ba963aed17449c70fed03c4ae74cce3926,Michael Paquier,2023-10-30 08:23:39+09:00,Refactor some code related to transaction-level statistics for relations
06be01eb266bdb24efd931ad10ee6a1de26271b4,Alexander Korotkov,2023-10-30 01:28:18+03:00,Fix instable 006_login_trigger.pl test
5ba4cc309095eb1a947961e66b9c5156efc8ffca,Tom Lane,2023-10-29 12:56:35-04:00,Teach pg_dump about the new pg_subscription.subrunasowner option.
b2d55447a563036579d6777f64a7483dceeab6ea,Dean Rasheed,2023-10-29 15:51:53+00:00,Guard against overflow in make_interval().
849172ff4883d44168f96f39d3fde96d0aa34c99,Dean Rasheed,2023-10-29 11:14:37+00:00,btree_gin: Fix calculation of leftmost interval value.
237f8765dfd9149471d37f3754d15cef888338a8,Tom Lane,2023-10-28 14:05:01-04:00,Fix intra-query memory leak when a SRF returns zero rows.
4d42b4edc6def25cab63894a2d351d597606492d,Bruce Momjian,2023-10-28 14:02:46-04:00,doc:  add links to Postgres features intro
de64268561606b62e69e81b9c07ac2eab93c85ea,Bruce Momjian,2023-10-28 12:59:00-04:00,doc:  comment wording improvement
5fd3e06f6ad1035da71124a79208242cd915ba2e,Tom Lane,2023-10-28 11:54:40-04:00,Remove PHOT from our default timezone abbreviations list.
4b9fbd6be442cf36910fb34308e0edfd43f2dbdf,Tom Lane,2023-10-27 21:50:44-04:00,Allow relkind 'I' in type_sanity test.
05ce730978c9ee2d48599ffeaada98f69bd3be42,Bruce Momjian,2023-10-27 21:24:55-04:00,doc:  improve text around consistency of statistics values
eb544d7fd966ce8718573ffeb17dfe6d0952e642,Bruce Momjian,2023-10-27 21:12:11-04:00,doc:  improve config syncfs wording
d014e6cb188664d053cbed87130416617226b373,Jeff Davis,2023-10-27 16:06:12-07:00,Clarify the result order of unnest(multirange).
12cf3ac7f328ac439a8eca2bfb7771fb6a4f3aa3,Bruce Momjian,2023-10-27 19:05:25-04:00,doc  Improve C GUC-related comments
a978565ffcec3ea31c0827fe1dcc524163bdbdfa,Bruce Momjian,2023-10-27 17:23:34-04:00,doc:  wording improvements
5ae2087202af9fd804c8b8d76954bdd8bdf31e51,Alexander Korotkov,2023-10-28 00:21:23+03:00,Teach contrib/amcheck to check the unique constraint violation
8b62b441fffd26f0bfaa5bed2c11898ed1345f62,Alexander Korotkov,2023-10-27 23:50:07+03:00,Split event_trigger_login test from event_trigger test
c6cf6d353c2865d82356ac86358622a101fde8ca,Tomas Vondra,2023-10-27 18:15:37+02:00,Fix minmax-multi distance for extreme interval values
8da86d62a11269e926765c0d6ef6f532b2b8b749,Tomas Vondra,2023-10-27 18:15:37+02:00,Fix minmax-multi on infinite date/timestamp values
394d51731495794655f95b5580adb757d7a9bbe2,Tomas Vondra,2023-10-27 18:15:37+02:00,Fix calculation in brin_minmax_multi_distance_date
b5489b75c6ce9517ab5f9d6f1d98bc928f6d5bd5,Tomas Vondra,2023-10-27 18:15:37+02:00,Fix overflow when calculating timestamp distance in BRIN
16ace6f7452a968f2b5b058ccccd75db4c56ef34,Bruce Momjian,2023-10-27 11:35:47-04:00,doc: clarify logical decoding's deadlock of system tables
1ce00efe3cdba28882e2c7f93b4ec0aa67d9ad94,Bruce Momjian,2023-10-27 11:06:10-04:00,|--- gitweb subject length limit ----------------|-email limit-|
83510534d5f3f116efa035639b9b62b8c6c4df34,Alexander Korotkov,2023-10-27 11:34:30+03:00,Adjust parallel_schedule with event triggers on authenticated login
8949b978ff49a9b72455545e9bf08f4313a1bb92,Amit Kapila,2023-10-27 13:19:49+05:30,Commit b195e6d482 forgot to update meson.build.
b195e6d482b8424827c7371bf34b48dacc37994e,Amit Kapila,2023-10-27 11:09:45+05:30,Use shorter file names in the upgrade logical slots test.
2b26a6945545366ef0ed57b6d47ffaa337d5d56b,Alexander Korotkov,2023-10-27 05:45:16+03:00,Make UniqueRelInfo a node
74604a37f2f9eb6e626a4ff3cedd02aef5a2ad59,Michael Paquier,2023-10-27 11:16:39+09:00,Remove buffers_backend and buffers_backend_fsync from pg_stat_checkpointer
0c882a298881056176a27ccc44c5c3bb7c8f308c,David Rowley,2023-10-27 10:41:55+13:00,"Optimize various aggregate deserialization functions, take 2"
26f988212eada9c586223cbbf876c7eb455044d9,Peter Eisentraut,2023-10-26 13:03:43+02:00,"Add ""Add trailing commas to enum definitions"" to .git-blame-ignore-revs"
1f06b7fc6e2bc505bea046ca54a4555ca835d7c9,Amit Langote,2023-10-26 17:32:38+09:00,Avoid compiler warning in non-assert builds
611806cd726fc92989ac918eac48fd8d684869c7,Peter Eisentraut,2023-10-26 09:20:54+02:00,Add trailing commas to enum definitions
f0efa5aec19358e2282d4968a03db1db56f0ac3f,David Rowley,2023-10-26 16:31:48+13:00,Introduce the concept of read-only StringInfos
01575ad788e3d3e67b641d43802c8b7bf126a1a3,Amit Langote,2023-10-26 11:53:56+09:00,Prevent duplicate RTEPermissionInfo for plain-inheritance parents
29d0a77fa6606f9c01ba17311fc452dabd3f793d,Amit Kapila,2023-10-26 07:06:55+05:30,Migrate logical slots to the new node during an upgrade.
bddc2f7480374023218427a0185145a127207c28,Tom Lane,2023-10-25 17:34:51-04:00,Doc: remove misleading info about ecpg's CONNECT/DISCONNECT DEFAULT.
fdeb6e6a74f26e7b4504d358ffc751a6d74c08ab,Nathan Bossart,2023-10-25 16:26:59-05:00,Remove dead code in pg_ctl.c.
e9d12a5e22e02bace45dc2ba0e0dcca5b5d4fc52,Jeff Davis,2023-10-25 13:26:11-07:00,Doc fix: Interfacing Extensions to Indexes
9ba9c7074fa76787530ac0d50313e317ac7032b9,Alexander Korotkov,2023-10-25 14:53:14+03:00,Fix some regression tests for d3d55ce57136
d3d55ce571369dad6e1d582f1655e5a3fbd8594a,Alexander Korotkov,2023-10-25 12:59:16+03:00,Remove useless self-joins
8f0fd47fa33720dd09ad0ae74a8a583b9780e328,Daniel Gustafsson,2023-10-25 10:53:11+02:00,Use snprintf instead of sprintf in pg_regress.
673a17e31202cc47a9309e9b0b9b5fbec36080d3,David Rowley,2023-10-25 15:37:37+13:00,Add missing include dir and references to libpq for MSVC build
cccfa08c39e194e7737d444974173e47a87b62c8,Michael Paquier,2023-10-25 09:40:55+09:00,doc: Fix some typos and grammar
55a428a18d03f332791e15db9ed6ee51156ecd3b,Michael Paquier,2023-10-25 09:26:22+09:00,Log OpenSSL version in ./configure output
d8fd08efbc660788f9e735f9dda824c64bc9bd6b,Daniel Gustafsson,2023-10-24 22:18:19+02:00,Reword memory terminology for PQresultMemorySize
66d6086cbcbfc8dee789a69bf56d967bf9607902,Daniel Gustafsson,2023-10-24 21:37:35+02:00,Speed up pg_regress server readiness testing.
387f9ed0a0832760a709d27abd630002903e3459,Tom Lane,2023-10-24 14:48:33-04:00,Fix problems when a plain-inheritance parent table is excluded.
74e5ea1e002f861d499ded6562cab9e769f44781,Peter Geoghegan,2023-10-24 09:27:27-07:00,Doc: indexUnchanged is strictly a hint.
00d7fb5e2e39198387ae00af8dd18b787b6a4d63,Jeff Davis,2023-10-23 17:17:46-07:00,Assert that buffers are marked dirty before XLogRegisterBuffer().
befe9451fbf5a4b49e80f17917d8c6d8b5edad26,Michael Paquier,2023-10-24 08:40:43+09:00,doc: Improve example query related to pg_wait_events
9972c7de1d078d30434c16081fe0624ee3d24a61,Michael Paquier,2023-10-24 08:05:29+09:00,Fix typos in wait_event.c
5b36e8f078a3c68fd1c530c59c4ed961c15c7ab4,Robert Haas,2023-10-23 15:17:26-04:00,Change struct tablespaceinfo's oid member from 'char *' to 'Oid'
5c47c6546c413d5eb51c1626070a807026e6139d,Robert Haas,2023-10-23 15:08:53-04:00,Refactor parse_filename_for_nontemp_relation to parse more.
b6f1cca9ba3d24c8fcaa9facc30c96bcc50b37aa,Michael Paquier,2023-10-23 10:20:30+09:00,Remove unnecessary break in pg_logical_replication_slot_advance()
40ebc41576e8116b7df90d0181f1371669622ea6,Michael Paquier,2023-10-23 09:58:55+09:00,doc: Fix some grammar and inconsistent tags
5e4dacb9878cf71e32950e90993afd9450dab4da,Thomas Munro,2023-10-22 14:22:11+13:00,Log LLVM library version in configure output.
dab889d60bac3fbf691973ca1770f2eb50547999,Thomas Munro,2023-10-22 10:04:55+13:00,Fix min_dynamic_shared_memory on Windows.
2d870b4aeff174ea3b8a0837bc2065c820fb43e2,Tom Lane,2023-10-21 13:35:19-04:00,Allow ALTER SYSTEM to set unrecognized custom GUCs.
36a14afc076024ba48c399f2af2d4cd1b2c39348,Alvaro Herrera,2023-10-20 22:52:15+02:00,Make some error strings more generic
41da94fd5c7418838ec7c49456b69c462013ea57,Andres Freund,2023-10-20 11:11:31-07:00,meson: Make detection of python more robust
52f22cd4e894ea2ff6a8c497ef4268b2726a9da9,Tom Lane,2023-10-20 13:01:02-04:00,Doc: update CREATE OPERATOR's statement about => as an operator.
2b5154beab794eae6e624c162d497df927ec9d27,Tom Lane,2023-10-20 12:28:46-04:00,Extend ALTER OPERATOR to allow setting more optimization attributes.
dcd4454590e77dc90c28ce4b4a4b62369bbc03e2,Michael Paquier,2023-10-20 10:09:27+09:00,Remove unnecessary dependencies to wal_level=logical in TAP tests
afd12774ae8957159cf77ba4b3d092691f87af53,Robert Haas,2023-10-19 14:47:29-04:00,"During online checkpoints, insert XLOG_CHECKPOINT_REDO at redo point."
8483a54b7da709c6f381f2dd06085a67ecf669ba,Tom Lane,2023-10-19 11:31:05-04:00,Doc: modernize comment for boolin().
5147ab1dd34ad81c169c85fa3c7d11a782a1555b,Michael Paquier,2023-10-19 14:03:31+09:00,pg_stat_statements: Add local_blk_{read|write}_time
295c36c0c1fa7b6befd0a3525c7f109e838c9448,Michael Paquier,2023-10-19 13:39:38+09:00,Add local_blk_{read|write}_time I/O timing statistics for local blocks
13d00729d422c84b1764c24251abcc785ea4adb1,Michael Paquier,2023-10-19 11:26:40+09:00,Rename I/O timing statistics columns to shared_blk_{read|write}_time
9b103f861ea9d74c4c43e80c5c5dfcdc1e61f4a2,Tom Lane,2023-10-18 20:43:27-04:00,Improve pglz_decompress's defenses against corrupt compressed data.
7fb355db142958f463f7a0415248184f7ca4503f,Michael Paquier,2023-10-19 09:42:46+09:00,Install wait_event_types.h in VPATH builds
76200e5ee469e4a9db5f9514b9d0c6a31b496bff,Thomas Munro,2023-10-19 05:13:23+13:00,jit: Changes for LLVM 17.
f90b4a846b32d3d6d2fd9d55a93735501e4c34fd,Thomas Munro,2023-10-19 03:01:55+13:00,jit: Supply LLVMGlobalGetValueType() for LLVM < 8.
37d5babb5cfa4c6795b3cb6de964ba019d3d60ab,Thomas Munro,2023-10-18 22:47:23+13:00,jit: Support opaque pointers in LLVM 16.
3f9b1f26ca0eee46affcf1b0fd83c4217dec40db,Michael Paquier,2023-10-18 18:23:25+09:00,pg_upgrade: Fix test name in 002_pg_upgrade.pl
41a284411e09a3c0a401cd5ab81fbf1802fe8021,Peter Eisentraut,2023-10-18 08:08:17+02:00,Clean up some pg_dump tests
d17ffc734dad8c231ad3deee0b3670ecb99b713d,Michael Paquier,2023-10-18 14:54:33+09:00,Count write times when extending relation files for shared buffers
173b56f1ef597251fe79d8e71a0df7586ea12549,Michael Paquier,2023-10-18 11:24:59+09:00,Add flush option to pg_logical_emit_message()
19fa977311b9da9c6c84f0108600e78213751a38,Tom Lane,2023-10-17 13:10:35-04:00,Dodge a compiler bug affecting timetz_zone/timetz_izone.
97550c0711972a9856b5db751539bbaf2f88884c,Nathan Bossart,2023-10-17 10:41:48-05:00,Avoid calling proc_exit() in processes forked by system().
2406c4e34ccca697bd5a221f8375f335b5841dea,Robert Haas,2023-10-17 10:34:21-04:00,Reword messages about impending (M)XID exhaustion.
a1a5da8cb74b7abf54a1f5fc5b5a442bb807843c,Robert Haas,2023-10-17 10:23:31-04:00,"Talk about assigning, rather than generating, new MultiXactIds."
d6b0c2bcb1b604e919b15a32c1aeb981bfae4d51,Michael Paquier,2023-10-17 14:36:21+09:00,"Improve truncation of pg_serial/, removing ""apparent wraparound"" LOGs"
6fcaeb0ea26b963b0ca13ce6078df4c2c3135aa3,Alexander Korotkov,2023-10-17 08:11:40+03:00,Run 006_login_trigger.pl only with Unix-domain sockets
79243de13f4d251309d7831744e98d6b965ed4d6,Amit Kapila,2023-10-17 08:41:44+05:30,Restart the apply worker if the privileges have been revoked.
2f047203074c643ae458dcf51bbb8ae45dd7e13c,Tom Lane,2023-10-16 15:45:01-04:00,Add regression test coverage for timetz_izone().
54b208f90963cb8b48b9794a5392b2fae4b40a98,Tom Lane,2023-10-16 14:06:14-04:00,Ensure we have a snapshot while dropping ON COMMIT DROP temp tables.
8fb13dd6ab5bffdbfafd8894ffcc5deb44d0c0b0,Nathan Bossart,2023-10-16 12:41:55-05:00,Move extra code out of the Pre/PostRestoreCommand() section.
a70bce43fbceab6bf0b49498a064c4e87cdbf72f,Robert Haas,2023-10-16 12:57:39-04:00,Update the documentation on recovering from (M)XID exhaustion.
5abbd97fef6f18eef91bfed7d2057c39bd204702,Alexander Korotkov,2023-10-16 10:39:07+03:00,List 006_login_trigger.pl test for meson
4922173010f102a7d56af7c97bd303b95b3f6eff,Michael Paquier,2023-10-16 13:45:39+09:00,worker_spi: Fix test failure with BGWORKER_BYPASS_ROLELOGINCHECK
63a582222c6b3db2b1103ddf67a04b31a8f8e9bb,Thomas Munro,2023-10-16 17:33:08+13:00,Try to handle torn reads of pg_control in frontend.
4817da51f69ae7e965abf94aad01a4bab1404918,Michael Paquier,2023-10-16 13:07:36+09:00,worker_spi: Bump up max_worker_processes in TAP tests
1f89b73c4e053c463d75608c27ca564770fd3158,Alexander Korotkov,2023-10-16 04:01:45+03:00,Rename 005_login_trigger.pl to 006_login_trigger.pl
47ab5d2e2ec762c9a07b4e07f0207b8230a489c1,Alexander Korotkov,2023-10-16 04:01:45+03:00,Fix role names in src/test/authentication/t/005_login_trigger.pl
20b7708662c49af3cfceb23316f7448fa2cf797c,Michael Paquier,2023-10-16 09:41:59+09:00,Add a few recent commits to .git-blame-ignore-revs
e9718b4bd3e4234ffd5a4907a903367fc483c843,Michael Paquier,2023-10-16 09:36:31+09:00,Fix code indentation violations in e83d1b0c40cc
01529c7040088db2718628d0814058598152bd39,Thomas Munro,2023-10-16 13:32:41+13:00,Fix comment from commit 22655aa231.
e83d1b0c40ccda8955f1245087f0697652c4df86,Alexander Korotkov,2023-10-16 03:18:22+03:00,Add support event triggers on authenticated login
c558e6fd92ffeb85d5f52e32ccbcf8a5b5eb7bf3,Thomas Munro,2023-10-16 10:43:47+13:00,Acquire ControlFileLock in relevant SQL functions.
5f27b5f848a433ba54c521ccb889788b8f4d6ba7,Noah Misch,2023-10-14 16:33:51-07:00,"Dissociate btequalimage() from interval_ops, ending its deduplication."
90ebcc32d9829204bfd15db82ece3aacd84f40d6,Noah Misch,2023-10-14 15:54:46-07:00,Don't spuriously report FD_SETSIZE exhaustion on Windows.
fcdd6689d09c3950efa8a79db872f507069adb92,Tom Lane,2023-10-14 16:13:11-04:00,Harden xxx_is_visible() functions against concurrent object drops.
403ac226ddd6071245b7b283861c26960ea7293f,Tom Lane,2023-10-14 14:49:50-04:00,Harden has_xxx_privilege() functions against concurrent object drops.
22655aa23132a0645fdcdce4b233a1fff0c0cf8f,Andres Freund,2023-10-13 19:16:44-07:00,Fix bulk table extension when copying into multiple partitions
8d140c58229d6224882f881d9b62ba06236e71d3,Nathan Bossart,2023-10-13 15:16:45-05:00,Improve the naming in wal_sync_method code.
c5a032e518acc259d31d5e7bd85acdea3b4e9c93,Daniel Gustafsson,2023-10-13 13:50:18+02:00,Update oldextversions test for pg_stat_statements 1.11
536f410111fc9b4a9e052ac53826f479acfca2f5,Amit Kapila,2023-10-13 12:13:46+05:30,Doc: Add more links in logical replication pages.
d16eb83aba2e0abdc809ecffd51cc00a1beab7b8,Michael Paquier,2023-10-13 14:19:07+09:00,psql: Add completion support for AT [ LOCAL | TIME ZONE ]
97957fdbaa429c7c582d4753b108cb1e23e1b28a,Michael Paquier,2023-10-13 13:01:37+09:00,Add support for AT LOCAL
0013ba290b6684d095d93517ff2ca1fadf79bdb9,Thomas Munro,2023-10-13 16:43:22+13:00,Add wait events for checkpoint delay mechanism.
7e1f544827ec843918f189765863269ff3a1c77e,Michael Paquier,2023-10-13 10:55:25+09:00,"doc: Mention timezone(zone, time) in section for AT TIME ZONE"
df9a3d4e99941f66f7a247eb01a48c1c2630625d,Robert Haas,2023-10-12 13:48:21-04:00,Unify two isLogSwitch tests in XLogInsertRecord.
d9e46dfb78abf4d3be6071b8c4495df9e1bb4706,David Rowley,2023-10-13 01:12:31+13:00,Fix runtime partition pruning for HASH partitioned tables
dab5538f0bfc4cca76396f5d510e2df6f5350d4c,David Rowley,2023-10-12 21:15:28+13:00,Doc: fix grammatical errors for enable_partitionwise_aggregate
f0c409d9c7a6a92bb4a6b5812ffc5ef94b4c8ed0,David Rowley,2023-10-12 19:50:38+13:00,Fix incorrect step generation in HASH partition pruning
e7689190b3d58404abbafe2d3312c3268a51cca3,Michael Paquier,2023-10-12 09:24:17+09:00,Add option to bgworkers to allow the bypass of role login check
b6a77c6a6ccf698787201b001cbbbf9c89fe5715,Tom Lane,2023-10-11 17:14:31-04:00,Reindent comment in GenericXLogFinish().
5d8aa8bcedae7376bd97e79052d606db4e4f8dd4,Tom Lane,2023-10-11 12:51:38-04:00,Fix missed optimization in relation_excluded_by_constraints().
16671ba6e717ea307a3f61e8ab4f866cd6834772,Heikki Linnakangas,2023-10-11 14:06:38+03:00,Move canAcceptConnections check from ProcessStartupPacket to caller.
c7c801ef3ba067aedc0288c17fe463c4f42e5623,Michael Paquier,2023-10-11 13:54:33+09:00,Improve some wording in pg_upgrade/IMPLEMENTATION
4800a5dfb4c46d22b5d05f16c615bea6ff24a2bb,Michael Paquier,2023-10-11 12:31:49+09:00,Refactor InitPostgres() to use bitwise option flags
28139037c06df7225aef189f95a8425d7990be26,Bruce Momjian,2023-10-10 17:12:00-04:00,doc:  pg_upgrade: use dynamic new cluster major version numbers
8a6d68fc6849633a01d18d49e0c1911893ffb2b1,Bruce Momjian,2023-10-10 16:51:08-04:00,doc:  clarify that SSPI and GSSAPI are interchangeable
8e78f0a159bc43e2c1eb8b9597d59bc6c154467b,Bruce Momjian,2023-10-10 16:44:02-04:00,doc:  Move CREATE ROLE's IN GROUP and USER to deprecated
914599e569966a86ac131db47a5c61e47f5cdca2,Bruce Momjian,2023-10-10 16:04:56-04:00,doc:  foreign servers with pushdown need matching collation
2cb69f6bc539b1d06b9c81da84daf7d7504011f2,Bruce Momjian,2023-10-10 15:54:29-04:00,doc:  add SSL configuration section reference
8209605966c330451314fe7899539fa40a4123d1,Bruce Momjian,2023-10-10 15:27:26-04:00,doc:  clarify how the bootstrap user name is chosen
7454502f94f6b8addff867f38aa5166eb82c79dc,Bruce Momjian,2023-10-10 15:14:19-04:00,doc:  document the need to analyze partitioned tables
ef74c7197c04be4c34d1b2a426a9b1935a7f3a43,Jeff Davis,2023-10-10 11:01:13-07:00,Fix bug in GenericXLogFinish().
14661ba1a7a6b0f82b8451cbb51a5c2a11676635,Tom Lane,2023-10-10 13:08:29-04:00,Replace has_multiple_baserels() with a bitmap test on all_baserels.
98e89740e5a816f9ef2b71b1a1b62a9aff23d194,Michael Paquier,2023-10-10 17:49:22+09:00,test_decoding: Remove unnecessary table in twophase test
e3679bc1c31add8fa29a9dedd10fe6c563efde79,Peter Eisentraut,2023-10-10 08:58:50+02:00,pg_resetwal: Corrections around -c option
1d91d24d9a831be0bb90ec71934f735c52456c57,Peter Eisentraut,2023-10-10 07:50:43+02:00,Add const to values and nulls arguments
fc4089f3c65a5f1b413a3299ba02b66a8e5e37d0,David Rowley,2023-10-10 16:50:03+13:00,Fix possible crash in add_paths_to_append_rel()
4f3b56eea23554e1756a26080db273156f23f4f2,David Rowley,2023-10-10 14:16:54+13:00,"Revert ""Optimize various aggregate deserialization functions"""
f483b209056b4181eb33b97cd6a30910a73c0f87,Michael Paquier,2023-10-10 09:04:28+09:00,worker_spi: Fix another stability issue with BGWORKER_BYPASS_ALLOWCONN
64aad6944c8d331ceb6a0b2df73bf70c5adaf35b,Tom Lane,2023-10-09 11:29:21-04:00,Doc: use CURRENT_USER not USER in plpgsql trigger examples.
637109d13ab2684aa7ad4e893137e7487b5e8490,Heikki Linnakangas,2023-10-09 11:52:09+03:00,Rename StartBackgroundWorker() to BackgroundWorkerMain().
0bbafb534275686e780aae2964382e56321c61af,Heikki Linnakangas,2023-10-09 11:29:39+03:00,Allocate Backend structs in PostmasterContext.
1ca312686e4c4b270cb598429983a07c73a5c44a,Heikki Linnakangas,2023-10-09 11:29:33+03:00,Clarify the checks in RegisterBackgroundWorker.
608fd198def5390c3490bfe903730207dfd8eeb4,David Rowley,2023-10-09 17:25:16+13:00,Optimize various aggregate deserialization functions
7cc2f59dd57ab275497ae42a4f98e7936e1e3723,Amit Kapila,2023-10-09 09:18:47+05:30,Remove duplicate words in docs and code comments.
d8a295389baee766df882f8f934e205b5978b529,David Rowley,2023-10-09 16:37:05+13:00,Strip off ORDER BY/DISTINCT aggregate pathkeys in create_agg_path
77db132637661f6e01497959128fb650330552b4,David Rowley,2023-10-09 15:53:16+13:00,Remove debug_print_rel and replace usages with pprint
82a7132f531b8b12e77d17476e9bfd599c3c30cf,Alexander Korotkov,2023-10-07 20:36:47+03:00,Fix another typo in e0b1ee17dc
b6c7cfac88c47a9194d76f3d074129da3c46545a,Tom Lane,2023-10-07 12:08:10-04:00,Restore proper linkage of pg_char_to_encoding() and friends.
e8c334c47abb6c8f648cb50241c2cd65c9e4e6dc,Alexander Korotkov,2023-10-07 11:55:55+03:00,Fix typos in e0b1ee17dc
ffb69b23115a1ca1d81f7e273d50b75154ae7b0b,Peter Eisentraut,2023-10-06 11:56:19+02:00,Add test for checking the line length of --help output
b4336515b0803b83a4d8f102006986e5863d2c49,Peter Eisentraut,2023-10-06 11:54:36+02:00,Remove environment-variable-based defaults in psql --help
aec684ff0fb979d0245985fc0f84c07345a29e18,Etsuro Fujita,2023-10-06 18:30:00+09:00,Remove extra parenthesis from comment.
e0b1ee17dc3a38ba17fee0fd58b7b834ec934259,Alexander Korotkov,2023-10-06 10:40:51+03:00,Skip checking of scan keys required for directional scan in B-tree
5da0a622e88907722ce456d30dbf0565ed7a222b,Heikki Linnakangas,2023-10-06 10:22:02+03:00,Fix crash on syslogger startup
fd4d93d269c02081958e4c0c214f1d82186e5689,Michael Paquier,2023-10-06 09:56:55+09:00,worker_spi: Fix test failure with BGWORKER_BYPASS_ALLOWCONN
991bb0f9653c61cf116338f295534d1378df2751,Michael Paquier,2023-10-06 09:01:27+09:00,worker_spi: Add tests for BGWORKER_BYPASS_ALLOWCONN
180e3394a7042f6cefa53221bfa224db906671d3,Peter Eisentraut,2023-10-05 16:20:46+02:00,Push attcompression and attstorage handling into BuildDescForRelation()
04e485273b56bec0e4637f97c587eca26cf823f0,Peter Eisentraut,2023-10-05 16:20:46+02:00,Move BuildDescForRelation() from tupdesc.c to tablecmds.c
6d341407a6e34cd6857cf55ee4757397286542db,Peter Eisentraut,2023-10-05 16:20:46+02:00,Push attidentity and attgenerated handling into BuildDescForRelation()
e29c46439511a2ba8b447079f2308384a4228c92,Heikki Linnakangas,2023-10-05 15:05:25+03:00,Refactor ListenSocket array.
1c99cde2f3440c59f582d45b251412c9a9b54f62,Alvaro Herrera,2023-10-05 10:59:08+02:00,Improve JsonLexContext's freeability
a8a968a8212ee3ef7f22795c834b33d871fac262,David Rowley,2023-10-05 21:03:10+13:00,Consider cheap startup paths in add_paths_to_append_rel
0b053e78b5990cd01e7169ee5bd2bb8e4045deea,David Rowley,2023-10-05 20:30:47+13:00,Fix memory leak in Memoize code
688926633fc6663d632334b17b34b0384620a458,Peter Eisentraut,2023-10-05 08:53:21+02:00,Constify crc32_sz
8666cf65ea6926b6d8c781ae03891435131911cd,Peter Eisentraut,2023-10-05 08:45:50+02:00,Modernize const handling with readline
4f2994647ff1e1209829a0085ca0c8d237dbbbb4,Michael Paquier,2023-10-05 12:22:28+09:00,worker_spi: Expand set of options to start workers
c789f0f6cc5da084f75f2556bada572a1a05e39a,Michael Paquier,2023-10-05 10:23:22+09:00,dblink: Replace WAIT_EVENT_EXTENSION with custom wait events
d61f2538a39f1dbeead01bc972fca597c769f518,Michael Paquier,2023-10-05 09:50:42+09:00,postgres_fdw: Replace WAIT_EVENT_EXTENSION with custom wait events
684d9bfdd5a6e6e368133707c678a2e2a984cc4e,Nathan Bossart,2023-10-04 14:40:50-05:00,Document that --sync-method takes an argument.
af2324fabf0020e464b0268be9ef03e8f46ed84b,Peter Eisentraut,2023-10-04 15:03:48+02:00,doc: Clarify not-null constraints in information schema
3338a9838298c4b42e2829373f70228c4fc50652,Michael Paquier,2023-10-04 17:12:25+09:00,test_shm_mq: Replace WAIT_EVENT_EXTENSION with custom wait events
c8e318b1b8d9b699a96b96db861b362550456108,Michael Paquier,2023-10-04 16:20:41+09:00,"worker_spi: Rename custom wait event to ""WorkerSpiMain"""
77d0ad6c46c518234b9ce0a5be1f61a25f1bf753,Tom Lane,2023-10-03 14:13:53-04:00,"Doc: suppress ""exceed the available area"" warning in PDF build."
5e4282772a569363da350548b2ce2e214e92ba40,Peter Eisentraut,2023-10-03 17:51:02+02:00,Remove RelationGetIndexRawAttOptions()
784162357130f63b5130cd6517db21451692f9b3,Peter Eisentraut,2023-10-03 17:51:02+02:00,Remove IndexInfo.ii_OpclassOptions field
af3ee8a086ca210d9461f813538d0169dbf07c2c,Tom Lane,2023-10-03 11:41:42-04:00,"Add some notes about why ""ALTER TYPE enum DROP VALUE"" is hard."
c2ba3fdea5938dff96ca32ed7a4a83c8ff5f188d,Robert Haas,2023-10-03 11:00:40-04:00,"In basebackup.c, refactor to create read_file_data_into_buffer."
053183138a7a11408d6faa9281001ff7b1ffee2e,Robert Haas,2023-10-03 10:37:20-04:00,"In basebackup.c, refactor to create verify_page_checksum."
a956bd3fa9d937689db24620002c78221eaffddd,Michael Paquier,2023-10-03 15:37:00+09:00,Avoid memory size overflow when allocating backend activity buffer
aea599cfc06b54426160a630e94ab7bdff7529c5,Peter Eisentraut,2023-10-03 08:30:20+02:00,Fix incorrect format placeholder
2075ba9dc9af8833b1147996c15246e44a1e4fab,David Rowley,2023-10-03 17:09:52+13:00,Tidy-up some appendStringInfo*() usages
6b18b3fe2c2f375d4a5d8a69b67bc59d13d4c844,Michael Paquier,2023-10-03 10:21:44+09:00,Fail hard on out-of-memory failures in xlogreader.c
6c77bb42ab0eb3f79e934ed3c97568119cca7b5f,Michael Paquier,2023-10-03 08:27:34+09:00,Replace use of stat()[7] by -s switch in TAP tests to retrieve file size
06c0c36884a5c9ced6d6a90f8b47540464b28e3a,Tom Lane,2023-10-02 13:27:58-04:00,Fix omission of column-level privileges in selective pg_restore.
1ccc1e05ae8feabf444259234d34e1e32231604d,Robert Haas,2023-10-02 11:40:07-04:00,Remove retry loop in heap_page_prune().
e64c733bb1996e52a13f6fc4a1240703f607fa53,Heikki Linnakangas,2023-10-02 12:39:35+03:00,Flush WAL stats in bgwriter
f0bd0b4489fa3e53ba1612b779860d82a1b50f57,Heikki Linnakangas,2023-10-02 12:18:57+03:00,Add rmgrdesc README
be8d4cb13cb477fe45db31acf74e97eced51dfce,Heikki Linnakangas,2023-10-02 11:46:25+03:00,Add regression tests for psql \g piped into a program
c8ec5e0543b90372c8e6d5cc2cd3d2ff89ca0e82,Amit Langote,2023-10-02 13:48:15+09:00,"Revert ""Add soft error handling to some expression nodes"""
7fbc75b26ed8ec70c729c5e7f8233896c54c900f,Amit Langote,2023-10-02 11:52:28+09:00,Add soft error handling to some expression nodes
2940f1c8373cb3b43b3b42d40786b05d6e901de1,Michael Paquier,2023-10-02 11:05:05+09:00,psql: Set variables from query result on failure when printing tuples
e1f95ec8cf6ea75d90905b2c746e2e1e9f3c9fc1,Noah Misch,2023-10-01 12:20:55-07:00,Correct assertion and comments about XLogRecordMaxSize.
5b7b3824648d6324f649bc74713a6b35e53b91ac,Tom Lane,2023-10-01 13:16:47-04:00,Fix datalen calculation in tsvectorrecv().
d8a09939a3e830c7e2c3a68925d5f4c298dc3336,Tom Lane,2023-10-01 12:09:26-04:00,"In COPY FROM, fail cleanly when unsupported encoding conversion is needed."
276393f53efbf08f72190221e9c1ef2a28e7fc66,Andrew Dunstan,2023-10-01 10:18:41-04:00,Only evaluate default values as required when doing COPY FROM
b1a8dc846da4d96d903dcb5733f68a1e02d82a23,Andres Freund,2023-09-30 12:10:47-07:00,meson: macos: Correct -exported_symbols_list syntax for Sonoma compat
f6d4c9cf162b70f2837fb6c2a83e80a3f3410695,Andrew Dunstan,2023-09-30 12:34:41-04:00,Provide FORCE_NULL * and FORCE_NOT_NULL * options for COPY FROM
c181f2e2bcecc2704c6461a0543894a38d7143df,Heikki Linnakangas,2023-09-30 17:03:50+03:00,Fix briefly showing old progress stats for ANALYZE on inherited tables.
1d5caec221d85b8950a1ee3d8bb6fad262549ea6,Dean Rasheed,2023-09-30 10:52:21+01:00,Fix EvalPlanQual rechecking during MERGE.
f02154652d1a83d80f4bee93b58ecdbd8c33378b,Tom Lane,2023-09-29 20:21:10-04:00,Remove environment sensitivity in pl/tcl regression test.
0cfc231aa19d80b31e37422a968d51fa8bcb53a9,Bruce Momjian,2023-09-29 18:33:03-04:00,doc:  remove PG version mention in EXPLAIN output
6d0c39a29309e5d7a6398e213190ae4f031061ab,Bruce Momjian,2023-09-29 14:25:59-04:00,C comment: add optimizer function reference
06843df4abc5a0c24e4bd154a8a1327e074fa3ae,Tom Lane,2023-09-29 14:07:30-04:00,Suppress macOS warnings about duplicate libraries in link commands.
75af0f401f905b947ea14401e8a51f1bae4ac265,Tom Lane,2023-09-29 13:13:54-04:00,Doc: improve description of dump/restore's --clean and --if-exists.
ccd42ca046eb1cae73d5bf0dcd9f6eae4f929872,Daniel Gustafsson,2023-09-29 15:55:37+02:00,doc: Change statistics function xref to the right target
5daa50f962bd06e49af690efc2a8a27fdd37fb7d,Peter Eisentraut,2023-09-29 10:59:46+02:00,"Revert ""pg_resetwal: Improve error with wrong/missing data directory"""
d40d8272190ce5f1641b9afb83a3752101af6a38,David Rowley,2023-09-29 16:58:32+13:00,Robustify find_base_rel and find_base_rel_ignore_join
3ef18a90bdeaeb7895b16431b0bb0023265c1df4,Michael Paquier,2023-09-29 10:34:04+09:00,doc: Fix descriptions related to the handling of non-ASCII characters
714780dcddf01865aa4323fedec59ffbefc7e707,Peter Geoghegan,2023-09-28 16:29:37-07:00,Fix btmarkpos/btrestrpos array key wraparound bug.
9f71e10d65fa2db7cde9fe1554f89a9526904eb9,Tom Lane,2023-09-28 14:05:25-04:00,Fix checking of index expressions in CompareIndexInfo().
4e9fc3a9762065a442b829d759dc61d9a3265e81,Robert Haas,2023-09-28 10:36:34-04:00,Return data from heap_page_prune via a struct.
22ff5c9d78b9c23622de2cf0730cec85266a7596,Daniel Gustafsson,2023-09-28 15:33:37+02:00,doc: Clarify where ereport severity levels are defined
c4a1933b48472eed0326462098091b47ffd7a14e,David Rowley,2023-09-29 00:02:22+13:00,Add missing TidRangePath handling in print_path()
c68f78538f93803b5c4f879da12918762eb43482,Etsuro Fujita,2023-09-28 19:45:00+09:00,Fix typo in src/backend/access/transam/README.
5f1b00e64aee58a83558b5036d9877dfcfba4252,Peter Eisentraut,2023-09-28 12:08:54+02:00,doc: Improve documentation about pg_resetwal -f option
a11d8e10f226c5a2072c1640bd1d70403ae4c4fa,Peter Eisentraut,2023-09-28 11:58:36+02:00,pg_resetwal: Use frontend logging API
b5da1b3a939a8a7ece408131e6503be7a422e491,Peter Eisentraut,2023-09-28 11:49:20+02:00,pg_resetwal: Regroup --help output
1d863c250461410e60c9ed5d3180f32336f4c3e2,Peter Eisentraut,2023-09-28 11:40:00+02:00,pg_resetwal: Improve error with wrong/missing data directory
7273945cafa7a068ca2bcc617df1be1c7404de87,Peter Eisentraut,2023-09-28 11:27:22+02:00,pg_resetwal: Update an obsolete comment
11c34b342bd77a292b625c32b70b44c02db8f3ed,Michael Paquier,2023-09-28 15:17:55+09:00,Show parameters of CALL as constants in pg_stat_statements
d060e921ea5aa47b6265174c32e1128cebdbc3df,Amit Langote,2023-09-28 09:44:39+09:00,Remove obsolete executor cleanup code
9210afd3bcd65feccb883ace4ed6dcef6a684585,Michael Paquier,2023-09-28 09:33:51+09:00,Move tracking of in_streaming to PGOutputData
ebf76f2753a91615d45f113f1535a8443fa8d076,Peter Eisentraut,2023-09-27 18:52:40+01:00,Add TupleDescGetDefault()
9dce22033d5d2813e9f8e7d595f57ee5a38b3f8e,Daniel Gustafsson,2023-09-27 13:02:21+02:00,llvmjit: Use explicit LLVMContextRef for inlining
ef668d8bf56e8c164ed62acdb269aa2f7e7ad5a1,Daniel Gustafsson,2023-09-27 13:02:14+02:00,llvmjit: Make llvm_types_module variable static
2dad308e73c1d105e69e69b9268a871260d94b4e,Daniel Gustafsson,2023-09-27 13:02:01+02:00,llvmjit: Remove unnecessary types
54ccfd65868c013a8c6906bc894bc5ea3640740a,Amit Kapila,2023-09-27 14:32:51+05:30,Fix the misuse of origin filter across multiple pg_logical_slot_get_changes() calls.
6fc3a138b1e8049a73e48d4b0f1031a1e6e7b8c6,Michael Paquier,2023-09-27 14:40:23+09:00,unaccent: Tweak value of PYTHON when building without Python support
3aa021b29b0ecdafa518d225fa08b98d7bf5c84e,Tom Lane,2023-09-26 21:06:21-04:00,"Stop using ""-multiply_defined suppress"" on macOS."
5f567b3c35c10668f62839a4a6d111b2d62e770a,Bruce Momjian,2023-09-26 19:44:22-04:00,doc: clarify the effect of concurrent work_mem allocations
eec2190b8c9b353c74aa03124d5664614c475305,Bruce Momjian,2023-09-26 19:23:59-04:00,"doc:  clarify handling of time zones with ""time with time zone"""
3fea8546914e3ebfcd4c3a3e25fbee6c54545087,Bruce Momjian,2023-09-26 19:02:18-04:00,doc:  clarify the behavior of unopenable listen_addresses
b0d049e8fa0c7ad61f7aa0c95e2987b8bace7090,Bruce Momjian,2023-09-26 18:54:10-04:00,"doc: pg_upgrade, clarify standby servers must remain running"
15d5d7405d3591aeba418b20c5ac75e80ddc8c74,Bruce Momjian,2023-09-26 17:41:48-04:00,pgrowlocks:  change lock mode output labels for consistency
1b5a00450acb34d4aa4565aa54fe79c6676f8236,Bruce Momjian,2023-09-26 17:31:32-04:00,doc:  mention GROUP BY columns can reference target col numbers
639e1aa81f3d0dddd9ff9b54abb7edabd2277af1,Peter Eisentraut,2023-09-26 22:09:07+01:00,pgbench: Improve help output of -I option
441bbd298888fe751a01b6c74cc53f2e7b223fa9,Bruce Momjian,2023-09-26 17:07:14-04:00,doc:  correct reference to pg_relation in comment
b0ae29512c2172f88696fe0963dd2a3304dc4972,Peter Eisentraut,2023-09-26 16:08:35+01:00,MergeAttributes() and related variable renaming
369202bf4be6538ee29f41eb8c539d3764da4a3e,Peter Eisentraut,2023-09-26 14:01:53+01:00,Clean up MergeCheckConstraint()
28d3c2ddcf91395920da17646a16367b6de1a93a,Heikki Linnakangas,2023-09-26 14:14:49+03:00,Fix another bug in parent page splitting during GiST index build.
64b787656de6c0c6f8f2e6e5b8a3cea25b92458b,Peter Eisentraut,2023-09-26 11:28:57+01:00,Add some const qualifiers
eddad679d2ab6d7369767d1c2f01fdbe76afbce3,Peter Eisentraut,2023-09-26 09:09:36+01:00,Clean up MergeAttributesIntoExisting()
eb36c6ac8478e664edebe8131ffa23c394e487cc,Peter Eisentraut,2023-09-26 07:56:41+01:00,Remove unused include
e221c0befb1b23130d87c26a1a2479019b9d565d,Michael Paquier,2023-09-26 09:29:47+09:00,"Fix behavior of ""force"" in pgstat_report_wal()"
dbd44ea30c5c742d761ec91f5612e92dfb1d8253,Michael Paquier,2023-09-26 08:16:12+09:00,"doc: Tell about ""vcregress taptest"" for regression tests on Windows"
becfbdd6c1c94fe03391368080029a6dd8523658,Thomas Munro,2023-09-26 10:53:38+13:00,Fix edge-case for xl_tot_len broken by bae868ca.
13aeaf0797e75a0c53abb66ac907ba14b4e47f6b,Nathan Bossart,2023-09-25 14:12:43-07:00,Add worker type to pg_stat_subscription.
849d367ff9a2875d4906fa110472462c4c95fad0,Andres Freund,2023-09-25 12:07:48-07:00,pg_dump: tests: Correct test condition for invalid databases
dc8d72c1c213d65a3f1500111d3c773aabce419f,Tom Lane,2023-09-25 14:42:17-04:00,Collect dependency information for parsed CallStmts.
a2c2fbf740fcfdf75b76d589b8e85c1cdf725a46,Andres Freund,2023-09-25 10:36:04-07:00,docs: Clarify --with-segsize-blocks documentation
036297cf1b8490bb72439d9ab471670598d3ad2f,Tom Lane,2023-09-25 12:07:32-04:00,Pack struct ParsedWord more tightly.
cf1c65070a89de1e810ef2c5a2036ca4a56c2fdc,Tom Lane,2023-09-25 11:50:28-04:00,Limit to_tsvector_byid's initial array allocation to something sane.
3aff1d3fd0fb7f00da3c9994114e596c6744ea41,Tom Lane,2023-09-25 11:25:19-04:00,Doc: improve cross-reference in Makefile comment.
aa9de547b7674df98ffaeef0fb9d56a87d8344f5,Daniel Gustafsson,2023-09-25 16:03:32+02:00,vacuumdb: Reword --help message for clarity
fb56a181175bba03a6d4f82cd3c07ec5511ce545,Daniel Gustafsson,2023-09-25 16:03:17+02:00,vacuumdb: Fix excluding multiple schemas with -N
2e3dc8c14811a8d5dc0cdeda408f63131b873da0,Alvaro Herrera,2023-09-25 14:27:33+02:00,pg_upgrade: check for types removed in pg12
c1609cf3c014294937058d4ca2b3160ec1b5be8c,Daniel Gustafsson,2023-09-25 13:29:34+02:00,Fix typo in numutils.c comments
7750fefdb2b81e0ee09c523d0a21cbd37edaf4b2,Daniel Gustafsson,2023-09-25 12:41:49+02:00,Add GUC for temporarily disabling event triggers
f19669fed3efe872425c80d4b1f45bf59267b7ea,Michael Paquier,2023-09-25 09:31:48+09:00,unaccent: Fix allocation size for target characters on initial load
1f9e3a9be539f912babd3ad58d01a4ce6aa0b85b,Daniel Gustafsson,2023-09-23 09:56:38+02:00,Fix typo in test comment
91b0e85aa0ade896129fab540c3e02f62d7fe6fb,Thomas Munro,2023-09-23 14:13:06+12:00,Don't use Perl pack('Q') in 039_end_of_wal.pl.
bae868caf222ca01c569b61146fc2e398427127a,Thomas Munro,2023-09-23 10:26:24+12:00,Don't trust unvalidated xl_tot_len.
755eb44d3c79a9bfe9c4d34e416f07ea78a2676c,Tom Lane,2023-09-22 14:52:36-04:00,Doc: copy-edit the introductory para for the pg_class catalog.
33774978c78175095da9e6c276e8bcdb177725f8,Daniel Gustafsson,2023-09-22 13:35:37+02:00,Avoid using internal test methods in SSL tests
5f3aa309a880bb429c6a648d64e20fbd353fee8a,Daniel Gustafsson,2023-09-22 11:18:25+02:00,Avoid potential pfree on NULL on OpenSSL errors
e59fcbd712c777eb2987d7c9ad542a7e817954ec,Peter Eisentraut,2023-09-22 07:43:26+02:00,Simplify information schema check constraint deparsing
48e2b234f822ea1610826be4526bb56ca4734dbe,Tom Lane,2023-09-21 23:11:30-04:00,Fix COMMIT/ROLLBACK AND CHAIN in the presence of subtransactions.
cca97ce6a6653df7f4ec71ecd54944cc9a6c4c16,Daniel Gustafsson,2023-09-21 13:53:07+02:00,Allow dbname in pg_basebackup/pg_receivewal connstring
c621467d2bc6435d07db4471998ca9c9f0c57777,Etsuro Fujita,2023-09-21 19:45:00+09:00,Update comment about set_join_pathlist_hook().
5cfba1ad69c6d43184645419476f6cc62e5dd3c5,David Rowley,2023-09-21 17:47:20+12:00,Fix vacuumdb to pass buffer-usage-limit with analyze-only mode
e5975c2daad0327b9faa6b62bcfbf173680d14b9,Michael Paquier,2023-09-20 13:36:54+09:00,doc: Fix description of BUFFER_USAGE_LIMIT for VACUUM and ANALYZE
59f47fb98dab6f4a59bdfdb8825a7560ca8f1cba,Michael Paquier,2023-09-20 12:29:36+09:00,unaccent: Add support for quoted translated characters
559bc1732180d9d3f87ad77e029c823389d8d91b,Nathan Bossart,2023-09-19 19:18:34-07:00,Remove open-coded binary heap in pg_dump_sort.c.
c868cbfef70a22bc02093cfd5e21d5ffd3ca5dd0,Michael Paquier,2023-09-20 10:02:12+09:00,Fix typos in pgoutput.c
cb943054f3f6d67c858dd63192afaa488f8cb51e,Michael Paquier,2023-09-20 09:26:15+09:00,"psql: Reset query buffer of \e, \ef and \ev on error"
9bfd44bbde4261181bf94738f3b041c629c65a7e,Nathan Bossart,2023-09-19 14:31:29-07:00,Convert pg_restore's ready_list to a priority queue.
1f998863b0bc6fc8ef3d971d9c6d2c29b52d8ba2,Heikki Linnakangas,2023-09-19 19:26:29+03:00,Fix psql tab-completion for identifiers containing dollars.
c5b0582841a5785aaf20fa77b507f7041e119d68,Peter Eisentraut,2023-09-19 11:35:01+02:00,Replace more MemSet calls with struct initialization
bf094372d14bf00f1c04f70f6ec5790f8b2c8801,Heikki Linnakangas,2023-09-19 11:53:51+03:00,Fix GiST README's explanation of the NSN cross-check.
9847ca2c79bef27b9bab44b2243fe951b7c62b36,Peter Eisentraut,2023-09-19 09:46:01+02:00,Standardize type of extend_by counter
78a33bba4c634afc3c67dddeb359b5ce872a0b04,Michael Paquier,2023-09-19 10:19:50+09:00,"Improve error message for snapshot import in snapmgr.c, take two"
af5b3c3d1eae94e9584ad1955a20b5a7cd0083c1,Michael Paquier,2023-09-19 08:31:06+09:00,Fix assertion failure with PL/Python exceptions
c103d073819a2189d849c0a93d51c726be524c48,Nathan Bossart,2023-09-18 14:06:08-07:00,Add function for removing arbitrary nodes in binaryheap.
83223f5f714482dd44883c68ecac2ae8c2d838e8,Nathan Bossart,2023-09-18 12:46:57-07:00,Fix MSVC build for changes to binaryheap.
5af0263afd7beaf947e22115b7e9ade000b0387d,Nathan Bossart,2023-09-18 12:18:33-07:00,Make binaryheap available to frontend code.
f73fa5a470b4cf850ad404b63c3e352d179d40b0,Tom Lane,2023-09-18 14:28:17-04:00,Don't crash if cursor_to_xmlschema is used on a non-data-returning Portal.
d726897c571b4269096c2cd13af804d16d089669,Alvaro Herrera,2023-09-18 16:19:25+02:00,Fix psql's \? output for \watch
51908a37d7ea67655560ff2efcba66816ca458e2,Daniel Gustafsson,2023-09-18 14:59:16+02:00,doc: Add example for how to set file_fdw column option
a0a5e0feb35c1209e340046dc4e40af3b0e79d59,Peter Eisentraut,2023-09-18 08:10:51+02:00,Fix information schema for catalogued not-null constraints
9d17e5f16fbe679b851f060a72b1e71f7cd3eba8,Peter Eisentraut,2023-09-18 07:26:34+02:00,Update Unicode data to Unicode 15.1.0
5c08927d365bf20c74fc141d75538ca7e44d303f,Peter Eisentraut,2023-09-18 07:25:46+02:00,Make Unicode script fit for future versions
e0e492e5a928e9c9eda01eeebadcfc36f9f8e7b7,Tom Lane,2023-09-15 17:01:52-04:00,Track nesting depth correctly when drilling down into RECORD Vars.
a396e20ad0da42b9cf64c39a99034523d819f008,Daniel Gustafsson,2023-09-15 19:05:57+02:00,Rename variable for code clarity
18724af9e83bb9123e0e1cd09751aef4ba30039e,Heikki Linnakangas,2023-09-15 17:29:37+03:00,Remove unnecessary smgrimmedsync() when creating unlogged table.
b0ec61c9c27fb932ae6524f92a18e0d1fadbc144,Daniel Gustafsson,2023-09-14 11:17:33+02:00,Quote filenames in error messages
be6f7cd9bb4a80787a7ebd602e5cae23485e4fe2,Peter Eisentraut,2023-09-14 09:42:43+02:00,Fix indentation in SQL file
be022908cfe2959dbb17c10475deeb492b8e6944,Michael Paquier,2023-09-14 16:00:01+09:00,"Revert ""Improve error message on snapshot import in snapmgr.c"""
e0b2eed047df9045664da6f724cb42c10f8b12f0,Amit Kapila,2023-09-14 08:57:05+05:30,Flush logical slots to disk during a shutdown checkpoint if required.
a2e0d5e5f6a05f436f7b73c7f12ffcc22611d23d,Amit Kapila,2023-09-14 08:39:03+05:30,Remove redundant result assignment in 004_sync.pl.
7369798a83c883a6314b8a8ed6d3063c508de784,Andres Freund,2023-09-13 19:14:09-07:00,Fix tracking of temp table relation extensions as writes
a0d87bcd9b57d85ec99eb2b2a2150bc60e5ca842,Michael Paquier,2023-09-14 10:30:08+09:00,Improve error message on snapshot import in snapmgr.c
b8f44a47794588329cec280ee16eb0be17e1816e,Michael Paquier,2023-09-14 08:35:02+09:00,Refactor error messages for unsupported providers in pg_locale.c
ee3a551e96c465f96de04dd1faf4e7bff8d25342,David Rowley,2023-09-14 11:27:29+12:00,Fix incorrect logic in plan dependency recording
f062cddafe6b3dcb6d090111c7cd4afa0c7fa4b3,Amit Kapila,2023-09-13 09:34:30+05:30,Fix the ALTER SUBSCRIPTION to reflect the change in run_as_owner option.
3acd0599bd8e18ae831d1cc86b687453fdbd424a,Thomas Munro,2023-09-13 14:58:22+12:00,Fix exception safety bug in typcache.c.
522a31ac873d7c6b02677f6d119c089a7dd09dd1,Michael Paquier,2023-09-13 10:10:04+09:00,Switch psql's TAP test for query cancellation to use IPC::Run::signal()
c53e288dba96bf42c5bfc21e75b45efbf37863d0,Michael Paquier,2023-09-13 09:53:48+09:00,Skip psql's TAP test for query cancellation entirely on Windows
e434e21e114b423e919324ad6ce1f3f079ca2a03,Michael Paquier,2023-09-09 21:12:41+09:00,Remove redundant assignments in copyfrom.c
320a27aab6c6797bfb0213b6b7a252da0b33637d,Bruce Momjian,2023-09-08 17:25:15-04:00,doc:  remove mention of backslash doubling in strings
28ed5ecbe07121fd55d081e5be1f297a6177c779,Masahiko Sawada,2023-09-08 22:50:59+09:00,Stabilize subscription stats test.
5a3423ad8ee171fbf08317917981effe47d211eb,Daniel Gustafsson,2023-09-08 15:05:12+02:00,Add JIT deform_counter
6fe3cefde4b414819d9bb68999ae235a9fc3ce83,Daniel Gustafsson,2023-09-08 11:34:43+02:00,doc: Extend documentation of PG_TEST_EXTRA
04a09ee944ac904c7fb7ca8f7230a524f514b3e7,Thomas Munro,2023-09-08 18:49:08+12:00,Teach WaitEventSetWait() to report multiple events on Windows.
9f0602539db4573b89c09abab666e85b653940bd,Thomas Munro,2023-09-08 17:12:12+12:00,"Remove some more ""snapshot too old"" vestiges."
e722846daf4a37797ee39bc8ca3e78a4ef437f51,Michael Paquier,2023-09-08 10:00:29+09:00,Improve BackendXidGetPid() to only access allProcs on matching XID
8438a3ffef283d12b387eeb73616809e4c409483,Bruce Momjian,2023-09-07 15:48:18-04:00,"doc:  change ""cross product"" to ""Cartesian product"""
9caf042088e7416ed612e52519ee15f0717e86a7,Robert Haas,2023-09-07 13:51:35-04:00,Reorder tests in get_cheapest_path_for_pathkeys().
ac22a9545ca906e70a819b54e76de38817c93aaf,Alvaro Herrera,2023-09-07 12:15:18+02:00,Move privilege check to the right place
3af7217942722369a6eb7629e0fb1cbbef889a9b,Alvaro Herrera,2023-09-07 11:33:01+02:00,Update information_schema definition for not-null constraints
e1c6db6309292827fc6baf7cf7df87d49254c7e1,Michael Paquier,2023-09-07 14:12:18+09:00,pg_basebackup: Generate valid temporary slot names under PQbackendPID()
0174c2d213f69a4ba87932de706eedf3fbb5979e,Thomas Munro,2023-09-07 14:38:15+12:00,Fix instability in 031_recovery_conflict.pl.
0da096d78e1e49645ff9baf6e425d3c47c5a5dc0,Thomas Munro,2023-09-07 12:39:24+12:00,Fix recovery conflict SIGUSR1 handling.
8c16ad3b43299695f203f9157a2b27c22b9ed634,Nathan Bossart,2023-09-06 16:27:16-07:00,Allow using syncfs() in frontend utilities.
cccc6cdeb32f010f1cf777a9e9a85344a4317ab8,Nathan Bossart,2023-09-06 16:27:00-07:00,Add support for syncfs() in frontend support functions.
3ed19567198ddb34ab32be6ebdf132148287abdf,Nathan Bossart,2023-09-06 16:26:39-07:00,Make enum for sync methods available to frontend code.
059e4ee92108c0ecc01cb44a9cd1f00042271f7f,Bruce Momjian,2023-09-06 16:52:24-04:00,doc:  mention that to_char() values are rounded
aca17fe206a9b8b73ec76f10a3256f1bf019e1a6,Daniel Gustafsson,2023-09-06 10:18:30+02:00,Update comments to match location of definition
59cbf60c0f2b5723ce4a939077c99bf4e4c433d3,Michael Paquier,2023-09-06 10:27:02+09:00,Remove column for wait event names in wait_event_names.txt
414f6c0fb79a23afa63bfd27375dbd688031dfd1,Michael Paquier,2023-09-06 10:04:43+09:00,Use more consistent names for wait event objects and types
f39b265808bde307953dd4bd46dca1f58f0988e8,Nathan Bossart,2023-09-05 17:02:06-07:00,Move PG_TEMP_FILE* macros to file_utils.h.
119c23eb9819213551cbe7e7665c8b493c59ceee,Nathan Bossart,2023-09-05 13:59:06-07:00,Replace known_assigned_xids_lck with memory barriers.
a899d07b24a6e519790041eeea5d96cc534f384e,Bruce Momjian,2023-09-05 13:05:28-04:00,doc: mention libpq regression tests
f234b8cd16a4ba6e12cc51a36c8e499661d535bb,Peter Eisentraut,2023-09-05 11:39:27+02:00,Unify gratuitously different error messages
f691f5b80a85c66d715b4340ffabb503eb19393e,Thomas Munro,2023-09-05 19:53:43+12:00,"Remove the ""snapshot too old"" feature."
aa0d3504560d40f4300a3d49d1c6c3bfc3b894e5,Michael Paquier,2023-09-05 13:57:44+09:00,Improve description of keys in tsvector
ae10dbb0c5e09bff9e26412de7940271ef501164,Michael Paquier,2023-09-04 14:55:37+09:00,Fix out-of-bound read in gtsvector_picksplit()
e70ed4b1b87d22b47955c2bdee567ef8424e6df8,Amit Kapila,2023-09-04 09:06:15+05:30,Fix typo in decode.c.
2b8e5273e949003f299ddcae5f8c4b44c6eb9edc,Michael Paquier,2023-09-04 08:04:22+09:00,Fix handling of shared statistics with dropped databases
d0ec2ddbe088f6da35444fad688a62eae4fbd840,Alvaro Herrera,2023-09-01 19:49:20+02:00,Fix not-null constraint test
e09d763e25dccc40695bc824ddda9abea791d66f,Alvaro Herrera,2023-09-01 14:21:27+02:00,ATPrepAddPrimaryKey: ignore non-PK constraints
e8d74ad625f7344f6b715254d3869663c1569a51,Heikki Linnakangas,2023-08-31 13:02:15+03:00,Report syncscan position at end of scan.
d7ceb41b9b84092517bbd7aa1ea6c446f023504e,Peter Eisentraut,2023-08-31 11:11:59+02:00,Correct ObjectProperty entry for transforms
f94dec76cc7aa1dc1636708e81581f9b84e7e15c,Peter Eisentraut,2023-08-31 10:21:34+02:00,genbki.pl: Factor out boilerplate generation
226d0a6b989bec6cb0cc3bfc07df9fd417644782,Peter Eisentraut,2023-08-31 08:14:57+02:00,Restructure DECLARE_INDEX arguments
b5934bfd6071fed3a38cea0cfaa93afda63d9c0c,Michael Paquier,2023-08-31 08:07:48+09:00,Fix some shadow variables in src/backend/replication/
d0fe3046eec3913829ccd5010849b25acd25fce4,Nathan Bossart,2023-08-30 14:47:01-07:00,Use actual backend IDs in pg_stat_get_backend_subxact().
3d51cb5197ea7eabc65f5e0184aae60b8f7f9528,Nathan Bossart,2023-08-30 14:46:52-07:00,Rename some support functions for pgstat* views.
fe39f433528c7a5648a4b94bf11773f9c51e28ac,Peter Eisentraut,2023-08-30 16:21:21+02:00,Fix possible compiler warning
7ef5f5fb324096c7822c922ad59fd7fdd76f57b1,Etsuro Fujita,2023-08-30 17:45:00+09:00,Doc: Improve documentation for creating custom scan paths.
05c821294e6c52609a999aefbe6c53f79f39c81e,Etsuro Fujita,2023-08-30 17:15:00+09:00,postgres_fdw: Fix test for parameterized foreign scan.
5ed593e5b76c177ea5cecb70e9fd2a223da32f21,Tatsuo Ishii,2023-08-30 16:06:12+09:00,Add bc6041b61f to .git-blame-ignore-revs.
bc6041b61f6678d32a5cfb70744653cd8f8d01c0,Tatsuo Ishii,2023-08-30 15:56:22+09:00,Fix code indentation vioaltion introduced in commit 3c662643c4.
6475e663b3c67895aa76acac27fd931bf8a6c0f1,Nathan Bossart,2023-08-29 18:32:38-07:00,Fix misuse of PqMsg_Close.
3c662643c4bb94aaf384e83fcfb53f6e4da0035e,Tatsuo Ishii,2023-08-30 10:03:31+09:00,Allow pgbench to exit immediately when any client is aborted.
8bf7db0285dfbc4b505c8be4c34ab7386eb6297f,Michael Paquier,2023-08-30 08:29:08+09:00,Fix comment of PQputCopyEnd()
52c6c0f19693367d542d1286c978a713ffcedd3a,Michael Paquier,2023-08-30 08:03:42+09:00,Avoid possible overflow with ltsGetFreeBlock() in logtape.c
9b581c53418666205938311ef86047aa3c6b741f,Alvaro Herrera,2023-08-29 19:19:24+02:00,Disallow changing NO INHERIT status of a not-null constraint
952db4979f9fea3fb4fd1eb07b310c85fdc2a8b9,Alvaro Herrera,2023-08-29 18:25:09+02:00,Perl: Remove useless lines
8421f6bce16cd1d58106f47e48762319e7d22ab0,Alvaro Herrera,2023-08-29 18:13:11+02:00,psql/t/001_basic: use locale-aware decimals in new test
db6d9891e8e4405f10d9b0bba1ebb6c51c3ab059,Alvaro Herrera,2023-08-29 18:06:55+02:00,Generate a locale-agnostic initdb template
63956bed7b10fb3bb5fe3f74250a33c9e226a921,Peter Eisentraut,2023-08-29 15:19:56+02:00,Rename logical_replication_mode to debug_logical_replication_streaming
f347ec76e2a227e5c5b5065cce7adad16d58d209,Daniel Gustafsson,2023-08-29 11:30:11+02:00,Allow \watch queries to stop on minimum rows returned
95fff2abee66c16ca3609b3c1638cbd553730a90,Daniel Gustafsson,2023-08-29 11:21:10+02:00,"Reword user-facing message for ""power of two"""
6844d3275ac6b3c35d824f49362d3fe59b30f26b,Peter Eisentraut,2023-08-29 08:58:56+02:00,Remove useless if condition
689c66a84bb75e08462c05ffc18514895b19d48e,Peter Eisentraut,2023-08-29 08:52:22+02:00,Remove useless if condition
1fa9241bdd0e44d2b602b2dd4b6f0a4d0d402e76,Peter Eisentraut,2023-08-29 08:45:05+02:00,Make more use of makeColumnDef()
2b088c8e4a2c9879d2f37fa4b38ae925184cea64,Peter Eisentraut,2023-08-29 08:30:45+02:00,Add some const decorations
5fec3c870ec8c1e9c88c368243b1533a2d5c53e7,Heikki Linnakangas,2023-08-29 09:09:40+03:00,Initialize ListenSocket array earlier.
f593c5517d14a949ae659eec470eb6bc0d2fdd5d,Michael Paquier,2023-08-29 08:45:04+09:00,Tweak pg_promote() to report failures on kill() or postmaster failures
36e4419d1f1ef06bba58a28a870aaaa8de73bb46,Peter Eisentraut,2023-08-28 15:17:04+02:00,Make error messages about WAL segment size more consistent
bb9002257b2211c213ad5989446d83a61c6446d3,Michael Paquier,2023-08-28 17:09:12+09:00,Fix some typos in wait_event_names.txt
648c72956f980771c5a3686ee68c5e2c5b62a534,Peter Eisentraut,2023-08-28 07:37:43+02:00,Convert encrypted SSL test keys to PKCS#8 format
617f9b7d4b10fec00a86802eeb34d7295c52d747,Michael Paquier,2023-08-28 14:27:17+09:00,Tighten unit parsing in internal values
165d581f146b09543b832513ee00fead132ba6b1,Michael Paquier,2023-08-28 13:49:55+09:00,"Tighten handling of ""ago"" in interval values"
9a0ddc39c64b8dddddf4f58eb137f53bf94eb098,Peter Eisentraut,2023-08-28 06:20:56+02:00,Format list of catalog files in makefile vertically
d6d1430f404386162831bc32906ad174b2007776,Michael Paquier,2023-08-28 12:53:41+09:00,Remove dead code in DecodeInterval()
bb45156f342c2cdb88cdd7f9efdc4541e910ec86,Michael Paquier,2023-08-27 17:27:44+09:00,Show names of DEALLOCATE as constants in pg_stat_statements
e48b19c5db3185e1868391176fc040df08a149fb,Michael Paquier,2023-08-26 20:11:19+09:00,"Generate new LOG for ""trust"" connections under log_connections"
1a4fd77db85abac63e178506335aee74625f6499,Andres Freund,2023-08-25 06:43:37-07:00,Avoid non-POSIX cp flags
98976d0ce0a3947427182394041f6dd0e33438b4,Alvaro Herrera,2023-08-25 14:06:13+02:00,Rename test table to avoid cs_CZ locale problem
b0e96f311985bceba79825214f8e43f65afa653a,Alvaro Herrera,2023-08-25 13:31:24+02:00,Catalog not-null constraints
9c13b6814ac7943036c64b377675184b243f04e8,Amit Kapila,2023-08-25 08:57:55+05:30,Reset the logical worker type while cleaning up other worker info.
252dcb32397f64a5e1ceac05b29a271ab19aa960,Andres Freund,2023-08-24 14:38:02-07:00,"Use ""template"" data directory in tests"
9625845532ae03e7da3fc8fc592c6ec333b93166,Nathan Bossart,2023-08-24 10:13:31-07:00,pg_upgrade: Bump MESSAGE_WIDTH.
d8b2fcc9d4b5af9704dadf00d68859229d9868ad,Tom Lane,2023-08-24 12:02:46-04:00,Avoid unnecessary plancache revalidation of utility statements.
3da13a6257bc08b1d402c83feb2a35450f988365,Alvaro Herrera,2023-08-24 16:51:43+02:00,Add test for inherited CHECK constraint drop
b0bea38705b2d14e57d353a701ecfdb8a04983b1,Heikki Linnakangas,2023-08-24 17:03:05+03:00,Use FD_CLOEXEC on ListenSockets
d71e6055e45318b5cff2094025d641b954517fa9,Peter Eisentraut,2023-08-24 14:22:46+02:00,Fix lack of message pluralization
3c09d115948cf33d398e9f3fe9c413cf6bbaa802,Peter Eisentraut,2023-08-24 13:59:40+02:00,Update DECLARE_INDEX documentation
4f3514f201cf007a3e0c0abbf21b70a711269ab0,Peter Eisentraut,2023-08-24 22:25:49+12:00,Rename hook functions for debug_io_direct to match variable name.
b575a26c66e438225f1c0f95ed8c5efc793d3a14,Daniel Gustafsson,2023-08-24 11:53:42+02:00,Add proargnames to multi-argument aggregate functions
27449ccc4d3a6ee77cbd13bed65f8fbea49486c1,Amit Kapila,2023-08-24 14:37:29+05:30,Fix the error message when failing to restore the snapshot.
9efcf442b9a4035be2692525be81a23224288d1b,Peter Eisentraut,2023-08-24 10:25:51+02:00,Fix translation markers
f9f3bea168496990037c55dd6961010e1acbba92,Peter Eisentraut,2023-08-24 08:24:53+02:00,pg_upgrade: Improve one log message
6ff385f20c4ed2af707d523ceb2bea694668c123,David Rowley,2023-08-24 10:33:53+12:00,Meson: check for pg_config_paths.h left over from make
a28166df8c5a00ec3d9b3550a4f6598593ebf873,Andres Freund,2023-08-23 15:15:28-07:00,ci: Make compute resources for CI configurable
19cc96503d23c79900162396077a900e7507c4d3,Andres Freund,2023-08-23 15:15:28-07:00,ci: Prepare to make compute resources for CI configurable
d7f249020a11a87cedad04fb071f3287321d5f20,Nathan Bossart,2023-08-23 14:19:58-07:00,Bump catversion for to_bin() and to_oct().
b2c91d841f1f58f6f553d9e6832fdfaedec00402,Andres Freund,2023-08-23 12:26:55-07:00,ci: Use VMs for SanityCheck and CompilerWarnings
119ee6ab1b0081e339cac08d18ae625fcc77bcd1,Andres Freund,2023-08-23 12:26:38-07:00,ci: Move execution method of tasks into yaml templates
794e14e219c7997c7f59ea8b7923daee95d2a3a6,Andres Freund,2023-08-23 12:26:12-07:00,ci: Don't specify amount of memory
01226c682ce6cc130c1057fcd5b0f24b2b622d39,Peter Eisentraut,2023-08-23 20:48:48+02:00,Avoid use of Perl getprotobyname
bf8bf6d0bddbbaa9dc6c27b383f026273064d2a2,Heikki Linnakangas,2023-08-23 18:12:41+03:00,Fix _bt_allequalimage() call within critical section.
260a1f18dae8729f99cefe4e1f759193fd6bedd0,Nathan Bossart,2023-08-23 07:49:03-07:00,Add to_bin() and to_oct().
ccadf73163ca88bdaa74b8223d4dde05d17f550b,Heikki Linnakangas,2023-08-23 17:21:31+03:00,Use the buffer cache when initializing an unlogged index.
ee99330a0b39c47a7ac44c6c8fdd74e3da841ba5,Daniel Gustafsson,2023-08-23 14:13:07+02:00,doc: Replace list of drivers and PLs with wiki link
17ec2c5dfa8dc6fee3df749d214238d34ee681c9,Peter Eisentraut,2023-08-23 11:23:42+02:00,doc: Add more ICU rules examples
27a36f79b6d15cb2b267d16084007aa9d6917aec,Daniel Gustafsson,2023-08-23 10:22:55+02:00,Fix wording in comment
d0e408313536d4d4a0fb4516f2596adbe06a0e60,Daniel Gustafsson,2023-08-23 09:41:22+02:00,pg_upgrade: Avoid shadowing global var in function
ed057fb68720dfeffc03e2b156c274f8ed10583a,Peter Eisentraut,2023-08-23 08:25:56+02:00,doc: Improve ICU external link
ed9330cff57bf38df2c38ea4d4cbb44e1378d4d4,Peter Eisentraut,2023-08-23 08:12:50+02:00,Improve vertical spacing of documentation markup
ae556c44163b900aa5dfcca023dfbcdb1e2fd5fd,Peter Eisentraut,2023-08-23 06:39:39+02:00,Some vertical reformatting
23382b0f8b21e3f5330d765d1abfcef58d086111,Peter Eisentraut,2023-08-23 06:39:39+02:00,Rename some function arguments for better clarity
11af63fb48d278b86aa948a5b57f136ef03c2bb7,Peter Eisentraut,2023-08-23 06:39:39+02:00,Add const decorations
f4b54e1ed9853ab9aff524494866823f951b1e7f,Nathan Bossart,2023-08-22 19:16:12-07:00,Introduce macros for protocol characters.
711479115836b2180f50c00bbf0773220848a7f5,Thomas Munro,2023-08-23 12:31:23+12:00,ExtendBufferedWhat -> BufferManagerRelation.
37188cea0c16f3f27ec65b526ffe12f6469142fc,Jeff Davis,2023-08-22 12:50:01-07:00,Fix pg_dump assertion failure when dumping pg_catalog.
a68458108512890d03da39f0132b829ddd5a69ab,Andrew Dunstan,2023-08-22 15:17:05-04:00,Cache by-reference missing values in a long lived context
757fa45c86bdadc36cae34fca383e715e73eec67,Alvaro Herrera,2023-08-22 12:22:21+02:00,Add comment missing in a4a232b1e702
1cdc6d86bfc3bbe2189a4d9d54a4fa8b6c98ea0a,Amit Kapila,2023-08-22 08:50:44+05:30,Simplify the logical worker type checks by using the switch on worker type.
6fde2d9a005a5bc04aa059d3faeb865c8dd322ce,Michael Paquier,2023-08-21 13:32:14+09:00,Fix pg_stat_reset_single_table_counters() for shared relations
1951d21b29939ddcb0e30a018cf413b949e40d97,Michael Paquier,2023-08-20 15:44:48+09:00,Bump catalog version for pg_wait_events
1e68e43d3f0ff1dcf4a5926f9d6336b86bda034d,Michael Paquier,2023-08-20 15:35:02+09:00,Add system view pg_wait_events
a2a6249cf1a4210caac534e8454a1614d0dd081a,Andres Freund,2023-08-19 14:38:46-07:00,ci: macos: use cached macports install
881cd9e581c2c40023f82edcd1cd2335691b78f2,Peter Eisentraut,2023-08-18 07:41:14+02:00,Remove dubious warning message from SQL/JSON functions
249d74394500e0830d45769423fe8aac7012537c,Michael Paquier,2023-08-18 09:40:46+09:00,pg_upgrade: Improve style of a few verbose messages
00e49233a94b8945c205e55959900ac741f10766,Michael Paquier,2023-08-18 08:11:10+09:00,Fix format if entry in wait_event_names.txt
0df7d1da40e3e639739eacccf3bca99a81803da7,Nathan Bossart,2023-08-17 07:25:18-07:00,Add a few recent commits to .git-blame-ignore-revs.
8fe4beaa21a4ab4d37bcfa7f8e2a8c76a741e478,Thomas Munro,2023-08-17 16:16:43+12:00,Remove traces of Sun -lposix4.
64393a7ff9ec36164af337ae5ec33e3624d1450c,Thomas Munro,2023-08-17 16:13:28+12:00,Don't probe extra libraries for fdatasync.
81e36d3e0df8d3d7a3daa2e2216f96df23ffc96a,Thomas Munro,2023-08-17 15:45:13+12:00,Invalidate smgr_targblock in smgrrelease().
d3c25ca1bf59bc4ccf589942f94bc5b945b1f46f,Michael Paquier,2023-08-17 10:51:26+09:00,sepgsql: Adjust regression expected output
352ea3acf8a2d6e0490eb005bce38303de4564dd,Michael Paquier,2023-08-17 08:54:17+09:00,Add OAT hook calls for more subcommands of ALTER TABLE
dca20013ebab0f0176e610a36b846d899af1d451,Peter Eisentraut,2023-08-16 16:17:00+02:00,Unify some error messages
1e7ca1189cccff9851d4f12dacadf6ffff4b04fa,Peter Eisentraut,2023-08-16 15:27:42+02:00,Improved CREATE SUBSCRIPTION message for clarity
78806a95095c4fb9230a441925244690d9c07d23,Peter Eisentraut,2023-08-16 13:46:26+02:00,Remove incorrect field from information schema
c9bfa40914be4a0882b904834c2bd32775a50d7b,John Naylor,2023-08-16 17:15:07+07:00,Split out tiebreaker comparisons from comparetup_* functions
89be0b89ae60c63856fd26d82a104781540e2312,Etsuro Fujita,2023-08-15 17:45:00+09:00,Fix code indentation vioaltion introduced in commit 9e9931d2b.
9e9931d2bf40e2fea447d779c2e133c2c1256ef3,Etsuro Fujita,2023-08-15 16:45:00+09:00,Re-allow FDWs and custom scan providers to replace joins with pseudoconstant quals.
5ffb7c775062ef18756e515ac96f06d012cbb950,Thomas Munro,2023-08-15 10:23:47+12:00,De-pessimize ConditionVariableCancelSleep().
82a4edabd272f70d044faec8cf7fd1eab92d9991,Andres Freund,2023-08-14 11:33:09-07:00,hio: Take number of prior relation extensions into account
94f9c087421ccda6a615df2dda6c40fb99570fa9,Bruce Momjian,2023-08-14 14:03:29-04:00,pgtest: fix spacing
50d1a6444ea789786ed673c9cd387548fc63cacb,Bruce Momjian,2023-08-14 13:45:29-04:00,pgtest:  update shell script to use more modern syntax
af720b4c50a122647182f4a030bb0ea8f750fe2f,Michael Paquier,2023-08-14 14:47:27+09:00,Change custom wait events to use dynamic shared hash tables
2a8b40e3681921943a2989fd4ec6cdbf8766566c,Amit Kapila,2023-08-14 08:38:03+05:30,Simplify determining logical replication worker types.
3d8d217450a63638825167c17ed791122f376176,Andres Freund,2023-08-12 15:08:07-07:00,ci: macos: Remove use of -Dsegsize_blocks=6
17ebbdf7de192c340762cb852ce615aefa191c95,Andres Freund,2023-08-12 15:08:07-07:00,ci: macos: Remove use of -DRANDOMIZE_ALLOCATED_MEMORY
c36b636096a1aac4fd5d7c8c5d11ed2bb6349d0f,Noah Misch,2023-08-12 14:37:05-07:00,Fix off-by-one in XLogRecordMaxSize check.
638d42a3c52081cf4882520f0622161bad69b40f,Michael Paquier,2023-08-12 10:44:15+09:00,Show GIDs of two-phase commit commands as constants in pg_stat_statements
5dc456b7dda4f7d0d7735b066607c190c74d174a,Michael Paquier,2023-08-11 20:43:34+09:00,Fix code indentation violations introduced by recent commit
5765cfe18c595b5d8a7df3a62d253f60a00718ce,Jeff Davis,2023-08-10 12:43:53-07:00,Transform proconfig for faster execution.
bee263b0878cacec5e3d888ab666000edc3219de,Jeff Davis,2023-08-10 10:20:54-07:00,Remove test from commit fa2e874946.
5e0c761d0a13c7b4f7c5de618ac38560d74d74d0,Peter Eisentraut,2023-08-10 16:55:07+02:00,Fix erroneous -Werror=missing-braces on old GCC
f25b18500a8405e6b800fb81b1dea2b875867143,John Naylor,2023-08-10 18:37:46+07:00,Update Solution.pm for new LoongArch CRC symbol
b57cfb439bd377cfe6d01b4254dde00ae54412ac,Alvaro Herrera,2023-08-10 12:04:07+02:00,Document RelationGetIndexAttrBitmap better
4d14ccd6af6e788a7b79ff3ed77bda5bc71d2edc,John Naylor,2023-08-10 11:36:15+07:00,Use native CRC instructions on 64-bit LoongArch
fa2e874946c5b9f23394358c131e987df7cc8ffb,Jeff Davis,2023-08-09 13:09:25-07:00,Recalculate search_path after ALTER ROLE.
c27f8621eedf744a7bc80e37dd2d3f0f559edf1b,Alvaro Herrera,2023-08-09 11:30:59+02:00,struct PQcommMethods: use C99 designated initializers
4a8fef0d733965c1a1836022f8a42ab1e83a721f,Peter Eisentraut,2023-08-09 10:00:50+02:00,Fix last remaining uninitialized memory warnings
a72d613b4c91462d9405c4e1b05c42d33013c333,Michael Paquier,2023-08-09 08:56:05+09:00,Fix pg_dumpall with in-place tablespaces
f05b1fa1ff5b2133d636a427d00fe85eedad49b3,Michael Paquier,2023-08-08 08:17:53+09:00,doc: Fix incorrect entries generated from wait_event_names.txt
cd5f2a357014d5ed8205191f8e1fb180f1439599,Noah Misch,2023-08-07 06:05:56-07:00,"Reject substituting extension schemas or owners matching [""$'\]."
2bdd7b262f7af28dec11684bd8998f7dc2acc793,Peter Eisentraut,2023-08-07 12:39:30+02:00,Translation updates
990c3650c535f6fc84d53abb0bd03ad0dd16c576,David Rowley,2023-08-07 22:14:21+12:00,Don't Memoize lateral joins with volatile join conditions
c2e08b04c9e71ac6aabdc7d9b3f8e785e164d770,Dean Rasheed,2023-08-07 09:28:47+01:00,Fix RLS policy usage in MERGE.
eeb4eeea2c525c51767ffeafda0070b946f26ae8,Peter Eisentraut,2023-08-07 09:34:38+02:00,Remove configure check for z_streamp
67c0ef9752ade6dc252a19be8d2259847d4eb78d,Peter Eisentraut,2023-08-07 09:34:38+02:00,Improve const use in zlib-using code
fdd79d8992d600d38eecfab568b27f6d04e4dfb3,David Rowley,2023-08-07 18:16:46+12:00,Fix misleading comment in paraminfo_get_equal_hashops
6c00d2c9d4c533dad4e0afe28cfde0e12e4eb4e0,David Rowley,2023-08-06 21:51:54+12:00,Tidy up join_search_one_level code
81ccbe520f42a9873734c614e4eb521190d8f8e4,Amit Kapila,2023-08-04 08:15:07+05:30,Simplify some of the logical replication worker-type checks.
7516056c584e3f7e04269f2e80835d1433e869c4,David Rowley,2023-08-04 13:27:19+12:00,Attempt to stabilize new window agg regression test
3fd19a9b23c2906da52f3f3732dbc533477f284d,David Rowley,2023-08-04 10:47:54+12:00,Minor adjustments to WindowAgg startup cost code
3900a02c97c7cc0e211578dc733cff0f4a2b2213,David Rowley,2023-08-04 09:27:38+12:00,Account for startup rows when costing WindowAggs
74a2dfee2255a1bace9b0053d014c4efa2823f4d,Etsuro Fujita,2023-08-03 17:45:00+09:00,Doc: update documentation for creating custom scan paths.
20f90a0e4d86d69808fd73e1e7c701a357846ec1,Etsuro Fujita,2023-08-03 17:15:00+09:00,Update comments on CustomPath struct.
02c1b64fb15ca018f0c159a0152497c8d6704d40,Amit Kapila,2023-08-03 08:59:50+05:30,Refactor to split Apply and Tablesync Workers code.
0125c4e21d7e9c8b3da95ffcd3e34c0f61c9b69a,Masahiko Sawada,2023-08-02 15:01:13+09:00,Fix ReorderBufferCheckMemoryLimit() comment.
3845577cb55eab3e06b3724e307ebbcac31f4841,David Rowley,2023-08-02 12:05:41+12:00,Fix performance regression in pg_strtointNN_safe functions
36ab831f9abc6f6b0ab74dd62e0faad75dbf42bf,Andres Freund,2023-08-01 14:10:04-07:00,Fix pg_stat_io buffer reuse test instability
6050b6a92d1e6b5a234e96382ea711683e67d280,Robert Haas,2023-08-01 13:50:42-04:00,Add and use symbolic constants for tar header offsets and file types.
deae1657ee6dd6f7b3effab3d44429d5434f5bbf,David Rowley,2023-08-02 01:39:47+12:00,Fix overly strict Assert in jsonpath code
d3a38318ac614f20a9e2e163bba083d15be54f06,Noah Misch,2023-07-31 17:04:47-07:00,Rename OverrideSearchPath to SearchPathMatcher.
7c5c4e1c0396b0617a6f9b659dd7375fb0bfb9dc,Noah Misch,2023-07-31 17:04:47-07:00,Remove PushOverrideSearchPath() and PopOverrideSearchPath().
c9af054653077699189884c336a65e23a7c8aebb,Michael Paquier,2023-07-31 17:09:24+09:00,"Support custom wait events for wait event type ""Extension"""
39055cb4ccd5b521ceb802b6a8194de912a422cc,John Naylor,2023-07-31 14:46:21+07:00,Bring some MSVC asserts in line with other platforms
7395a90db87bcb2f617d3c486657813122d3f151,Michael Paquier,2023-07-31 16:14:47+09:00,"Add WAIT_EVENT_{CLASS,ID}_MASK in wait_event.c"
f1e9f6bbfa536992eac6c094882b3afcd9e90fb4,Michael Paquier,2023-07-31 11:36:44+09:00,Avoid memory leak in rmtree() when path cannot be opened
bf227926d22b5cffba4b6724df0eb239a7037cbd,Michael Paquier,2023-07-30 15:26:25+09:00,Fix pg_rewind with in-place tablespaces when source is remote
b68e356a680ee1155b0dc612a89655e98320121a,Michael Paquier,2023-07-29 11:34:53+09:00,worker_spi: Fix race condition in newly-added TAP tests
6d982e3b3bd4a3a26d18639b05ca1535c260e669,Nathan Bossart,2023-07-28 10:07:44-07:00,"Harmonize password reuse in vacuumdb, clusterdb, and reindexdb."
e055b6be7ebb0de35570102327717c99d91fe540,Amit Langote,2023-07-28 16:05:44+09:00,doc: add missing <returnvalue> and whitespace
6f80a8d9c1373f24ad308b1dee63f8d8c1787026,Etsuro Fujita,2023-07-28 15:45:00+09:00,Disallow replacing joins with scans in problematic cases.
38df84c65ea4aa9110cbc797d07225fb0fac44f7,Tom Lane,2023-07-27 11:56:35-04:00,Eliminate fixed token-length limit in hba.c.
320c311fda912226bcb2e82b507b498161581dd2,Michael Paquier,2023-07-27 13:30:07+09:00,worker_spi: Switch to TAP tests
b635ac03e80237838bec8b224eb4dea97985fda3,David Rowley,2023-07-27 14:47:05+12:00,Fix performance problem with new COPY DEFAULT code
f6a84546b1a0ae43c00a7f351bc45fbde342466a,Michael Paquier,2023-07-27 10:55:16+09:00,Add sanity asserts for index OID and attnums during cache init
31de7e60da34761365f94dc76cc2c1bf2172d1bc,Michael Paquier,2023-07-27 09:42:33+09:00,Show savepoint names as constants in pg_stat_statements
19c590f6a795831b34782a4d69fa6a52dc9d03c3,Nathan Bossart,2023-07-26 17:02:39-07:00,Adjust extra lines generated by psql to be valid SQL comments.
03734a7fed7d924679770adb78a7db8a37d14188,Amit Langote,2023-07-26 17:08:33+09:00,Add more SQL/JSON constructor functions
254ac5a7c31f7e6d3908c057461db5401d2110b0,Amit Langote,2023-07-26 17:06:09+09:00,Rename a nonterminal used in SQL/JSON grammar
b22391a2ff7bdfeff4438f7a9ab26de3e33fdeff,Amit Langote,2023-07-26 17:06:03+09:00,Some refactoring to export json(b) conversion functions
bd88404d3cda53810e0b0144713c4b1a1dd965a8,Masahiko Sawada,2023-07-26 14:41:26+09:00,Fix crash with RemoveFromWaitQueue() when detecting a deadlock.
d9eb92c7b122c4cf40e95ec45e88b27b318a2be9,Michael Paquier,2023-07-26 12:43:26+09:00,"worker_spi: Use term ""dynamic"" for bgworkers launched with worker_spi_launch()"
66d86d4201b3a4b05c6d7d1bf827d4b17aa44a06,Michael Paquier,2023-07-26 12:06:04+09:00,Document more assumptions of LWLock variable changes with WAL inserts
62e9af4c63fbd36fb9af8450fb44bece76d7766f,Amit Kapila,2023-07-25 12:35:58+05:30,Fix code indentation vioaltion introduced in commit d38ad8e31d.
d0ce9d0bc7f6aab6e45158bfa4f19cffdd7079a6,Masahiko Sawada,2023-07-25 15:09:34+09:00,Remove unnecessary checks for indexes for REPLICA IDENTITY FULL tables.
71e4cc6b8ec6a08f81973bd387fe575134cd0bdf,Michael Paquier,2023-07-25 13:38:58+09:00,Optimize WAL insertion lock acquisition and release with some atomics
d38ad8e31dee1a69f4f6d4b6bb4e007e3751a93c,Amit Kapila,2023-07-25 09:12:29+05:30,Fix the display of UNKNOWN message type in apply worker.
f3bc5192889f6f02aa10ca9f24df4eab1f1493c1,Andres Freund,2023-07-24 19:07:52-07:00,Fix off-by-one in LimitAdditionalPins()
d6677b93c79b19bf3772cb32fcea0a77d8520db9,Alvaro Herrera,2023-07-24 17:48:06+02:00,Make test_decoding ddl.out shorter
6061adedf53cbe0f94a52dd02465abf8c7c9fb43,Alvaro Herrera,2023-07-24 17:14:22+02:00,Compare only major versions in AdjustUpgrade.pm
e35cc3b3f2d081e2de3a0e077715d12b3580cc74,Michael Paquier,2023-07-24 13:48:22+09:00,pgbench: Use COPY for client-side data generation
29836df323d752d534deb7b922cd48f08132e044,Michael Paquier,2023-07-23 20:03:35+09:00,pgbench: Add TAP tests to check consistency of data generated
bda97e47afaeaab6236f37993ce45bb369add3e5,Tom Lane,2023-07-22 10:32:52-04:00,Avoid compiler warning in non-assert builds.
702d003269297042903c978176c0dd1ca77d5e60,Jeff Davis,2023-07-21 15:24:19-07:00,ICU: remove negative test that fails to fail.
3c90dcd039149716454378bd270673f781b5c19f,Tom Lane,2023-07-21 12:00:14-04:00,Fix calculation of relid sets for partitionwise child joins.
7c7412cae3ea8f8accdec1022969a9360b74f253,Amit Langote,2023-07-21 19:15:34+09:00,Code review for commit b6e1157e7d
97ff8dd02ca788020021cdafb85d77d4fd3f3125,Michael Paquier,2023-07-21 12:07:52+09:00,Fix worker_spi when launching workers without shared_preload_libraries
9089287aa037fdecb5a52cec1926e5ae9569e9f9,Tom Lane,2023-07-20 14:23:46-04:00,Guard against null plan pointer in CachedPlanIsSimplyValid().
29a0ccbce97978e5d65b8f96c85a00611bb403c4,Daniel Gustafsson,2023-07-20 17:18:12+02:00,"Revert ""Add notBefore and notAfter to SSL cert info display"""
75ec5e7bec700577d39d653c316e3ae6c505842c,Daniel Gustafsson,2023-07-20 17:07:32+02:00,Add notBefore and notAfter to SSL cert info display
40fad96530caf190a3babf322ca705e744c393bb,Daniel Gustafsson,2023-07-20 16:04:27+02:00,Set fixed dates for test certificates validity
a3f695e645d0363d845a828db45deac5af1b4c0e,Daniel Gustafsson,2023-07-20 14:55:50+02:00,pg_upgrade: include additional detail in cluster check
3c152a27b06313fe27bd47079658f928e291986b,Amit Langote,2023-07-20 16:19:56+09:00,Unify JSON categorize type API and export for external use
2a990abd79acea4717cc8f982a28f35b6b347ddb,Michael Paquier,2023-07-20 15:18:25+09:00,Add missing ObjectIdGetDatum() in syscache lookup calls for Oids
47556a0013fa64d44add2760577d49cf2eca4cd0,Michael Paquier,2023-07-20 10:22:46+09:00,Fix pg_recvlogical upon signal termination
ab29a7a9c6ffaddaf6788a13e83f1a249f06bb1b,Nathan Bossart,2023-07-19 15:26:59-07:00,Doc: move unparenthesized syntaxes for a few commands.
cdaedfc96d1488069518d42479125ceb9a5e67d0,Nathan Bossart,2023-07-19 15:26:52-07:00,Support parenthesized syntax for CLUSTER without a table name.
018b61f81b4aa3c85e2d671d056681ff5c765475,Nathan Bossart,2023-07-19 15:26:43-07:00,Rearrange CLUSTER rules in gram.y.
d65ddaca93f6f31e76b15bc1001f5cabb6a46c9d,Tom Lane,2023-07-19 12:46:30-04:00,Add psql \drg command to display role grants.
15c68cd84a2c80eed9b67ed6746ed5b91baea587,Tom Lane,2023-07-19 11:00:34-04:00,Doc: improve description of IN and row-constructor comparisons.
3f8c98d0b631882e3c513954df42891c1c9585c7,Michael Paquier,2023-07-19 13:41:22+09:00,pg_archivecleanup: Add --clean-backup-history
4a7556f77c44d295241d2432094b40156f69be1a,Michael Paquier,2023-07-19 12:23:53+09:00,pg_archivecleanup: Refactor loop doing old segment removals
961cf5c9055ff5f689a06aafed3346146b3cee43,Amit Kapila,2023-07-19 08:11:44+05:30,Doc: Update the logical replication restriction w.r.t Replica Identity Full.
137b131d6fbd29b4acf740aba3f74220faef2678,Tom Lane,2023-07-18 11:59:39-04:00,Doc: fix out-of-date example of SPI usage.
4e465aac36ce9a9533c68dbdc83e67579880e628,Michael Paquier,2023-07-18 14:04:31+09:00,Fix indentation in twophase.c
cb0cca1880723b4c90c56cdcf3842489ef036800,Michael Paquier,2023-07-18 13:43:44+09:00,Fix recovery of 2PC transaction during crash recovery
8fab4b34801331f1c59352cb0a248be436b60aef,Tom Lane,2023-07-17 16:54:54-04:00,"Include <limits.h> in fe-auth.c, to get CHAR_BIT reliably."
884eee5bfb5ab902413dc00ccee5b3e3f1c505d0,Nathan Bossart,2023-07-17 11:44:59-07:00,Remove db_user_namespace.
2c2eb0d6b27f498851bace47fc19e4c7fc90af4f,David Rowley,2023-07-17 11:16:56+12:00,Shrink memory contexts struct sizes
03d1080d8a95d7ced90043f3aaad7d2aaeaedb1b,Nathan Bossart,2023-07-14 12:35:54-07:00,Simplify option handling in pg_ctl.
e08d74ca1342cb9e6047daad2019b550ecf54877,Tom Lane,2023-07-14 11:41:20-04:00,Allow plan nodes with initPlans to be considered parallel-safe.
d0d44049d1262aed2eee906d26af852948206db0,Tom Lane,2023-07-14 11:41:20-04:00,Account for optimized MinMax aggregates during SS_finalize_plan.
b8d3dae00f6c49d0c41abd5b36e2588a81abe5be,Tom Lane,2023-07-14 10:35:49-04:00,Improve error message for MaxAllocSize overrun in accumArrayResult.
00f2a2556c9b23050e4f987e5d563b6856b83fc2,Amit Langote,2023-07-14 14:56:35+09:00,Add missing initializations of p_perminfo
a0363ab7aafda7d16ae59e72d86866c02ad3d657,Nathan Bossart,2023-07-13 21:13:45-07:00,Fix privilege check for SET SESSION AUTHORIZATION.
9987a7bf34061ed5cffc4e5113da056358976e94,Nathan Bossart,2023-07-13 21:10:36-07:00,Move privilege check for SET SESSION AUTHORIZATION.
edca3424342da323499a1998d18a888283e52ac7,Amit Kapila,2023-07-14 08:21:54+05:30,Allow the use of a hash index on the subscriber during replication.
a5ea825f958c2de9fadb825cbf16bf9b1360f0df,Michael Paquier,2023-07-14 11:15:34+09:00,Add indisreplident to fields refreshed by RelationReloadIndexInfo()
38ea6aa90e615fc91c138fc1efbc981ef3b434f8,Michael Paquier,2023-07-14 10:12:48+09:00,Fix updates of indisvalid for partitioned indexes
d0c28601efaa8b04f11a19506f3371bba8438acc,Thomas Munro,2023-07-14 12:30:13+12:00,Remove wal_sync_method=fsync_writethrough on Windows.
aea7fe33fb6a96133c47cf4b3af25a7c62f49c06,Michael Paquier,2023-07-14 09:09:23+09:00,Add information about line contents on parsing failure of wait_event_names.txt
183a60a628fec074372e7a53d5006c18bd7a8e53,Michael Paquier,2023-07-14 08:55:11+09:00,Remove double quotes from the second column of wait_event_names.txt
c66a7d75e652801043ece99b6a8f89fd9513eaaa,Andres Freund,2023-07-13 13:03:28-07:00,Handle DROP DATABASE getting interrupted
83ecfa9fad11448af2cbac6c9f2a03507e6317cf,Andres Freund,2023-07-13 13:03:28-07:00,Release lock after encountering bogs row in vac_truncate_clog()
8aac9759bb855a9349ae39944901d25a858b4751,Tom Lane,2023-07-13 13:07:51-04:00,Remove unnecessary pfree() in g_intbig_compress().
40b3af72a787e5c7c842651a2e04e3f856b9460c,Amit Langote,2023-07-13 22:38:26+09:00,Add missing const qualifier
328f492d2565cfbe383f13a69425d751fd79415f,Amit Langote,2023-07-13 22:26:10+09:00,Fix code indentation violation in commit b6e1157e7d
e1c83e7b964f45aa39818134f8a2d46f2d03a38d,Peter Eisentraut,2023-07-13 13:21:43+02:00,Fix untranslatable log message assembly
ccfca8ea42b8be09a509f68564f6ee13859285b1,Michael Paquier,2023-07-13 16:44:17+09:00,Remove duplicated assignment of LLVMJitHandle->lljit
fd48a86c6241b994ce67c8b53a918e6b42c8063c,Masahiko Sawada,2023-07-13 15:03:17+09:00,Doc: clarify the conditions of usable indexes for REPLICA IDENTITY FULL tables.
0fef8775382886bef023aee67cb744711ed7a32f,Nathan Bossart,2023-07-12 21:28:54-07:00,Rename session_auth_is_superuser to current_role_is_superuser.
411b720343005597d042fc1736ce9a3a3ee8a1fe,Nathan Bossart,2023-07-12 20:34:39-07:00,Teach in-tree getopt_long() to move non-options to the end of argv.
b6e1157e7d339c4e20d68448125a4cef42b1ac9d,Amit Langote,2023-07-13 12:13:58+09:00,Don't include CaseTestExpr in JsonValueExpr.formatted_expr
785480c9533d9a905410c1a52f857a431daec37c,Amit Langote,2023-07-13 12:13:49+09:00,Pass constructName to transformJsonValueExpr()
c17164aec88cfa2d1b949e76e05e4ebafd74936c,Michael Paquier,2023-07-13 09:09:04+09:00,Simplify some conditions related to [LW]Lock in generate-wait_event_types.pl
7a7f13afee9229fe738c390d39aa44c394400c04,Andres Freund,2023-07-12 16:26:02-07:00,meson: Tie adding C++ support to the llvm Meson option
47caa710cebe386c1ab0de89c2a9ff286c9bcb2a,Andres Freund,2023-07-12 16:26:02-07:00,meson: Pass more feature option through to required kwargs
2eaa54dde21058f31fd6c9169344d8ed18342250,Andres Freund,2023-07-12 16:26:02-07:00,pg_bsd_indent: Collect test diffs in test.diffs instead of tests.diff
e68dd9e9073521235bf71be3f9d7028492bd3bbc,Daniel Gustafsson,2023-07-12 19:38:51+02:00,doc: Clarify the errhint example
c8e43c22be271096809e561482084c6fb83e0708,Alvaro Herrera,2023-07-12 18:46:27+02:00,parallel_schedule: add comment on event_trigger test dependency
7ef2912519fdea0dd0f6747c4dc008c99dc51e90,Peter Eisentraut,2023-07-12 16:13:50+02:00,Remove ancient special case code for dropping oid columns
5eaa0e92ee2f94994c55c02d01b3feabc6c35f54,Peter Eisentraut,2023-07-12 16:13:40+02:00,Remove ancient special case code for adding oid columns
adf333b4edb24fc9134fd76cd6c2d65f9a89c3a4,Peter Eisentraut,2023-07-12 16:13:31+02:00,Remove obsolete comment about OID support
8c852ba9a4347c4778cc610ad5a9cb50ea701b5c,Peter Eisentraut,2023-07-12 09:25:17+02:00,Allow some exclusion constraints on partitions
ce0b0fa3e792cefc3ce325b10af224edbbf68ce7,Thomas Munro,2023-07-12 08:57:55+12:00,Doc: Adjust libpq docs about thread safety.
68a4b58eca032916e2aad78d63f717dcb147e906,Thomas Munro,2023-07-12 08:20:43+12:00,Remove --disable-thread-safety and related code.
11f36694091c97318e5a2bd28b35ffe9aa1c3b6a,Michael Paquier,2023-07-11 14:01:00+09:00,pgbench: Move constant into format string
46ebdfe164c61fbac961d1eb7f40e9a684289ae6,Masahiko Sawada,2023-07-11 12:34:01+09:00,Report index vacuum progress.
f1889729dd3ab0352dc0ccc2ffcc1b1901f8e39f,Masahiko Sawada,2023-07-11 12:33:54+09:00,Add new parallel message type to progress reporting.
26dd0284b98f6bf730dc1f7f7e1f917525d71eda,Amit Kapila,2023-07-11 08:31:11+05:30,Add BEGIN/COMMIT for transactional messages during decoding.
4e9fa6d56b3e4e1b6238fb24200e6baece229401,Thomas Munro,2023-07-11 09:34:22+12:00,Don't expose Windows' mbstowcs_l() and wcstombs_l().
a8b7424684b3e9634703d1974c6b45805ac86b5d,Tom Lane,2023-07-10 12:14:34-04:00,Be more rigorous about local variables in PostgresMain().
a44d96add2eb377ab70055a54b713c5c78380383,Peter Eisentraut,2023-07-10 12:05:32+02:00,Fix pgindent
e53a611523af0195d7025b979d29ea4d166ad762,Peter Eisentraut,2023-07-10 10:47:24+02:00,Message wording improvements
9b286858e3ab1647304c5fbb2b1529de6bead8f7,Michael Paquier,2023-07-10 13:08:10+09:00,Add more sanity checks with callers of changeDependencyFor()
bd5ddbe8666a11e34ba77e4c1788c4832dcd9a50,Michael Paquier,2023-07-10 09:40:07+09:00,Fix ALTER EXTENSION SET SCHEMA with objects outside an extension's schema
3c963d33eae8dcbac0bc2e1dc0b7c1ac931dd83f,Peter Eisentraut,2023-07-09 10:02:15+02:00,doc: Use proper markup for emphasis
be2ab58f6227ef8ea341c3d9b9f99d53d56529a9,Peter Eisentraut,2023-07-09 09:48:16+02:00,doc: Move DEFAULT parameter on COPY reference page
f8d03ea727e48c894174c4e5e6ebafc3a17ab3f7,Peter Eisentraut,2023-07-09 08:51:46+02:00,Remove unnecessary unbind in LDAP search+bind mode
89333db963af20988fc407463ea626b1c41404e8,Thomas Munro,2023-07-09 18:17:09+12:00,Rename port/thread.c to port/user.c.
c23e7ea4d6a44cd0f6948d362a8477f14a3f849c,David Rowley,2023-07-09 16:14:00+12:00,"Doc: update old reference to ""result cache"""
1aadc504bf47ade96178b98fe80803f244c1ee28,Thomas Munro,2023-07-09 16:05:34+12:00,Remove obsolete comment and code from fe-auth.c.
8d9a9f034e925568342c7ccfd8d351a3cd20e7f3,Thomas Munro,2023-07-09 11:55:18+12:00,All supported systems have locale_t.
e9f15bc9db7564a29460d089c0917590bc13fffc,Andrew Dunstan,2023-07-08 12:34:25-04:00,Fix tmpdir issues with commit e213de8e78
e213de8e785aac4e2ebc44282b8dc0fcc74834e8,Andrew Dunstan,2023-07-08 11:48:06-04:00,Use shorter location for pg_replslot in pg_basebackup test
6ee01e25b7f79bdf835d12927b306ad922c55fd3,Peter Eisentraut,2023-07-08 17:27:18+02:00,Fix Perl warning
5edf438eeb00271cca5d19d0ea10a2d6e8d018c4,Peter Eisentraut,2023-07-08 15:56:01+02:00,Make some indentation in gram.y consistent
9f6253613e8857942b1928bd7163bc1529fc9c69,Jeff Davis,2023-07-07 11:39:19-07:00,test_extensions: sync meson.build with Makefile.
151c22deee66a3390ca9a1c3675e29de54ae73fc,Nathan Bossart,2023-07-07 11:25:13-07:00,Revert MAINTAIN privilege and pg_maintain predefined role.
ec99d6e9c87a8ff0f4805cc0c6c12cbb89c48e06,Tomas Vondra,2023-07-07 19:04:53+02:00,Document relaxed HOT for summarizing indexes
da98d005cdbcd45af563d0c4ac86d0e9772cd15f,Michael Paquier,2023-07-07 13:59:41+09:00,Fix some comments in ./configure and meson setup files
f863d82b2f9801c556882ca92b519982a82133e3,Daniel Gustafsson,2023-07-06 21:21:37+02:00,pg_regress: Remove unused variable
f0a94d81e4f7d3402d4b3a6b05b7b749ff23fe54,Andres Freund,2023-07-06 09:57:28-07:00,Fix type of iterator variable in SH_START_ITERATE
1fa25ce70f0901b5b55b1fe9ca10cb3b9905db97,Andrew Dunstan,2023-07-06 12:27:40-04:00,Skip pg_baseback long filename test if path too long on Windows
3142a8845b44699761e41955a4e97ccee07c3734,Heikki Linnakangas,2023-07-06 17:25:29+03:00,WAL-log the creation of the init fork of unlogged indexes.
69a674a170058e63e8178aec8a36a673efce8801,Amit Kapila,2023-07-06 11:49:18+05:30,Fix code indentation vioaltion introduced in commit cc32ec24fd.
a14354cac0e32d5e169c1ea4225845f93922d483,Michael Paquier,2023-07-06 14:42:36+09:00,"Add GUC parameter ""huge_pages_status"""
cf05113eb0da0b65fdeaf79db0c6c27b82d3c869,Michael Paquier,2023-07-06 13:35:50+09:00,Add newline at the end of header generated by generate-wait_event_types.pl
cc32ec24fdf3b9808617439d41b0ba7f3eb16b04,Amit Kapila,2023-07-06 08:52:10+05:30,Revert the commits related to allowing page lock to conflict among parallel group members.
ae6d06f09684d8f8a7084514c9b35a274babca61,Michael Paquier,2023-07-06 08:16:24+09:00,Handle \v as a whitespace character in parsers
4f4d73466d71976b58f29121bab9d9fef6f3436e,Heikki Linnakangas,2023-07-05 13:13:13+03:00,"Fix leak of LLVM ""fatal-on-oom"" section counter."
088539015173a204839a53d1d0fc8fa8c96783ba,Peter Eisentraut,2023-07-05 10:50:16+02:00,pg_waldump: Add test case for notice message
96063e28366b97da8c2ea02060acfea15fb7ffee,Peter Eisentraut,2023-07-05 10:50:08+02:00,pg_waldump: Add more tests
5e8068f04e13e12c182eca3e64ac4377e0c93a5d,Heikki Linnakangas,2023-07-05 10:02:15+03:00,"Change example in pgindent README on ""/*-----"" comments."
a77d39d5f4b97c7d08e6786429d69eae5baec48e,Daniel Gustafsson,2023-07-05 08:53:09+02:00,Rename EVT cache hash to make context name unique
68a59f9e99831cf05a746928a955781503232bbb,Masahiko Sawada,2023-07-05 14:49:46+09:00,pgstat: fix subscription stats entry leak.
cccdbc5d95aca276789bbe28783f3e06f9a3ba9c,Peter Eisentraut,2023-07-05 07:15:23+02:00,Clean up command argument assembly
fa88928470b538c0ec0289e4d69ee12356c5a8ce,Michael Paquier,2023-07-05 10:53:11+09:00,Generate automatically code and documentation related to wait events
48efb2302bea3b2af8b4bb865edcc70132ee4250,Daniel Gustafsson,2023-07-04 17:36:13+02:00,Fix assertion failure in snapshot building
4b4798e1384ce12e19a558708e66c829276cf8d7,Heikki Linnakangas,2023-07-04 17:57:03+03:00,Ensure that creation of an empty relfile is fsync'd at checkpoint.
657f5f223e8fd9aa12d8d9fc473faecc267b9b7a,Peter Eisentraut,2023-07-04 14:31:57+02:00,Remove incidental md5() function uses from several tests
625d5b3ca0968c1d8c080d5210f7209184c0d134,David Rowley,2023-07-04 23:08:52+12:00,Allow Incremental Sorts on GiST and SP-GiST indexes
28b5726561841556dc3e00ffe26b01a8107ee654,Michael Paquier,2023-07-04 14:48:10+09:00,libpq: Add support for Close on portals and statements
03f80daac8cff257294108caf908fe0397c40e1a,Thomas Munro,2023-07-04 15:16:47+12:00,Re-bin segment when memory pages are freed.
a8c09daa8bb1d741bb8b3d31a12752448eb6fb7c,David Rowley,2023-07-04 12:34:48+12:00,Remove trailing zero words from Bitmapsets
44e73a498c5f3ad7e39dc70821c2d8316d3207f2,Michael Paquier,2023-07-04 08:05:00+09:00,Fix regression tests of unaccent to work without UTF8 support
72df1d3f1b9d39373edfa8ceed21a000a3cba66f,Michael Paquier,2023-07-04 07:25:34+09:00,Show information about flex (version and command path) in meson output
957845789bb97dde2cb1ee11c1a769984131adf6,Nathan Bossart,2023-07-03 15:02:16-07:00,Increase size of bgw_library_name.
126552c85c1cfb6ce6445159b8024cfa5631f33e,Thomas Munro,2023-07-04 09:07:31+12:00,Fix race in SSI interaction with gin fast path.
bcc93a389ce3862c9a15ae2f079d87bbc6a2228f,Thomas Munro,2023-07-04 09:07:31+12:00,Fix race in SSI interaction with bitmap heap scan.
f9b7fc651a99ea518650d8aca661652136b249fc,Thomas Munro,2023-07-04 09:07:31+12:00,Fix race in SSI interaction with empty btrees.
562bee0fc13dc95710b8db6a48edad2f3d052f2e,Nathan Bossart,2023-07-03 13:18:05-07:00,Don't truncate database and user names in startup packets.
29cf61ade3f245aa40f427a1d6345287ef77e622,Tomas Vondra,2023-07-03 18:55:31+02:00,Consider fillfactor when estimating relation size
087a933b21cc114653008682356e50e0ecbbd812,Tomas Vondra,2023-07-03 18:16:58+02:00,Remove expensive test of postgres_fdw batch inserts
9436535b08c13245d18c0d2567a7c00f958b833e,Andrew Dunstan,2023-07-03 10:06:26-04:00,Improve pg_basebackup long file name test Windows robustness
a4cfeeca5a97f2b5969c31aa69ba775af95ee5a3,Tomas Vondra,2023-07-03 12:47:49+02:00,Fix code indentation violations
6d56c501a75fe0fd0b7104b3efee55e1cea8e80a,Peter Eisentraut,2023-07-03 11:39:03+02:00,A minor simplification for List manipulation
dc6070bf5deec475b7efecaabf71eb9b49633973,Heikki Linnakangas,2023-07-03 11:56:30+03:00,Update PG_CACHE_LINE_SIZE description.
9945750ae0e3b602e7d388b9370213cd22164b21,Peter Eisentraut,2023-07-03 10:35:48+02:00,cirrus/freebsd: define ENFORCE_REGRESSION_TEST_NAME_RESTRICTIONS
c69bdf837f161ae3e699496be10215dbb2315917,Peter Eisentraut,2023-07-03 07:18:57+02:00,Take pg_attribute out of VacAttrStats
7a7f60aef8bf86b1a94908e20edd107fa9da4f3d,Peter Eisentraut,2023-07-03 07:18:57+02:00,Add macro for maximum statistics target
3ee2f25d21faa123dc5bb2886a00a54bdddd1c3e,Peter Eisentraut,2023-07-03 07:18:57+02:00,Change type of pg_statistic_ext.stxstattarget
8e278b65766446f29085fe686723961c4b216e6f,Michael Paquier,2023-07-03 13:20:27+09:00,Remove support for OpenSSL 1.0.1
2aeaf80e578ed48af88d54caf2ffcf7ca62617e8,Michael Paquier,2023-07-03 11:01:02+09:00,"Refactor some code related to wait events ""BufferPin"" and ""Extension"""
8c12838001c2d974d3608fe55c228f601818a729,Michael Paquier,2023-07-03 10:06:04+09:00,Make PG_TEST_NOCLEAN work for temporary directories in TAP tests
c65102006b686ea26194fb539d7a416a089300e0,David Rowley,2023-07-03 12:49:43+12:00,Remove redundant PARTITION BY columns from WindowClauses
4637a6ac0b40fef701ab850de1be547b927c3013,Thomas Munro,2023-07-03 11:16:27+12:00,"Silence ""missing contrecord"" error."
ce5aaea8cd32b88451914356989f0f4ecb9e4482,Tomas Vondra,2023-07-02 22:21:02+02:00,Fix oversight in handling of modifiedCols since f24523672d
98640f960eb9ed80cf90de3ef5d2e829b785b3eb,Tomas Vondra,2023-07-02 20:03:30+02:00,Fix memory leak in Incremental Sort rescans
0457109344b46f481f9bf09b85674695ba57c8e4,Tomas Vondra,2023-07-02 10:33:38+02:00,Improve BRIN minmax-multi opclass test coverage
2b8b2852bbc54f02e26131a966e62c432144dc93,Tomas Vondra,2023-07-02 10:24:29+02:00,Introduce bloom_filter_size for BRIN bloom opclass
28d03feac386c2c68ffaa47f30e6578591ef5c1b,Tomas Vondra,2023-07-02 10:21:17+02:00,Minor cleanups in the BRIN code
4f49b3f8497d5c8c3cc06eb32942c13b8ee7209e,Thomas Munro,2023-07-02 15:28:48+12:00,"Trust signalfd on illumos, again."
01d56eecee4cfa0f796c4ee3e2e0ac615b9350bb,Noah Misch,2023-07-01 10:00:39-07:00,Fix test of pg_stat_io for wal_level=minimal.
e251e780bfe62168d0edfec459ebdc66b991753f,Heikki Linnakangas,2023-06-30 18:31:10+03:00,Remove redundant check for fast_forward.
a0dd4c95b9dfb9ed679ff8aa6a3beab98969034f,Heikki Linnakangas,2023-06-30 18:30:32+03:00,"Improve comment on why we need ctid->(cmin,cmax) mapping."
054ff3b33a85d62b4d486dabb5e5718399822a18,Amit Langote,2023-06-30 15:51:34+09:00,Add a test case for a316a3bc
dd7c60f1935ad3354bc77de09431313d7b0719ef,Michael Paquier,2023-06-30 15:47:11+09:00,Introduce long options in pg_archivecleanup
cfc43aeb3810ebaa8dbda4807046a4c953d9e992,Michael Paquier,2023-06-30 13:54:48+09:00,Fix marking of indisvalid for partitioned indexes at creation
c951e9042dd12db80cac4e9a50f198a1eead2036,Michael Paquier,2023-06-30 10:28:08+09:00,Add tab completion for CREATE SCHEMA in psql
23d8624fe52efff0e1c8a6e809d51671f9f549d6,Michael Paquier,2023-06-30 09:16:27+09:00,Use named captures in Catalog::ParseHeader()
5bcc7e6dc8cb6fb6ab16c118a1e710fc85096f76,Tom Lane,2023-06-29 19:05:23-04:00,Stamp HEAD as 17devel.
97d89101045fac8cb36f4ef6c08526ea0841a596,Michael Paquier,2023-06-30 07:49:01+09:00,Fix pg_depend entry to AMs after ALTER TABLE .. SET ACCESS METHOD
5f87a021257f1ea1cacdced0cf49ff1c58ecf5e9,Andres Freund,2023-06-29 09:16:03-07:00,meson: Remove redundant return code check
a798660ebe3ff1feb310db13b957c5cda4c8c50d,Tom Lane,2023-06-29 12:12:52-04:00,Defend against bogus parameterization of join input paths.
43af714defa00145981eb542cb71647836b3efa4,Tom Lane,2023-06-29 10:19:10-04:00,Fix order of operations in ExecEvalFieldStoreDeForm().
b750e74e6ec324f4c9de82587cb6a07490f86cfe,Peter Eisentraut,2023-06-29 13:16:52+02:00,meson: Fix intl misspelling
99e57663518b0eaf8fa69d20d0e796321bc8e558,Peter Eisentraut,2023-06-29 13:06:41+02:00,meson: Use a better error message in an impossible case
af492eb6d6c90cf470c544083d3b6b3648f1bea2,Peter Eisentraut,2023-06-29 13:06:02+02:00,meson: Make some Meson style more consistent with surrounding code
74668cbf0fcc356faef271aa2fb42896e323f8b1,Peter Eisentraut,2023-06-29 13:05:05+02:00,meson: Fix some grammar usage in Meson comments
f5159c734fe41526805c49d62c61fb2f320531e0,Peter Eisentraut,2023-06-29 13:04:04+02:00,meson: Mention the correct way to disable readline support
45c88eecb4a6cf286b2bd8fc977ccf932525933a,Peter Eisentraut,2023-06-29 13:03:19+02:00,meson: Remove old comment
38977dd2bdacdfa5ca36377d3197029993929d7f,Peter Eisentraut,2023-06-29 12:56:30+02:00,meson: Use the not_found_dep constant
c55d31e59c8980147b2103cbcf5ef0c3e6434f70,Peter Eisentraut,2023-06-29 12:53:41+02:00,meson: Attach colon to keyword argument
b2ec7f543f9e3b9ab1ad21e5512cfe5c6c2b4a6f,Peter Eisentraut,2023-06-29 12:52:12+02:00,meson: Use consistent Meson option description formats
529449c379b9248ad1b2b8af308799a149a6d0c1,Peter Eisentraut,2023-06-29 12:47:33+02:00,meson: Use consistent casing in Meson option descriptions
559bdd58eb712d413aff662cf797a7a4598baf00,Peter Eisentraut,2023-06-29 12:44:27+02:00,meson: Remove triple-quoted strings
efcf55f8fe00b46198cd34557431c87ce5da8040,Peter Eisentraut,2023-06-29 10:34:53+02:00,Remove inappropriate raw_expression_tree_walker() code
39a584dc90324b7323424d7450df8586ab2a0ca1,Peter Eisentraut,2023-06-29 09:14:55+02:00,Error message wording improvements
dda9f8e7bc2e1e5cc6c77b86ce54786e9df8e0c6,Nathan Bossart,2023-06-28 21:32:53-07:00,Fix psql \?'s entries for \dp and \z.
bc8e9a6a25e1674d49b977c1d3fc80e7c22f5b30,Michael Paquier,2023-06-29 09:17:26+09:00,pg_stat_statements: Fix second comment related to entry resets
dc73db67433c5a9ee0d7a7dc788178553ef8afce,Michael Paquier,2023-06-29 08:04:47+09:00,pg_stat_statements: Fix incorrect comment with entry resets
046c8c5c8fe26fbce3ba773d49c81e6bbdf73db1,Peter Eisentraut,2023-06-28 19:30:26+02:00,Reword error messages for consistency
ac1e974221cb11465c126097243d5b5050b8d041,Tom Lane,2023-06-28 12:48:14-04:00,Doc: minor wording adjustments in transaction isolation discussion.
b381d9637030c163c3b1f8a9d3de51dfc1b4ee58,Michael Paquier,2023-06-28 16:26:55+09:00,Add timeline ID to file names generated with pg_waldump --save-fullpage
fc55c7ff8d122feb48aae5889e26499ffe53c0b7,Michael Paquier,2023-06-28 15:57:31+09:00,Ignore invalid indexes when enforcing index rules in ALTER TABLE ATTACH PARTITION
2ecbb0a49359759b46dd82df4ac3a083c36b1db4,Michael Paquier,2023-06-28 08:59:36+09:00,Remove dependency to query text in JumbleQuery()
876d17d62fe84d706058f2458f067f0e9049a230,Heikki Linnakangas,2023-06-27 10:12:25+03:00,Fix comment on clearing padding.
19508f4763b6e55baae788af000ee47e74d24370,Tom Lane,2023-06-26 16:07:19-04:00,Stamp 16beta2.
228a2fab9cdee8bad434a0037e8f5e85c6f30002,Bruce Momjian,2023-06-26 13:44:40-04:00,"doc:  PG 16 relnotes, update for beta 2"
3f0199da5a61fd7deff52889679a1a896b41e8ee,Peter Eisentraut,2023-06-26 12:02:02+02:00,Translation updates
b491a15f8c1468097ca181cbe3a4ce1271781ffb,Heikki Linnakangas,2023-06-26 11:52:31+03:00,"Change ""..."" to cstring in old input/output function comments."
691594acd67e68d903ea1b7575a7a9097772bbcb,Tom Lane,2023-06-24 17:18:08-04:00,Check for interrupts and stack overflow in TParserGet().
239fd118b0923c7b3e28354e13fb7cea42f729e1,Bruce Momjian,2023-06-23 22:50:55-04:00,"doc:  rename ""decades"" to be more generic"
3ad5f07c0fe9a734fb4e2484c7165f9280dbefa7,Peter Eisentraut,2023-06-23 16:36:17+02:00,Error message refactoring
b63cda34e2bbdd17be53cf1452f7238fc9385d6c,Peter Eisentraut,2023-06-23 14:48:38+02:00,doc: Improve punctuation
37a6d81c457fd507bac0a08758a5dcff5c6225f7,Peter Eisentraut,2023-06-23 14:14:57+02:00,doc: Clean up title case use
f69a7f08fd01aa7d6dcd2c34dbdc4eb154a5ec12,Michael Paquier,2023-06-23 17:49:07+09:00,Fix incorrect error message in libpq_pipeline
c2122aae636d7121d5cdb64ad1444e1df7f69257,Nathan Bossart,2023-06-22 15:48:38-07:00,Improve privilege documentation for maintenance commands.
4dbdb82513b65ab3a29e431f0233009c8a0fa890,Nathan Bossart,2023-06-22 15:48:20-07:00,Fix cache lookup hazards introduced by ff9618e82a.
f5c446e3367527f9db1506d7c38d2f56e20950b6,Amit Kapila,2023-06-22 12:37:19+05:30,Doc: Clarify the behavior of triggers/rules in a logical subscriber.
c2d35bb88eab99fd81198fa4caee004fb8997c73,David Rowley,2023-06-22 12:45:50+12:00,Doc: mention that extended stats aren't used for joins
5f0762f14754597724c24cf6517fe4fe6412a6f9,Peter Geoghegan,2023-06-21 17:41:58-07:00,nbtree VACUUM: cope with topparent inconsistencies.
05ffc1fadbe0ce7762b209061634b5857b36e1b8,Bruce Momjian,2023-06-21 19:20:07-04:00,"doc:  update PG history as over ""three decades"""
f3a01af29b1941ca7937a45504ab10ef5f99cdff,Jeff Davis,2023-06-21 13:18:25-07:00,ICU: do not convert locale 'C' to 'en-US-u-va-posix'.
2535c74b1a6190cc42e13f6b6b55d94bff4b7dd6,Jeff Davis,2023-06-21 11:10:03-07:00,initdb: change default --locale-provider back to libc.
555b929bbe7bd2f228e804d2c5bf4a246a319358,Tom Lane,2023-06-21 11:07:24-04:00,Avoid Assert failure when processing empty statement in aborted xact.
3d9fd1a8743abfe460137f45e8523e710c7cc589,Peter Eisentraut,2023-06-21 16:20:26+02:00,Allow and require passing files on command line of pgperltidy
8cca660b0bfb495306f9abd94fb4bcde783ee8ad,Michael Paquier,2023-06-21 16:16:15+09:00,Disable use of archiving in 009_twophase.pl
a734caa25f79b7bfa423dd97162e5ecf14d1feb5,Amit Kapila,2023-06-21 10:36:09+05:30,Fix the errhint message and docs for drop subscription failure.
5b1a8799431279b5f9d56c81b0d0879415e7b45c,Nathan Bossart,2023-06-20 15:14:58-07:00,Move bool parameter for vacuum_rel() to option bits.
45392626c95c6345d48c1b1b7541add0102ba59f,Tom Lane,2023-06-20 17:47:53-04:00,Fix hash join when inner hashkey expressions contain Params.
8a300fc3afce4a0fe8a4c55bc22b2aeec092cf23,Bruce Momjian,2023-06-20 13:15:18-04:00,docs:  adjust tag indenting and add MERGE mention
3af87736bf5d5c7bea086d962afc2bbf4f29279a,Tom Lane,2023-06-20 11:09:56-04:00,"Fix another cause of ""wrong varnullingrels"" planner failures."
efeb12ef0bfef0b5aa966a56bb4dbb1f936bda0c,Tom Lane,2023-06-20 10:29:57-04:00,Don't include outer join relids in lateral_relids bitmapsets.
0655c03ef9cc6154b0b209059e758863dcf4e6b0,Tom Lane,2023-06-20 10:22:52-04:00,Centralize fixups for mismatched nullingrels in nestloop params.
596114164699bbe184969df374fd6a1d8a93a57c,Tom Lane,2023-06-20 09:52:52-04:00,Add b334612b8 to .git-blame-ignore-revs.
b334612b8aee9f9a34378982d8938b201dfad323,Tom Lane,2023-06-20 09:50:43-04:00,Pre-beta2 mechanical code beautification.
877bf52cffe587d33556e6259f610eb932699706,Jeff Davis,2023-06-19 18:30:51-07:00,test_extensions: make meson.build consistent with Makefile.
68cb5af46cd8bb2f6fd25886da5d6045a6a42208,Michael Paquier,2023-06-20 10:25:27+09:00,Enable archiving in recovery TAP test 009_twophase.pl
0d369ac650041862ed5006885160f36d24b224a4,Andres Freund,2023-06-19 14:11:32-07:00,fd.c: Retry after EINTR in more places
797f98036400bc70d4b331c5b1760a05aab59cfa,Jeff Davis,2023-06-19 11:51:22-07:00,"pg_regress: for --no-locale, use LOCALE='C'."
7fcd7ef2a9c372b789f95b40043edffdc611c566,David Rowley,2023-06-19 13:00:42+12:00,Don't use partial unique indexes for unique proofs in the planner
a14e75eb0b6a73821e0d66c0d407372ec8376105,Jeff Davis,2023-06-16 10:27:32-07:00,CREATE DATABASE: make LOCALE apply to all collation providers.
c0d951262c80f42b3bfe037f940e103a24da84f4,Peter Eisentraut,2023-06-16 10:53:22+02:00,libpq: Add missing gettext trigger
0225eec80bddbf69d0509851b2df2bafd62fcc30,Masahiko Sawada,2023-06-16 10:32:49+09:00,Add missing pg_basebackup TAP test for meson.
160c23b5fa0243d2f743cc70c96dac44d9932645,Amit Langote,2023-06-16 10:17:15+09:00,Fix typo in comment.
f4c00d138f6dea4c9d8af8ec280b7edc9b0a29e1,Tom Lane,2023-06-15 15:24:50-04:00,"When removing a left join, clean out references in EquivalenceClasses."
5c8c8079b0f93bb714b14e4ce9b463411cad7db4,Amit Langote,2023-06-15 22:35:42+09:00,Remove outdated reference to a removed file
d6326ba8fe69ced797412ea9bb97b2f35588f791,Peter Eisentraut,2023-06-15 13:54:37+02:00,libpq: Fix up some error message coding
ac68323a8788a881aa37671126346c08b1b08091,Michael Paquier,2023-06-15 17:27:21+09:00,Add missing subscription TAP test for meson
a54fc892ad0a5673d75b199128b1f5fcf5e1a41d,Masahiko Sawada,2023-06-15 17:04:19+09:00,Replace GUC_UNIT_MEMORY|GUC_UNIT_TIME with GUC_UNIT.
c00fbe89dc51c13eae1ca71460bcddfc3dde5081,Michael Paquier,2023-06-15 13:45:34+09:00,intarray: Prevent out-of-bound memory reads with gist__int_ops
b5c517379a40fa1af84c0852aa3730a5875a6482,Amit Kapila,2023-06-15 08:37:48+05:30,Fix possible crash in tablesync worker.
f9f31aa91f82df863a35354893978e1937863d7c,Noah Misch,2023-06-14 05:31:54-07:00,Make parseNodeString() C idiom compatible with Visual Studio 2015.
4327f6c7480fea9348ea6825a9d38a71b2ef8785,Masahiko Sawada,2023-06-14 13:28:41+09:00,Fix typo in comment.
0f8cfaf8921fed35f0b92d918ce95eec7b46ff05,Amit Langote,2023-06-14 12:00:10+09:00,Retain relkind too in RTE_SUBQUERY entries for views.
ae66716bf3ef6fa9b33904eaf15441813a150320,Tatsuo Ishii,2023-06-14 11:02:50+09:00,Fix make_etags breakage on certain platforms.
63e4f13d2a78124c798165814a679b0534db87a5,Tom Lane,2023-06-13 18:01:33-04:00,"Fix ""wrong varnullingrels"" for Memoize's lateral references, too."
792213f2e9f6d321d5a463f4a0fc263c2b770ac3,Tom Lane,2023-06-13 15:58:43-04:00,Correctly update hasSubLinks while mutating a rule action.
b93c63d1972a28ffa3e16c2bc71fd60d82a57f73,Peter Eisentraut,2023-06-13 15:00:52+02:00,doc: Move list entry to proper position
e3cb1a586cef746326eeabf36d103ea1136607f9,Andres Freund,2023-06-12 15:06:39-07:00,Report stats when replaying XLOG_RUNNING_XACTS
7398e27224f173306e5b62977672b29f5553ee76,Tom Lane,2023-06-12 10:54:44-04:00,Accept fractional seconds in jsonpath's datetime() method.
0c524370203b85b49ca3b52c7a705b867d7c7167,Noah Misch,2023-06-12 07:40:39-07:00,src/tools/msvc/clean.bat: Reconcile with PostgreSQL 16 work.
6e723f6d7b3642ef9457b8eddd27ebb616d7a7e9,Noah Misch,2023-06-12 07:40:39-07:00,src/tools/msvc: Move all.sym temporary file back to Debug/postgres.
8c7ad6f1562ba7e8a65b21c40782091a4dd3301d,Noah Misch,2023-06-12 07:40:38-07:00,Add win32ver data to meson-built postgres.exe.
04411cbfdb76194c483c77bdbc636e83099ae5c3,Noah Misch,2023-06-12 07:40:38-07:00,Give postgres.exe the icon of other executables.
bfd332b3fda5c73e28c05b7ba0aac6cf053cdf00,Tom Lane,2023-06-12 10:01:26-04:00,"Fix ""wrong varnullingrels"" for subquery nestloop parameters."
548d7260309008b146bd9eaa66f3c5be0a8d725a,Heikki Linnakangas,2023-06-12 16:25:37+03:00,Remove a few unused global variables and declarations.
3e8da50244a8de69317babcfdb048172cf30f14c,Michael Paquier,2023-06-12 12:19:46+09:00,Fix instability in regression test for Parallel Hash Full Join
d522b05c8c1c2c430b2c8be795c609f6f4f2ce44,Michael Paquier,2023-06-12 09:14:03+09:00,hstore: Tighten key/value parsing check for whitespaces
d088ba5a5aa410d39b64f013e8433ad9eb3d17f1,Peter Geoghegan,2023-06-10 14:08:25-07:00,nbtree: Allocate new pages in separate function.
fe879ae3a8e0735ccb12a425e1cdbcedb2f4af81,Peter Geoghegan,2023-06-10 13:55:15-07:00,Add another old commit to git-blame-ignore-revs.
2fcc7ee7affe2fb708d7b2727e93981216b5d2f8,Jeff Davis,2023-06-10 08:11:41-07:00,"Revert ""Fix search_path to a safe value during maintenance operations."""
a1cd982098c8f6a714870ae512b4a9cdeacb9440,Andres Freund,2023-06-09 20:12:16-07:00,meson: Add dependencies to perl modules to various script invocations
b9e3f8005c99dece44d60cdfad5b904554f4d435,Bruce Momjian,2023-06-09 21:04:28-04:00,"doc:  PG 16 relnotes, add author"
05e17373517114167d002494e004fa0aa32d1fd1,Jeff Davis,2023-06-09 11:20:47-07:00,Fix search_path to a safe value during maintenance operations.
9aee26a491ba9b7ceff40e6192183ab7200b6bfb,Nathan Bossart,2023-06-08 21:20:24-07:00,Fix missing word in nbtree/README.
392ea0c78fdb6cb92f1af0793f6c2d48526e6fed,Michael Paquier,2023-06-09 11:56:27+09:00,Refactor routine to find single log content pattern in TAP tests
a83edeaf684a70da02fa2bce8b7e3aefa3f906f5,Masahiko Sawada,2023-06-09 10:43:03+09:00,Honor run_as_owner option in tablesync worker.
26eaf82e7138890022d5d06b77eb745524542fb7,Michael Paquier,2023-06-09 09:37:21+09:00,Refactor log check logic for connect_ok/fails in PostgreSQL::Test::Cluster
9a2dbc614e6e47da3c49daacec106da32eba9467,Tom Lane,2023-06-08 17:10:04-04:00,Fix oversight in outer join removal.
fbf80421ead55deaafbefa808960a2695de492c9,Tom Lane,2023-06-08 13:11:49-04:00,Re-allow INDEX_VAR as rt_index in ChangeVarNodes().
d98ed080bb31fd3d46281127871b7886288686d9,Tom Lane,2023-06-08 11:24:31-04:00,Fix small overestimation of base64 encoding output length.
378d73ef204d0dcbeab834d52478e8cb90578ab7,Fujii Masao,2023-06-08 20:12:51+09:00,doc: Fix example command for ALTER FOREIGN TABLE ... OPTIONS.
53ea2b7ad050ce4ad95c89bb55197209b65886a1,David Rowley,2023-06-08 10:10:34+12:00,Don't use _BitScanForward64/_BitScanReverse64 on 32-bit MSVC builds
f24523672de9c37423800a74cffa7aec27146047,Tomas Vondra,2023-06-07 18:54:34+02:00,Use per-tuple context in ExecGetAllUpdatedCols
fb5a7d84d23fa2e1f26334453948a01e8e59eee3,Peter Eisentraut,2023-06-07 17:55:46+02:00,doc: Fix confusing positioning of notes in connection settings
b0f6c437160db640d4ea3e49398ebc3ba39d1982,Peter Eisentraut,2023-06-07 16:57:06+02:00,Remove read-only server settings lc_collate and lc_ctype
d64e6468f489effec356ce3501c0f226ac1cfcc0,Amit Kapila,2023-06-07 09:19:17+05:30,Reload configuration more frequently in apply worker.
95f0340c3bc745aee3aa90847efd2007e40236e9,Heikki Linnakangas,2023-06-06 20:30:53+03:00,Initialize 'recordXtime' to silence compiler warning.
3f1aaaa180689f2015e7f7bd01c9be6d7a993b42,Bruce Momjian,2023-06-05 14:00:37-04:00,"doc:  PG 16 relnotes, fix PREPARE/EXECUTE wording"
08235203ddefde1d0bfb6a1e8bb6ff546a2c7e8c,Peter Eisentraut,2023-06-05 15:33:08+02:00,Remove obsolete comment
8cddea9a539cbbdd1b316255c9f404323243fd37,David Rowley,2023-06-05 17:34:27+12:00,Doc: unify use of timestamp with time zone vs timestamptz
0211544969b589e49c40d113822162ee3ed78bd6,Tom Lane,2023-06-04 13:27:34-04:00,Doc: explain about dependency tracking for new-style SQL functions.
01610747867ff26ca62d099e83e62d97730c40c1,Tom Lane,2023-06-04 13:05:54-04:00,Fix pg_dump's failure to honor dependencies of SQL functions.
b3f32a6c312c476beecb7864450f4f6c448cd1bc,Tom Lane,2023-06-04 11:22:05-04:00,Fix misuse of pg_log_info() for details/hints.
d0f4824a54104bb831ebcd46982e6e3b337ef5fa,Michael Paquier,2023-06-03 17:44:09-04:00,doc: Add note to prevent server spoofing with SCRAM
47b7051bc82f11f19df43544045c93549783e962,Bruce Momjian,2023-06-01 19:59:46-04:00,"doc:  PG 16 relnotes, add psql \df+ source code change"
9eb1817d5cb8e85a753ea658059495d0b75a623a,Bruce Momjian,2023-06-01 10:22:16-04:00,"doc:  add missing ""the"" in LATERAL sentence."
e6a254c0d4af1f693f23b2f5fd550914c4c7e90c,Bruce Momjian,2023-05-31 07:01:21-04:00,"doc:  PG 16 relnotes, move memory item and reword OUTER item"
409d24485cbee46cbfbc101ac6bde7d890f470b8,Bruce Momjian,2023-05-30 19:32:15-04:00,"doc:  PG 16 relnotes, add memory overhead reduction item"
f7c16a120cfa550214a14e3f42ce949fdd37ec40,Bruce Momjian,2023-05-30 19:08:14-04:00,"doc:  PG 16 relnotes, adjust subscription origin mention"
0bcb3ca3b95b2b94de0b337a73aef333e0346c44,Bruce Momjian,2023-05-30 06:04:09-04:00,"doc:  PG 16 relnotes, adjust auto_explain logging item"
e77c6c55e8dd834667006d2b3ba5f2868c21671f,Daniel Gustafsson,2023-05-30 10:31:11+02:00,doc: Add missing backend_type to pg_stat_activity
5a64640966227eac582f2961b8f4a59cd1cca446,Bruce Momjian,2023-05-29 14:36:27-04:00,doc: PG 16 relnotes: adjust outer/full hash join parallelization
9e28b83ae6fabd8ae03eec7fa9533de018e9306e,Bruce Momjian,2023-05-29 13:49:05-04:00,"doc:  PG 16 relnotes, fix duplicate author and commit"
503b0556d96f2c8df6ed91c5a8cf11b23f37ce6d,Bruce Momjian,2023-05-27 23:04:48-04:00,"doc:  PG 16 relnotes, fix ""locale"" typo and windows locale text"
ec1264f01e374c48707cc7dc18928b4ace0530fb,Jeff Davis,2023-05-26 11:26:11-07:00,ICU: use uloc_getDefault() for initdb.
7a844c77ece1bda3b076034bc20142d4bd66db7a,Tom Lane,2023-05-26 12:13:19-04:00,Fix joinclause removal logic to cope with cloned clauses.
f4a9422c0c37ba638adbab853b8badb98a53ce04,Jeff Davis,2023-05-25 17:05:50-07:00,Doc fixes for commit 1e16af8ab5.
5abff197cc3ec2b0a1f5a64fd34953d0318bca79,Peter Geoghegan,2023-05-25 15:33:00-07:00,nbtree VACUUM: cope with right sibling link corruption.
991a3df227e9e8b16d7399df3961dfaae4ae677c,Tom Lane,2023-05-25 10:28:33-04:00,"Fix filtering of ""cloned"" outer-join quals some more."
913b3da6aeda3f887b8796d8098d7227d32580b9,Daniel Gustafsson,2023-05-25 12:49:26+02:00,doc: fix typo in language tag documentation
661bf96cd208238efb45c75e3af5ad400e5b0026,Daniel Gustafsson,2023-05-25 12:43:16+02:00,doc: Fix example query for pg_walinspect
8f5e42d3346924b5d6330208d62ec1b19fdbc110,Alvaro Herrera,2023-05-25 12:36:18+02:00,Fix pgbench in prepared mode with an empty pipeline
ecb968e7e3da69a39d3efab69fa63fe6c8d04b5f,Michael Paquier,2023-05-25 16:26:08+09:00,Fix typo in TAP tests of vacuumdb
46ba86cd32dc499a5cf8fbab7d3f596f4e7852a2,Bruce Momjian,2023-05-24 22:03:40-04:00,"doc: PG 16 relnotes, add author from previous merge"
5c2c59ba0b5f723b067a6fa8bf8452d41fbb2125,Bruce Momjian,2023-05-24 12:18:43-04:00,"doc:  PG 16 relnotes, wording adjustments"
ad5406246bff5490fbd428c148717c5b87e52ab1,Bruce Momjian,2023-05-24 09:54:34-04:00,"doc: PG 16 relnotes, merge and move vector items"
a817edbf6f302c376f5c0012d19a0474b6bdea88,Bruce Momjian,2023-05-24 00:09:13-04:00,"doc: PG 16 relnotes, update xid/subxid searches item"
381d19b3ea0e7593d30a3af8df20d92bbccb775f,Nathan Bossart,2023-05-23 19:35:05-07:00,Document deprecated createuser option.
be3f62ae6e9839b10db0052a973e5fdc5b789abc,Tom Lane,2023-05-23 18:51:43-04:00,Doc: update src/tools/pginclude/README.
5df5bea29070b420452bdb257c3dec1cf0419fca,Tom Lane,2023-05-23 11:15:57-04:00,Fix the install rule for snowball_create.sql.
0ffbe6e59197e5e2b3bf026f594fabb8ada9bec3,Peter Eisentraut,2023-05-23 15:19:33+02:00,Use lower case for icu_validation_level values
dfe0169988f32e7cb9c48fad9ab3de71c6c39a55,Peter Eisentraut,2023-05-23 15:19:12+02:00,Punctuation improvement in postgresql.conf.sample
f40177c904f17721c3d33a6c202b74f3f2d4874d,Peter Eisentraut,2023-05-23 15:18:06+02:00,Add newline at end of file
5cb54fc310fb84287cbdc74533f3420490a2f63a,Bruce Momjian,2023-05-23 00:27:01-04:00,"doc:  PG 16 relnotes, SIMD improvements"
e0b82fc8e8317881ecdd1e28bece55ea0db952da,Tom Lane,2023-05-22 17:08:08-04:00,Stamp 16beta1.
60751aa50313b3498de199a3cd62e5f30e6b6091,Bruce Momjian,2023-05-22 13:58:24-04:00,"doc: PG 16 relnotes, add major features list"
1f9f6aa491986ed4e65851e827d021e9c784fd42,Tom Lane,2023-05-22 11:50:27-04:00,"Spell the values of libpq's gssdelegation parameter as ""0"" and ""1""."
4123455a9e5463495a6e9be8423e671c874ec19f,Bruce Momjian,2023-05-22 10:21:20-04:00,"doc:  PG 16 relnotes, improve desc. of pg_log_standby_snapshot()"
473e02f6f9ba1863c59a9e40736a633ed52c139f,Peter Eisentraut,2023-05-22 12:44:31+02:00,Translation updates
4042b2e18781532d5dd6ee3cef38c4fbb0249202,Alvaro Herrera,2023-05-22 12:26:40+02:00,pg_dump doc: mention 'long' is valid for --compress
ac298d3cb56b015acd40d2e015e07a87d8aff124,Bruce Momjian,2023-05-21 23:39:50-04:00,"doc:  PG 16 relnotes, improve description of standby log. decode"
2dcd1578c40153250836df62f625863056c28a81,Nathan Bossart,2023-05-21 20:06:38-07:00,Rename some createuser options.
de7c3fd34e0fc0a3f77537e1d12efcd01d255534,Bruce Momjian,2023-05-21 22:52:42-04:00,"doc: PG 16 relnotes, misc merged items and bootstrap detail"
c822358a256ca1f3b8b08557b9c9f0efa8d41675,Bruce Momjian,2023-05-21 15:57:59-04:00,"doc:  PG 16 relnotes, misc. updates"
b9c755a2f625b7dca6323804b140b016d95a0b1d,Tom Lane,2023-05-21 15:25:52-04:00,"In clause_is_computable_at(), test required_relids for clone clauses."
eabb22525efc40ce0d83580584094a0248ac0682,Andres Freund,2023-05-21 09:53:49-07:00,Remove over-eager assertion in ExtendBufferedRelTo()
bc971f4025c378ce500d86597c34b0ef996d4d8c,Andres Freund,2023-05-21 09:44:55-07:00,Optimize walsender wake up logic using condition variables
30579d23b22655e340e9806fb3425e73eed60876,Bruce Momjian,2023-05-21 11:56:16-04:00,"doc:  PG 16 relnotes,  add commits"
b62381d9a23b4b96259cf560e411137656201704,Tom Lane,2023-05-21 11:21:19-04:00,Doc: fix some rendering problems in the PDF docs build.
a2eb99a01e015a76682911ae3980762f6ee6ac8c,Tom Lane,2023-05-21 10:55:18-04:00,"Expand some more uses of ""deleg"" to ""delegation"" or ""delegated""."
f4001a553770b3114dd11846c6789ad6c34ef111,Nathan Bossart,2023-05-20 20:32:56-07:00,Fix remaining references to gss_accept_deleg.
9c0a0e2ed92a1a94ec30d36f8ea1ab12c928292b,Bruce Momjian,2023-05-20 21:32:54-04:00,"rename ""gss_accept_deleg"" to ""gss_accept_delegation""."
cf109ffc205063f82258e0643588491a153c3a45,Bruce Momjian,2023-05-20 21:03:13-04:00,"doc:  PG 16 relnotes, misc updates"
1c006c067124403d63b6ad3eac687b4217f05691,Tom Lane,2023-05-19 17:28:04-04:00,Add 0245f8db3 to .git-blame-ignore-revs.
0245f8db36f375326c2bae0c3420d3c77714e72d,Tom Lane,2023-05-19 17:24:48-04:00,Pre-beta mechanical code beautification.
df6b19fbbc20d830de91d9bea68715a39635b568,Tom Lane,2023-05-19 16:43:57-04:00,Make agreed-on updates in perltidy options.
722541ead194635d77163bda057cc0064ff81149,Tom Lane,2023-05-19 16:36:38-04:00,Do pre-release housekeeping on catalog data.
d0f952691ff532aa0c54e9d146fac8d590596646,Tom Lane,2023-05-19 15:24:07-04:00,Fix thinko in join removal.
70b42f2790292cc30aa07563f343f7ba6749af01,Tom Lane,2023-05-19 14:26:40-04:00,Fix misbehavior of EvalPlanQual checks with multiple result relations.
ed7e686a031e5b9469e0813af2f513dfdd77560b,Alvaro Herrera,2023-05-19 20:19:28+02:00,psql: Tweak xheader_width and pager_min_lines input parsing
8e7912e73da008862180112cc6ba4d0aa5fa955d,Peter Eisentraut,2023-05-19 18:45:29+02:00,Message style improvements
e5f85744eaa5ca83ff4d27509ed094ca33ed485e,Bruce Momjian,2023-05-19 12:30:14-04:00,"doc:  PG 16 relnotes, delete reverted grant, adjust version num"
8c4040edf456d9241816176eacb79e4d9a0034fc,Tomas Vondra,2023-05-19 17:17:58+02:00,Allocate hash join files in a separate memory context
507615fc533b1b65bcecc6218e36436687fe8420,Tomas Vondra,2023-05-19 17:17:58+02:00,Describe hash join implementation
b973f93b6c540f65c960bfb19af55f3d4afe4b72,Tom Lane,2023-05-19 10:57:46-04:00,Avoid naming conflict between transactions.sql and namespace.sql.
803b4a26ca3fdddbb6e3ce87a23bfbcc8a8669f3,Peter Eisentraut,2023-05-19 16:13:16+02:00,Remove stray mid-sentence tabs in comments
6ff33cdbabdf770ca9d6b417c0687c04b2cd4d36,Bruce Momjian,2023-05-19 09:30:00-04:00,"doc:  PG 16 relnotes, merge REINDEX and reindexdb items"
1a620cbae5c48dc89f7cb08602c331f5751df71a,Bruce Momjian,2023-05-19 08:31:11-04:00,"doc:  PG 16 relnotes, add missing parentheses"
4c9deebd37ecbeb1bbf6baaf43bafc2f84b9011b,Peter Eisentraut,2023-05-19 13:42:06+02:00,Move mdwriteback() to better place
0b8ace8d773257fffeaceda196ed94877c2b74df,Peter Eisentraut,2023-05-19 10:52:04+02:00,Reindent some comments
e7bff46e50b85c6b37723426188498dab973806c,Michael Paquier,2023-05-19 12:37:58+09:00,pageinspect: Fix gist_page_items() with included columns
613a7eca9ca9f13d1f9fd8a7806bbded1836e58f,Bruce Momjian,2023-05-18 23:17:03-04:00,doc:  improve pg_walinspect and role membership items
ce3673daded3fe3a101b0c008235dcf8bfe9ffec,Bruce Momjian,2023-05-18 22:22:17-04:00,doc:  improve description of adding roles as members
f79ee34702d485fb30427816b95e6c944660fc23,Bruce Momjian,2023-05-18 21:44:45-04:00,doc:  update PG 16 relnotes for pg_walinspect changes
428c0cae929b7d2b26a830fbba55619c57ceba55,Tomas Vondra,2023-05-19 02:00:21+02:00,Show empty BRIN ranges in brin_page_items
3581cbdcd64f5aceb445f60df23141d08ed50617,Tomas Vondra,2023-05-19 01:29:44+02:00,Fix handling of empty ranges and NULLs in BRIN
1158c8c4e350b92ad6fecae894c8c1c777495954,Bruce Momjian,2023-05-18 18:53:28-04:00,"doc:  PG 16 relnotes, add freeze and update walinspect items"
07ef30a0282064f688a1923ba5e7c850f2ff5776,Bruce Momjian,2023-05-18 18:25:21-04:00,docs:  re-order some PG 16 relnotes items
d8a81108a87bd5e8e9ca136d3195e146a58b9e4d,Bruce Momjian,2023-05-18 17:43:10-04:00,doc:  more PG 16 relnote wording improvements
3ec8a3bfb5472ecf93aba416e9f384ea16d340d1,Tomas Vondra,2023-05-18 23:33:23+02:00,Fix handling of NULLs when merging BRIN summaries
0791930aaaed2678daf694fa8b06cf81cd72cd69,Bruce Momjian,2023-05-18 16:33:05-04:00,doc:  add more sections to PG 16 release notes
206a67e27fa15d75bd7b9ddf41d7e18d19bbb9db,Bruce Momjian,2023-05-18 16:00:04-04:00,doc:  first draft of the PG 16 release notes
c9dc480a21f2746f5a96a8f68a22e633ba69c405,Jeff Davis,2023-05-18 11:04:30-07:00,Fix documentation build broken by 1e16af8ab5.
1e16af8ab5d7f307b66e496eff6ec573d9fd8eb0,Jeff Davis,2023-05-18 10:37:55-07:00,Doc improvements for language tags and custom ICU collations.
8a2523ff354077180084b43a04be01f10aafdb8c,Tom Lane,2023-05-18 10:39:16-04:00,Tweak API of new function clause_is_computable_at().
1c634f6647c28354258d114041252475325aea32,Jeff Davis,2023-05-17 14:18:45-07:00,ICU: check for U_STRING_NOT_TERMINATED_WARNING.
6de31ce446e59a1f947c7ebe4e4bbe7ca2b842bc,Jeff Davis,2023-05-17 13:18:40-07:00,Reduce icu_validation_level default to WARNING.
009bd237bf6db64ea1131df71f19a529b119fbef,Peter Eisentraut,2023-05-17 21:33:47+02:00,Fix error message wordings
093e5c57d506783a95dd8feddd9a3f2651e1aeba,Andres Freund,2023-05-17 11:18:35-07:00,Add writeback to pg_stat_io
52676dc2e016df5cd842a4f6073b25ee8e681b9f,Andres Freund,2023-05-17 11:18:30-07:00,Update parameter name context to wb_context
322875597c0c15cd85d03c8621038f4945c8caa3,Andres Freund,2023-05-17 11:17:41-07:00,Use BUFFER_USAGE_LIMIT to reduce needed test table size
b9a7a822723aebb16cbe7e5fb874e5124745b07e,Alexander Korotkov,2023-05-17 20:28:57+03:00,"Revert ""Add USER SET parameter values for pg_db_role_setting"""
58dc80acc5ebf12223be90db1a97dc0b31ca4e1f,Alvaro Herrera,2023-05-17 19:13:08+02:00,pg_dump: Error message improvements
98bd4c72fd6c4f9d6a2b3b449cb89f335116ab5a,Alvaro Herrera,2023-05-17 18:55:51+02:00,pg_dump: Have _EndLO report errno after CFH->write_func() failure
69c430626b5eb44825a12e8bc90a59a90c4f5a03,Tom Lane,2023-05-17 11:46:15-04:00,Track tlist_vinfo.varnullingrels even in non-Assert builds.
9df8f903eb6758be5a19e66cdf77e922e9329c31,Tom Lane,2023-05-17 11:14:04-04:00,Fix some issues with improper placement of outer join clauses.
867be9c0738bef591544d39985f886b7d8e99bf0,Tom Lane,2023-05-17 11:14:04-04:00,Convert nullingrels match checks from Asserts to test-and-elog.
1a05c1d252993b0a59c58a6daf91a2df9333044f,Tomas Vondra,2023-05-17 16:49:34+02:00,Advance input pointer when LZ4 compressing data
3c18d90f8907e53c3021fca13ad046133c480e4d,Tomas Vondra,2023-05-17 16:35:30+02:00,Null-terminate the output buffer of LZ4Stream_gets
d8c3106bb60e4f87be595f241e173ba3c2b7aa2c,Michael Paquier,2023-05-17 10:19:17+09:00,Add back SQLValueFunction for SQL keywords
1d369c9e90f311ec98b07a259cac48c404c773d5,Tom Lane,2023-05-16 10:53:42-04:00,Ensure Soundex difference() function handles empty input sanely.
27debd05dcbdfe3db487ba82568f7f9ae25ddde2,Alvaro Herrera,2023-05-16 11:50:08+02:00,libpq: Error message improvement
c44b59fad453fd4be9656d58dd5f51a11149c961,Alvaro Herrera,2023-05-16 11:47:25+02:00,Mark internal messages as no longer translatable
8cb94344c3c7130a0cd5e21e83705739f552187e,Daniel Gustafsson,2023-05-16 10:49:48+02:00,Fix reported runtime for single tests in pg_regress
44e977d7ecb915d1181007e700f2da31acb6ea4c,Michael Paquier,2023-05-16 16:51:44+09:00,doc: Fix ordering of entries in wait event table for I/O type
c91f3560835f76bd8c9f614bebaa8c634b98b451,Peter Eisentraut,2023-05-16 08:59:34+02:00,libpq: Error message improvement
489b5409e4a0fa36c951561bae8ae4394e7d623f,Peter Eisentraut,2023-05-16 06:13:59+02:00,psql: Adjust capitalization of table heading
08c45ae235660844167de8730da908d351f4352d,Michael Paquier,2023-05-15 16:02:07+09:00,doc: Fix incorrect version list for Windows SDK
92155e15d3cfe97758552484acb1583aaf71cda6,Peter Eisentraut,2023-05-15 07:11:22+02:00,Fix incorrect TAP test ordering
1d70fb400c2c8312dac3ff19a1bb1cb5351047ce,Peter Eisentraut,2023-05-15 06:27:40+02:00,Fix whitespace inconsistencies
63932a6d38e5dfa6df2a51a04b7314ec1e4d3de7,Thomas Munro,2023-05-15 11:19:54+12:00,Fix wal_writer_flush_after initializer value.
319bae9a8da66678d80d862440e54cebc7b1cc24,Thomas Munro,2023-05-15 10:31:14+12:00,Rename io_direct to debug_io_direct.
4d5105a684ba20bf6a98e6ae48224fe93382c040,Nathan Bossart,2023-05-12 14:16:56-07:00,Improve error message for pg_create_subscription.
51b2c08798867cb9788090704b37c4698b456240,Tom Lane,2023-05-12 16:11:14-04:00,Tighten usage of PSQL_WATCH_PAGER.
e32701b8d285cd402f75fc9059d083e89ee8166b,Peter Eisentraut,2023-05-12 10:03:05+02:00,initdb: Set collversion for standard collation UNICODE
c8b881d21fd8e0214bc43280d6231cc2c6ef55ef,Tom Lane,2023-05-11 13:44:25-04:00,Undo faulty attempt at not relying on RINFO_IS_PUSHED_DOWN.
375407f4940ba0922513666f00852c54943eb1a0,Peter Geoghegan,2023-05-10 10:49:50-07:00,Doc: Fix link to fillfactor reloption.
c39f2f68e95a54e430c6a7b7d1e9f98cedff5aff,Alvaro Herrera,2023-05-10 18:26:10+02:00,Fix publication syntax error message
d8bcce1b5e99d8f6f12cb7a94190fdc5622355af,Peter Eisentraut,2023-05-10 13:51:51+02:00,Add missing gettext triggers
605994651b6a4209b418cb09d3c223ca269f7cfc,Michael Paquier,2023-05-10 11:24:30+09:00,Fix assertion failure when updating stats_fetch_consistency in a transaction
4d47eff99cc08255f0ae3cc27dc24cc9b30a32e7,Michael Paquier,2023-05-10 10:19:57+09:00,Document values of stats_fetch_consistency in postgresql.conf.sample
c5b7f67fcc8c4a01c82660eb0996a3c697fac283,Amit Kapila,2023-05-09 14:25:33+05:30,Fix the race condition in the test case added by commit a6e04b1d20.
3d144c6c86025272e1711539f5fafb6fb85c4feb,Amit Kapila,2023-05-09 09:28:06+05:30,Fix invalid memory access during the shutdown of the parallel apply worker.
455f948b0d03a556533a7e4a1a8abf45f0eb202e,Jeff Davis,2023-05-08 20:50:51-07:00,"Revert ""ICU: do not convert locale 'C' to 'en-US-u-va-posix'."""
5698f07947396e1a7cd6564390306aafa26fc189,Peter Geoghegan,2023-05-08 13:17:31-07:00,Doc: update VACUUM FREEZE query conflict guidance.
f7faa9976cc0504c027a20ed66ceca9018041dd4,Jeff Davis,2023-05-08 10:34:51-07:00,ICU: do not convert locale 'C' to 'en-US-u-va-posix'.
8d525d7b9545884a3e0d79adcd61543f9ae2ae28,Tom Lane,2023-05-08 11:24:47-04:00,Adjust sepgsql expected output for 681d9e462 et al.
ca73753b090c33bc69ce299b4d7fff891a77b8ad,Tom Lane,2023-05-08 10:12:44-04:00,Handle RLS dependencies in inlined set-returning functions properly.
681d9e4621aac0a9c71364b6f54f00f6d8c4337f,Noah Misch,2023-05-08 06:14:07-07:00,Replace last PushOverrideSearchPath() call with set_config_option().
b8c3f6df85e78e09c9709fc895aced719aebd7f9,Peter Eisentraut,2023-05-08 08:24:42+02:00,Add missing source file to nls.mk
9f9abfeb10026bc2c2ac7076c6adff201608eab5,Peter Eisentraut,2023-05-08 07:43:54+02:00,pg_dump: Restore lost translation marker
0890f7d528c45bcfef7d3edd5618e121f0357250,Michael Paquier,2023-05-08 13:47:36+09:00,doc: Fix some markups in logical replication section
90f0d2881445a266038d349073e571f06def656b,Peter Eisentraut,2023-05-08 06:15:26+02:00,pg_basebackup: Restore lost translation markers
41e2c52fd6ebed6eff4184f68048813cc8886ec1,Tom Lane,2023-05-07 11:01:15-04:00,Add ruleutils support for decompiling MERGE commands.
58f5edf849900bc248b7c909ca17da7287306c41,Michael Paquier,2023-05-05 21:25:44+09:00,Fix typo with wait event for SLRU buffer of commit timestamps
95f5a7a42c048ec01ba2650496296fe88aacd50f,Alvaro Herrera,2023-05-05 11:10:25+02:00,Fix sepgsql expected test output
b1c4ed2f02b0c4cf1942e6eb2995bdbf8db5cccf,Peter Eisentraut,2023-05-05 07:50:08+02:00,Fix copy-and-pasto in error message
5d42a97519581a31bdc1d3d4cf10c07ae18b8296,Peter Eisentraut,2023-05-05 07:09:52+02:00,Fix prove_installcheck when used with PGXS
57d0051706b897048063acc14c2c3454200c488f,Nathan Bossart,2023-05-04 16:23:05-07:00,Move return statements out of PG_TRY blocks.
f75cec4fff877ef24e4932a628fc974f3116ed16,Alvaro Herrera,2023-05-04 19:55:56+02:00,Fix ExecCheckPermissions call in RI_Initial_Check
4c40995f61227c579bd7269a829c00013ac66492,Tom Lane,2023-05-04 11:48:23-04:00,"In array_position()/array_positions(), beware of empty input array."
0553528e7c2bb9eb4148ff9e3c51b9094ab67f70,Tom Lane,2023-05-04 11:00:33-04:00,Tighten array dimensionality checks in Python -> SQL array conversion.
5472743d9e8583638a897b47558066167cc14583,Alvaro Herrera,2023-05-04 12:09:59+02:00,"Revert ""Move PartitionPruneInfo out of plan nodes into PlannedStmt"""
919c486a275bcdd83d2add77da87b6edbd91418c,Peter Eisentraut,2023-05-04 07:32:09+02:00,doc: New glossary entries
a6e04b1d20c2e9cece9b64bb5b36ebfdc3a9031b,Amit Kapila,2023-05-04 08:33:56+05:30,Test that invalidated logical slots doesn't retain WAL.
1ab763fc22adc88e5d779817e7b42b25a9dd7c9e,Peter Eisentraut,2023-05-03 11:08:24+02:00,Add missing TAP test name
de63f8dadee4afa152ce177fd3c562d47373a728,Amit Kapila,2023-05-03 10:17:49+05:30,Fix assertion failure in apply worker.
6489875ce6b16662142bc70e003437b9753c199f,Tom Lane,2023-05-02 17:55:01-04:00,Doc: clarify behavior of row-limit arguments in the PLs' SPI wrappers.
08237056f84e3a9ed75e8a698428c669f4d35db4,Daniel Gustafsson,2023-05-02 13:15:29+02:00,Fix overridden callbacks in pg_rewind.
e0bb5d0c5bcada63dc9b8a1a72a344a07bf930ce,Peter Eisentraut,2023-05-02 10:59:21+02:00,Update SQL features
7039c7cff6736780c3bbb41a90a6dfea0f581ad2,Peter Eisentraut,2023-05-02 09:41:03+02:00,Add missing uninstallation rule for BackgroundPsql.pm
8961cb9a0315fa23458587b3df547ca8d8e00f85,Michael Paquier,2023-05-02 12:23:08+09:00,Fix typos in comments
6fd8ae6888847da842ee4810fcd83b013cbed27f,Michael Paquier,2023-05-02 11:40:46+09:00,"doc: Fix typo in pg_amcheck for term ""schema"""
f47004add16041a9cbd19aef29775ca4d9d6001e,Tom Lane,2023-04-29 13:06:44-04:00,Tighten array dimensionality checks in Perl -> SQL array conversion.
81eaaf65e393d03f49a781009fba876f81fe9d0b,Tom Lane,2023-04-28 12:24:29-04:00,Handle zero-length sublist correctly in Python -> SQL array conversion.
4dadd660f0719206ce3914d4ad9b6aad69d6db6e,Michael Paquier,2023-04-28 19:29:12+09:00,Fix crashes with CREATE SCHEMA AUTHORIZATION and schema elements
4a6603cd4650a335ee38d894d7bbb452b1bf822f,Daniel Gustafsson,2023-04-28 10:30:05+02:00,Fix assertion failure in heap_vacuum_rel
b72f564d87d10b5e5a91aedec605e48f80cb74ee,Masahiko Sawada,2023-04-28 15:40:12+09:00,Add unit to vacuum_buffer_usage_limit value in postgresql.conf.sample.
4d26d93ff7fbf7bde5710595255ca9c8033a1402,Amit Kapila,2023-04-28 08:45:19+05:30,Improve one of the test cases in 035_standby_logical_decoding.pl.
b72623671d9c0ead4ac219c69762246073fe2185,Nathan Bossart,2023-04-27 14:31:17-07:00,Prevent underflow in KeepLogSeg().
db93e739ac61332126207b16f14da93f8ecac594,Alexander Korotkov,2023-04-27 22:06:14+03:00,Fix wrong construct_array_builtin() call in GUCArrayDelete()
df38157d94662a64e2f83aa8a0110fd1ee7c4776,Tom Lane,2023-04-27 11:55:06-04:00,"In hstore_plpython, avoid crashing when return value isn't a mapping."
376dc820531bafcbf105fff74c5b14c23d9950af,Amit Kapila,2023-04-27 14:22:53+05:30,Add a test to verify that subscription to the standby works.
bedc1f0564d12c4a89fc9de3044201166542dc3d,Michael Paquier,2023-04-27 13:34:05+09:00,Rework code defining default compression for dir/custom formats in pg_dump
7b7fa85130330128b404eddebd4f33c6739454b0,Daniel Gustafsson,2023-04-26 14:24:13+02:00,Fix stop condition for dumping GRANT commands
4def50eba99e0a7e9b4c09fa3e33209d6d6fb834,Etsuro Fujita,2023-04-26 20:15:00+09:00,doc: Fix grammar.
a4c17c86176cfa712f541b81b2a026ae054b275e,Daniel Gustafsson,2023-04-26 11:40:01+02:00,Fix missing installation rules for BackgroundPsql.pm
828e93a6f2dbf4bc7a24bc3ce166c34879eeb8b1,Thomas Munro,2023-04-26 10:43:53+12:00,Remove bogus #include added by d4e71df6d75.
84cc1426745b4bc91242caec9173a2ca19a4af79,Michael Paquier,2023-04-26 07:10:06+09:00,Re-add tracking of wait event SLRUFlushSync
bfac8f8bc4a44c67c9f35b5266676278e4ba1217,Daniel Gustafsson,2023-04-25 13:54:10+02:00,Fix vacuum_cost_delay check for balance calculation.
3034dc56ef4b9bc1490e2b1e09fcdf3eeae53e8f,Amit Kapila,2023-04-25 08:33:09+05:30,Reduce the log level in 035_standby_logical_decoding.pl.
806fad7573e2b44de57888e3c04eab8eec4a69a8,Michael Paquier,2023-04-25 09:42:19+09:00,Fix buffer refcount leak with FDW bulk inserts
1118cd37eb61e6a2428f457a8b2026a7bb3f801a,Andres Freund,2023-04-24 12:21:02-07:00,Remove vacuum_defer_cleanup_age
441ee1677e6b580794c81943a937cd84363672f3,Tom Lane,2023-04-24 14:19:46-04:00,Fix memory leakage in plpgsql DO blocks that use cast expressions.
fce3b26e97ca98de054734e2af7d9125661a9b3f,Tom Lane,2023-04-24 13:01:33-04:00,"Rename ExecAggTransReparent, and improve its documentation."
5a8366ad75eb70cffa791119b404c897983260c6,Peter Eisentraut,2023-04-24 15:39:54+02:00,doc: Update SQL features names
c5e4ec293ea527394fc1d0006ab88047b3ce580f,Daniel Gustafsson,2023-04-24 11:40:23+02:00,ci: Remove OpenSSL 3.1 workaround for missing system CA
69537f5d17eab2919c9d88880cb242de1e7a647d,Daniel Gustafsson,2023-04-24 11:16:17+02:00,Remove duplicate lines of code
781ac42d43ab2b5af07fd720a01c68348a4d1d20,Masahiko Sawada,2023-04-24 15:37:14+09:00,Use elog to report unexpected action in handle_streamed_transaction().
19e65dff38bdccdf2cac7f2083342101df6bea57,Amit Kapila,2023-04-24 08:37:58+05:30,Display 'password_required' option for \dRs+ command.
244ab8c00c427d35901a6f1eb97e4e22b2916e7e,Noah Misch,2023-04-23 18:58:19-07:00,"Remove new <para id=""contrib-obsolete"">."
8bbd0cce92be98de9f4f727b8bf66fe26e5831ea,Alexander Korotkov,2023-04-23 14:30:09+03:00,Validate ltree siglen GiST option to be int-aligned
cd115c3530bd59bb0305d62ccef1c9504207ff4c,Alexander Korotkov,2023-04-23 13:58:41+03:00,Fix custom validators call in build_local_reloptions()
0ec0e2095579ca16fb4f3aee086e57fd1a7533eb,Tom Lane,2023-04-22 11:52:46-04:00,Doc: update pgindent/README some more.
5cd1a5af4d17496a58678c8eb7ab792119c2d723,Jeff Davis,2023-04-21 13:11:18-07:00,Fix initdb --no-locale.
c04c6c5d6f5f213f217f1e356bf1c2d8b4e255a2,Jeff Davis,2023-04-21 08:19:41-07:00,Avoid character classification in regex escape parsing.
a23ab2eebfb19bacb9e8d91edb822a0fec37334c,Daniel Gustafsson,2023-04-21 12:29:38+02:00,Reorder connection markers in loadbalance tests
60ce452729239f10ebbd0803a0ecc460f7f9238a,Daniel Gustafsson,2023-04-21 10:23:38+02:00,Make libpq error messages consistent for translation
0a16512d40a58c5046c2ab4ca7eabb8393f31c18,Fujii Masao,2023-04-21 16:46:41+09:00,doc: Add documentation for PGLOADBALANCEHOSTS environment variable in libpq.
84e05beb111335c0755ef37a7f4d64822170b76d,David Rowley,2023-04-21 11:41:58+12:00,Remove unused global variable
d91d1635292a290191339b868bcc71ef42ca50ce,David Rowley,2023-04-21 10:46:08+12:00,Fix incorrect function name reference
0ecb87e1fa07a733494e35636e55807b0f3fc1ed,Michael Paquier,2023-04-21 07:21:50+09:00,Remove io prefix from pg_stat_io columns
eab2d3147e3c13aca4a9aca52c0a9a581a8d224a,Tom Lane,2023-04-20 18:12:32-04:00,Use --strip-unneeded when stripping static libraries with GNU strip.
a9781ae11ba2fdb44a3a72c9a7ebb727140b25c5,Daniel Gustafsson,2023-04-20 15:45:44+02:00,Fix autovacuum cost debug logging
0d0aeb04c1277edb0733cbf5bf4243c47a439015,David Rowley,2023-04-20 23:51:38+12:00,Doc: clarify NULLS NOT DISTINCT use in unique indexes
c1cc4e688b60090f194017c6e15e330a725fba3e,Amit Kapila,2023-04-20 08:56:18+05:30,Restart the apply worker if the 'password_required' option is changed.
7d3d72b55edd1b7552a9a358991555994efab0e9,Thomas Munro,2023-04-20 13:20:14+12:00,Remove obsolete defense against strxfrm() bugs.
e35ded29566f679e52888a8d34468bb51bc78bed,David Rowley,2023-04-20 10:34:46+12:00,Fix list_copy_head() with empty Lists
2584639653eec13726a25d6ea8a4b42153185723,Peter Geoghegan,2023-04-19 12:15:15-07:00,"Use nbtdesc ""level"" field name consistently."
50547a3fae0ce62e74c1d2175c7949937f2c69fc,Peter Geoghegan,2023-04-19 10:42:39-07:00,Fix wal_consistency_checking enhanced desc output.
9e1e9d6560ec60535289ac15729a08e2f7cf4165,Tom Lane,2023-04-19 10:49:53-04:00,Add missed case for tab completion of GRANT/REVOKE MAINTAIN.
0b5d1fb36adda612bd3d5d032463a6eeb0729237,Daniel Gustafsson,2023-04-19 12:54:58+02:00,Fix errormessage for missing system CA in OpenSSL 3.1
77dedeb2c45745f592b504e181fa9d391d9afff0,Peter Eisentraut,2023-04-19 09:29:43+02:00,Remove some tabs in SQL code in C string literals
dea4343535f9122c66f71944ed593b84e338b174,Michael Paquier,2023-04-19 13:59:52+09:00,Fix generation of distribution tarball
3f58a4e2960a9509036b7d94beab64a747dc59dc,David Rowley,2023-04-19 13:50:33+12:00,Fix various typos and incorrect/outdated name references
fcb21b3acdcb9a60313325618fd7080aa36f1626,Jeff Davis,2023-04-18 13:25:44-07:00,Build ICU support by default.
4ddee4d9de9ba90bfba5762f635fa21b6edfaf48,Tom Lane,2023-04-18 14:46:39-04:00,Update time zone data files to tzdata release 2023c.
06e0652750e347bc3bf1dbb88d6a2a5d9b6f8faa,Peter Geoghegan,2023-04-18 10:33:15-07:00,Remove useless argument from nbtree dedup function.
b124104e73c0e91714969e1ae24d661264c76b96,Tom Lane,2023-04-18 13:31:46-04:00,Fix Utils.pm's locale-munging so that Perl itself is also affected.
363e8f9115469fe3d30a80b694cd60e9db3b2537,Robert Haas,2023-04-18 11:23:34-04:00,Fix pg_basebackup with in-place tablespaces some more.
f18029084784ec71a2e825cfcfd81b06d597ab93,Michael Paquier,2023-04-18 11:20:41+09:00,ecpg: Fix handling of strings in ORACLE compat code with SQLDA
eef231e8161eb8031a928fe48134ef25ab81fe5e,David Rowley,2023-04-18 14:03:49+12:00,Fix some typos and some incorrectly duplicated words
b4dbf3e924b2556acbe103dc61ac71f9985ff24f,David Rowley,2023-04-18 13:23:23+12:00,Fix various typos
e39d512f3e9b1e34ffba77c8fe120c2675f6873b,Jeff Davis,2023-04-17 13:45:50-07:00,Comment fix for 60684dd834.
38358aab9a09d6304eb78e309a3bb969b68d249c,Tom Lane,2023-04-17 16:00:39-04:00,"Update Solution.pm for HAVE_GSSAPI[_GSSAPI]_EXT_H, too."
3e383f9b68f13502789b234c2dc3274958bdbf78,Tom Lane,2023-04-17 14:22:26-04:00,Avoid trying to write an empty WAL record in log_newpage_range().
cd7cdc550c2a00027d6ec1810d064ad636250b1f,Peter Geoghegan,2023-04-17 09:58:18-07:00,Fix incorrect comment about nbtree WAL record.
d48ac0070cff197125088959e5644ed051322f5e,Tom Lane,2023-04-17 11:21:50-04:00,Further cleanup of autoconf output files for GSSAPI changes.
ca07a6e7bd2cb1d6ea38a036be8d60e196935428,Stephen Frost,2023-04-17 10:13:08-04:00,Update configure for ab969a376
1c77de98017022e45a0b12ddb71e202d55551f68,Peter Eisentraut,2023-04-17 16:06:41+02:00,doc: Add additional SQL features codes from SQL:2023
1c52f9c042fb939ed55ff572daee71036720db57,Stephen Frost,2023-04-17 09:51:04-04:00,Update Kerberos/GSSAPI configure/meson check
2434d60a2ae977a460eda401fd9f99cf619f4743,Peter Eisentraut,2023-04-17 11:09:17+02:00,Put new command-line option into sensible order in help output
fde9c068818246f6d79649eff355a2b95106991d,David Rowley,2023-04-17 09:28:34+12:00,Doc: remove notes about the version vacuumdb options are valid from
78d5952dd0e66afc4447eec07f770991fa406cce,Tom Lane,2023-04-16 14:16:40-04:00,Ensure result of an aggregate's finalfunc is made read-only.
1c54b93a8cf959a826dfabd6cae55dce255df2f5,Tom Lane,2023-04-16 12:57:32-04:00,Avoid using non-ASCII commentary in daitch_mokotoff.c.
e9f451accbde17d106ac6a92c8877992d4410629,David Rowley,2023-04-16 21:47:01+12:00,Doc: add note about --buffer-usage-limit being v16 onwards
c0235013c13b0adc9e7f1998ff5700e26ecdbd1f,David Rowley,2023-04-16 12:05:34+12:00,Improve VACUUM/ANALYZE BUFFER_USAGE_LIMIT docs
064eb89e83ea0f59426c92906329f1e6c423dfa4,Tom Lane,2023-04-15 12:01:39-04:00,"Fix assignment to array of domain over composite, redux."
d6b5dee42de71f547090f0cd2968112c50c24203,Tom Lane,2023-04-15 11:20:46-04:00,Remove some non-ASCII symbols from a comment.
414d66220adb9189951fb4d410470f9f36f9cbd1,David Rowley,2023-04-15 11:59:52+12:00,Adjust Valgrind macro usage to protect chunk headers
43a33ef54e503b61f269d088f2623ba3b9484ad7,Andres Freund,2023-04-14 11:30:33-07:00,"Support RBM_ZERO_AND_CLEANUP_LOCK in ExtendBufferedRelTo(), add tests"
e4d905f772f7803d399b6e173ca9aa7ba8a35e5a,Tom Lane,2023-04-14 13:31:51-04:00,"NULL is not an ideal way to spell bool ""false""."
928e05ddfd4031c67e101c5e74dbb5c8ec4f9e23,Daniel Gustafsson,2023-04-14 10:15:50+02:00,doc: PQinitOpenSSL and PQinitSSL are obsolete in OpenSSL 1.1.0+
12829058c424cba540ac8de33d129d02f8bd3449,Peter Eisentraut,2023-04-14 10:04:57+02:00,Fix whitespace
99322d6eee6445665c1fb131ec6130924b7673b6,Peter Eisentraut,2023-04-14 09:56:04+02:00,Add missing source files to nls.mk
e0693faf797f997f45bee8e572e8b4288cc7eaeb,David Rowley,2023-04-14 16:20:27+12:00,Fix incorrect partition pruning logic for boolean partitioned tables
c7dc56bd6b36b4d6b3c6cc1bb4735f7777272ca3,Michael Paquier,2023-04-14 13:08:02+09:00,doc: Fix some grammar for logical decoding description and functions
558c9d75fe3b38508296840e606737c664fc3b70,Thomas Munro,2023-04-14 11:02:38+12:00,Fix PHJ match bit initialization.
a28269708844246fb1ec00a536b391cac0a64972,Michael Paquier,2023-04-14 07:27:44+09:00,Remove code in charge of freeing regexps generation by Lab.c
0981846b9c3ab1dcc351798dcae6a2e35872a6c3,David Rowley,2023-04-14 10:19:45+12:00,"Remove old GUC name mapping for ""force_parallel_mode"""
83c470665822befb3bda92320defe766936b60df,Peter Eisentraut,2023-04-13 22:10:08+02:00,Update Unicode data to CLDR 43
d6f0f95a6bb7fa43731c6db83226a3c574041659,Peter Geoghegan,2023-04-13 10:15:20-07:00,Harmonize some more function parameter names.
f7431bca8b0138bdbce7025871560d39119565a0,Stephen Frost,2023-04-13 08:55:13-04:00,Explicitly require MIT Kerberos for GSSAPI
6633cfb21691840c33816a6dacaca0b504efb895,Stephen Frost,2023-04-13 08:55:07-04:00,"De-Revert ""Add support for Kerberos credential delegation"""
e2922702a3027945f139f9b0c7b4686423304e21,Peter Eisentraut,2023-04-13 10:16:33+02:00,doc: Make HTML ids discoverable
a34901dd03edb473ddbd81ee5c7332575f6d8881,Peter Eisentraut,2023-04-13 09:48:38+02:00,Add missing XML ID attribute
6ca8df2d61473327b0e90b9becfe109299f47b8a,Thomas Munro,2023-04-13 13:57:46+12:00,Skip the 004_io_direct.pl test if a pre-flight check fails.
b37d051b0e59e4324e346655a27509507813db79,Thomas Munro,2023-04-13 09:37:54+12:00,Remove overzealous assertion from PHJ.
21e6bf4ddd045bc718c99ae551f25957ae91cb4d,Alvaro Herrera,2023-04-12 20:22:17+02:00,"Revert ""Adjust contrib/sepgsql regression test expected outputs."""
5ec69b71f17c353b27754deb8d94bb1f5cf7a029,Andres Freund,2023-04-12 11:00:37-07:00,Improve error messages introduced in be87200efd9 and 0fdab27ad68
9ce04b50e120275afbc03ca0b80839dde3da8308,Alvaro Herrera,2023-04-12 19:29:21+02:00,"Revert ""Catalog NOT NULL constraints"" and fallout"
8e82db97b0a474008d8212a63f34e449a8c50bcd,Robert Haas,2023-04-12 11:37:13-04:00,basebackup_to_shell: Check for a NULL return from OpenPipeStream.
4b1ad19a4e221897d01fbfe68b89412c8c5a9cbb,Robert Haas,2023-04-12 11:26:16-04:00,Document BaseBackupSync and BaseBackupWrite wait events.
88ceac5d77f4ffb31f1e2d3df23d37e569ad5ff4,Tom Lane,2023-04-12 10:46:38-04:00,Fix parallel-safety marking when moving initplans to another node.
91199dd281f11b8fdd214210cb608012a9aaef88,Daniel Gustafsson,2023-04-12 16:16:12+02:00,doc: Reword unexplained abbreviation
5f38a2034e4f18ad3a57421f070ae01c32137ef1,Peter Eisentraut,2023-04-12 10:05:50+02:00,Fix incorrect format placeholders
906116ace1b8bc07161ee960015eb2b2d2a40118,Peter Eisentraut,2023-04-12 09:16:19+02:00,Update config.guess and config.sub
644b848f50ef75430c0134654f86e8234691e390,Michael Paquier,2023-04-12 13:03:09+09:00,doc: Fix some typos and grammar
a923e21631a29dc8b8781d7d02b5003d0df64ca3,Michael Paquier,2023-04-12 09:09:38+09:00,Fix detection of unseekable files for fseek() and ftello() with MSVC
c03c2eae0acbb82db8e626f71f367ef4b043d27d,Peter Geoghegan,2023-04-11 15:26:24-07:00,Refine the guidelines for rmgrdesc authors.
96149a180d56162b0288e8c8ec5ee2c1f076e88b,Peter Geoghegan,2023-04-11 15:25:02-07:00,Fix Heap rmgr's desc output for infobits arrays.
e944063294fb9e85190f03948f5ce20331231e2f,Peter Geoghegan,2023-04-11 14:07:54-07:00,Fix xl_heap_lock WAL record field's data type.
57411c82ce8634888be807502ee6c50f219e0460,Andres Freund,2023-04-11 11:17:36-07:00,035_standby_logical_decoding: Add missing waits for replication
bc25d6c54a000ab67c183cb88eb4f12b1220e6f9,Robert Haas,2023-04-11 11:00:36-04:00,Document new pg_subscription columns.
4c8a1b4769372037b28516e5c9acb39bb82fa92d,David Rowley,2023-04-11 23:01:12+12:00,Fix uninitialized variable in transformTableLikeClause()
68a2a437f46716efd54d177edf9dbcc9916c903b,David Rowley,2023-04-11 19:36:34+12:00,Improve ereports for VACUUM's BUFFER_USAGE_LIMIT option
d866f0374ca688937b905fbebfcc2c5f8dc88b54,David Rowley,2023-04-11 18:52:17+12:00,"Doc: use ""an SQL"" consistently rather than ""a SQL"""
26e65ebdb295fc88988655dbbf30c9fd020e2e07,Peter Geoghegan,2023-04-10 17:55:23-07:00,Clarify nbtree posting list update desc issue.
4380c2509d51febad34e1fac0cfaeb98aaa716c5,Tom Lane,2023-04-10 15:50:29-04:00,Doc: add missed entries in BRIN extensibility tables.
5d6728e588c37a4e458db9d55b308c8a3832a944,Peter Geoghegan,2023-04-10 11:15:41-07:00,Fix nbtree posting list update desc output.
fbbd7edca867ea8f8bd7540492e527fdb16d954b,Tom Lane,2023-04-10 13:09:18-04:00,Doc: adjust examples of EXTRACT() output to match current reality.
26f36fe844880ff68dc28493bba9aced5aad0034,Tom Lane,2023-04-10 12:22:10-04:00,Doc: avoid using pg_get_publication_tables() in an example.
6ff2e8cdd410f70057cfa6259ad395c1119aeb32,Daniel Gustafsson,2023-04-08 23:32:11+02:00,Simplify version check for SKIP clause
980e8879f54a7a00ca6a5bae2fe9486c87ef3e8e,Thomas Munro,2023-04-09 08:27:36+12:00,Use higher wal_level for 004_io_direct.pl.
064750af4f4ebab9c0d47d502c7ff7e3c9533f9f,Tom Lane,2023-04-08 11:48:45-04:00,Improve indentation of multiline initialization expressions.
bbec50de16d2bf6e1a2878ff0f7e39dbd86ecff8,Andrew Dunstan,2023-04-08 11:21:53-04:00,Try to unbreak MSVC builds for pg_waldump
07690aab46ed5530643942726b27a503995dd835,Tom Lane,2023-04-08 10:50:46-04:00,Suppress bogus printout during new 035_standby_logical_decoding.pl test.
2e57ffe12f6b5c1498f29cb7c0d9e17c797d9da6,Daniel Gustafsson,2023-04-08 15:51:45+02:00,Skip \password TAP test on old IPC::Run versions
0e9b271890c09ecb60b08e45d377031b2385ebeb,Andrew Dunstan,2023-04-08 08:28:15-04:00,Try to unbreak MSVC builds for fuzzystrmatch
3d03b24c350ab060bb223623bdff38835bd7afd0,Stephen Frost,2023-04-08 07:21:35-04:00,"Revert ""Add support for Kerberos credential delegation"""
db4f21e4a34b1d5a3f7123e28e77f575d1a971ea,Thomas Munro,2023-04-08 22:10:39+12:00,Redesign interrupt/cancel API for regex engine.
6db75edb2ecbc9f6912f90b671b01ab4ac3a01b0,Thomas Munro,2023-04-08 22:09:17+12:00,Update contrib/trgm_regexp's memory management.
4f51429dd7f194e36af32b557ecdce555b5ab51b,Thomas Munro,2023-04-08 22:09:17+12:00,Update tsearch regex memory management.
bea3d7e3831fa6a1395eadbad7d97cebc7aa8aee,Thomas Munro,2023-04-08 22:08:41+12:00,Use MemoryContext API for regex memory management.
fcd77d53217b4c4049d176072a1763d6e11ca478,Andres Freund,2023-04-08 02:24:50-07:00,TAP test for logical decoding on standby
0fdab27ad68a059a1663fa5ce48d76333f1bd74c,Andres Freund,2023-04-08 02:20:05-07:00,Allow logical decoding on standbys
e101dfac3a53c20bfbf1ca85d30a368c2954facf,Andres Freund,2023-04-08 01:06:00-07:00,"For cascading replication, wake physical and logical walsenders separately"
26669757b6a7665c1069e77e6472bd8550193ca6,Andres Freund,2023-04-08 00:05:44-07:00,Handle logical slot conflicts on standby
be87200efd9308ccfe217ce8828f316e93e370da,Andres Freund,2023-04-07 22:40:27-07:00,Support invalidating replication slots due to horizon and wal_level
2ed16aacf1af1e1a26bffb121a19d1ad5f5177f0,Andres Freund,2023-04-07 22:25:46-07:00,Fix underspecified sort order in inherit.sql
4397abd0a2af955326c0608d63f3716ce5901004,Andres Freund,2023-04-07 22:19:05-07:00,Prevent use of invalidated logical slot in CreateDecodingContext()
15f8203a5975d6b9b78e2c64e213ed964b50c044,Andres Freund,2023-04-07 21:47:25-07:00,Replace replication slot's invalidated_at LSN with an enum
d4e71df6d757fd21c363164a3a4d3b5681462662,Thomas Munro,2023-04-08 16:35:07+12:00,Add io_direct setting (developer-only).
faeedbcefd40bfdf314e048c425b6d9208896d90,Thomas Munro,2023-04-08 16:34:50+12:00,Introduce PG_IO_ALIGN_SIZE and align all I/O buffers.
d73c285af5c29a0b486643b77350bc23fbb6114c,Amit Kapila,2023-04-08 09:42:50+05:30,Doc: Fix the datatype of the newly added SUBSCRIPTION options.
db6957bae8d7716785aa3748b25a9a4b7c3ff304,Tom Lane,2023-04-07 23:32:49-04:00,Add missing .gitignore entry.
2bfbad9c42207b4ba75cfce9901fa78f2c024b61,Tom Lane,2023-04-07 23:23:25-04:00,Remove useless dependencies in daitch_mokotoff_header.pl.
3d4fa227bce4294ce1cc214b4a9d3b7caa3f0454,Stephen Frost,2023-04-07 21:58:04-04:00,Add support for Kerberos credential delegation
edc627ae27632ae2be0e435aca02ed38005cb55f,Tom Lane,2023-04-07 21:33:05-04:00,Pacify perlcritic.
ac8d53dae5ae2914aeb022dc514826f71c7206e6,Andres Freund,2023-04-07 17:04:56-07:00,Track IO times in pg_stat_io
1c453cfd8976d9c6451ba45e27bf30375d574312,Peter Geoghegan,2023-04-07 16:46:23-07:00,Show more detail in nbtree rmgr descriptions.
ce5e23408568452fd206b79ee411c6f34d80c46b,Stephen Frost,2023-04-07 19:36:46-04:00,"For Kerberos testing, disable DNS lookups"
7d8219a444bd917d21234c97e2417a410f10ebd3,Peter Geoghegan,2023-04-07 16:08:52-07:00,Show more detail in heapam rmgr descriptions.
76c111a7f16659f9018391f655764c8226461ca4,Tom Lane,2023-04-07 18:17:22-04:00,Adjust contrib/sepgsql regression test expected outputs.
a290378a3752f787cdc2252889ba513f6fb393db,Tom Lane,2023-04-07 17:32:26-04:00,Add support for Daitch-Mokotoff Soundex in contrib/fuzzystrmatch.
728015a47016dcd734c516e43f326ae491b6a3d2,Andres Freund,2023-04-07 14:02:46-07:00,Fix table name clash in recently introduced test
704261ecc694db11d9b5feb4f05f57778214ba2f,Andres Freund,2023-04-07 13:24:26-07:00,Improve IO accounting for temp relation writes
bf5a894c557179b85500a307104b36e846e24f48,Daniel Gustafsson,2023-04-07 22:14:23+02:00,Test SCRAM iteration changes with psql \password
664d757531e11ea5ef6971884ddb2a7af6fae69a,Daniel Gustafsson,2023-04-07 22:14:20+02:00,Refactor background psql TAP functions
32bc0d022dee250fac9fc787226abed96b8ff894,Alvaro Herrera,2023-04-07 20:30:04+02:00,Fix underspecified sort order in test query
f3fa31327ecba75ee0e946abaa56dbf471ba704b,Tom Lane,2023-04-07 14:25:53-04:00,Add pg_buffercache_usage_counts() to contrib/pg_buffercache.
e056c557aef4006c3dfbf8a4b94b7ae88eb9fd67,Alvaro Herrera,2023-04-07 19:59:57+02:00,Catalog NOT NULL constraints
ff245a37888ae28da4e6eeacac83f00aa0986340,Tom Lane,2023-04-07 13:29:29-04:00,Doc: improve descriptions of max_[pred_]locks_per_transaction GUCs.
888f2ea0a81ff171087bdd1c5c1eeda3b78d73d4,Tom Lane,2023-04-07 11:47:07-04:00,Add array_sample() and array_shuffle() functions.
cd82e5c79d145dddd7a30ed35e4d3b83945b56f3,Tom Lane,2023-04-07 10:35:11-04:00,Fix locale-dependent test case.
21d7c05a5cf7637cbdf2739006936bb9d279d505,Andres Freund,2023-04-07 01:02:46-07:00,Fix copy-paste bug in 12f3867f553 triggering an assert after a write error
96c498d2f8ce5f0082c64793f94e2d0cfa7d7605,Amit Kapila,2023-04-07 10:32:36+05:30,Add tab-completion for newly added SUBSCRIPTION options.
8fcb32db98eda1ad2a0c0b40b1cbb5d9a7aa68f0,Michael Paquier,2023-04-07 10:10:17+09:00,Add more protections in WAL record APIs against overflows
26158b852d3adf6936008ce09c9ff2b947c8df40,Andres Freund,2023-04-06 17:56:17-07:00,Use ExtendBufferedRelTo() in XLogReadBufferExtended()
ae78cae3be627213528f2e08eb976d6906d754de,David Rowley,2023-04-07 12:47:10+12:00,Add --buffer-usage-limit option to vacuumdb
00d1e02be24987180115e371abaeb84738257ae2,Andres Freund,2023-04-06 16:53:17-07:00,hio: Use ExtendBufferedRelBy() to extend tables more efficiently
1cbbee03385763b066ae3961fc61f2cd01a0d0d7,David Rowley,2023-04-07 11:40:31+12:00,Add VACUUM/ANALYZE BUFFER_USAGE_LIMIT option
5279e9db8e8da3c310c0068da2de98df5a714b2e,Andres Freund,2023-04-06 16:17:16-07:00,heapam: Pass number of required pages to RelationGetBufferForTuple()
7d71d3dd080b9b147402db3365fe498f74704231,Daniel Gustafsson,2023-04-07 01:00:21+02:00,Refresh cost-based delay params more frequently in autovacuum
a85c60a945acfcb1aaac0c521e5eb5a2477d9695,Daniel Gustafsson,2023-04-07 00:54:53+02:00,Separate vacuum cost variables from GUCs
71a825194fd3f8c084f63bd2b0a8d11d753d25d3,Daniel Gustafsson,2023-04-07 00:54:08+02:00,Make vacuum failsafe_active globally visible
5499706bdf60235f787eae9d2b541444ef0b31b3,Tom Lane,2023-04-06 18:13:49-04:00,Stabilize just-added regression test cases.
31ae2aa9d2c200a0d7d3283d749669a408ec7b65,Tom Lane,2023-04-06 17:33:38-04:00,psql: set SHELL_ERROR and SHELL_EXIT_CODE in more places.
029dea882a7aa34f46732473eed7c917505e6481,Tom Lane,2023-04-06 15:52:44-04:00,Fix ts_headline() edge cases for empty query and empty search text.
18103b7c5f1aed4ca22f75229346eddb6e20d725,Andres Freund,2023-04-06 11:11:13-07:00,hio: Don't pin the VM while holding buffer lock while extending
bba9003b627f4742212bd060ae65fe5c9c3592f3,Andres Freund,2023-04-06 10:36:30-07:00,hio: Relax rules for calling GetVisibilityMapPins()
00beecfe839c878abb366b68272426ed5296bc2b,Tom Lane,2023-04-06 13:18:14-04:00,psql: add an optional execution-count limit to \watch.
2820adf7755d2a377546d5b55f5b1a4a39889336,Tomas Vondra,2023-04-06 17:18:42+02:00,Support long distance matching for zstd compression
983ec23007bd83a649af9bc823f13feb0da27e0e,Etsuro Fujita,2023-04-06 17:30:00+09:00,postgres_fdw: Add support for parallel abort.
b9b125b9c14381c4d04a446e335bb2da5f602596,David Rowley,2023-04-06 15:44:52+12:00,Move various prechecks from vacuum() into ExecVacuum()
acab1b0914e426d28789731f50f5964dd4d2f054,Andres Freund,2023-04-05 18:57:29-07:00,Convert many uses of ReadBuffer[Extended](P_NEW) to ExtendBufferedRel()
fcdda1e4b50249c344e510ea93d4bd74d2743430,Andres Freund,2023-04-05 17:50:09-07:00,"Use ExtendBufferedRelTo() in {vm,fsm}_extend()"
bccd6908ca82c6cba0c76b669bc81fc9f3fb60cd,David Rowley,2023-04-06 12:37:03+12:00,Always make a BufferAccessStrategy for ANALYZE
1d477a907e63941b58508136f92ac0b5058b68ab,Michael Paquier,2023-04-06 09:29:03+09:00,Fix row tracking in pg_stat_statements with extended query protocol
31966b151e6ab7a6284deab6e8fe5faddaf2ae4c,Andres Freund,2023-04-05 16:21:09-07:00,bufmgr: Introduce infrastructure for faster relation extension
8eda7314652703a2ae30d6c4a69c378f6813a7f2,Daniel Gustafsson,2023-04-05 23:22:17+02:00,Allow to use system CA pool for certificate verification
12f3867f5534754c8bac5af35228d4079edc3a00,Andres Freund,2023-04-05 14:17:55-07:00,bufmgr: Support multiple in-progress IOs by using resowner
16dc2703c5413534d4989e08253e8f4fcb0e2aab,Tom Lane,2023-04-05 16:59:09-04:00,"Support ""Right Anti Join"" plan shapes."
dad50f677c42de207168a3f08982ba23c9fc6720,Andres Freund,2023-04-05 13:47:46-07:00,bufmgr: Acquire and clean victim buffer separately
65eb2d00c6c1bab29db9fa6575185a40d823fe9d,Tom Lane,2023-04-05 15:56:35-04:00,"Acquire locks on views in AcquirePlannerLocks, too."
84adc8e20f54e93a003cd316fa1eb9b03e393288,Tomas Vondra,2023-04-05 21:39:33+02:00,pg_dump: Add support for zstd compression
794f25944790ed0462cde3d6dc0f1ad02fcd6bba,Andres Freund,2023-04-05 10:42:17-07:00,bufmgr: Add Pin/UnpinLocalBuffer()
819b69a81d307e2ad8e9752cf062ebb57813960d,Andres Freund,2023-04-05 10:42:17-07:00,bufmgr: Add some more error checking [infrastructure] around pinning
4d330a61bb1969df31f2cebfe1ba9d1d004346d8,Andres Freund,2023-04-05 10:06:39-07:00,"Add smgrzeroextend(), FileZero(), FileFallocate()"
4766eef3174b0b1bd8d2428381a7a33813386a6a,Tom Lane,2023-04-05 12:56:32-04:00,Fix another issue with ENABLE/DISABLE TRIGGER on partitioned tables.
3d6a98457d8e21d85bed86cfd3e1d1df1b260721,Andres Freund,2023-04-05 08:19:39-07:00,"Don't initialize page in {vm,fsm}_extend(), not needed"
86a3fc7ec8a03bca7120894bababa7c734628b4c,Robert Haas,2023-04-05 09:50:08-04:00,Fix wrong word in comment.
f275af8cb88e5a87b01467ad90704c945806d7dd,Peter Eisentraut,2023-04-05 09:57:44+02:00,Update information_schema for SQL:2023
542b6347bf8876d89146097672c2c0128ad7c151,John Naylor,2023-04-05 14:26:03+07:00,doc: Update error messages in RLS examples
c9f57541d9705da44b9fbcb6e0c75dec3b41b57c,Peter Eisentraut,2023-04-05 09:20:25+02:00,doc: Update SQL features/conformance information to SQL:2023
fb6fad6ef1bb94b5bfde01a83951ad7eda7764bc,Daniel Gustafsson,2023-04-05 09:06:32+02:00,Fix function reference in comment
1993f3feb74f30e71c4139ace66ccc1e0225b4a8,Peter Eisentraut,2023-04-05 07:55:28+02:00,doc: Update SQL keywords list to SQL:2023
c209d317e9b818e25b30703c60113875acb73008,Peter Eisentraut,2023-04-05 07:34:52+02:00,Fix minor signed/unsigned mixup
9d2a464a04846961ffa6b5f2c25b68bc2bf0af67,Andres Freund,2023-04-04 21:31:27-07:00,meson: docs: Allow configuring simple/website style
b8059bdf1ef8f7e215ec5010fcf6c3bd9c491eef,Andres Freund,2023-04-04 21:29:45-07:00,docs: html: load stylesheet via custom.css.source
0012979d989fd1640ed17c32b303ebbd2294a3fc,Andres Freund,2023-04-04 21:29:44-07:00,docs: html: copy images to output as part of xslt build
ef07d351a1860a6e93c89cc7af3ae13366942bf0,Andres Freund,2023-04-04 21:29:39-07:00,"meson: add docs, docs_pdf options"
0ba827ecfc677cb449b3a370cf6613b4a770c4f8,Andres Freund,2023-04-04 21:27:47-07:00,meson: docs: Preparatory cleanups
8df0d3d5303fa62d169985b8e68dbd40316010f1,Amit Kapila,2023-04-05 09:20:14+05:30,Add Copyright notice in 001_basic.pl and 002_pg_upgrade.pl.
d75c7fbaf94eab30c1f30db107237b64c3cf78e7,Andres Freund,2023-04-04 19:25:14-07:00,docs: Remove support for 'htmlhelp' format
3f695b31179b94a5eaa284ff588a983ff2dce932,Andres Freund,2023-04-04 16:42:52-07:00,sequences: Lock buffer before initializing page
e126d817c7af989c47366b0e344ee83d761f334a,Michael Paquier,2023-04-05 07:59:43+09:00,"doc: Add more details about pg_stat_get_xact_blocks_{fetched,hit}"
36320cbc164a8bc069f7a2d3990f47f5629f2020,Jeff Davis,2023-04-04 15:43:18-07:00,Fix MSVC warning introduced in ea1db8ae70.
f303ec6210c4b858fd68531c92b8f0d490c91db5,Thomas Munro,2023-04-05 09:40:34+12:00,Remove comment obsoleted by 11c2d6fd.
ea1db8ae70e5f4ceaae34dc9c06a07d59aaa022e,Jeff Davis,2023-04-04 10:38:58-07:00,Canonicalize ICU locale names to language tags.
d3d53f955cf6ad755ba3682577e0f6fa10106438,Tom Lane,2023-04-04 13:33:18-04:00,Add a way to get the current function's OID in pl/pgsql.
482675987bcdffb390ae735cfd5f34b485ae97c6,Robert Haas,2023-04-04 12:03:03-04:00,Add a run_as_owner option to subscriptions.
1e10d49b65d6c26c61fee07999e4cd59eab2b765,Robert Haas,2023-04-04 11:25:23-04:00,Perform logical replication actions as the table owner.
3077324b03e81ab9894f1f510952273b78d98569,Peter Eisentraut,2023-04-04 16:20:34+02:00,Add missing XML ID attributes
71bfd1543f8b68e1013d3e8540b6b5aaf98e02e9,Alvaro Herrera,2023-04-04 14:04:30+02:00,Code review for recent SQL/JSON commits
8a2b1b147728b11f6df569081d121b9e3135109d,Andres Freund,2023-04-03 18:02:41-07:00,bufmgr: Remove buffer-write-dirty tracepoints
05a304a855104a8eb6394e044bfbc8e761a4d635,Peter Geoghegan,2023-04-03 11:47:48-07:00,Make SP-GiST redirect cleanup more aggressive.
e48c817395e1cdc85dbecc4ff3c18e34983ae3f2,Peter Geoghegan,2023-04-03 11:31:43-07:00,Recycle deleted nbtree pages more aggressively.
a349b86603e11bad811bec111ec5330b9908e525,Peter Geoghegan,2023-04-03 11:01:11-07:00,Move heaprel struct field next to index rel field.
e7e7da2f8d57bbe6c8fb463a9eec51486000ba2e,Robert Haas,2023-04-03 13:54:21-04:00,Fix possible logical replication crash.
a8a00124f1ddb9c8506ff75317f6dd64cc480e61,Tom Lane,2023-04-03 10:18:38-04:00,"When using valgrind, log the current query after an error is detected."
b0b91ced167f02ced4adaf1b2ecdc6fa0f6eb6e9,Alexander Korotkov,2023-04-03 16:55:09+03:00,Revert 764da7710b
2b65bf046d8a23be25502638da77a1592da2548d,Alexander Korotkov,2023-04-03 16:54:31+03:00,Revert 11470f544e
8d928e3a9fe7577e7abf2388b60cc67ed94f6d24,David Rowley,2023-04-03 23:31:16+12:00,Rename BufferAccessStrategyData.ring_size to nbuffers
4830f102432518d06b50f61e0ab4c0c07082617b,David Rowley,2023-04-03 23:05:58+12:00,Disable vacuum's use of a buffer access strategy during failsafe
525fb0a171a60ddea94c1953e24abef1da358888,Daniel Gustafsson,2023-04-03 10:50:17+02:00,Fix typo in CI README
32fbe0239b03d868744758d5809eaf74f19c924d,David Rowley,2023-04-03 19:19:45+12:00,Only make buffer strategy for vacuum when it's likely needed
1980d3585e3c7fce74b811ca8d77733036cae76c,Peter Eisentraut,2023-04-03 07:21:06+02:00,pg_basebackup: Correct type of WalSegSz
3f476c953495e4d52a1ac776f976df16964ba592,David Rowley,2023-04-03 15:07:25+12:00,Remove some global variables from vacuum.c
2e6ba13152624a837b67996eadfc58e75126071f,Tom Lane,2023-04-02 20:01:34-04:00,Doc: update pgindent/README.
6af1793954e8c5e753af83c3edb37ed3267dd179,Andres Freund,2023-04-02 12:32:19-07:00,Add info in WAL records in preparation for logical slot conflict handling
ab73291d263049f00a394b37940ed197616fc3f8,Noah Misch,2023-04-02 09:31:10-07:00,Fix copy-pasto in contrib/auth_delay/meson.build variable name.
eaa1dd131ca0a4c8e221cd60cdfc69aa0f7efe42,Noah Misch,2023-04-02 09:31:09-07:00,Use PG_TEST_TIMEOUT_DEFAULT in 019_replslot_limit.pl.
61b313e47eb987682441c675724c22bf4363c9c4,Andres Freund,2023-04-01 20:18:29-07:00,Pass down table relation into more index relation functions
a88a18b1250b9e6b40536e4dec04d32d655b8140,Andres Freund,2023-04-01 18:00:19-07:00,Assert only valid flag bits are passed to visibilitymap_set()
14f98e0af996beff561f66d7436c6da5d2de524d,Andres Freund,2023-04-01 17:50:18-07:00,hio: Release extension lock before initializing page / pinning VM
0070b66fef21e909adb283f7faa7b1978836ad75,Tomas Vondra,2023-04-01 00:54:50+02:00,pg_dump: Use only LZ4 frame format for compression
c8f8d0eb1868cc88d481518d2b6aa0767116055c,David Rowley,2023-04-01 10:41:27+13:00,Doc: add Buffer Access Strategy to the glossary
df4f3ab51730a4cdddfead0b264d394ee4925723,Peter Geoghegan,2023-03-31 14:02:52-07:00,Add show_data option to pg_get_wal_block_info.
6ee30209a6f161d0a267a33f090c70c579c87c00,Alvaro Herrera,2023-03-31 22:34:04+02:00,SQL/JSON: support the IS JSON predicate
a2a0c7c29e47f39da905577659e66b0086b769cc,Tom Lane,2023-03-31 16:29:55-04:00,Further tweaking of width_bucket() edge cases.
f0d65c0eaf05d6acd3ae05cde4a31465eb3992b2,Tom Lane,2023-03-31 11:18:49-04:00,Reject system columns as elements of foreign keys.
c2d7d679c1220af77023413b031902afe4d2fdd1,Tom Lane,2023-03-31 10:08:40-04:00,Ensure acquire_inherited_sample_rows sets its output parameters.
558fff0adfa02b6db6b003c64cca75e55f5187e2,Daniel Gustafsson,2023-03-31 13:00:02+02:00,pg_regress: Emit TAP compliant output
9b058f6b0d9c3d1ccde4d51a72bf15ce731973a1,Alvaro Herrera,2023-03-31 12:55:25+02:00,Move ExecEvalJsonConstructor new function to a more natural place
47a97098467fda56b497049430d0949f3a7dde01,Alvaro Herrera,2023-03-31 11:16:43+02:00,No need to add FORMAT to the keyword precedence list
ed94e8563e036f3b42519f1c3b5ae1361e2a59bf,Amit Kapila,2023-03-31 08:59:55+05:30,Add XML ID attributes to create_publication.sgml.
f95c1cd6b2fd7d70e219ea8c5fabf2c0a75d7705,Andres Freund,2023-03-30 19:48:01-07:00,"Bump PGSTAT_FILE_FORMAT_ID, omitted in 8aaa04b32d7"
8aaa04b32d790da595684de58ae4fc2db96becff,Andres Freund,2023-03-30 19:24:21-07:00,Track shared buffer hits in pg_stat_io
6c3b697b19db6274da622cf0fe7a7ad32eeeced3,David Rowley,2023-03-31 12:13:05+13:00,Fix List memory issue in transformColumnDefinition
11c2d6fdf5af1aacec9ca2005543f1b0fc4cc364,Thomas Munro,2023-03-31 11:34:03+13:00,Parallel Hash Full Join.
ca7b3c4c00042038ba9c282c4807e05c0a527e42,Andres Freund,2023-03-30 14:23:14-07:00,pg_stat_wal: Accumulate time as instr_time instead of microseconds
122376f028a0e31b91d6c6bad2a9a6e994708547,Peter Geoghegan,2023-03-30 12:26:12-07:00,Show record information in pg_get_wal_block_info.
63cc20205c1a0022d808a783b3025029bb09101e,Alvaro Herrera,2023-03-30 21:07:24+02:00,Simplify transformJsonAggConstructor() API
60966f56c3e4db9f9bdff485371ef3a50d53431f,Alvaro Herrera,2023-03-30 21:06:31+02:00,Fix inconsistencies and style issues in new SQL/JSON code
589bb816499e98b60aa5c406c409fb27b42b0e39,Alvaro Herrera,2023-03-30 21:06:31+02:00,Fix setrefs.c code for adjusting partPruneInfos
f9054b7a7cd47b93d6a59f15994ce72c51fe1e04,Andres Freund,2023-03-30 10:26:10-07:00,Fix format code in fd.c debugging infrastructure
558cf803876874c55d637a1e87417fa1c670efe1,Andres Freund,2023-03-30 10:26:10-07:00,"bufmgr: Fix undefined behaviour with, unrealistically, large temp_buffers"
e9d202a1499d6a70e80d080fcdba07fe6707845d,Tom Lane,2023-03-30 13:07:04-04:00,Clean up role created in new subscription test.
9c487efe355692a4a219df1a1e5330ac02079bf8,Robert Haas,2023-03-30 12:06:34-04:00,Fix documentation build for c3afe8cf5a1e465bd71e48e4bc717f5bfdc7a7d6.
c3afe8cf5a1e465bd71e48e4bc717f5bfdc7a7d6,Robert Haas,2023-03-30 11:37:19-04:00,Add new predefined role pg_create_subscription.
b0e9e4d76ca212d429d9cd615ae62ac73a9a89ba,Tom Lane,2023-03-30 11:27:36-04:00,Avoid overflow in width_bucket_float8().
2fe7a6df94e69a20c57f71a0592133684cf612da,Daniel Gustafsson,2023-03-30 10:53:15+02:00,Fix pointer cast for seed calculation on 32-bit systems
261cf8962b8ce92ce62c47148bd72a2c2e3351b0,Peter Eisentraut,2023-03-30 08:33:43+02:00,Fix incorrect format placeholders
da324d6cd45bbbcc1682cc2fcbc4f575281916af,Amit Kapila,2023-03-30 11:10:38+05:30,Refactor pgoutput_change().
902ecd3bd4e733d273e69fd420df6fab4ffbe79b,David Rowley,2023-03-30 16:37:03+13:00,Fix outdated comments regarding TupleTableSlots
7f5b19817eaf38e70ad1153db4e644ee9456853e,Daniel Gustafsson,2023-03-29 21:53:38+02:00,Support connection load balancing in libpq
44d85ba5a3361dea371d23bd91777ef4c0c4e506,Daniel Gustafsson,2023-03-29 21:41:27+02:00,Copy and store addrinfo in libpq-owned private memory
8e5eef50c5b41fd39ad60365c9c1b46782f881ca,Tom Lane,2023-03-29 11:31:30-04:00,Fix dereference of dangling pointer in GiST index buffering build.
3aa961378b4e517908a4400cdc476ca299693de9,Tom Lane,2023-03-29 09:16:53-04:00,Add missing .gitignore entries.
58c9600a9f5818f63712ae4262143c42517dcba7,Tom Lane,2023-03-29 09:13:57-04:00,Remove empty function BufmgrCommit().
7081ac46ace8c459966174400b53418683c9fe5c,Alvaro Herrera,2023-03-29 12:11:36+02:00,SQL/JSON: add standard JSON constructor functions
38b7437b9088b4859e4489a1a1a9ab7066f5b320,Peter Eisentraut,2023-03-29 11:34:37+02:00,Fix some section numbers in information_schema.sql
5aae36dc9c6842e4269b4a713f7ac6583bd8a318,Peter Eisentraut,2023-03-29 09:48:18+02:00,meson: Change default buildtype to debugoptimized
563f21cda8fcb61a0b5f071affb79c86458e52f8,Peter Eisentraut,2023-03-29 09:45:21+02:00,Move definition of standard collations from initdb to pg_collation.dat
0d15afc875f44bcb0adc244c4d9034023f99b609,Peter Eisentraut,2023-03-29 08:25:12+02:00,Simplify useless 0L constants
062a8444242404242f7c2b814fed37b329639408,Amit Kapila,2023-03-29 10:46:58+05:30,Avoid syncing data twice for the 'publish_via_partition_root' option.
de5a47af2d8003dee123815bb7e58913be9a03f3,Amit Kapila,2023-03-29 09:58:14+05:30,Add XML ID attributes to create_subscription.sgml.
00d9dcf5bebbb355152a60f0e2120cdf7f9e7ddd,Tomas Vondra,2023-03-29 02:34:48+02:00,pg_dump: Fix gzip compression of empty data
1671f990dd669c0b72e45c7bef0fd579a10676ed,Jeff Davis,2023-03-28 16:34:29-07:00,Validate ICU locales.
b7cea58822c67724effc711ae28e4077a01a7cd6,Robert Haas,2023-03-28 16:16:53-04:00,"amcheck: In verify_heapam, allows tuples with xmin 0."
bade01cb4dd88f63bd9024cfdaec3d5001a805f3,Peter Geoghegan,2023-03-28 10:53:48-07:00,Fix recent pg_walinspect fpi_length bug.
326a33a289c7ba2dbf45f17e610b7be98dc11f67,Tom Lane,2023-03-28 11:39:24-04:00,Fix corner-case planner failure for MERGE.
c1f1c1f87fd685981c45da528649c700b6ba0655,Jeff Davis,2023-03-28 08:24:43-07:00,initdb: emit message when using default ICU locale.
f8ca22295e994338259174e5c66b6b23e5d9b55f,Jeff Davis,2023-03-28 08:24:21-07:00,initdb: replace check_icu_locale() with default_icu_locale().
8b3eb0c584beabfc0deaad01aed66cbddb978dcd,Jeff Davis,2023-03-28 08:24:18-07:00,Fix error inconsistency in older ICU versions.
90189eefc1e11822794e3386d9bafafd3ba3a6e8,Peter Eisentraut,2023-03-28 10:05:56+02:00,Save a few bytes in pg_attribute
637dce2254245321283ade9db1b7cc8d1f8cf308,Peter Geoghegan,2023-03-27 16:14:32-07:00,pg_walinspect: Adjust memory context name.
4efd0bf7eaebb3e3f5a3a6edd0865f6973e709a6,Michael Paquier,2023-03-28 07:35:33+09:00,Generate a few more functions of pgstatfuncs.c with macros
a3c9d35ae168864bf7999b06e27dabe65a0915e9,Tom Lane,2023-03-27 15:04:15-04:00,Reject attempts to alter composite types used in indexes.
c87aff065c33e1a3c9bf0350f9160e84bfce1c36,Robert Haas,2023-03-27 13:37:16-04:00,amcheck: Generalize one of the recently-added update chain checks.
80d5e3a615518e9eee8ba4afa5cf05ebe486dbf6,Robert Haas,2023-03-27 13:36:11-04:00,amcheck: Tighten up validation of redirect line pointers.
5a91c79755034fecb546cbee76c14b89c514177c,Daniel Gustafsson,2023-03-27 14:16:45+02:00,doc: fix Apple Silicon Homebrew prefix change documentation
4c8d654084700f801f48827bb3531a6779b8b90e,Daniel Gustafsson,2023-03-27 11:56:19+02:00,doc: Fix XML_CATALOG_FILES env var for Apple M1 machines
b577743000cd0974052af3a71770a23760423102,Daniel Gustafsson,2023-03-27 09:46:29+02:00,Make SCRAM iteration count configurable
c15631f0f596b2e6c4b03f24c03289d06d008783,Peter Eisentraut,2023-03-27 09:11:08+02:00,meson: Fix support for empty darwin sysroot
0276ae42ddea02682f514aaea449f183229ddbbc,Michael Paquier,2023-03-27 13:15:04+09:00,Improve a few things in pg_walinspect
850f4b4c8cab03a084ccc89245df061639ad1769,Michael Paquier,2023-03-27 09:57:41+09:00,Generate pg_stat_get_xact*() functions for relations using macros
6eefe2ce463f55bb3b8da7d561ad2f75053189e0,Tom Lane,2023-03-26 14:48:04-04:00,Doc: clarify introduction to database roles.
554841699f0ee5b56ef5eaf35402934f1e025eda,Tom Lane,2023-03-26 13:41:06-04:00,Fix oversights in array manipulation.
d435f15fff3cf3cf5d6cfcfd63e21acc0f737829,Daniel Gustafsson,2023-03-25 22:49:33+01:00,Add SysCacheGetAttrNotNull for guaranteed not-null attrs
e33967b13bbc6e4e1c1b5e9ecd1c45148cffcc53,Noah Misch,2023-03-25 13:00:27-07:00,Comment on expectations for AutoVacuumWorkItem handlers.
27f5c712b2c57d1c676fbf110705ac881057b57e,Tom Lane,2023-03-25 15:34:03-04:00,Fix CREATE INDEX progress reporting for multi-level partitioning.
81a6d57e33515958203938cb686bf0c255255cff,Jeff Davis,2023-03-25 11:08:32-07:00,Fix abbreviated keys bug introduced in d87d548cd03.
f34a89353156ada8c75963b8089df11a493512cd,Tom Lane,2023-03-25 13:22:59-04:00,"Doc: fix another ""contents...exceed the available area"" PDF warning."
7023207cfdb6d5863bdcc9c29bff9918846dddc6,Tom Lane,2023-03-24 19:31:21-04:00,Doc: fix examples for pg_input_error_info().
642d8779768ecddc2917747940885d11f844f6e9,Andres Freund,2023-03-24 14:18:40-07:00,docs: Explain how to silence overly verbose messages by fop
3c05284d83b230728e59a25e828992037ef77096,Tom Lane,2023-03-24 17:07:22-04:00,Invent GENERIC_PLAN option for EXPLAIN.
5b140dc8f094e8a11fccab6bdee50d4c599e7444,Andres Freund,2023-03-24 09:39:35-07:00,meson: Fix oversight in install-quiet
a03b3b6b4a7275a66e38280f49fddb9aec8dff3d,Jeff Davis,2023-03-24 08:48:03-07:00,Avoid potential UCollator leak for older ICU versions.
9a242899158c776377696d445df74db270150385,Jeff Davis,2023-03-24 08:47:42-07:00,pg_locale.c: change ereport() to elog().
e88754a1965c0f40a723e6e46d670cacda9e19bd,Robert Haas,2023-03-24 10:56:10-04:00,amcheck: Fix verify_heapam for tuples where xmin or xmax is 0.
a04761ac77354930aebe7613b40bbdd749af5002,Daniel Gustafsson,2023-03-24 09:03:31+01:00,Fix typo in header comment
a9bc04b21182cb6030e248a4055dc793e901ef6d,Peter Eisentraut,2023-03-24 07:21:40+01:00,Fix incorrect format placeholders
069ef254f145889d15c6ce4be526ce9e05284dc6,Andres Freund,2023-03-23 23:14:31-07:00,meson: docs: add texinfo target
36f40ce2dc66f1a36d6a12f7a0352e1c5bf1063e,Michael Paquier,2023-03-24 13:34:26+09:00,libpq: Add sslcertmode option to control client certificates
e522049f23998e64fd0b88cd66de8e8f42100bf1,Andres Freund,2023-03-23 21:20:18-07:00,"meson: add install-{quiet, world} targets"
f13eb16485fec7958a59f263827b2333dea93e59,Andres Freund,2023-03-23 21:20:18-07:00,"meson: add install-{docs,doc-html,doc-man} targets"
614c5f5f52d53d0b3ed3a829ebf7f5ebd53e7a5a,Andres Freund,2023-03-23 21:20:18-07:00,"meson: make install_test_files more generic, rename to install_files"
0f0a7183d7d8632a2bbcdad796580b4cc541c639,Etsuro Fujita,2023-03-24 12:55:00+09:00,"Doc: Improve description of the ""batch_size"" option for postgres_fdw."
bcaa1fafc82f2fd124e0ed39e7c94a7918548224,Michael Paquier,2023-03-24 10:14:33+09:00,Rewrite error message related to sslmode in libpq
8089517ab8b547daab78f404f99eb48fba91ee9d,Michael Paquier,2023-03-24 08:46:29+09:00,Rename fields in pgstat structures for functions and relations
11a0a8b529caeab101206ec4a33af95bb4445746,Tom Lane,2023-03-23 18:17:49-04:00,Implement find_my_exec()'s path normalization using realpath(3).
eb2618a03c53695532eaad680522c60dca0d4061,Daniel Gustafsson,2023-03-23 21:35:26+01:00,doc: fix another case of missing productname markup
ae4fdde1352fa6b2c9123e91435efafc78c370a0,Peter Geoghegan,2023-03-23 11:16:17-07:00,Count updates that move row to a new page.
3b50275b12950280fb07193e24a4f400ed8a9fef,Jeff Davis,2023-03-23 10:08:27-07:00,"Handle the ""und"" locale in ICU versions 54 and older."
949e2e7c4f680ef86e93500ba4bee563ae4ce78e,Robert Haas,2023-03-23 13:03:03-04:00,amcheck: Fix a few bugs in new update chain validation.
dccef0f2f8f352de3f601f48b94093995ad839ef,Tom Lane,2023-03-23 13:01:44-04:00,"Add missing ""-I."" flag when building pg_bsd_indent."
d0160ca11e31878f94dd491fcde3a22843e32665,Tomas Vondra,2023-03-23 17:55:52+01:00,Minor comment improvements for compress_lz4
f081a48f9a91a245054e94926e2092bd7e85edff,Tomas Vondra,2023-03-23 17:55:52+01:00,Unify buffer sizes in pg_dump compression API
d3b57755e60c2d3cfeddbc733c6168419d874414,Tomas Vondra,2023-03-23 17:55:17+01:00,Improve type handling in pg_dump's compress file API
a326aac8f1719c37529ae090f66bac9e62c32346,Jeff Davis,2023-03-23 09:15:25-07:00,Wrap ICU ucol_open().
adedf54e659ea37316a21c8d5a7aa8f711213d1c,Amit Kapila,2023-03-23 11:58:36+05:30,Ignore generated columns during apply of update/delete.
ecb696527c01908d54b7a7aa2bd9179585b46459,Amit Kapila,2023-03-23 08:45:51+05:30,Allow logical replication to copy tables in binary format.
4f1882b960596c35d62c78fb44e14913eff49a85,Michael Paquier,2023-03-23 11:50:35+09:00,Improve a bit the tests of pg_walinspect
8fba928fd78856712f69d96852f8061e77390fda,Thomas Munro,2023-03-23 13:14:25+13:00,Improve the naming of Parallel Hash Join phases.
11470f544e3729c60fab890145b2e839cbc8905e,Alexander Korotkov,2023-03-23 00:26:59+03:00,Allow locking updated tuples in tuple_update() and tuple_delete()
764da7710bf68eebb2c0facb2f871bc3c7a705b6,Alexander Korotkov,2023-03-23 00:26:59+03:00,Evade extra table_tuple_fetch_row_version() in ExecUpdate()/ExecDelete()
c75a623304bc361b4456f916d455ea175ffd8055,Tom Lane,2023-03-22 17:14:21-04:00,Fix new test case to work on (some?) big-endian architectures.
b48af6d174bb39bd688d52795aef2b9c10dd6e8c,Tom Lane,2023-03-22 16:37:41-04:00,Fix initdb's handling of min_wal_size and max_wal_size.
4fe2aa7656dce2bd31d4807a6843ff495b9deb80,Tom Lane,2023-03-22 14:28:45-04:00,Reduce memory leakage in initdb.
3e51b278db6a4e2f50f3f6b9edc9667af1f934fd,Tom Lane,2023-03-22 13:49:05-04:00,"Add ""-c name=value"" switch to initdb."
5df319f3d55d09fadb4f7e4b58c5b476a3aeceb4,Andres Freund,2023-03-22 09:20:34-07:00,Fix memory leak and inefficiency in CREATE DATABASE ... STRATEGY WAL_LOG
bbc1376b39627c6bddd8a0dc0a7dda24c91a97a0,Robert Haas,2023-03-22 08:48:54-04:00,Teach verify_heapam() to validate update chains within a page.
d69c404c4cc5985d8ae5b5ed38bed3400b317f82,Michael Paquier,2023-03-22 18:31:52+09:00,doc: Add description of some missing monitoring functions
88199b9d5fda605360ac903dd9d3de0ca36f0b8c,Michael Paquier,2023-03-22 08:44:59+09:00,Fix a couple of typos
869650fa86adf74fca7f566c9317f6310f8b400c,Jeff Davis,2023-03-21 16:12:37-07:00,Support language tags in older ICU versions (53 and earlier).
e8e1f96c497bda50ec02ed7360a6ed56c5f70f60,Michael Paquier,2023-03-22 07:51:16+09:00,Fix make maintainer-clean with queryjumblefuncs.*.c files in src/backend/nodes/
b94c671648a6b2141f3309386023afd47f0bd886,David Rowley,2023-03-22 08:58:13+13:00,Fix incorrect comment in preptlist.c
f48b4f892f76ee2b34968013c8ea67b1dfd4fa26,David Rowley,2023-03-22 08:44:54+13:00,Correct Memoize's estimated cache hit ratio calculation
b0d8f2d983cb25d1035fae1cd7de214dd67809b4,Tom Lane,2023-03-21 13:03:56-04:00,Add SHELL_ERROR and SHELL_EXIT_CODE magic variables to psql.
0f85db92b9ea167d3b9e90f3fb5fb3b9a93babc2,Daniel Gustafsson,2023-03-21 17:23:20+01:00,docs: use consistent markup for PostgreSQL
106f26a849bbb760a270e9a3c586aeb73899e26a,Daniel Gustafsson,2023-03-21 12:57:21+01:00,Avoid using atooid for numerical comparisons which arent Oids
4c8044c04455fe87dadefa4f7c69bfe6cdbe3cc5,Peter Eisentraut,2023-03-21 08:05:23+01:00,pg_waldump: Allow hexadecimal values for -t/--timeline option
b797def5951fcd8eed2124b7316cc9027d6228cc,Amit Kapila,2023-03-21 09:47:21+05:30,Ignore dropped columns during apply of update/delete.
8d578b9b2e37a4d9d6f422ced5126acec62365a7,Thomas Munro,2023-03-21 14:29:34+13:00,"Fix race in parallel hash join batch cleanup, take II."
ef719e7b32fc2ec9f78c2d9de099f7d75b61cd1b,Andres Freund,2023-03-20 18:16:06-07:00,Stabilize pg_stat_io writes test
7730ceb43fe5ecaa2b3cb26eb0ed8ad2e18c2d46,Andres Freund,2023-03-20 17:23:57-07:00,meson: rename html_help target to htmlhelp
72a5b1fc880481914da2d4233077438dd87840ca,Tom Lane,2023-03-20 18:37:11-04:00,Add @extschema:name@ and no_relocate options to extensions.
30e9f2608adf2f61fc2e1be13ef8bc88c250f303,Alvaro Herrera,2023-03-20 14:01:09+01:00,doc/PDF: Add page breaks for <sect1> in contrib appendix
19d8e2308bc51ec4ab993ce90077342c915dd116,Tomas Vondra,2023-03-20 11:02:42+01:00,Ignore BRIN indexes when checking for HOT updates
e8583126833a53f4eebe28a8de45d128f01ff664,Tomas Vondra,2023-03-20 10:24:14+01:00,Fix netmask handling in inet_minmax_multi_ops
0b51d423e974557e821d890c0a3a49e419a19caa,Peter Eisentraut,2023-03-20 08:48:46+01:00,doc: Additional information about timeline ID hexadecimal format
785f7095767e148995d276fe52f6b1e1af76e726,David Rowley,2023-03-20 16:26:04+13:00,Have the planner account for the Memoize cache key memory
579ee5df14dfcf5213e502bb096121d2249167c2,David Rowley,2023-03-20 13:28:47+13:00,Fix memory leak in Memoize cache key evaluation
e060cd59fabda2a0b2a7e119a58887791d030942,Tom Lane,2023-03-19 15:36:16-04:00,Avoid copying undefined data in _readA_Const().
4f46f870fa56fa73d6678273f1bd059fdd93d5e6,Tom Lane,2023-03-18 16:11:22-04:00,Doc: fix documentation example for bytea hex output format.
75bd846b68b09f33a57d9de96064ded4d392ca05,Tom Lane,2023-03-18 14:12:16-04:00,Add functions to do timestamptz arithmetic in a non-default timezone.
0e681cf0390ddd720424cd134a2c42dffc2934fd,Michael Paquier,2023-03-18 18:04:04+09:00,Add files related to query jumbling in src/include/nodes/ for meson
3e59e5048d0f20debe4ad79b2e02ca2a76c5daed,Tom Lane,2023-03-17 17:47:19-04:00,Refactor datetime functions' timezone lookup code to reduce duplication.
cc1392d4aa5206d6b4dcc1b036f7a001bcac4197,Peter Eisentraut,2023-03-17 21:40:25+01:00,Fix typo
f413941f41d370a7893caa3e6ed384b89a0577fd,Jeff Davis,2023-03-17 12:08:46-07:00,"Fix t_isspace(), etc., when datlocprovider=i and datctype=C."
064709f803c05559d2849a62fdb855fbb91ffeb8,Tom Lane,2023-03-17 13:43:10-04:00,Simplify and speed up pg_dump's creation of parent-table links.
bc8cd50fefd369b217f80078585c486505aafb62,Tom Lane,2023-03-17 13:31:40-04:00,Fix pg_dump for hash partitioning on enum columns.
de4d456b406bf502341ef526710d3f764b41e2c8,Peter Eisentraut,2023-03-17 10:33:09+01:00,Improve several permission-related error messages.
39a3bdc9eba50628cecb7e3cada95271180c8744,Etsuro Fujita,2023-03-17 18:15:00+09:00,postgres_fdw: Remove useless if-test in GetConnection().
bfc9497ece01c7c45437bc36387cb1ebe346f4d2,Thomas Munro,2023-03-17 20:40:34+13:00,"libpq: Use modern socket flags, if available."
95a828378ed243a1b37cab6bda99746bfc0af509,Peter Eisentraut,2023-03-17 07:48:24+01:00,Fix incorrect format placeholders
64470973b12ae0fa45f7c364579305279bb58b93,Andres Freund,2023-03-16 23:07:29-07:00,"tests: Prevent syslog activity by slapd, take 2"
e709596b25bd184d6566dfff240e3f672a548afe,Amit Kapila,2023-03-17 08:29:41+05:30,Add macros for ReorderBufferTXN toptxn.
eb7d043c9bbadb75a87385113c578f1b30e9d195,David Rowley,2023-03-17 15:49:53+13:00,Fix incorrect logic for determining safe WindowAgg run conditions
b9f8d1cbad7cdc4d0d29c5cdbb14e179a7111439,Andres Freund,2023-03-16 19:38:02-07:00,tests: Minimize syslog activity by slapd
98ae2c84a49e45c0434c7e1a55bb2fc71582f561,Michael Paquier,2023-03-17 10:52:26+09:00,libpq: Remove code for SCM credential authentication
10b6745d313c6e8f3523306d3d415c57c9039c5d,Thomas Munro,2023-03-17 14:44:12+13:00,"Small tidyup for commit d41a178b, part II."
9bfd2822b3201f6b0de1e87305b11ee3885b36d9,Tom Lane,2023-03-16 18:13:45-04:00,Enable use of Memoize atop an Append that came from UNION ALL.
0dc40196f27531ab30bbbc516df9894edc276d6e,Andres Freund,2023-03-16 14:48:45-07:00,Work around spurious compiler warning in inet operators
6a9229da65c9553a1268764d46fb28043b83bfd6,Thomas Munro,2023-03-17 10:44:46+13:00,Small tidyup for commit d41a178b.
f170b572d2b4cc232c5b6d391b4ecf3e368594b7,Tom Lane,2023-03-16 16:50:56-04:00,Doc: mention CREATE+ATTACH PARTITION with CREATE TABLE...PARTITION OF.
5b3c5953553bb9fb0b171abc6041e7c7e9ca5b4d,Tom Lane,2023-03-16 14:18:33-04:00,"Tighten error checks in datetime input, and remove bogus ""ISO"" format."
2b7259f855723f36d2ce81ad892583248dc1576f,Andres Freund,2023-03-16 09:41:13-07:00,Silence pedantic compiler warning introduced in ce340e530d1
2333803d84ddabedc5ec5940a180245b4d4dfcca,Tom Lane,2023-03-16 12:04:08-04:00,"Use ""data directory"" not ""current directory"" in error messages."
442f8700656bb5ce525d352241a17bbab14193c7,Peter Eisentraut,2023-03-16 15:43:33+01:00,Integrate superuser check into has_rolreplication()
3b7cd8c690f294185c1ba074fb7efdf687829361,Peter Eisentraut,2023-03-16 15:33:43+01:00,Small code simplification
4ef1be5a0b676a9f030cc2e4837f4b5650ecb069,Peter Eisentraut,2023-03-16 07:37:38+01:00,pkg-config Requires.private entries should be comma-separated
e731aeac8928592435f73465a03fae83a2db0ee2,Michael Paquier,2023-03-16 14:22:34+09:00,Remove PgStat_BackendFunctionEntry
e643a315fc58deae20877e2e69358c95087fa09a,Michael Paquier,2023-03-16 13:24:12+09:00,Tweak regression test of pg_walinspect to be less collation-sensitive
c9a272daaa43a29cbfca44f4823cab65cb9725bd,Michael Paquier,2023-03-16 09:36:01+09:00,Add .gitignore to ldap_password_func
6f9ee74d45aa7c1836b6c12b6e2a958327c16ab5,Michael Paquier,2023-03-16 09:32:36+09:00,Improve handling of psql \watch's interval argument
dccb4d1c039194a57bfb9b39f0412a2b7f7c5104,Andrew Dunstan,2023-03-15 18:30:22-04:00,MSVC: Don't build ldap_password_func if not building with ldap
b85e91023bf3fd5b4dbd35dc3eddbf0dc291c8ad,Andrew Dunstan,2023-03-15 17:20:42-04:00,Don't try to read default for a non-existent attribute
483bdb2afec9e33ff05fd48a00e2656e30e714b7,Tom Lane,2023-03-15 16:59:09-04:00,Support [NO] INDENT option in XMLSERIALIZE().
419a8dd8142afef790dafd91ba39afac2ca48aaf,Andrew Dunstan,2023-03-15 16:37:28-04:00,Add a hook for modifying the ldapbind password
e3ac85014eb280ee2e82b36dc3be1b62c838b3e4,Tom Lane,2023-03-15 11:59:18-04:00,Support PlaceHolderVars in MERGE actions.
a0137388cb642bcc1ba10fb906b88658653c589d,Alvaro Herrera,2023-03-15 09:32:44+01:00,doc: Add lists of modules trusted/obsolete
a948e49e2ef11815be0b211723bfc5b53b7f75a8,Thomas Munro,2023-03-15 17:57:12+13:00,Use nanosleep() to implement pg_usleep().
e4da2a44c17a36904d4d083f9a96e90041d28f76,Thomas Munro,2023-03-15 17:23:02+13:00,Update obsolete comment about pg_usleep() accuracy.
805b821e77a3a7d8d7827711e82e87c7bf61c681,Amit Kapila,2023-03-15 09:31:44+05:30,Add the testcases for 89e46da5e5.
765f5df726918bcdcfd16bcc5418e48663d1dd59,Michael Paquier,2023-03-15 12:55:51+09:00,Improve WIN32 port of fstat() to detect more file types
89e46da5e511a6970e26a020f265c9fb4b72b1d2,Amit Kapila,2023-03-15 08:49:04+05:30,Allow the use of indexes other than PK and REPLICA IDENTITY on the subscriber.
720de00af49d3d46cb5c9b4753b52215f5029ac9,Thomas Munro,2023-03-15 13:58:18+13:00,Fix fractional vacuum_cost_delay.
d41a178b3a7ac0c2ca16f70129899ddabc2ce468,Thomas Munro,2023-03-15 13:24:47+13:00,Fix waitpid() emulation on Windows.
b081fe4199b69dc561f7d31c6a82b3ad996f657f,Tom Lane,2023-03-14 19:17:31-04:00,Fix corner case bug in numeric to_char() some more.
a563c24c9574b74f4883c004c89275bba03c3c26,Tom Lane,2023-03-14 16:09:03-04:00,Allow pg_dump to include/exclude child tables automatically.
684ffac8c7d2647d919495727d469c73129202ea,Tom Lane,2023-03-14 11:10:45-04:00,Remove unnecessary code in dependency_is_compatible_expression().
bdc8d803e8e0eb987b65da1a5528ac570a07bfe1,Daniel Gustafsson,2023-03-14 14:41:55+01:00,doc: spell out full productname
5c1b6628075a30b4eed6eb5835c2d2734254fa86,Michael Paquier,2023-03-14 20:13:02+09:00,Rework design of functions in pg_walinspect
d5d574146d71c362852748c82ba8b9c873f5bf24,Dean Rasheed,2023-03-14 09:17:36+00:00,Add support for the error functions erf() and erfc().
3a465cc6783f586096d9f885c3fc544d82eb8f19,Michael Paquier,2023-03-14 14:00:05+09:00,libpq: Add support for require_auth to control authorized auth methods
727400994d5a27f2859361f82d0ec9ac2b23385c,Andres Freund,2023-03-13 14:44:43-07:00,meson: fix openssl detection issues in 6a30027
25a7812cd0867043ec0a045c41e6bd3981d69bc4,Tom Lane,2023-03-13 15:19:00-04:00,Fix JSON error reporting for many cases of erroneous string values.
30dbdbe75384bcb034172c781b24bc982434a967,Tom Lane,2023-03-13 12:40:28-04:00,Fix failure to detect some cases of improperly-nested aggregates.
9f8377f7a27910bf0f35bf5169a8046731948a79,Andrew Dunstan,2023-03-13 10:01:56-04:00,Add a DEFAULT option to COPY  FROM
7b14e20b12cc8358cad9bdd05dd6b7de7f73c431,Dean Rasheed,2023-03-13 11:12:20+00:00,Fix MERGE command tag for actions blocked by BEFORE ROW triggers.
9321c79c86e6a6a4eac22e2235a21a8b68388723,Dean Rasheed,2023-03-13 10:22:22+00:00,Fix concurrent update issues with MERGE.
b2bd9a6796d60bae7bfc3d780b6727f76fca1a7d,Peter Eisentraut,2023-03-13 11:15:21+01:00,Fix expected test output
208bf364a9cc80cc586d060726d076ba7d0c8dec,Peter Eisentraut,2023-03-13 10:53:28+01:00,Remove incidental md5() function uses from main regression tests
d72900bdedc60fe20bc50d5d0e7dcb4bc0eb304e,Peter Eisentraut,2023-03-13 09:08:58+01:00,Improve support for UNICODE collation on older ICU
e0a09d4e354c9636c2b775c6f02e749236c78acf,Michael Paquier,2023-03-13 16:36:20+09:00,Fix inconsistent error handling for GSS encryption in PQconnectPoll()
bf32ec225635cbdf15b11cbdc8553e3355cc52ba,Peter Eisentraut,2023-03-13 07:23:45+01:00,cirrus/ccache: Use G rather than GB suffix
6a3002715eca4ae68e4d76606a6b3fd56d633741,Peter Eisentraut,2023-03-13 07:04:11+01:00,meson: Make auto the default of the ssl option
1f282c24e464d8b2647b86bf465e04cc540404f6,Michael Paquier,2023-03-13 13:03:29+09:00,Refactor and improve tests of pg_walinspect
767c598954bbf72e0535f667e2e0667765604b2a,Tom Lane,2023-03-12 14:20:34-04:00,Work around implementation restriction in adjust_appendrel_attrs.
872e3d150e9aad110cfbd80c38b15e2219eacf45,Andrew Dunstan,2023-03-12 09:00:32-04:00,Mark unsafe_tests module as not runnable with installcheck
a4f23f9b3cddb86137a3b1683dcbe49d8b41ea7b,Andres Freund,2023-03-11 15:41:47-08:00,pg_amcheck: Minor test speedups
4f5d461e048b9c56fe2fa8c7faf7010eed05ba82,Andres Freund,2023-03-11 14:12:52-08:00,amcheck: Fix FullTransactionIdFromXidAndCtx() for xids before epoch 0
16327240da29b70e41a65d49212b31da9a94e177,Andres Freund,2023-03-11 14:12:51-08:00,amcheck: Fix ordering bug in update_cached_xid_range()
4e633016abe9b82053aafb2fe9d3317add73f74d,Andres Freund,2023-03-11 13:24:40-08:00,meson: fix header path of ossp-uuid
1925ac281a238fab50e208548f98daffdaaa0896,Tom Lane,2023-03-11 12:15:41-05:00,Fix misbehavior in contrib/pg_trgm with an unsatisfiable regex.
d66bb048c3130c7b7a4876fc9050291f9e4cad2b,Tom Lane,2023-03-10 13:52:44-05:00,Ensure COPY TO on an RLS-enabled table copies no more than it should.
c45dc7ffbba2cb0bf180a0b9edadc22769143e7a,Jeff Davis,2023-03-10 10:51:24-08:00,initdb: derive encoding from locale for ICU; similar to libc.
3e623ebc7a22444ad3d15b36ffa3273c47283e18,Peter Eisentraut,2023-03-10 14:27:55+01:00,Fix tests for non-ICU build
0d21d4b9bc1f9da9dda29e5c4db0c6dd45408aaa,Peter Eisentraut,2023-03-10 13:35:43+01:00,Add standard collation UNICODE
6ad5793a491a2e70e5610988a13f31f43c8946ad,Michael Paquier,2023-03-10 20:08:10+09:00,Include headers of archive/ in installation
012ee842590d7bb56f250c15e00a8611ba0ae1da,Peter Eisentraut,2023-03-10 11:18:08+01:00,Add a test for UCS_BASIC collation
cd427859745af4574d75e37ec7d427ccd2b8b24a,Peter Eisentraut,2023-03-10 09:25:03+01:00,doc: Better example for custom ICU rules
470103697a17c4df516f9779fd3ff7f7c32d3cc5,Peter Eisentraut,2023-03-10 07:10:43+01:00,Fix incorrect format placeholders
9ecb134a93f0a82540b0e0bed67b30d0c9eb836a,Michael Paquier,2023-03-10 10:09:07+09:00,pg_walinspect: pg_get_wal_fpi_info() -> pg_get_wal_block_info()
8da2ec31eee432d6e51c50c3d73f88e81dede193,Jeff Davis,2023-03-09 15:34:41-08:00,Fix test failure caused in 27b62377b4.
bcc704b52490492e6bd73c4444056b3e9644504d,Tom Lane,2023-03-09 16:49:03-05:00,"Reject combining ""epoch"" and ""infinity"" with other datetime fields."
27b62377b47f9e7bf58613608bc718c86ea91e91,Jeff Davis,2023-03-09 10:52:41-08:00,Use ICU by default at initdb time.
a7e584a7d68a9a2bcc7efaf442262771f9044248,Alvaro Herrera,2023-03-09 19:47:19+01:00,HTML docs: Add padding to table.simplelist for more readable output
206b44bb24b3785bf6360361b757c1dae77ab0bb,Jeff Davis,2023-03-09 10:26:47-08:00,Fix 9637badd9f.
9637badd9f9209166140eb567602e91699dd2ffb,Jeff Davis,2023-03-09 08:28:05-08:00,pg_upgrade: copy locale and encoding information to new cluster.
8dff2f224f4f49ddd4f45f590e7f46b160a4951b,Stephen Frost,2023-03-09 10:32:49-05:00,"For Kerberos testing, disable reverse DNS lookup"
590a075789b541d5c1a190031fdcf061355bcfbc,Alvaro Herrera,2023-03-09 12:02:18+01:00,Avoid criticizable perl code
d00a4ad1d56bbdbc032257803c0a97a583aec211,Michael Paquier,2023-03-09 19:26:03+09:00,Add b6dfee28 to .git-blame-ignore-revs
36ea345f8fa616fd9b40576310e54145aa70c1a1,Peter Eisentraut,2023-03-09 09:59:46+01:00,Improve/correct comments
544b452a5a598dd14d7a38d15a778932e58d18b0,Peter Eisentraut,2023-03-09 08:09:40+01:00,Disallow specifying ICU rules unless locale provider is ICU
b6dfee28f2b44e28b123b77a91fb05c47da63501,Michael Paquier,2023-03-09 15:09:45+09:00,"Run pgindent on libpq's fe-auth.c, fe-auth-scram.c and fe-connect.c"
65e388d4182ae4eba5afe880471453d33a4097d8,Thomas Munro,2023-03-09 16:33:24+13:00,Fix race in SERIALIZABLE READ ONLY.
8bf826528ae9ff7a543a49c0dce665fa9ec542cb,Andres Freund,2023-03-08 17:04:15-08:00,"meson: tests: Adjust with_icu/ZSTD env vars for pg_dump, pg_basebackup"
f1c3963292e4efc7ea65be08a7a26f78bc91e257,Michael Paquier,2023-03-09 09:21:47+09:00,doc: Add guidelines to generate coverage reports with meson
0d237aeebaee17943af14159b83a202a3744dbb4,Andres Freund,2023-03-08 11:12:10-08:00,meson: Add target for installing test files & improve install_test_files
87e4f24d82939ef532b68f37fc66e6a48cff2cd9,Alvaro Herrera,2023-03-08 18:31:55+01:00,001_libpq_pipeline.pl: use Test::Differences if available
30a53b792959b36f07200dae246067b3adbcc0b9,Peter Eisentraut,2023-03-08 16:56:37+01:00,Allow tailoring of ICU locales with custom rules
b1534ed99dc35878e1f9300759e4f10893a32d45,Peter Eisentraut,2023-03-08 15:56:32+01:00,Clean up comments
2a71ad64cb27a86afa2a86bde70df3522aee7bae,Peter Eisentraut,2023-03-08 15:05:43+01:00,Break up long GETTEXT_FILES lists
822e8e295166f000e337a9b105692521e1fdc762,Peter Eisentraut,2023-03-08 14:22:06+01:00,Update comment
daa8365a900729fe2a8d427fbeff19e763e35723,Michael Paquier,2023-03-08 15:00:50+09:00,Reflect normalization of query strings for utilities in pg_stat_statements
be504a3e974d75be6f95c8f9b7367126034f2d12,Andres Freund,2023-03-07 21:52:32-08:00,Fix corruption due to vacuum_defer_cleanup_age underflowing 64bit xids
a4e003338d1832981354f5f89d9d5858439fd669,Michael Paquier,2023-03-08 14:38:35+09:00,Refine query jumbling handling for CallStmt
401874ab020b44d8000ac90debef43a146b96d5a,Andres Freund,2023-03-07 18:44:42-08:00,"meson: don't require 'touch' binary, make use of 'cp' optional"
d69cd3a2e29c68a3fdfd4e97167f9a7c6ad29e80,Michael Paquier,2023-03-08 11:41:52+09:00,Ignore IntoClause.viewQuery in query jumbling
ee56048b0ecfee67a76ba8502b91cb5d91b6b03d,Michael Paquier,2023-03-08 09:16:44+09:00,Improve readability of code PROCESS_MAIN in vacuum_rel()
99be6feec9717058b9ac9d80f3584e0a9a6e8580,Tom Lane,2023-03-07 18:21:53-05:00,Fix more bugs caused by adding columns to the end of a view.
ce1215d9b05b524339e31b7bba1f481af8b16fc8,Peter Eisentraut,2023-03-07 20:31:16+01:00,"Add support for unit ""B"" to pg_size_bytes()"
af4d5715fc73c2ae2a22226e6f46958201464955,Peter Eisentraut,2023-03-07 19:56:37+01:00,doc: Update pg_size_pretty documentation about petabytes support
1be0fdb9de559ce8daf6d5603f0329cbd056111a,Andres Freund,2023-03-07 10:08:38-08:00,Fix flakey pg_stat_io test
e20b1ea1575cb523821d51e9934d8d6dab835335,Michael Paquier,2023-03-07 14:18:20+09:00,Make get_extension_schema() available
cf96907aadca454c4094819c2ecddee07eafe203,David Rowley,2023-03-07 14:33:28+13:00,Fix incorrect comment in pg_get_partkeydef()
9a714b9d6ec0a562bc9242ec17122321cd174588,Michael Paquier,2023-03-07 08:58:13+09:00,Improve cleanup phases in regression tests of pg_stat_statements
7fee7871b4302e916577df130344060d0f9b8004,Tom Lane,2023-03-06 18:31:27-05:00,Fix some more cases of missed GENERATED-column updates.
d937904cce6a3d82e4f9c2127de7b59105a134b3,Michael Paquier,2023-03-07 07:42:36+09:00,Silence -Wmissing-braces complaints in file_utils.c
b803b7d132e3505ab77c29acf91f3d1caa298f95,Tom Lane,2023-03-06 13:10:57-05:00,Fill EState.es_rteperminfos more systematically.
e76cbb6cd64d9c9cdf76a56318ba5249bf694b69,Robert Haas,2023-03-06 10:35:15-05:00,Reword overly-optimistic comment about backup checksum verification.
f3948b5c9152e4beb33c0a4ff4ee193d264a5535,Robert Haas,2023-03-06 10:27:06-05:00,Remove an old comment that doesn't seem especially useful.
33352b9279f5e109aae74d61531d33d8fb12253e,Robert Haas,2023-03-06 10:15:32-05:00,"In basebackup.c, perform end-of-file test after checksum validation."
d3406d80360776bbcafa05d8b966806012f9594e,Daniel Gustafsson,2023-03-06 14:16:32+01:00,Fix handling of default option values in createuser
4211fbd8413b26e0abedbe4338aa7cda2cd469b4,Michael Paquier,2023-03-06 16:41:05+09:00,Add PROCESS_MAIN to VACUUM
46d490ac19a7ca93a5c0f47e5a0e759b5385a8ae,Michael Paquier,2023-03-06 15:40:56+09:00,Improve the regression tests of VACUUM (PROCESS_TOAST)
9effa5523601de52c94fb778b4a00a183a9aa056,Amit Kapila,2023-03-06 09:54:57+05:30,Deduplicate handling of binary and text modes in logicalrep_read_tuple().
ce340e530d1f76367379a8d230ad5f411e5f25d2,Michael Paquier,2023-03-06 13:21:33+09:00,Revise pg_pwrite_zeros()
47c0accbe05b5774a8a30e42e56e8d6026c9a858,Thomas Munro,2023-03-06 15:07:15+13:00,Fix assert failures in parallel SERIALIZABLE READ ONLY.
102a5c164a91d717632f3a24f1289a5fa4861973,Peter Eisentraut,2023-03-05 15:19:58+01:00,SQL JSON path enhanced numeric literals
6949b921d545809a83f8a6bad4948f9012a76fb6,Tom Lane,2023-03-04 13:32:35-05:00,Avoid failure when altering state of partitioned foreign-key triggers.
f62975b2af6ace276a1d564a070b0aef479025af,Tom Lane,2023-03-04 12:11:50-05:00,Tighten header pre-inclusions in headerscheck and cpluspluscheck.
ebd551f586a801dee426e49ba72fb213e8013890,Robert Haas,2023-03-03 12:52:04-05:00,Update some incorrect comments about xlog records.
b6a0d469cae4410a05b5e109748278065a931b68,Peter Eisentraut,2023-03-03 07:45:52+01:00,meson: Prevent installation of test files during main install
b1307b8b60111be8ddd8d6127701883c047bed15,Peter Eisentraut,2023-03-03 07:01:18+01:00,Fix incorrect format placeholders
d28a449854202d0a409e13e2e73f78373da1ed75,Michael Paquier,2023-03-03 10:41:51+09:00,Force testing of query jumbling in 027_stream_regress.pl
d0028e35a05ac71aebf28325c8ddb59a27cb63c0,Michael Paquier,2023-03-03 08:46:11+09:00,Refactor more the regression tests of pg_stat_statements
98a88bc2bcd60e41ca70e2f1e13eee827e23eefb,Tom Lane,2023-03-02 17:47:20-05:00,Harden new test case against force_parallel_mode = regress.
3dfae91f7a1293e0a57526edcfca8690c176c681,Tom Lane,2023-03-02 17:15:13-05:00,"Show ""internal name"" not ""source code"" in psql's \df+ command."
1da569ca1f1fd08ae728ccde0952b688feff7d9c,Thomas Munro,2023-03-03 10:43:33+13:00,Don't leak descriptors into subprograms.
6b661b01f48bb0d3129ad0e3909210a6ba0534b3,Tom Lane,2023-03-02 12:01:47-05:00,Remove local optimizations of empty Bitmapsets into null pointers.
00b41463c21615f9bf3927f207e37f9e215d32e6,Tom Lane,2023-03-02 11:47:26-05:00,Require empty Bitmapsets to be represented as NULL.
141225b2518f20ca7bd68d4458953c3404d2e364,Tom Lane,2023-03-02 11:37:37-05:00,Mop up some undue familiarity with the innards of Bitmapsets.
462bb7f12851c215dfc21a88ae0ed4bf7fcb36a3,Tom Lane,2023-03-02 11:34:29-05:00,Remove bms_first_member().
2f80c95740f88e9e3e04ee0c2063e55a497315b4,Daniel Gustafsson,2023-03-02 14:36:37+01:00,Mark options as deprecated in usage output
7ab1bc2939f32aa995bdb81eaac3bb28f908e980,Daniel Gustafsson,2023-03-02 13:49:39+01:00,Fix outdated references to guc.c
4ac30ba4f29d4b586b131404b0d514f16501272a,Peter Eisentraut,2023-03-02 07:46:12+01:00,Make some xlogreader messages more accurate
be753639d35df72c1a7b42ec114393fd962f2b01,Michael Paquier,2023-03-02 14:03:02+09:00,pageinspect: Fix crash with gist_page_items()
d7056bc1c71d2d876adb60dda8e0ba962e8279df,Tom Lane,2023-03-01 11:30:31-05:00,"Avoid fetching one past the end of translate()'s ""to"" parameter."
6095069b40d7f01d5e7771d23b18d65dc029fc0d,Tomas Vondra,2023-03-01 16:11:38+01:00,Improve wording in pg_dump compression docs
34ce11437497fbbdd44f26d6f1cc9d40f84da679,Tomas Vondra,2023-03-01 15:58:25+01:00,Fix condition in pg_dump TAP test
d2f44cc36e60b5490e56fd2aa7d3381764a38d36,Peter Eisentraut,2023-03-01 08:05:42+01:00,meson: Add equivalent of configure --disable-rpath option
6da67a0c111a29e876b7172d081c7d152d23ea3d,Michael Paquier,2023-03-01 10:47:01+09:00,doc: Mention de-normalization of deallocated entries in pg_stat_statements
6a88a058614bc921d6cab1cc50330ddee283c810,Michael Paquier,2023-03-01 10:31:55+09:00,doc: Update pg_stat_statements about query ID calculation of utilities
b1b86820d84e4ddca9396aa6b7c5a496382fe950,Tom Lane,2023-02-28 20:30:49-05:00,Suppress more compiler warnings in new pgstats code.
019f8624664dbf1e25e2bd721c7e99822812d109,Michael Paquier,2023-03-01 08:38:43+09:00,doc: Fix description of pg_get_wal_stats_till_end_of_wal() in pg_walinspect
128dd9f9eca0b633b51ffcd5b0f798fbc48ec4c0,Tom Lane,2023-02-28 18:06:45-05:00,Fix logic buglets in pg_dump's flagInhAttrs().
b5737efea00717173c0cc889ebd115966abd8c8c,Andrew Dunstan,2023-02-28 15:47:07-05:00,Remove unnecessary and problematic collate.windows.win1252 tests
71a75626d5271f2bcdbdc43b8c13065c4634fd9f,Tom Lane,2023-02-27 20:27:48-05:00,Drop test view when done with it.
737668d9e320e452b4eeec6e5cec86284de67e0f,Michael Paquier,2023-02-28 08:37:37+09:00,Fix expected output of xml_2.out
b8da37b3ada2e547983538b3e49f8079f85ce120,Michael Paquier,2023-02-28 08:04:13+09:00,"Rework pg_input_error_message(), now renamed pg_input_error_info()"
728560db7d868b3ded9a8675742083ab89bcff7c,Tom Lane,2023-02-27 17:21:31-05:00,Suppress compiler warnings in new pgstats code.
53fe7e6cb81b26218f8652f5f3fe4fece944f958,Tom Lane,2023-02-27 16:29:51-05:00,Harden postgres_fdw tests against unexpected cache flushes.
46647cc4b86aa529f50b343a6a8cdb8f187ec8da,Heikki Linnakangas,2023-02-27 09:55:39+02:00,Replace single-quotes with double-quotes in a few SGML attributes.
0a0500207a94185e73373d7056a22e41de8f9d64,Heikki Linnakangas,2023-02-27 09:34:43+02:00,pg_rewind: Remove notice in docs about running CHECKPOINT after promote.
b9f0e54bc955ba3f6187d238b03c9c99c576a6af,Peter Eisentraut,2023-02-27 07:47:46+01:00,Update types in smgr API
a6cd1fc692eff708fd42c72b03f756fa1860530e,Amit Kapila,2023-02-27 08:32:45+05:30,Change xl_hash_vacuum_one_page.ntuples from int to uint16.
ded7b7bbc3086a02296822a7a8e8bfbac9bdf5d6,Tom Lane,2023-02-26 14:05:03-05:00,Silence more compiler warnings introduced by d87d548cd0.
18f2f8b8b02cdedf89a943498262cf23a3eb7f61,Andrew Dunstan,2023-02-26 06:48:41-05:00,Don't force SQL_ASCII/no-locale for installcheck in vcregress.pl
ee7e8f3838733f09a67e1421f0d7c6498cd68ab0,Dean Rasheed,2023-02-26 09:06:04+00:00,Doc: Miscellaneous doc updates for MERGE.
87f3667ec079c4acc2c87be51bf41e54d0b6f698,Tom Lane,2023-02-25 14:44:14-05:00,"Fix MULTIEXPR_SUBLINK with partitioned target tables, yet again."
a7d71c41dbd691ac86cc47114dab9db4b31f27ad,Dean Rasheed,2023-02-25 14:41:12+00:00,Fix mishandling of OLD/NEW references in subqueries in rule actions.
05fc551796e82c451a6f2bc39d1eafb3be3d2657,Jeff Davis,2023-02-24 09:11:35-08:00,Silence compiler warnings introduced by d87d548cd0.
62d56f6720cd9483ede8a410a1a2cd6a0202c091,Peter Eisentraut,2023-02-24 14:54:41+01:00,Fix comment indentation and whitespace
d9595232579a3a9fadf4ce0b4cd58c1a3fc3b2f7,Daniel Gustafsson,2023-02-24 11:09:50+01:00,Disallow NULLS NOT DISTINCT indexes for primary keys
94851e4b905042de559d073b6590039ab4598c7c,Daniel Gustafsson,2023-02-24 08:49:28+01:00,"pg_dump: Remove move ""blob"" terminology"
318b1c0cc1660c51c06a716de5d36367afa2499e,Peter Eisentraut,2023-02-24 08:02:48+01:00,Fix incorrect format placeholders
4fc53819a45fe6e7233a69bb279557b2070dcc40,Andres Freund,2023-02-23 19:34:25-08:00,meson: windows: Fix tmp_install + prefix computation with meson 1.0.1
05172f1f37496acc13769b8cc0af6e77591be90f,Tom Lane,2023-02-23 15:40:42-05:00,Don't repeatedly register cache callbacks in pgoutput plugin.
0da243fed0875932f781aff08df782b56af58d02,Tomas Vondra,2023-02-23 21:19:26+01:00,Add LZ4 compression to pg_dump
e0b3074e894496b41b57fd1c96ede68803cf3df8,Jeff Davis,2023-02-23 11:20:00-08:00,Remove unnecessary #ifdef USE_ICU and branch.
6974a8f7682beeb515b78b34a5253d5f96552f58,Jeff Davis,2023-02-23 11:17:41-08:00,Refactor to introduce pg_locale_deterministic().
d87d548cd0304477413a73e9c1d148fb2d40b50d,Jeff Davis,2023-02-23 10:55:20-08:00,"Refactor to add pg_strcoll(), pg_strxfrm(), and variants."
e9960732a9618d5f744ff43a09622c9185798760,Tomas Vondra,2023-02-23 18:33:40+01:00,Introduce a generic pg_dump compression API
739f1d6218f5ce1e0243127ab23f431a7d07977c,Tom Lane,2023-02-23 11:05:58-05:00,Fix mis-handling of outer join quals generated by EquivalenceClasses.
03d02f54a64089284582cc60d94a8af09ff4e081,Tomas Vondra,2023-02-23 15:38:40+01:00,Prepare pg_dump internals for additional compression methods
009eeee746825090ec7194321a3db4b298d6571e,Heikki Linnakangas,2023-02-23 15:22:53+02:00,pg_rewind: Fix determining TLI when server was just promoted.
75c737636b8a1e9a110e580f1caee181023447e2,Dean Rasheed,2023-02-23 10:53:01+00:00,Fix multi-row DEFAULT handling for INSERT ... SELECT rules.
337903a16fb0980950a98a17c388b28da8642446,Daniel Gustafsson,2023-02-23 09:25:47+01:00,Consider a failed process as a failed test in pg_regress
78be04e4c672a3ffb9c92dbb172dbd16edce8941,Andres Freund,2023-02-22 14:30:39-08:00,Add static assertion ensuring sizeof(ExprEvalStep) <= 64 bytes
5e044471a1aa8714d4fc59ea0d599009aaa05278,Heikki Linnakangas,2023-02-22 21:27:38+02:00,Check for unbounded authentication exchanges in libpq.
a75ff55c83342656266deb1890bcdd27466333ea,Tom Lane,2023-02-22 12:39:11-05:00,Fix some issues with wrong placement of pseudo-constant quals.
7fe1aa991b622feaabfac5ed9c918fe8a1d598c9,Tomas Vondra,2023-02-22 15:24:18+01:00,Fix snapshot handling in logicalmsg_decode
d0460a31de6acc8bbb86e9e3d646f1113ebb0c20,Dean Rasheed,2023-02-22 13:23:09+00:00,Add missing support for the latest SPI status codes.
0d3b49d4af7509032c847bfc956aac98d30644bf,Dean Rasheed,2023-02-22 10:51:34+00:00,Fix Assert failure for MERGE into a partitioned table with RLS.
83a611a259d41e305364b8de58f6b33a63cbda66,John Naylor,2023-02-22 17:22:43+07:00,Remove newly added asserts from pg_bitutils.h
e00bc6c92277bdfb9dc6b56df067b22f549e43b8,Daniel Gustafsson,2023-02-22 11:05:20+01:00,doc: Add default value of createrole_self_grant
80a48e0f21c51ed65fe647b18019ab6f8eab15cd,Dean Rasheed,2023-02-22 09:39:09+00:00,Fix MERGE command tag for cross-partition updates.
2ddab010c2777c6a965cea82dc1b809ddc33ecc1,Peter Eisentraut,2023-02-22 09:33:07+01:00,Implement ANY_VALUE aggregate
7e5ddf7e4d1ee36233371661c5e96007c8d7c665,Peter Eisentraut,2023-02-22 09:00:28+01:00,gitattributes: Ignore imported pg_bsd_indent code for whitespace checks
f198f0a48cdcfa47f4291639e054ccf9035d8e49,Peter Eisentraut,2023-02-22 08:23:56+01:00,pg_dump: Remove some dead code
8bf5af2ee6ea82a79817692de94347086da96b43,Michael Paquier,2023-02-22 14:22:13+09:00,Fix small memory leak in psql's \bind command
1a943d03d60e6a45036c77ca31d02ebd6e3ee169,Michael Paquier,2023-02-22 10:55:14+09:00,doc: Add missing values for meson options -Dcassert and -Db_coverage
8a8661828ae14e4d3b6beac5e8d8b37bd4e79004,Michael Paquier,2023-02-22 10:14:52+09:00,Fix corruption of templates after CREATE DATABASE .. STRATEGY WAL_LOG
b3e184a5d4fdbc43d2cb99865ea2e073c09b9584,Tom Lane,2023-02-21 18:48:15-05:00,Fix erroneous Valgrind markings in AllocSetRealloc.
a1f45f69bbfc4b44c8adb708e4a4f6db65a67a64,Thomas Munro,2023-02-22 09:55:43+13:00,Remove obsolete coding for early macOS.
8427ce4c379ee3774b8a9aca13ca7f4bfb76ba85,Michael Paquier,2023-02-21 20:01:43+09:00,Fix handling of escape sequences in postgres_fdw.application_name
038f586d5f1d90c6ed58544a068696bb81a4e12e,Alvaro Herrera,2023-02-21 10:56:37+01:00,pgbench: Prepare commands in pipelines in advance
8028e294b456bf1539649527fd98b3985fa4752a,Tom Lane,2023-02-20 17:26:25-05:00,Detect overflow in timestamp[tz] subtraction.
f0d0394e84ceeda6f22eb3fdb89bd8adbfc13985,Tom Lane,2023-02-20 16:55:59-05:00,Fix parsing of ISO-8601 interval fields with exponential notation.
f6db76c55509a60cc8c22ced56ff9322ee6f1742,Tom Lane,2023-02-20 15:18:32-05:00,Prevent join removal from removing the query's result relation.
69e8c7cf1dfa08ae099c33d0d371ad69d405903d,Jeff Davis,2023-02-20 11:07:24-08:00,Limit memory usage of pg_walinspect functions.
c6c3b3bc3de1be016de646403b923c1c8a2521cb,Tom Lane,2023-02-20 12:06:30-05:00,Remove gratuitous assumptions about what make_modifytable can see.
a316a3bc6d3f57e3fe0d287d11eb4f114388b1b6,Alvaro Herrera,2023-02-20 16:00:42+01:00,Correctly set userid of subquery relations' child rels
94cad7a3e6040e23d51b9d4869fc20e3e56ddbf7,David Rowley,2023-02-20 22:48:58+13:00,Optimize generate_orderedappend_paths
67731974644ce77129d282434065c3f0be04be92,John Naylor,2023-02-20 14:55:32+07:00,Add MSVC support for pg_leftmost_one_pos32() and friends
204b0cbecb82ab3fde2e12998a89e7227cd64094,John Naylor,2023-02-20 14:16:34+07:00,Add assert checking to pg_leftmost_one_pos32() and friends
2cb82e2acfba069d00c6bd253d58df03d315672a,David Rowley,2023-02-20 16:18:27+13:00,Speedup and increase usability of set proc title functions
de2aca288569fd0cabb425c0858e92e2c8c938cb,Michael Paquier,2023-02-20 10:16:51+09:00,Expand regression tests of pg_stat_statements for utility queries
e8dbdb15dbc8529518ab0303bf358d07c7ad9e18,Michael Paquier,2023-02-20 09:28:29+09:00,"Refactor tests of pg_stat_statements for planning, utility and level tracking"
e72910f8080185b6ade9ef7caa5c891dba3cb51c,Tomas Vondra,2023-02-19 01:46:58+01:00,Fix handling of multi-column BRIN indexes
393430f57544dfd550135e0191cc91139926b682,Tom Lane,2023-02-17 16:40:34-05:00,Print the correct aliases for DML target tables in ruleutils.
881a91781f49b6116ee6ce49b5bcc03da7200423,Peter Eisentraut,2023-02-17 14:10:48+01:00,Fix incorrect format placeholder
35739b87dcfef9fc0186aca659f262746fecd778,Michael Paquier,2023-02-17 14:26:42+09:00,Redesign archive modules
d2ea2d310dfdc40328aca5b6c52225de78432e01,Thomas Munro,2023-02-17 15:18:18+13:00,Remove obsolete platforms from ps_status.c.
a0fa18cc0d6e4dc3dc24b57ae11253356c55d6c4,Tom Lane,2023-02-16 18:51:55-05:00,Fix check for child column generation status matching parent.
afa7930462f576155a3a6e7716def3db1790fc41,Andrew Dunstan,2023-02-16 11:42:13-05:00,pgindent: mention directory arguments in help text
17feb6a566b77bf62ca453dec215adcc71755c20,Michael Paquier,2023-02-16 17:13:26+09:00,Remove duplicated comment in nodeModifyTable.c
fce003cfde219b7016140f83f67ebcfdf75aa0dc,Amit Kapila,2023-02-16 07:46:31+05:30,Add a new wait state and use it when sending data in the apply worker.
1b43743f1174a5b98f77c8090a89d829c2874441,Michael Paquier,2023-02-16 07:38:52+09:00,Add description for new patterns supported in HBA and ident sample files
fd923b5de94cdd3a7d05dcb843667dc228ea7fa3,Alvaro Herrera,2023-02-15 20:37:44+01:00,Don't rely on uninitialized value in MERGE / DELETE
5352ca22e0012d48055453ca9992a9515d811291,David Rowley,2023-02-15 21:21:59+13:00,Rename force_parallel_mode to debug_parallel_query
8e0e0698f12bd77da38f6863ecdbe88a63ed49dc,Michael Paquier,2023-02-15 15:01:24+09:00,doc: Fix spelling of option -Dtap_tests for meson
9244c11afe23bce9358de3d36404151139e968d9,Michael Paquier,2023-02-15 10:12:16+09:00,Fix handling of SCRAM-SHA-256's channel binding with RSA-PSS certificates
87f21d2c68900ea4ccc6e20a9a3c941fafa9f94a,Tatsuo Ishii,2023-02-15 09:52:42+09:00,Fix make_etags failure on Mac.
3b12e68a5c4609deb9fc69607e0aec072700c0a9,Peter Eisentraut,2023-02-14 13:32:19+01:00,Change argument type of pq_sendbytes from char * to void *
a8a44828a2e15c95a15549063205b779f7055f1c,Jeff Davis,2023-02-13 17:16:13-08:00,Correct docs for the default locale_provider of a new database.
e9a20e451f3aa0b64da807338012c65d8664d0ac,Tom Lane,2023-02-13 13:35:38-05:00,"When removing a relation from the query, drop its RelOptInfo."
c7468c73f7b6e842a53c12eaee5578a76a8fa7a6,Tom Lane,2023-02-13 12:19:58-05:00,Fix buggy recursion in flatten_rtes_walker().
f50f029c497da35927491f16964f7aa993ecbae5,Tom Lane,2023-02-13 11:45:32-05:00,Fix thinkos in have_unsafe_outer_join_ref; reduce to Assert check.
b16259b3c1897cf90855a94e5cb126d6c75e3cf3,Andrew Dunstan,2023-02-13 08:24:54-05:00,Remove obsolete pgindent options --code-base and --build
9a312562314abcec91ae9cff3a4af37196c3886e,Alvaro Herrera,2023-02-13 14:03:09+01:00,Fix object identity string for transforms
a1acdacada4aaeb233d819f519d16a9eb85a6eef,Alvaro Herrera,2023-02-13 11:52:19+01:00,Add wait_for_replay_catchup wrapper to Cluster.pm
ec5a010ab25bf40012fde78b34724971e38e08a4,David Rowley,2023-02-13 23:38:21+13:00,Fix pfree issue in presorted DISTINCT aggregate code
bd944884e92af7082063428a1124a15041597c33,Peter Eisentraut,2023-02-13 09:57:15+01:00,Consolidate ItemPointer to Datum conversion functions
7da51590ed6cd46ff886e8e4d08e8703db9c2b5b,David Rowley,2023-02-13 20:38:37+13:00,Fix incorrect presorted DISTINCT aggregate if condition
836c31ba508c154bc4c4ebb6270761586a6df797,David Rowley,2023-02-13 17:11:03+13:00,Disable WindowAgg inverse transitions when subplans are present
2a507f6fd8b75c5197a58aac7c8003befd072003,Michael Paquier,2023-02-13 09:07:33+09:00,Mark more nodes with attribute no_query_jumble
6ded4a5a3de1e8d5f3ec50efd4a2d7a39d2550a6,Tom Lane,2023-02-12 13:06:37-05:00,Make pg_bsd_indent's .h files inclusion-order-safe.
5e80d3515488a12f776ba14a07fbb5aa6b3ef013,Tom Lane,2023-02-12 12:50:55-05:00,Avoid dereferencing an undefined pointer in DecodeInterval().
156c049beed9d3f243cdceaf89456ea6a2995493,Tom Lane,2023-02-12 12:22:21-05:00,Integrate pg_bsd_indent into our build/test infrastructure.
b44e5fced3e5a6d3d971a51757a306eacc349bf3,Tom Lane,2023-02-12 12:03:01-05:00,Sync pg_bsd_indent's copyright notices with Postgres practice.
4e831f4cee140b004fae44d528d47c284d8ac9eb,Tom Lane,2023-02-12 11:59:18-05:00,Import pg_bsd_indent sources.
dab07e8c6896df3129bc153ead1f107e695652ee,Andrew Dunstan,2023-02-12 08:51:01-05:00,pgindent: filter files for the --commit option
10a082bf72150f49c34fcf152565c77d80f31a9c,Andres Freund,2023-02-11 10:05:04-08:00,Add tests for pg_stat_io
9c83bbcf7ef6b4236d117b25d8a754483e6488db,Andres Freund,2023-02-11 10:03:04-08:00,Create regress_tblspc in test_setup
a9c70b46dbe152e094f137f7e6ba9cd3a638ee25,Andres Freund,2023-02-11 09:52:15-08:00,"Add pg_stat_io view, providing more detailed IO statistics"
44e56baa80ff5fba150897308c8f25aa2251b16c,Tom Lane,2023-02-10 14:52:36-05:00,Fix join removal logic to clean up sub-RestrictInfos of OR clauses.
acc5821e4dcb6b7df6ad1f806459f95fcaebadfc,Tom Lane,2023-02-10 13:31:00-05:00,Further fixes in qual nullingrel adjustment for outer join commutation.
f8ba1bf4e48369450cdc71b5bf12d8f7bdaf10f3,Peter Eisentraut,2023-02-10 12:00:51+01:00,Fix incorrect format placeholder
9e8b694d819d96f65f8de33102858bd6bff4b54a,Michael Paquier,2023-02-10 15:37:41+09:00,Fix typo in parsenodes.h
f30d62c2fc60acfa62d3b83a73dc9bf7f83cfe2f,Andres Freund,2023-02-09 22:22:26-08:00,pgstat: Track more detailed relation IO statistics
40d0b2d4153d903d41adee6a303428540389191b,Andrew Dunstan,2023-02-09 13:31:52-05:00,Fix help text spacing in pgindent
ef7002dbe0b06e4e5b42c89becd4eb9be2e9aa89,Michael Paquier,2023-02-09 14:43:53+09:00,Fix various typos in code and tests
30b789eafed2cbbc3de9c9025a30eefdffacb79c,Andres Freund,2023-02-08 21:06:46-08:00,Remove uses of AssertVariableIsOfType() obsoleted by f2b73c8
28e626bde00efe8051fbd677227c97b1aa3c6a1a,Andres Freund,2023-02-08 20:53:42-08:00,pgstat: Infrastructure for more detailed IO statistics
49c2c5fcb1e1e4311f08687f78dd9121330ae637,Andres Freund,2023-02-08 18:19:36-08:00,"Fix bugs in GetSafeSnapshotBlockingPids(), introduced in 96003717645"
969509c3f2e3b4c32dcf264f9d642b5ef01319f3,Tom Lane,2023-02-08 17:15:25-05:00,"Stop recommending auto-download of DTD files, and indeed disable it."
068a243b7771890052a32c577a44c48facd34884,Andrew Dunstan,2023-02-08 17:01:54-05:00,pgindent: more ways to find files to indent
d1c9c864fc042412e9b674d79a0e70972053ce15,Tom Lane,2023-02-08 14:45:36-05:00,Further tighten nullingrel marking rules in build_joinrel_tlist().
798c0176342150c8fe1404b0007b299db2e73ce0,Tom Lane,2023-02-08 14:08:46-05:00,remove_rel_from_query() must clean up PlaceHolderVar.phrels fields.
b7e84c65d5b2d694a669ae1db8ab1d6c51ef8596,Michael Paquier,2023-02-08 16:56:21+09:00,Remove SQL regression tests for GUCs related to NO_SHOW_ALL
9ed50ab3496f5fdc46d1051a005d5236495c92d7,David Rowley,2023-02-08 16:03:26+13:00,Remove stray duplicated comment in heapam.h
8c58624df46222d4d09c5655d8350f3b037880c8,Amit Kapila,2023-02-08 07:58:25+05:30,Fix the logical replication timeout during large DDLs.
fee7b77b9000f35e445de9954a8cbf241f181e60,Tom Lane,2023-02-07 18:26:16-05:00,Rethink nullingrel marking rules in build_joinrel_tlist().
e2c78e7ab4b6056ceb79415fddcf126868d028f5,Tom Lane,2023-02-07 14:30:30-05:00,Doc: make src/test/*/README match current reality.
2cbbffff05b853733ae19ca7047cfeb9a346a497,Tom Lane,2023-02-07 11:56:43-05:00,Remove leftover code in deconstruct_distribute_oj_quals().
aa6954104644334c53838f181053b9f7aa13f58c,Peter Eisentraut,2023-02-07 06:57:59+01:00,Remove useless casts to (void *) in arguments of some system functions
d9d7fe68d35e1e10c7c8276d07f5abf9c477cb13,Amit Kapila,2023-02-07 09:58:19+05:30,Use appropriate wait event when sending data in the apply worker.
cfcf56f92398c2827fcca9406e7c7ea6caab83c2,David Rowley,2023-02-07 17:24:07+13:00,More refactoring of heapgettup() and heapgettup_pagemode()
9ba37b2cb6a174b37fc51d0649ef73e56eae27fc,Michael Paquier,2023-02-07 09:03:54+09:00,Include values of A_Const nodes in query jumbling
209f0f0e8516dfb382afdd2375c8b84c912dc420,Andres Freund,2023-02-06 15:41:38-08:00,"ci: freebsd: stop postgres instance on failure, to prevent log upload failures"
6c14fb17e4be70e0f3c03d2f9f6c540b6d5bdcbe,Peter Eisentraut,2023-02-06 22:58:44+01:00,Fix more outdated comments
f5da3d85b95640ac754ee14c47aeb90003e6d7c0,Peter Eisentraut,2023-02-06 22:39:48+01:00,Fix up outdated comments
cad56920513e5b7ccdd3d41b0ea893eb3383f863,Tom Lane,2023-02-06 15:45:03-05:00,Fix up join removal's interaction with PlaceHolderVars.
7ba09efe248fe5e15bd6d4c4d0612ea63b66a860,Peter Eisentraut,2023-02-06 17:54:10+01:00,doc: Fix SQL keywords lists
8a2f783cc489e4e1820163c1c439125aad4d7a92,Robert Haas,2023-02-06 10:51:08-05:00,Disable STARTUP_PROGRESS_TIMEOUT in standby mode.
0ae4e49fa66342b7c6294a6534db51284f5385b7,Peter Eisentraut,2023-02-06 14:01:16+01:00,doc: Fix description of SQL standard parts
54a177a948b0a773c25c6737d1cc3cc49222a526,Peter Eisentraut,2023-02-06 09:41:01+01:00,Remove useless casts to (void *) in hash_search() calls
009f8d17146da72478fcb8f544b793c443fa254c,Michael Paquier,2023-02-06 15:22:04+09:00,Extend check_GUC_init() with checks on flag combinations when loading GUCs
d07c2948bfe577cfeaa4eb564c5e62bcb6cb1955,Michael Paquier,2023-02-06 14:40:31+09:00,Add support for progress reporting to pg_verifybackup
71c37797d7bd78266146a5829ab62b3687c47295,Michael Paquier,2023-02-06 11:20:07+09:00,Properly NULL-terminate GSS receive buffer on error packet reception
2f6e15ac93c58c1140e4a4affe61e78f7346497a,Michael Paquier,2023-02-06 08:28:42+09:00,Revert refactoring of restore command code to shell_restore.c
b2d0e13a0a4c31167d01e9871f907060c80b8fae,Tom Lane,2023-02-05 14:25:10-05:00,Fix over-optimistic updating of info about commutable outer joins.
9f452feeeb830534dc2ce743a2a14b109128326d,Tom Lane,2023-02-04 17:40:35-05:00,Fix thinko in qual distribution.
8538519db107777a6b06b7277185e6605caf8d4c,Tom Lane,2023-02-04 15:19:54-05:00,Fix thinko in outer-join removal.
5840c2027264d5dfad743c50874e0ebf8b840f3f,Tom Lane,2023-02-04 12:45:53-05:00,"Rethink treatment of ""postponed"" quals in deconstruct_jointree()."
faff8f8e47f18c7d589453e2e0d841d2bd96c1ac,Dean Rasheed,2023-02-04 09:48:51+00:00,Allow underscores in integer and numeric constants.
1b6f632a35f8715f8c64e7930adebc7f1d292074,Peter Eisentraut,2023-02-04 07:56:09+01:00,Remove unused code related to unknown type
b2d47928908d7a99b8e39198d0e8e9e0cb2b024b,Dean Rasheed,2023-02-03 11:13:34+00:00,Make int64_div_fast_to_numeric() more robust.
2010d8b75a6eb0f2ce90ae24cba99775c3d343e8,Peter Eisentraut,2023-02-03 09:04:35+01:00,doc: Fix XML formatting that psql cannot handle
98811323c8e9a1995b828a47504b6608f0f3f59a,Andres Freund,2023-02-02 21:31:24-08:00,ci: Use windows VMs instead of windows containers
7ae0ab0ad9704b10400a611a9af56c63304c27a5,David Rowley,2023-02-03 16:20:43+13:00,Reduce code duplication between heapgettup and heapgettup_pagemode
3e577ff602fe3438ac60771c4a6d027d881619b0,Amit Kapila,2023-02-03 08:29:08+05:30,Optimize the origin drop functionality.
2e9f120b657e540b36843dbb075dab196e79fbfd,Thomas Munro,2023-02-03 14:26:54+13:00,ci: Upgrade macOS version from 12 to 13.
8ca6d49f634124e2f77f5c02af244c4ca4a3b1e9,David Rowley,2023-02-03 12:38:42+13:00,Add helper functions to simplify heapgettup code
f9bc34fcb664e93d1fa3c3873527dce6f4cc495f,David Rowley,2023-02-03 11:48:39+13:00,Further refactor of heapgettup and heapgettup_pagemode
cdf6518ef08ee602b94db4e5ba5887a1d7053c24,Thomas Munro,2023-02-03 11:29:46+13:00,Retire PG_SETMASK() macro.
e0d70a91a04b942980ab06bc471d2b5b65952459,Andrew Dunstan,2023-02-02 08:54:38-05:00,Document installing perltidy with cpanm
0736fc1ceb0659a9f73699910ac56603336daeee,Dean Rasheed,2023-02-02 09:41:22+00:00,Clarify the choice of rscale in numeric_sqrt().
9a84f2947bf9345ad6b93ba37da63633649eaea8,Dean Rasheed,2023-02-02 09:39:08+00:00,Ensure that numeric.c compiles with other NBASE values.
117d2604c2a59eb853e894410b94b4c453f8bd43,Thomas Munro,2023-02-02 18:25:10+13:00,Doc: Abstract AF_UNIX sockets don't work on Windows.
9f2213a7c575bae43a2d41abc8b60770066ca81c,Amit Kapila,2023-02-02 08:15:18+05:30,Allow the logical_replication_mode to be used on the subscriber.
fb1a59de0c52609653166aafc6ce8679a9cfe54b,David Rowley,2023-02-02 14:17:15+13:00,Refactor heapam.c adding heapgettup_initial_block function
253432f42661fdd67d235252949e2838aa6421fd,Peter Eisentraut,2023-02-01 18:14:01+01:00,meson: Fix typo in pkgconfig generation
38cc08546459a9052b6ed43cdb28973288db38c6,Michael Paquier,2023-02-01 15:46:04+09:00,Simplify main waiting loop of the archiver process
fbed4bc59e362e13fb0d0e0b08c995c18c7e4d5a,Andres Freund,2023-01-31 17:47:53-08:00,dblink: Fix variable confusion introduced in e4602483e95
c2891175052772b603da6d0ae634e42b63b7f274,Thomas Munro,2023-02-01 14:40:25+13:00,"Try to fix pg_upgrade test on Windows, again."
758f44bc3a365bed6b82db098bebc26ef441ba42,Tom Lane,2023-01-31 17:36:55-05:00,Update time zone data files to tzdata release 2022g.
e9aaf06328c7f962f8586618981e9763d31402a3,David Rowley,2023-02-01 10:52:41+13:00,Remove dead NoMovementScanDirection code
856ca51a23b56df6aab3ee9bffc66334b79be355,Tom Lane,2023-01-31 14:32:24-05:00,Doc: clarify use of NULL to drop comments and security labels.
eae0e20deffb0a73f7cb0e94746f94a1347e71b1,Tom Lane,2023-01-31 11:57:47-05:00,Remove over-optimistic Assert.
3db72ebcbe20debc6552500ee9ccb4b2007f12f8,Michael Paquier,2023-01-31 15:24:05+09:00,Generate code for query jumbling through gen_node_support.pl
8c1cd726c5d997d5d170505ec15a2dc1dfe81d6a,Michael Paquier,2023-01-31 12:46:56+09:00,Remove recovery test 011_crash_recovery.pl
54e72b66ed1a55c2fa558bc60d534bdc61dbb62f,Thomas Munro,2023-01-31 13:46:25+13:00,Refactor rmtree() to use get_dirent_type().
3bef56e11650a33f70adeb6dd442bc2b48bb9b72,Tom Lane,2023-01-30 13:50:25-05:00,"Invent ""join domains"" to replace the below_outer_join hack."
b448f1c8d83f8b65e2f0080c556ee21a7076da25,Tom Lane,2023-01-30 13:44:36-05:00,Do assorted mop-up in the planner.
2489d76c4906f4461a364ca8ad7e0751ead8aa0d,Tom Lane,2023-01-30 13:16:20-05:00,Make Vars be outer-join-aware.
ec7e053a98f39a9e3c7e6d35f0d2e83933882399,Tom Lane,2023-01-30 11:59:37-05:00,Doc: clarify behavior of boolean options in replication commands.
fe9e658f4d7fbc12d2b6a74c4ee90c73e53d68ef,Dean Rasheed,2023-01-30 10:04:57+00:00,Ensure that MERGE recomputes GENERATED expressions properly.
1e8b61735cfb1a4feb72cb9ea83db690fedbfef1,Amit Kapila,2023-01-30 08:02:08+05:30,Rename GUC logical_decoding_mode to logical_replication_mode.
8d2c1913ed3df9384973399deeb75fc1e55943fe,Thomas Munro,2023-01-28 15:06:23+13:00,Remove unneeded volatile qualifiers from postmaster.c.
e4e89eb5bbfdae30349b38344e9c604411174f6b,Tom Lane,2023-01-27 12:13:41-05:00,Minor GUC code refactoring.
a1c4cd6f2c8857fbb78d043a0b3c7d397e48ef2e,Andrew Dunstan,2023-01-27 09:52:02-05:00,Allow multiple --excludes options in pgindent
8f6858064b1442f9ad057d289b0e4f018a2ad8aa,Peter Eisentraut,2023-01-27 11:57:11+01:00,meson: Fix installation path computation
17e72ec45d313b98bd90b95bc71b4cc77c2c89c3,Peter Eisentraut,2023-01-27 08:42:08+01:00,"doc: Adjust a few more references to ""postmaster"""
456fa635a909ee36f73ca84d340521bd730f265f,David Rowley,2023-01-27 16:08:41+13:00,Teach planner about more monotonic window functions
783d8abc3b63267194ca21b679caf8d152b93358,Michael Paquier,2023-01-27 10:19:50+09:00,Fix behavior with pg_restore -l and compressed dumps
3a28d78089289794fda86cdbd275fc4756c6c6aa,Tom Lane,2023-01-26 17:09:12-05:00,Improve TimestampDifferenceMilliseconds to cope with overflow sanely.
24ff700f6aee2e8b915399e03934c6fe9b593d3f,Tom Lane,2023-01-26 12:51:00-05:00,Code review for commit 05a7be935.
e35bb9f1582d3c2885de65a60d6b296877c7ed0e,Tom Lane,2023-01-26 11:34:17-05:00,Doc: use less-awkward phrasing.
14fb38626f3ff0f96144cd7535ce5feaba3a18a0,Robert Haas,2023-01-26 08:14:41-05:00,DROP ROLE regress_role_limited_admin at end of test
37e267335068059ac9bd4ec5d06b493afb4b73e8,Peter Eisentraut,2023-01-26 11:33:01+01:00,Don't install postmaster symlink anymore
81266442fbcb19ec184134f0a256207f05026520,Peter Eisentraut,2023-01-26 10:48:32+01:00,Remove gratuitous references to postmaster program
6c6b4972664491de408670354fdbccc7c83a1c89,Peter Geoghegan,2023-01-25 22:22:27-08:00,"Revert ""Add eager and lazy freezing strategies to VACUUM."""
8b5f36bb6c16c030561d83b74b8c3270dbf48b68,Jeff Davis,2023-01-25 20:23:32-08:00,Clarify documentation for CLUSTER on partitioned tables.
9d2d9728b8d546434aade4f9667a59666588edd6,Michael Paquier,2023-01-26 12:23:16+09:00,Make auto_explain print the query identifier in verbose mode
ffcf6f4cfca5a4ce2ac7ff7e8fa17541a5a9caea,Thomas Munro,2023-01-26 14:52:19+13:00,Fix rare sharedtuplestore.c corruption.
9aeff092c05820d6a9252d7a3f8db86f71f2205f,Michael Paquier,2023-01-26 09:13:39+09:00,"Revert ""Rename contrib module basic_archive to basic_wal_module"""
1a8e72bff781e869e5b5dc76fa18e3ae08181656,Peter Geoghegan,2023-01-25 14:31:41-08:00,Doc: update VACUUM VERBOSE freezing tip.
4d417992613949af35530b4e8e83670c4e67e1b2,Peter Geoghegan,2023-01-25 14:15:38-08:00,Add eager and lazy freezing strategies to VACUUM.
642e8821d713d75f142ef4eda14e490ba0fb810b,Andres Freund,2023-01-25 09:59:26-08:00,"plpython: Stop undefining _POSIX_C_SOURCE, _XOPEN_SOURCE"
23c12329a755ad9c70135463d3f067241daf1dcc,Andres Freund,2023-01-25 09:59:26-08:00,plpython: Avoid the need to redefine *printf macros
3b4ac33254e1291f0b3c94f1cb770137c418ce2e,Tom Lane,2023-01-25 11:48:38-05:00,Avoid type cheats for invalid dsa_handles and dshash_table_handles.
d7c4830abb1867ca4fb83add2a5fac558f778b6a,Michael Paquier,2023-01-25 20:00:36+09:00,doc: Fix network_ops -> inet_ops in SpGiST operator class list
0ad3c60caf5f77edfefaf8850fbba5ea4fe28640,Michael Paquier,2023-01-25 14:36:51+09:00,Rename contrib module basic_archive to basic_wal_module
239b1753421ccbd52f4f628a9265c3034d38b80f,Thomas Munro,2023-01-25 15:00:05+13:00,Process pending postmaster work before connections.
8f8f11593258d04e9a58365865f7daf123e24bb1,Peter Geoghegan,2023-01-24 15:15:33-08:00,Update more obsolete multixact.c comments.
1249371632db9d97786edfb3d58c3e89e75b9519,Andrew Dunstan,2023-01-24 16:09:09-05:00,Improve exclude pattern file processing in pgindent
f1358ca52dd7b8cedd29c6f2f8c163914f03ea2e,Robert Haas,2023-01-24 10:57:09-05:00,Adjust interaction of CREATEROLE with role properties.
6c6d6ba3ee2c160b53f727cf8e612014b316d6e4,Amit Kapila,2023-01-24 09:25:36+05:30,Fix the Drop Database hang.
728f86fec65537eade8d9e751961782ddb527934,Andres Freund,2023-01-23 19:25:23-08:00,libpqwalreceiver: Convert to libpq-be-fe-helpers.h
e4602483e95bebd4da31e4ea95dc5c7f715c1e4f,Andres Freund,2023-01-23 19:25:23-08:00,"dblink, postgres_fdw: Handle interrupts during connection establishment"
28a591711d505f1f64c4f2eff5873ca2de0abede,Andres Freund,2023-01-23 19:25:23-08:00,Add helper library for use of libpq inside the server environment
bc54ef4ec25a3c642f1706a49f979b7750a2817e,Andres Freund,2023-01-23 18:27:42-08:00,Fix error handling in libpqrcv_connect()
9567686ec834e50ab10ae872a8394c9a9e590b0d,David Rowley,2023-01-24 13:49:10+13:00,Use OFFSET 0 instead of ORDER BY to stop subquery pullup
b762fed6481e722a022ac2bea02151e080c31fa6,David Rowley,2023-01-24 12:30:30+13:00,Fix LATERAL join test in test memoize.sql
8dd43894b1f5c0148dd36308fc607bfcc909e5bd,Peter Eisentraut,2023-01-23 21:46:30+01:00,Fix XLogPageRead() comment
6dfacbf72b53b775e8442a7fd2fca7c24b139773,Dean Rasheed,2023-01-23 19:21:22+00:00,Add non-decimal integer support to type numeric.
62e1e28bf76910ffe47ddbc5c1fade41e1a65dac,Tom Lane,2023-01-23 13:50:49-05:00,Fix pgindent --show-diff option.
3cece34be842178a3c5697a58e03fb4a5d576378,Tom Lane,2023-01-23 13:33:19-05:00,Remove special outfuncs/readfuncs handling of RangeVar.catalogname.
a9dc7f9419e4f6cac419e195618dceac74846c83,Andrew Dunstan,2023-01-23 08:40:18-05:00,Add a test using ldapbindpasswd in pg_hba.conf
ee4613d2b7327512477bcf8967e28a93fd01807d,Andrew Dunstan,2023-01-23 08:31:37-05:00,Restructure Ldap TAP test
b90f0b57474eac3980be8146f2e45f73a05c994f,Andrew Dunstan,2023-01-23 07:09:51-05:00,Add non-destructive modes to pgindent
0aa38db56bf459d04ed58c22f7c689c0ae14e977,Dean Rasheed,2023-01-23 11:58:28+00:00,Optimise numeric division for 3 and 4 base-NBASE digit divisors.
009dbdea02d74c72db2d1a57d5299f94f91fa975,David Rowley,2023-01-23 23:08:38+13:00,Run pgindent on heapam.c
236f1ea84c4ca6a29d790fac4b48eba12a74443c,Heikki Linnakangas,2023-01-23 11:56:43+02:00,Fix and clarify function comment on LogicalTapeSetCreate.
67c5b8840fcad07eeecd9af517b9b1ff09a3cf8e,David Rowley,2023-01-23 21:31:46+13:00,Harden new parallel string_agg/array_agg regression test
c31cf1c03d01ce86f20bef8c980fe56a257b3b4b,Michael Paquier,2023-01-23 13:55:18+09:00,pg_walinspect: Add pg_get_wal_fpi_info()
16fd03e956540d1b47b743f6a84f37c54ac93dd4,David Rowley,2023-01-23 17:35:01+13:00,Allow parallel aggregate on string_agg and array_agg
5a3a95385bd5a8f1a4fd50545b7efe9338581899,Tom Lane,2023-01-22 14:08:46-05:00,Track logrep apply workers' last start times to avoid useless waits.
c9f7f926484d69e2806e35343af7e472fadfede7,Tom Lane,2023-01-21 13:10:29-05:00,Allow REPLICA IDENTITY to be set on an index that's not (yet) valid.
e52daaabf8f1bf8096b0c105e2f719d9c68be3fa,Noah Misch,2023-01-21 06:08:00-08:00,Reject CancelRequestPacket having unexpected length.
03023a2664f8950ad522385ff75ce004bc932a7c,Andres Freund,2023-01-20 21:16:47-08:00,instr_time: Represent time as an int64 on all platforms
25b2aba0c3a501e2af9579f1b629f155544935db,Andres Freund,2023-01-20 21:16:47-08:00,Zero initialize uses of instr_time about to trigger compiler warnings
5d29d525ffe028fdf6b2d3ff7502243e56c6c79a,Michael Paquier,2023-01-21 12:17:02+09:00,Rework format of comments in headers for nodes
8eba3e3f020843a7641121e778e161b58ec2e490,Michael Paquier,2023-01-21 11:48:37+09:00,Move queryjumble.c code to src/backend/nodes/
557890920dd03b5a7839e81deeb6099bd43f3b29,Robert Haas,2023-01-20 16:37:26-05:00,Bump catversion for 6e2775e4d4e47775f0d933e4a93c148024a3bc63.
6e2775e4d4e47775f0d933e4a93c148024a3bc63,Robert Haas,2023-01-20 15:39:13-05:00,Add new GUC reserved_connections.
fe00fec1f5d78a5cfe46ac72dc284ed4cc477be1,Robert Haas,2023-01-20 15:32:08-05:00,Rename ReservedBackends variable to SuperuserReservedConnections.
6c1d5ba4867828b387799a291cea9aaee2a8e3fc,Robert Haas,2023-01-20 15:23:04-05:00,Update docs and error message for superuser_reserved_connections.
e86c8b728f3c905e5993211f6fd1d107d5a4614f,Alvaro Herrera,2023-01-20 20:01:59+01:00,Describe each contrib module in its SGML section title
d137cb52cb7fd44a3f24f3c750fbf7924a4e9532,Andres Freund,2023-01-19 18:55:51-08:00,Remove SHM_QUEUE
9600371764583c80f3d94957e3d16daa2661154b,Andres Freund,2023-01-19 18:55:51-08:00,Use dlists instead of SHM_QUEUE for predicate locking
7670add9f43aeb291603c7052a2610675e1924f7,Amit Kapila,2023-01-20 08:12:19+05:30,Improve the description of Output Plugin Callbacks.
efb6f4a4f9b627b9447f5cd8e955d43a7066c30c,Michael Paquier,2023-01-20 11:21:55+09:00,Support the same patterns for pg-user in pg_ident.conf as in pg_hba.conf
74739d1d3ff6b408895a5908657ffb0648df3d70,Tom Lane,2023-01-19 19:32:50-05:00,Avoid harmless warning from pg_dump --if-exists mode.
9f1ca6ce6596f1f77adc323769f2f8303ddad14f,David Rowley,2023-01-20 13:07:24+13:00,Use appendStringInfoSpaces in more places
1ca604c2018456f2da357d944e0f03c3efaeb00d,Tom Lane,2023-01-19 18:41:08-05:00,Improve comment about GetWALAvailability's WALAVAIL_REMOVED code.
5a617d75d3b31414f378dd764a11db1a08fa79bb,Tom Lane,2023-01-19 16:21:44-05:00,Fix ts_headline() to handle ORs and phrase queries more honestly.
44e9e34266efd42901bf7b12552f2033972d70b7,Tom Lane,2023-01-19 12:23:20-05:00,Log the correct ending timestamp in recovery_target_xid mode.
438e6b7240905c8055f9e221187f2ac818876169,Alvaro Herrera,2023-01-19 12:54:15+01:00,Remove some dead code in selfuncs.c
48880840f18cb75fcaecc77b5e7816b92c27157b,Peter Eisentraut,2023-01-19 09:45:34+01:00,Constify proclist.h
4f74f5641d53559ec44e74d5bf552e167fdd5d20,Michael Paquier,2023-01-19 14:00:23+09:00,doc: Fix some issues in logical replication section
7e8a80d1fefd1e96992652ed5a628c437971c82e,Michael Paquier,2023-01-19 13:13:05+09:00,Add missing assign hook for GUC checkpoint_completion_target
6ba6306256a37524bbbc76402e69ef3d32d355fd,Michael Paquier,2023-01-19 10:01:53+09:00,Fix failure with perlcritic in psql's create_help.pl
a3b65fb28238fe7f4a1ae9685d39ff0c11bdb9d3,Tom Lane,2023-01-18 16:51:40-05:00,Fix AdjustUpgrade.pm's view conversion list for --with-lz4.
5ea2234670e58000c7ffde38df3bea91972bc2df,Tom Lane,2023-01-18 15:27:41-05:00,Update expected/collate.windows.win1252.out for 47bb9db75.
12605414a7d63ccbe36de2b530847bdfc9cf7447,Andres Freund,2023-01-18 12:15:05-08:00,Use dlists instead of SHM_QUEUE for syncrep queue
5764f611e10b126e09e37fdffbe884c44643a6ce,Andres Freund,2023-01-18 11:41:14-08:00,Use dlist/dclist instead of PROC_QUEUE / SHM_QUEUE for heavyweight locks
51384cc40c4a72c81d2475089ab8a1cf98ea56ff,Andres Freund,2023-01-18 11:41:14-08:00,Add detached node functions to ilist
2b16208753770318085b1201a6d101cab2697132,Andres Freund,2023-01-18 10:26:15-08:00,Fix ILIST_DEBUG build
47bb9db75996232ea71fc1e1888ffb0e70579b54,Tom Lane,2023-01-18 13:23:57-05:00,"Get rid of the ""new"" and ""old"" entries in a view's rangetable."
8d83a5d0a2673174dc478e707de1f502935391a5,Tom Lane,2023-01-18 12:37:57-05:00,Remove redundant grouping and DISTINCT columns.
d540a02a724b9643205abce8c5644a0f0908f6e3,Amit Kapila,2023-01-18 09:03:12+05:30,Display the leader apply worker's PID for parallel apply workers.
14bdb3f13de16523609d838b725540af5e23ddd3,Michael Paquier,2023-01-18 11:15:48+09:00,Refactor code for restoring files via shell commands
2f31f405e1fa561db27e8dc6f7f3cb3dbd8c0c4f,Michael Paquier,2023-01-18 08:55:26+09:00,Constify the arguments of copydir.h functions
09d465c397165f99c37e9002a4e7b281111d2580,Tom Lane,2023-01-17 17:13:20-05:00,Doc: fix a few oddly-spelled SGML ID attributes.
27da598961ce443e9010c19085d17dc2b6a04d56,Andres Freund,2023-01-17 13:49:09-08:00,meson: Add two missing regress tests
3a36ca03e423ad1e2c9f19cd0da5e7dedb48734e,Tom Lane,2023-01-17 16:00:39-05:00,"AdjustUpgrade.pm should zap test_ext_cine, too."
2a1d7071c4ed750abb8b39436bb89c7d152bddb8,Peter Eisentraut,2023-01-17 20:06:06+01:00,Refactor recordExtObjInitPriv()
13b345df6438f222daf56eee86cb272628d1f1c3,Peter Eisentraut,2023-01-17 20:06:06+01:00,Remove AggregateRelationId from recordExtObjInitPriv()
15eb1228800a35042ef318f941173aa8b89002d1,John Naylor,2023-01-17 14:25:01+07:00,Remove redundant relkind check
e29c5653434ebf6a88d009746d21ca3a59ddb69b,John Naylor,2023-01-17 13:55:49+07:00,Remove dead code in formatting.c
c981d9145deae067bc67bc8f8bcd68b300ece3fe,Amit Kapila,2023-01-17 11:28:22+05:30,Improve the code to decide and process the apply action.
4f985aba6963b8669325e1c58585d04257977fda,Amit Kapila,2023-01-17 10:39:11+05:30,Fix typo in comment.
0b717432ff13683f9d13f007dab1c3380cae2f0d,Michael Paquier,2023-01-17 13:41:09+09:00,Track behavior of \1 in pg_ident.conf when quoted
da5800d5fa636c6e10c9c98402d872c76aa1c8d0,David Rowley,2023-01-17 16:37:06+13:00,Don't presort ORDER BY/DISTINCT Aggrefs with volatile functions
52585f8f072ac187380f7e02183e87dcf6789ff0,Tom Lane,2023-01-16 20:35:55-05:00,Create common infrastructure for cross-version upgrade testing.
980ae173108e353045e5ab4a842bb21e9dfe6715,Peter Geoghegan,2023-01-16 09:34:37-08:00,Tighten up VACUUM's approach to setting VM bits.
6fa66ec88ff29f5449d89e9891a00fe64afae34e,Robert Haas,2023-01-16 10:49:59-05:00,Assorted improvements to SECURITY DEFINER functions documentation.
3cdf7502f85c9e61913e05519f88580f008b8453,Robert Haas,2023-01-16 10:35:29-05:00,More documentation update for GRANT ... WITH SET OPTION.
20428d344a2964de6aaef9984fcd472f3c65d115,Peter Eisentraut,2023-01-16 11:01:31+01:00,Add BufFileRead variants with short read and EOF detection
1561612e3bf3264c31618b9455d0c1003b9271ec,Peter Eisentraut,2023-01-16 09:44:04+01:00,Fix some BufFileRead() error reporting
9a740f81eb02e04179d78f3df2ce671276c27b07,Michael Paquier,2023-01-16 16:31:43+09:00,Refactor code in charge of running shell-based recovery commands
02d3448f4f792964995b8071fa07176606e1af85,Michael Paquier,2023-01-16 13:58:07+09:00,Store IdentLine->pg_user as an AuthToken
647fa500547fdf2a967412633a9f6f21ba69e144,Tom Lane,2023-01-15 17:32:09-05:00,Remove arbitrary FUNC_MAX_ARGS limit in int2vectorin and oidvectorin.
3f244d020fbf0b4f01d71e1b7620930be4bf9dc5,Tom Lane,2023-01-15 13:14:52-05:00,Make new GENERATED-expressions code more bulletproof.
1334b79a359fb842d2d3cfe5b61ad4ccff8b82a4,Tatsuo Ishii,2023-01-14 18:16:09+09:00,Doc: fix typo in backup.sgml.
ff9618e82a466fc9c635f9f087776e57b21e4f14,Jeff Davis,2023-01-14 00:16:23-08:00,Fix MAINTAIN privileges for toast tables and partitions.
ff23b592ad6621563d3128b26860bcb41daf9542,Andres Freund,2023-01-13 15:33:49-08:00,Add 250c8ee07ed to git-blame-ignore-revs
250c8ee07ede8a104ae1471f6ebca204d94267dd,Andres Freund,2023-01-13 15:23:17-08:00,Manual cleanup and pgindent of pgstat and bufmgr related code
d46a9792a8ebbbed7792b26d6dc0222d2bbde223,Jeff Davis,2023-01-13 14:42:03-08:00,"Clean up useless ""skipping"" messages for VACUUM/ANALYZE."
c44f6334ca6ff6d242d9eb6742441bc4e1294067,Jeff Davis,2023-01-13 14:33:19-08:00,Simplify permissions for LOCK TABLE.
b7ae03953690a1dee455ba3823cc8f71a72cbe1d,Amit Kapila,2023-01-13 14:49:23+05:30,Ignore dropped and generated columns from the column list.
dca8b01f5f1f7c83c59a16393724fbd8a29ddecb,Amit Kapila,2023-01-13 08:28:05+05:30,Avoid creating parallel apply state hash table unless required.
e753ae6397fe16db8e8e5b3e34ca6d53b4eded61,Michael Paquier,2023-01-13 10:35:28+09:00,Add tests for regex replacement with \1 in pg_ident.conf to 0003_peer.pl
58597edea102258b21d5f4b4f0d7796c0ebf100a,Michael Paquier,2023-01-13 09:29:44+09:00,doc: Simplify description of functions for pg_walinspect
f1821b58fc8deee49fba8397bd5baa4b40185110,Thomas Munro,2023-01-13 11:02:12+13:00,Fix WaitEventSetWait() buffer overrun.
3161ae86ce3ced0a91c2d3cdbbdc602d6e19892d,Alexander Korotkov,2023-01-12 18:16:34+03:00,Fix jsonpath existense checking of missing variables
c8ad4d8166aabd6ed5124e7e432166637d0fe646,Peter Eisentraut,2023-01-12 08:00:51+01:00,Constify the arguments of ilist.c/h functions
881fa869c6b0c4e2f310d1c145141dd9d6f53774,Peter Eisentraut,2023-01-12 07:37:39+01:00,Code cleanup
8607630d74cd83f636a72eb9f2eb62f67e1fb955,Michael Paquier,2023-01-12 14:23:20+09:00,"Rename some variables related to ident files in hba.{c,h}"
bfd2542001a4a792a82a09607524e9b78a02217c,Michael Paquier,2023-01-12 13:49:28+09:00,Fix incorrect comment in hba.h
5ad165d2c024ae2fdc0a5ddd17522d5c92d7aa1a,Michael Paquier,2023-01-12 13:40:33+09:00,Acquire spinlock when updating 2PC slot data during logical decoding creation
f0e6d6d3c909e14eedd370dd77d7111c2ae24c02,Tom Lane,2023-01-11 23:01:22-05:00,"Revert ""Get rid of the ""new"" and ""old"" entries in a view's rangetable."""
5a26c7b310b629f8893483cc3cce5bbfa7879115,Thomas Munro,2023-01-12 16:32:30+13:00,Refactor DetermineSleepTime() to use milliseconds.
7389aad63666a2cac18cd6d7496378d7f50ef37b,Thomas Munro,2023-01-12 16:32:20+13:00,Use WaitEventSet API for postmaster's event loop.
d93d68aeeaeeda0e871825b461fd9ab68c7c0de3,Tom Lane,2023-01-11 22:19:55-05:00,Doc: fix silly thinko in 8bf6ec3ba.
d30b499997caa77805c112b3e0524d2bca8f3e48,Peter Geoghegan,2023-01-11 18:45:32-08:00,Make lazy_vacuum_heap_rel match lazy_scan_heap.
8c233cf86b6d77989a1a6bea96f9b2e31a9b6c7a,Peter Geoghegan,2023-01-11 17:57:18-08:00,vacuumlazy.c: Tweak local variable name.
50767705ed093eb4cf64f5980b3ffdfa2fc8ebc8,Peter Geoghegan,2023-01-11 17:30:42-08:00,Rename and relocate freeze plan dedup routines.
1b4d280ea1eb7ddb2e16654d5fa16960bb959566,Tom Lane,2023-01-11 19:41:09-05:00,"Get rid of the ""new"" and ""old"" entries in a view's rangetable."
2ff5ca86e816846743b31279a9f6b819d4cf4b11,Michael Paquier,2023-01-12 08:49:37+09:00,Add support for tab completion after ALTER EXTENSION ADD|DROP in psql
af3855cb77b94a0321b77d7d9a9849700ea6a758,Peter Geoghegan,2023-01-11 15:31:42-08:00,Improve TransactionIdDidAbort() documentation.
8bf6ec3ba3a44448817af47a080587f3b71bee08,Tom Lane,2023-01-11 15:55:02-05:00,Improve handling of inherited GENERATED expressions.
d0d968328794a25c844dc57585d0289a08159bb5,Tom Lane,2023-01-11 12:22:47-05:00,Don't leave roles behind after core regression tests.
c971a5b27ac946e7c94f7f655d321279512c7ee7,Peter Eisentraut,2023-01-11 14:41:52+01:00,Fix MSVC build
c96de2ce1782116bd0489b1cd69ba88189a495e8,Peter Eisentraut,2023-01-11 10:42:35+01:00,Common function for percent placeholder replacement
5f6401f81cb24bd3930e0dc589fc4aa8b5424cdc,Michael Paquier,2023-01-11 15:16:38+09:00,Fix typos in code and comments
69fb29d1affb525d4c91b4dc5b104a551e61c28d,Michael Paquier,2023-01-11 11:54:55+09:00,Remove function declarations from headers for some undefined functions
3c6fc58209f24b959ee18f5d19ef96403d08f15c,David Rowley,2023-01-11 10:25:43+13:00,Have the planner consider Incremental Sort for DISTINCT
e5b8a4c098ad6add39626a14475148872cd687e0,Robert Haas,2023-01-10 12:44:49-05:00,Add new GUC createrole_self_grant.
cf5eb37c5ee0cc54c80d95c1695d7fca1f7c68cb,Robert Haas,2023-01-10 12:44:30-05:00,Restrict the privileges of CREATEROLE users.
f026c16a2c5a3ee5d7aa6f85333ec80c905913ba,Dean Rasheed,2023-01-10 14:17:47+00:00,Fix MERGE's test for unreachable WHEN clauses.
d952373a987bad331c0e499463159dd142ced1ef,Peter Eisentraut,2023-01-10 05:54:36+01:00,New header varatt.h split off from postgres.h
cd06ccd78fcf59dd6486b83e4fbf6c73be179523,Amit Kapila,2023-01-10 09:38:08+05:30,Document the newly added wait events added by commit 216a784829.
02d552c4f4229c3c1fb4ed5eadb93b6d551b7510,Tom Lane,2023-01-09 22:44:16-05:00,Round off random_normal() test results one more decimal place.
f745739697e49a38a31a755d7d36d6c97008dd9f,Amit Kapila,2023-01-10 08:53:47+05:30,Fix the display of lock information for specktoken.
bd8d453e9b5f8b632a400a9e796fc041aed76d82,Tom Lane,2023-01-09 20:34:26-05:00,"Remove pg_regress' never-documented ""ignore"" feature."
09d517773f606baef7958aa5bad25d3b3c30303e,Tom Lane,2023-01-09 20:30:25-05:00,Upgrade the random.sql regression test.
78ee60ed84bb3a1cf0b6bd9a715dcbcf252a90f5,Tom Lane,2023-01-09 15:08:24-05:00,Doc: add XML ID attributes to <sectN> and <varlistentry> tags.
38d81760c4d7e22b95252e3545596602c9e38806,Tom Lane,2023-01-09 12:44:00-05:00,Invent random_normal() to provide normally-distributed random numbers.
2673ebf49acfd83b09c777ced8f21eacd27b51ce,John Naylor,2023-01-09 16:53:21+07:00,Remove redundant setting of tuplesort status
c06caa0d622b21c617d10504d1c1a39dbd2d3f1e,Amit Kapila,2023-01-09 14:04:14+05:30,Fix the file mode of worker.c changed by the commit 216a784829.
3c569049b7b502bb4952483d19ce622ff0af5fd6,David Rowley,2023-01-09 17:15:08+13:00,Allow left join removals and unique joins on partitioned tables
216a784829c2c5f03ab0c43e009126cbb819e9b2,Amit Kapila,2023-01-09 07:52:45+05:30,Perform apply of large transactions by parallel workers.
5687e7810f1dd32ac1960e67b608c441d87bc229,Tom Lane,2023-01-08 16:25:33-05:00,Doc: improve commentary about providing our own definitions of M_PI.
cd9479af2af25d7fa9bfd24dd4dcf976b360f077,Alexander Korotkov,2023-01-08 22:51:43+03:00,Improve GIN cost estimation
eb5c4e953bbd2fab07be74df93f4080bab60176c,Alexander Korotkov,2023-01-08 22:37:33+03:00,Extract the multiplier for CPU process cost of index page into a macro
57d11ef028d126f95595c08c62ffb4c5147d0f86,Tomas Vondra,2023-01-07 14:39:33+01:00,Check relkind before using TABLESAMPLE in postgres_fdw
d913928c9c5e905d0062d1e7237b7fb5fbde61ed,Dean Rasheed,2023-01-07 11:09:26+00:00,psql: Add support for \dpS and \zS.
2b6df05461cb540d8f103dfe55f38efc09b4189b,Amit Kapila,2023-01-07 12:17:14+05:30,Remove the streaming files for incomplete xacts after restart.
a14a5832923e10ef14a74864c94358d5bc8720e4,David Rowley,2023-01-07 15:24:35+13:00,Add additional regression tests for select_active_windows
c6e1f62e2cee817cad58cccc1dd685e908678241,Tom Lane,2023-01-06 17:27:58-05:00,Wake up a subscription's replication worker processes after DDL.
4c032dd8046b145a25032643f536aab83deb19e3,Tom Lane,2023-01-06 17:27:58-05:00,Check for two_phase change at end of process_syncing_tables_for_apply.
b1665bf01e5f4200d37addfc2ddc406ff7df14a5,Andrew Dunstan,2023-01-06 16:05:46-05:00,Allow hyphens in ltree labels
a46a7011b27188af526047a111969f257aaf4db8,Tom Lane,2023-01-06 14:17:25-05:00,Add options to control whether VACUUM runs vac_update_datfrozenxid.
cd4b2334db4980bbf86a8ba1d446db17e62ca342,Tom Lane,2023-01-06 11:11:51-05:00,Invalidate pgoutput's replication-decisions cache upon schema rename.
211d80c065626d1a9188188d78ede85d799b93b1,Tomas Vondra,2023-01-06 14:47:23+01:00,Fix stale comment about sample_frac adjustment
4037c5e2fe9e2c7b083606435d29cdb25092f70f,Peter Eisentraut,2023-01-06 14:25:19+01:00,Fix typo
e7a59094b36a49df057b040611314c9a0b726d05,Dean Rasheed,2023-01-06 11:18:44+00:00,Fix tab completion of ALTER FUNCTION/PROCEDURE/ROUTINE ... SET SCHEMA.
a3bc631ea96a7c04962df3c97dbeac860be06c03,Dean Rasheed,2023-01-06 09:57:41+00:00,Improve tab completion for ALTER FUNCTION/PROCEDURE/ROUTINE.
72aea955d49712a17c08748aa9abcbcf98c32fc5,Thomas Munro,2023-01-06 16:42:47+13:00,Fix pg_truncate() on Windows.
f2857af485a00ab5dbfa2c83af9d83afe4378239,Thomas Munro,2023-01-06 10:33:28+13:00,Use unnamed POSIX semaphores on Cygwin.
39cffe95f2c5d77a268db9f04c2b2aaf2294ad76,Robert Haas,2023-01-05 14:33:35-05:00,Pass down current user ID to AddRoleMems and DelRoleMems.
25bb03166b16db1faf18c677ed88f046fb08103f,Robert Haas,2023-01-05 14:30:40-05:00,Refactor permissions-checking for role grants.
3f7836ff651ad710fef52fa87b248ecdfc6468dc,Tom Lane,2023-01-05 14:12:17-05:00,Fix calculation of which GENERATED columns need to be updated.
529da086ba7ff8475e469290210ce944ad30975a,Alexander Korotkov,2023-01-05 13:11:40+03:00,Remove extra regress check arguments from test_pg_db_role_setting
afdd9f7f0e001f109472df513eb416cc967bc199,Alexander Korotkov,2023-01-05 13:11:28+03:00,"meson: Add 'running' test setup, as a replacement for installcheck"
b82557ecc2ebbf649142740a1c5ce8d19089f620,David Rowley,2023-01-05 12:56:17+13:00,Fix some compiler warnings in aset.c and generation.c
eb5ad4ff05fd382ac98cab60b82f7fd6ce4cfeb8,Peter Geoghegan,2023-01-03 21:48:27-08:00,Check that xmax didn't commit in freeze check.
5212d447fa53518458cbe609092b347803a667c5,Peter Geoghegan,2023-01-03 16:54:35-08:00,Update obsolete multixact.c comments.
5f53b42cfd053a724fcbe0712a9d5716e576a3e6,Tom Lane,2023-01-03 17:56:44-05:00,"During pg_dump startup, acquire table locks in batches."
b23837dde48028f9e31983c765c32e3f42cb7ef2,David Rowley,2023-01-04 09:23:19+13:00,Fix typo in memutils_memorychunk.h
1c77873727dfd2e48ab2ece84d1fb1676e95f9a5,Robert Haas,2023-01-03 15:00:18-05:00,Improve documentation of the CREATEROLE attibute.
54afdcd6182af709cb0ab775c11b90decff166eb,Peter Geoghegan,2023-01-03 11:48:47-08:00,vacuumlazy.c: Save get_database_name() in vacrel.
79d4bf4eff14d8967b10ad4c60039c1b9b0cf66e,Peter Geoghegan,2023-01-03 11:22:36-08:00,Delay commit status checks until freezing executes.
b37a0832396414e8469d4ee4daea33396bde39b0,Peter Geoghegan,2023-01-03 10:08:55-08:00,Refine the definition of page-level freezing.
bf03cfd162176d543da79f9398131abc251ddbb9,Peter Eisentraut,2023-01-03 14:21:56+01:00,Windows support in pg_import_system_collations
33ab0a2a527e3af5beee3a98fc07201e555d6e45,Michael Paquier,2023-01-03 16:26:14+09:00,"Fix typos in comments, code and documentation"
92957ed98c5c565362ce665266132a7f08f6b0c0,Tom Lane,2023-01-02 16:17:00-05:00,Avoid reference to nonexistent array element in ExecInitAgg().
c8e1ba736b2b9e8c98d37a5b77c4ed31baf94147,Bruce Momjian,2023-01-02 15:00:37-05:00,Update copyright for 2023
325bc54eed4ea0836a0bb715bb18342f0c1c668a,Peter Geoghegan,2023-01-02 10:18:22-08:00,Adjust VACUUM hastup LP_REDIRECT comments.
6daeeb1f9196e5d59aa7d5c9ef7ed67b3f3ac4b5,Peter Geoghegan,2023-01-02 10:16:51-08:00,Avoid special XID snapshotConflictHorizon values.
1fd3dd2048991a164c287dc29fdb78b1f7e6e14e,Tom Lane,2023-01-02 13:02:29-05:00,Add bt_multi_page_stats() function to contrib/pageinspect.
e351f85418313e97c203c73181757a007dfda6d0,Peter Eisentraut,2023-01-02 09:39:31+01:00,Push lpp variable closer to usage in heapgetpage()
72e0ff2677c44ea9047cf515fade9742476e2508,Peter Eisentraut,2023-01-02 08:48:21+01:00,"doc: Re-order Table 28.2 ""Collected Statistics Views"""
2ceea5adb02603ef52579b568ca2c5aebed87358,Tom Lane,2023-01-01 14:16:07-05:00,"Accept ""+infinity"" in date and timestamp[tz] input."
d747dc85aec536c471fd7c739695e155627b08fd,Tom Lane,2023-01-01 13:22:34-05:00,"In plpgsql, don't preassign portal names to bound cursor variables."
