hash,author,date,msg
98b1efd6ef6a1612019ef9ed6e44b79c132352ce,Tom Lane,2024-12-30 14:33:45-05:00,Update obsolete reference to plpgsql's gram.y file.
b757abefc0419c9b742222e1dfe70c73aff67364,Michael Paquier,2024-12-30 18:48:18+09:00,injection_points: Tweak variable-numbered stats to work with pending data
c9b3d4909bbfcaa8cc2ed434d12a562fb30fe422,Michael Paquier,2024-12-30 13:33:09+09:00,Fix memory leak in pgoutput with relation attribute map
ebf2ab40e5e1b0545257e8b27a1d48e9488c23f4,Michael Paquier,2024-12-30 12:18:45+09:00,Remove redundant wording in pg_statistic.h
7e125b20eed65e61b07e2e9ef6901467e4f14272,Michael Paquier,2024-12-30 09:58:02+09:00,Fix failures with incorrect epoch handling for 2PC files at recovery
e3584258154fac40e16f757fadd3361688a166d2,Michael Paquier,2024-12-30 08:06:07+09:00,Fix handling of orphaned 2PC files in the future at recovery
68ff25eef125a5eaf49a52ec794a0bf55a917b27,Tom Lane,2024-12-29 14:58:05-05:00,contrib/pageinspect: Use SQL-standard function bodies.
667368fd26de5846d6f6b8ab889ea9489b9b22bc,Tom Lane,2024-12-29 13:53:00-05:00,contrib/xml2: Use SQL-standard function bodies.
97a5a16849eb4642e38d9447ab40708d3f302e17,Tom Lane,2024-12-29 13:37:35-05:00,contrib/citext: Use SQL-standard function bodies.
eb53ff5517e50018539747d75a02d493abc2d232,David Rowley,2024-12-29 23:57:43+13:00,Fix overly large values/nulls arrays
508a97ee4984597ea60c383f52adefd47178189f,Tom Lane,2024-12-28 16:21:54-05:00,Replace PGPROC.isBackgroundWorker with isRegularBackend.
34486b6092e700089d22586df211c4e8b0412136,Tom Lane,2024-12-28 16:08:50-05:00,Exclude parallel workers from connection privilege/limit checks.
2bdf1b2a2efc7bbbe2db3213153c14615485eadd,Tom Lane,2024-12-28 12:30:42-05:00,Reserve a PGPROC slot and semaphore for the slotsync worker process.
ff90ee61450921e03fe3af4e0f75337a4bbd0584,Noah Misch,2024-12-28 07:16:22-08:00,"In REASSIGN OWNED of a database, lock the tuple as mandated."
58a359e585d0281ecab4d34cab9869e7eb4e4ca3,David Rowley,2024-12-28 12:20:42+13:00,Speedup tuple deformation with additional function inlining
d85ce012f99f63249bb45a78fcecb7a2383920b1,Michael Paquier,2024-12-27 13:32:40+09:00,Improve handling of date_trunc() units for infinite input values
61cac71c23686f47c785dc69d3c15cb4304d106f,David Rowley,2024-12-27 10:51:22+13:00,Remove unused totalrows parameter in compute_expr_stats
3f2d72b4934945da76f6bc60dfe3fc5ca42e7526,Peter Eisentraut,2024-12-26 11:11:14+01:00,plpgsql: Rename a variable for clarity
a86cfcae7c58049c7a3a60118ef3f53afd92b3fa,Michael Paquier,2024-12-26 12:53:55+09:00,Fix typo in comment of compute_return_type() in functioncmds.c
07f902bd760791527511be9fc47440039bc86b5c,Heikki Linnakangas,2024-12-25 19:22:25+02:00,meson: Export all libcommon functions in Windows builds
4c9b453c91b201264c6d60a3de197115c8feaee0,Peter Eisentraut,2024-12-25 18:17:29+01:00,Add commit 301de6a6f60 to .git-blame-ignore-revs.
301de6a6f609cb3ad2d9d31fd8db9ae6c71e6dea,Peter Eisentraut,2024-12-25 17:55:42+01:00,Partial pgindent of .l and .y files
2571c1d5cc5ed2620d601a7e12179bd951f2e202,Heikki Linnakangas,2024-12-25 18:14:18+02:00,meson: Export all libcommon functions in Windows builds
d663f150b5edd5ec4a5a3bbc24f9ad7e40f1abbb,Peter Eisentraut,2024-12-25 14:18:07+01:00,guc: reentrant scanner
2a7425d7eef9b4b848763fb920fefa23c3c43f31,Peter Eisentraut,2024-12-24 23:42:41+01:00,jsonpath scanner: reentrant scanner
9b254895c367a3b962bcdd3e35f8590005106e8a,Peter Geoghegan,2024-12-24 14:06:16-05:00,Fix nbtree symbol name comment reference.
db6856c9913f1af08b5d7bde442fae362913190a,Peter Eisentraut,2024-12-24 18:05:06+01:00,syncrep parser: pure parser and reentrant scanner
e4a8fb8fefb903fe601f7415098a4fe39a14069a,Peter Eisentraut,2024-12-24 16:40:09+01:00,replication parser: pure parser and reentrant scanner
5af699066f81547aa75c093544fbd57289d30284,Peter Eisentraut,2024-12-24 14:02:42+01:00,Remove pgrminclude and associated scripts
1eb7cb21c2a2c9091bc4cdf09d37d68559af8a7d,Peter Eisentraut,2024-12-24 11:49:07+01:00,Remove pgrminclude annotations
6f3820f37aba94232468365bae7ba5de697fe993,David Rowley,2024-12-24 14:54:24+13:00,Fix race condition in TupleDescCompactAttr assert code
38da053463bef32adf563ddee5277d16d2b6c5af,Tom Lane,2024-12-23 16:46:24-05:00,Try to avoid semaphore-related test failures on NetBSD/OpenBSD.
da9517fb3a0979f8d75823199f7a231e0269963b,Peter Geoghegan,2024-12-23 15:46:00-05:00,Reset btpo_cycleid in nbtree VACUUM's REDO routine.
c431986de16cc7e7af8ba3af45d846f279606fd3,Tom Lane,2024-12-23 15:14:30-05:00,postgres_fdw: re-issue cancel requests a few times if necessary.
1585ff7387dbcc5657522b2ed87ffd58fd555ee9,Heikki Linnakangas,2024-12-23 12:42:55+02:00,Don't allow GetTransactionSnapshot() in logical decoding
952365cded635e54c4177399c0280cb7a5e34c11,Heikki Linnakangas,2024-12-23 12:42:39+02:00,Remove unnecessary GetTransactionSnapshot() calls
7ec4b9ff80d92fee3c41eb1a069cc32d0ec11da1,David Rowley,2024-12-23 19:41:49+13:00,Fix incorrect source filename references
7f97b4734f937db6f8dab1bbf8bbaab349e6c9b1,Michael Paquier,2024-12-23 14:46:49+09:00,Fix some comments related to library unloading
578a7fe7b6f8484f6d7caa2fda288abb3fe87aa0,Heikki Linnakangas,2024-12-21 23:42:39+02:00,Update TransactionXmin when MyProc->xmin is updated
db448ce5ad36a2754e4e75900b180260143aacf8,David Rowley,2024-12-21 09:43:26+13:00,Optimize alignment calculations in tuple form/deform
1f81b48a9d567ae9074ab1f3233eae9997b3d7bd,Heikki Linnakangas,2024-12-20 19:37:50+02:00,Mark CatalogSnapshotData static
d5a7bd5670c4a59bea506f5999101a8e40ef256c,Heikki Linnakangas,2024-12-20 19:36:33+02:00,Fix variable reference in comment
94bb6c4410d81ccc019bb60d8aedb73dbc85df76,Melanie Plageman,2024-12-20 09:43:44-05:00,"Fix overflow danger in SampleHeapTupleVisible(), take 2"
38c579b08988e6f1a5bd74241d0a1001421d8015,Thomas Munro,2024-12-20 23:57:02+13:00,Fix corruption when relation truncation fails.
02a8d0c45253eb54e57b1974c8627e5be3e1d852,David Rowley,2024-12-20 23:22:37+13:00,Remove pg_attribute.attcacheoff column
546371599e767340599cdff3e276728016e560cc,Michael Paquier,2024-12-20 19:00:18+09:00,Relax regression test for fsync check of backend-level stats
5983a4cffc31640fda6643f10146a5b72b203eaa,David Rowley,2024-12-20 22:31:26+13:00,"Introduce CompactAttribute array in TupleDesc, take 2"
8ac0021b6f10928a46b7f3d1b25bc21c0ac7f8c5,Melanie Plageman,2024-12-19 18:52:19-05:00,Remove final mention of FREEZE_PAGE from comments
e0a2721f7c169b50617fed797d7336cd8f10bf77,Tom Lane,2024-12-19 18:07:00-05:00,Get rid of old version of BuildTupleHashTable().
f0b900086a370e45f730138d55da4f260d24809c,Tom Lane,2024-12-19 17:07:14-05:00,Use ExecGetCommonSlotOps infrastructure in more places.
8d96f57d5cc79c0c51050bb707c19bf07d2895eb,Tom Lane,2024-12-19 17:02:25-05:00,Improve planner's handling of SetOp plans.
27627929528e24a547d1058a5444b35491057a56,Tom Lane,2024-12-19 16:23:45-05:00,Convert SetOp to read its inputs as outerPlan and innerPlan.
2128cebcdb2f32303baf200fa2ccb2947366c636,Melanie Plageman,2024-12-19 11:55:18-05:00,Remove extra prefetch iterator setup for Bitmap Table Scan
754c610e13b820370db4c02010a4c8c5dbd1edbd,Melanie Plageman,2024-12-19 11:55:03-05:00,Fix bitmap table scan crash on iterator release
31b0a8f040042c1dfb9ac359fffbb6b8f9375999,Peter Geoghegan,2024-12-19 11:08:55-05:00,Avoid nbtree index scan SAOP scanBehind confusion.
3e4bacb171001644583ac14e29ae1b09ce818c92,Peter Eisentraut,2024-12-19 15:37:44+01:00,bootstrap: pure parser and reentrant scanner
399d0f1e11b5438c6dc82e55a22a0f402855b2ac,Peter Eisentraut,2024-12-19 13:00:31+01:00,Small whitespace improvement
382092a0cd2c75613f3df889f7b821577e6773d7,Peter Eisentraut,2024-12-19 11:24:43+01:00,Prevent redeclaration of typedef yyscan_t
9aea73fc61d4e77e000724ce0b2f896590a10e03,Michael Paquier,2024-12-19 13:19:22+09:00,Add backend-level statistics to pgstats
ff7c40d7fd6a218f31fcf6f2c23c544c85934b24,Michael Paquier,2024-12-19 10:16:02+09:00,Extract logic filling pg_stat_get_io()'s tuplestore into its own routine
08cdb079d4a8a82c687321e9ffe0a3d3fbcc0551,David Rowley,2024-12-19 13:57:21+13:00,Optimize grouping equality checks with virtual slots
8f4ee962691ed36302be3333c65422ed9e082743,David Rowley,2024-12-19 13:11:39+13:00,Fix Assert failure in WITH RECURSIVE UNION queries
b7493e1ab353349855f553a4b4bee094cda4d9cc,Melanie Plageman,2024-12-18 18:47:21-05:00,Remove leftover mentions of XLOG_HEAP2_FREEZE_PAGE records
1a0da347a7ac98db6964feb5e3063fc6e8fc92a0,Melanie Plageman,2024-12-18 18:43:39-05:00,Bitmap Table Scans use unified TBMIterator
7f9d4187e7bab10329cc00aff34cfba08248d4be,Melanie Plageman,2024-12-18 18:19:28-05:00,Add common interface for TBMIterators
28328ec87b45725f62bed1104d99c8b3220d1675,Melanie Plageman,2024-12-18 18:16:43-05:00,Fix overflow danger in SampleHeapTupleVisible()
68d9662be1c4b705123a0e292974fb4be661294c,Melanie Plageman,2024-12-18 11:47:38-05:00,Make rs_cindex and rs_ntuples unsigned
1f0de66ea2a5549a3768c67434e28a136c280571,Peter Eisentraut,2024-12-18 08:47:53+01:00,seg: pure parser and reentrant scanner
802fe923e3cd4b2f51080ed1a9a0958024b00479,Peter Eisentraut,2024-12-18 08:47:34+01:00,cube: pure parser and reentrant scanner
477728b5d6fa16461b81cd22b0568fec1eab97ac,Michael Paquier,2024-12-18 15:16:12+09:00,psql: Add more information about service name
4b99fed7541e330b669fe488a274c0c69490391c,Michael Paquier,2024-12-18 14:53:42+09:00,libpq: Add service name to PGconn and PQservice()
3f06324705aeb5a4c67b6c08f2016c4c3c756723,Tom Lane,2024-12-17 22:31:26-05:00,Fix memory leak in pg_restore with zstd-compressed data.
d96d1d5152f30d15678e08e75b42756101b7cab6,David Rowley,2024-12-18 12:05:55+13:00,Fix incorrect slot type in BuildTupleHashTableExt
84f1b0b031e6914c41623102b93fed8ab0e51253,Nathan Bossart,2024-12-17 15:24:45-06:00,Accommodate very large dshash tables.
7a80e381d16c642d00ec6146ccdf1262a159c69e,Tom Lane,2024-12-17 15:52:12-05:00,Skip useless calculation of join RTE column names during EXPLAIN.
dc6acfd910b868351f115382fd92f95e5345992c,Melanie Plageman,2024-12-17 14:19:13-05:00,Count pages set all-visible and all-frozen in VM during vacuum
4b565a198b524469df9f3286a6f12778acd9d564,Melanie Plageman,2024-12-17 14:19:03-05:00,Make visibilitymap_set() return previous state of vmbits
f020baa0662c73aa7e470b1e3856281199ce1ee4,Melanie Plageman,2024-12-17 14:18:59-05:00,Rename LVRelState->frozen_pages
21fb39cb07938d29f2c7cfcf627d1b3d6b48e61c,Tom Lane,2024-12-17 12:23:26-05:00,Set max_safe_fds whenever we create shared memory and semaphores.
c91963da1302e8dd490bde115f3956f7d2f1258d,Tom Lane,2024-12-17 12:08:42-05:00,"Set the stack_base_ptr in main(), not in random other places."
957ba9ff14066782a42ebb974913b2fc616c99e1,Tomas Vondra,2024-12-17 17:48:55+01:00,Detect version mismatch in brin_page_items
8cd44db42a40056a701a4ae03d73bf2cd05781b1,Tomas Vondra,2024-12-17 15:40:07+01:00,Update comments about index parallel builds
fb1a18810f07fc3b722392103d67ce8ed188b63d,Peter Eisentraut,2024-12-17 14:04:55+01:00,Remove ts_locale.c's lowerstr()
d3aad4ac57c5592ade77916404e6d8a989a1d6a1,Peter Eisentraut,2024-12-17 12:52:29+01:00,"Remove ts_locale.c's t_isdigit(), t_isspace(), t_isprint()"
60be3f9f0a64a071822c0711f69c7b5f6467d84f,Richard Guo,2024-12-17 19:53:01+09:00,Avoid unnecessary wrapping for more complex expressions
2364f61488ec1b4bc40d3a73dba4385e8ede65a0,Amit Kapila,2024-12-17 15:08:29+05:30,Doc: Fix the wrong link on pg_createsubscriber page.
fee2b3ea2ecd0da0c88832b37ac0d9f6b3bfb9a9,Michael Paquier,2024-12-17 14:32:35+09:00,Tweak some comments related to variable-numbered stats in pgstat.c
0f23dedc91760271aefe9e3c52d677c079bb7bce,Michael Paquier,2024-12-17 09:44:06+09:00,Print out error position for some more DDLs
e116b703f0b9b551cb413c8f2cfe231a9ce73f42,Michael Paquier,2024-12-17 09:23:49+09:00,pg_combinebackup: Fix PITR comparison test in 002_compare_backups
0cc7da4e234c3027cc1f96ffcb1365bf96301587,Tomas Vondra,2024-12-16 19:17:58+01:00,doc: Mention BRIN indexes support parallel builds
3429145d42e0aee0565328c8ca8378ed17b300dc,Tomas Vondra,2024-12-16 18:47:03+01:00,psql: Tab completion for JOIN ... USING column list
a01f6fa6ad5e232e1bd38c05d443875ae3ba7ee8,Tomas Vondra,2024-12-16 18:47:03+01:00,psql: Tab completion for JOIN ... ON/USING
5dd5786b94cea4652035a5dc55c103ed09b0365b,Tomas Vondra,2024-12-16 18:47:03+01:00,psql: Tab completion for LATERAL joins
86a5d6006aff956a5e00982b7628177fa7dc5027,Jeff Davis,2024-12-16 09:35:18-08:00,Refactor string case conversion into provider-specific files.
de1e29885730851787b467449f525ff6fc7d69fa,Tomas Vondra,2024-12-16 17:30:32+01:00,psql: Tab completion for CREATE MATERIALIZED VIEW ... USING
1e1f70c34a8e8cef8d7f55ecb73ef22771c2e21b,Tomas Vondra,2024-12-16 17:30:04+01:00,psql: Tab completion for CREATE TEMP TABLE ... USING
8f11ef80c5458f0d12eefa1c6fbba81af8bb3042,Tomas Vondra,2024-12-16 17:29:30+01:00,psql: Tab completion for ALTER TYPE ... CASCADE/RESTRICT
e0275c380c3f4c11c0d6b9005b930a4d7e4b6862,Tomas Vondra,2024-12-16 17:29:17+01:00,psql: Tab completion for ALTER TYPE ... ADD ATTRIBUTE
1dfeb6af7f87d5117389870765c210bf6b6b8ed1,Heikki Linnakangas,2024-12-16 15:59:21+02:00,Make 009_twophase.pl test pass with recovery_min_apply_delay set
39240bcad56dc51a7896d04a1e066efcf988b58f,Michael Paquier,2024-12-16 14:52:11+09:00,Print out error position for CREATE DOMAIN
3ad8b840ce8b1d7279f2d0d5fb7d346c0a6a3e8d,Michael Paquier,2024-12-16 11:23:38+09:00,Add some tests for encoding conversion in COPY TO/FROM
bf9165bb0c5cea71e1a9cfa0c584c4d176f6c36f,Tom Lane,2024-12-15 15:50:07-05:00,Declare a couple of variables inside not outside a PG_TRY block.
530f89e648da3a5505920322dcd4e00e15559f66,Tom Lane,2024-12-15 14:14:14-05:00,pgbench: fix misprocessing of some nested \if constructs.
56499315a74f97d220373e396903c389d85c8933,Fujii Masao,2024-12-15 11:18:18+09:00,doc: Clarify old WAL files are kept until they are summarized.
969bbd0fafc0f4d9ef504ca98a127c8d945f71a0,Tom Lane,2024-12-14 16:07:18-05:00,contrib/earthdistance: Use SQL-standard function bodies.
62b7a9a7784eb8b3871368726fc3b8df17d87f32,Álvaro Herrera,2024-12-14 12:55:00+01:00,Refactor some SQL/JSON error messages
7bc9a8bdd2d6f6da664572456f226c54e9c9e3dd,Thomas Munro,2024-12-15 00:41:27+13:00,Fix warnings about declaration of environ on MinGW.
48c142f78d90fcdcbc0557a4bcdc4f47ec32b333,Thomas Munro,2024-12-14 21:52:10+13:00,Remove EXTENSION_DONT_CHECK_SIZE from md.c.
c72ca3ddec15b73d9f9dc3e21b8db5d958b0dad7,John Naylor,2024-12-14 09:52:08+07:00,Fix typo
7b8cb9cd6a76b1b6a77032a1c352b258b6abfd39,Tom Lane,2024-12-13 14:21:36-05:00,Fix possible crash in pg_dump with identity sequences.
3191eccd8a9bff1715f2e4fab86d2932a556185e,Álvaro Herrera,2024-12-13 07:41:36+01:00,Rewrite maybe_reread_subscription() comment
fd41ba93e4630921a72ed5127cd0d552a8f3f8fc,Álvaro Herrera,2024-12-13 07:38:49+01:00,Dump not-null constraints on inherited columns correctly
a0ff56e2d3ff1db3de727b33b2dac985ccc43ef8,Nathan Bossart,2024-12-12 15:52:04-06:00,"Revert ""Don't truncate database and user names in startup packets."""
4766438aa317e85f3d762847b2b009f91f530b6f,Michael Paquier,2024-12-12 16:59:22+09:00,Adjust some comments about structure properties in pg_stat.h
bd10ec529796a13670645e6acd640c6f290df020,David Rowley,2024-12-12 15:28:38+13:00,Detect redundant GROUP BY columns using UNIQUE indexes
d8f335156c57f0df6ae3b1ec31e55979838eb882,Richard Guo,2024-12-12 11:21:51+09:00,Improve the test case from 5668a857d
0172b4c9449e92a3988f669d9e7e9000454d16ce,Michael Paquier,2024-12-12 11:16:45+09:00,Add some regression tests for missing DDL patterns
430a5952deb3bfbfe1e2537315d44427b7c41fb1,David Rowley,2024-12-12 14:22:15+13:00,Defer remove_useless_groupby_columns() work until query_planner()
78c5e141e9c139fc2ff36a220334e4aa25e1b0eb,Masahiko Sawada,2024-12-11 15:54:41-08:00,Add UUID version 7 generation function.
89988ac5891b3d41725472a65e50ae4e192313aa,David Rowley,2024-12-12 09:50:00+13:00,Fix further fallout from EXPLAIN ANALYZE BUFFERS change
e8d59294282bd01bc06f2af13c79b9155024a917,Nathan Bossart,2024-12-11 14:19:14-06:00,Use pg_memory_is_all_zeros() in pgstatfuncs.c.
398d3e3b5b8f4c81795e07655f28036839cc0550,Masahiko Sawada,2024-12-11 10:35:57-08:00,Unmark gen_random_uuid() function leakproof.
0e033f5b6de569e712d5f94b77878b8ffacf6397,Daniel Gustafsson,2024-12-11 12:48:22+01:00,Fix a memory leak in dumping functions with TRANSFORMs
9df2a4b9316fae76477187bb2b64197169f5c346,David Rowley,2024-12-11 23:16:44+13:00,"Add missing BUFFERS OFF in regression tests, take 2"
9fa1aaa6525af044385dbcefe9d9abb5d57578cd,David Rowley,2024-12-11 22:56:36+13:00,Add missing BUFFERS OFF in select_into regression tests
c2a4078ebad71999dd451ae7d4358be3c9290b07,David Rowley,2024-12-11 22:35:11+13:00,Enable BUFFERS with EXPLAIN ANALYZE by default
0f5738202b812a976e8612c85399b52d16a0abb6,David Rowley,2024-12-11 13:47:16+13:00,Use ExprStates for hashing in GROUP BY and SubPlans
a43567483c617fb046c805b61964d5168c9a0553,Jeff Davis,2024-12-10 16:30:37-08:00,Use in-place updates for pg_restore_relation_stats().
8ede5016859e151003fdb662e13d11e43f372174,Michael Paquier,2024-12-11 08:48:47+09:00,Improve reporting of pg_upgrade log files on test failure
50416cc4843a85fcb53507e21577cce16c75c65f,David Rowley,2024-12-11 11:32:15+13:00,Speedup Hash Joins with dedicated functions for ExprState hashing
982890530379235974a7e99fd72e862ae40f1400,Tom Lane,2024-12-10 17:17:28-05:00,Doc: add some commentary about ExecutorRun's NoMovement special case.
8b9cbf4922756d912309567f83f81e41f1737ac7,Noah Misch,2024-12-10 13:51:59-08:00,Fix elog(FATAL) before PostmasterMain() or just after fork().
939b0908c87a7d82171097189b855e5d0d2dd716,Peter Eisentraut,2024-12-10 15:05:58+01:00,Tests for logical replication with temporal keys
74edabce7a33f428371f0da6c0338837fd9ac55e,Peter Eisentraut,2024-12-10 13:26:09+01:00,Support for GiST in get_equal_strategy_number()
13544e790ef8c4fe9043ba59276e5182ce9a623a,Peter Eisentraut,2024-12-10 13:11:34+01:00,Make the conditions in IsIndexUsableForReplicaIdentityFull() more explicit
a2a475b011cf7c25f5a09574def35b335af844ac,Peter Eisentraut,2024-12-10 12:53:27+01:00,Replace get_equal_strategy_number_for_am() by get_equal_strategy_number()
321c287351f707c38c1fa94c1ac89bcc3134ed59,Peter Eisentraut,2024-12-10 12:30:42+01:00,Improve internal logical replication error for missing equality strategy
d37e856410d0856cb851e11b2e0191edf6cde527,Michael Paquier,2024-12-10 13:02:21+09:00,Fix comments of GUC hooks for timezone_abbreviations
7b2690a5713e66c64313cea1cf881da3dcaaae2a,Michael Paquier,2024-12-10 12:54:09+09:00,Fix outdated comment of scram_build_secret()
724890ffb75c703afc1e0287f5a66b94c2998799,Masahiko Sawada,2024-12-09 13:07:06-08:00,Include necessary header files in radixtree.h.
36d0229b8ff5907ccff782e9425d1647401b7e99,David Rowley,2024-12-10 09:24:43+13:00,Doc: fix incorrect EXPLAIN ANALYZE output for bloom indexes
73a392d236965f14b84c0d09f011bda2cba6f8ca,Daniel Gustafsson,2024-12-09 20:58:23+01:00,Fix small memory leaks in GUC checks
0a27c3d0f733c132a4c5122e749a619d02937a8a,Nathan Bossart,2024-12-09 13:47:23-06:00,Fix various overflow hazards in date and timestamp functions.
3eea7a0c97e94f9570af87317ce3f6a41eb62768,Tom Lane,2024-12-09 14:38:19-05:00,Simplify executor's determination of whether to use parallelism.
4d8275046c36792afb3604677c0a53c8530388ae,Heikki Linnakangas,2024-12-09 18:13:03+02:00,"Remove remants of ""snapshot too old"""
f64ec81a810ebd4649beb6c153844fa9ae1ecffe,Richard Guo,2024-12-09 20:38:22+09:00,Avoid unnecessary wrapping for Vars and PHVs
5668a857de4f3f12066b2bbc626b77be4fc95ee5,Richard Guo,2024-12-09 20:36:23+09:00,Fix right-semi-joins in HashJoin rescans
f0c569d7151532fbc9c016b01af49f04a9fb5278,Michael Paquier,2024-12-09 16:41:46+09:00,Fix memory leak in pgoutput with publication list cache
001a537b83ec6e2ab8fa8af44458b0502c94dd5e,Michael Paquier,2024-12-09 14:35:39+09:00,Improve comment about dropped entries in pgstat.c
2d0152d6147bb7d12eb120b7e749a323bf91aa6e,Amit Kapila,2024-12-09 09:11:45+05:30,Improve the error message introduced in commit 87ce27de696.
da99fedf8c1726326868d37a0e886caf9107d040,Michael Paquier,2024-12-09 10:45:28+09:00,Fix invalidation of local pgstats references for entry reinitialization
1fe5a347e36f9f5f288b3574597d4e279fc72a65,David Rowley,2024-12-09 14:23:21+13:00,Fix possible crash during WindowAgg evaluation
3f9b9621766796983c37e192f73c5f8751872c18,Tom Lane,2024-12-07 15:56:28-05:00,Ensure that pg_amop/amproc entries depend on their lefttype/righttype.
c82003760d747a64f2decd9664a766485f66121a,Tom Lane,2024-12-07 14:28:16-05:00,Make getObjectDescription robust against dangling amproc type links.
3220ceaf774a2a11f86b33425d836e7072aed677,Tom Lane,2024-12-07 13:12:32-05:00,Fix is_digit labeling of to_timestamp's FFn format codes.
263a3f5f7f508167dbeafc2aefd5835b41d77481,Peter Eisentraut,2024-12-07 12:55:55+01:00,doc: remove LC_COLLATE and LC_CTYPE from SHOW command
ffe003cae1ff28b698f1769e46e3dc14b5516070,Jeff Davis,2024-12-06 09:59:12-08:00,"Comment fix: ""buffer context lock"" to ""buffer content lock""."
8743ea1b2eb3dfbb024f40e8d9952cd85596f552,Peter Eisentraut,2024-12-06 18:49:01+01:00,Remove useless casts to (const void *)
1319997df92447d9b473a538b109b2d1d560c637,Thomas Munro,2024-12-06 12:44:30+13:00,Fix printf format string warning on MinGW.
792b2c7e6d926e61e8ff3b33d3e22d7d74e7a437,Peter Eisentraut,2024-12-05 07:19:37+01:00,Remove pg_regex_collation
71cb352904c1833fe067d6f191269710fe2ca06f,Thomas Munro,2024-12-05 14:31:39+13:00,Fix header inclusion order in c.h.
76fd342496612c8432ef8f6c71794c935497d3c9,Nathan Bossart,2024-12-04 15:04:15-06:00,Provide a better error message for misplaced dispatch options.
24c1c6338719e4de1dd5f045418e64957781c595,Bruce Momjian,2024-12-04 14:37:24-05:00,Return actual error code from FOP failure in PDF build
dfbb092cff70ee4d4084b7e4e57228a89ff4f9f8,Peter Eisentraut,2024-12-04 16:44:40+01:00,Fix dead code
ccc8194e4275d0be557a9b94126a12b389520593,John Naylor,2024-12-04 16:58:25+07:00,Fix use-after-free in parallel_vacuum_reset_dead_items
7727049e8f663344d4d0457e1d9ec048d626f3d9,Peter Eisentraut,2024-12-04 08:33:28+01:00,Simplify IsIndexUsableForReplicaIdentityFull()
87ce27de6963091f4a365f80bcdb06b9da098f00,Amit Kapila,2024-12-04 09:45:18+05:30,Ensure stored generated columns must be published when required.
77c189cdafe3873b7273149fbc490cc11c431cc3,Bruce Momjian,2024-12-03 22:31:33-05:00,"Properly use $(AWK) in Makefile, not 'awk'"
962da900ac8f0927f1af2fd811ca67fa163c873a,Thomas Munro,2024-12-04 15:05:38+13:00,Use <stdint.h> and <inttypes.h> for c.h integers.
3b08d5224d7df71cc111d8522cf6190fc02f6fb9,Tom Lane,2024-12-03 20:21:23-05:00,"Define __EXTENSIONS__ on Solaris, too."
498f130756914e1bc3125ddfc7e5c86f38ded8e8,Bruce Momjian,2024-12-03 18:27:41-05:00,Fix Makefile so invalid characters warning preserves error code
8b318a168a5830770722c501d7db0607649b3c33,Bruce Momjian,2024-12-03 17:09:49-05:00,"Now that we have non-Latin1 SGML detection, restore Latin1 chars"
7167e05fc7d191bfd59f16d0852705d8f4a3fa08,Jeff Davis,2024-12-03 11:36:21-08:00,Move check for ucol_strcollUTF8 to pg_locale_icu.c
32a7deb2a02bc3c81d61eeb943b03ed2010eaac9,Tom Lane,2024-12-03 12:44:43-05:00,Define _POSIX_C_SOURCE as 200112L on Solaris.
3c5f9f12c807760f6d512957a863113b07a79dcb,Álvaro Herrera,2024-12-03 17:50:57+01:00,Fix synchronized_standby_slots GUC check hook
1e5ef3a2a17974f574b90b86f491d74e32615987,Álvaro Herrera,2024-12-03 15:50:03+01:00,"Drop ""Lock"" suffix from LWLock wait event names"
4cc2a449802ec654b1b3ac4db698c3af4e7fd9f7,Álvaro Herrera,2024-12-03 14:46:31+01:00,Update obsolete comment
84a67725cd11ffbd5c0e142b067ae90dc3e57270,Peter Eisentraut,2024-12-03 14:32:45+01:00,Fix handling of CREATE DOMAIN with GENERATED constraint syntax
1acf10549e64c6a52ced570d712fcba1a2f5d1ec,Peter Eisentraut,2024-12-03 09:04:20+01:00,Fix temporary memory leak in system table index scans
1ba0782ce90cb4261098de59b49ae5cb2326566b,Jeff Davis,2024-12-02 23:24:35-08:00,Perform provider-specific initialization in new functions.
8817e8d3a4e5f00a5583e56a17f5d49a4e21dafd,Michael Paquier,2024-12-03 16:21:07+09:00,doc: Clarify some terms for pg_createsubscriber
e3fa2b037c6f0f435838e99200050dc54c306085,Jeff Davis,2024-12-02 21:59:02-08:00,Fix unintentional behavior change in commit e9931bfb75.
4171c44c9b791da3c00386dc6d8e6b1842e3036b,David Rowley,2024-12-03 17:12:38+13:00,"Revert ""Introduce CompactAttribute array in TupleDesc"""
d28dff3f6cd6a7562fb2c211ac0fb74a33ffd032,David Rowley,2024-12-03 16:50:59+13:00,Introduce CompactAttribute array in TupleDesc
e4c8865196f6ad6bb3473bcad1d2ad51147e4513,Bruce Momjian,2024-12-02 21:25:12-05:00,doc Makefile: issue warning about chars that cannot be output
08691ea958c2646b6aadefff878539eb0b860bb0,Michael Paquier,2024-12-03 09:48:12+09:00,Rework some code handling pg_subscription data in psql and pg_dump
75818b3afbf850d600e0fcd1a3b03199077063f8,Thomas Munro,2024-12-03 10:12:05+13:00,RelationTruncate() must set DELAY_CHKPT_START.
db6a4a985bc09d260d5c29848e3c97f080646a53,Nathan Bossart,2024-12-02 13:30:07-06:00,Deprecate MD5 passwords.
97173536ed4b1c29dce0dc4119db136e142f60a2,Dean Rasheed,2024-12-02 11:37:57+00:00,Add a planner support function for numeric generate_series().
33152358453cc46f986483e9f82418fb8ba8eaef,Dean Rasheed,2024-12-02 11:34:26+00:00,Fix #include order in timestamp.c.
086c84b23d99c2ad268f97508cd840efc1fdfd79,Peter Eisentraut,2024-12-02 08:22:34+01:00,Fix error code for referential action RESTRICT
2f696453d2b39fea800d5f7d8e5d3e1a2266de24,Tom Lane,2024-12-01 14:15:37-05:00,Fix broken list-munging in ecpg's remove_variables().
e032e4c7ddd0e1f7865b246ec18944365d4f8614,Tom Lane,2024-11-30 12:42:19-05:00,"Avoid mislabeling of lateral references, redux."
49ae9fd8b7081c075b74889449b29d47fd80eaf3,Peter Eisentraut,2024-11-30 08:43:46+01:00,doc: Fix typo
5d39becf8ba0080c98fee4b63575552f6800b012,Peter Eisentraut,2024-11-29 11:33:21+01:00,Small indenting fixes in jsonpath_scan.l
1e08905842fbfa9301374f10571116bc5f0f7b8a,Peter Eisentraut,2024-11-29 08:53:00+01:00,doc: Improve description of referential actions
4a2dbfc6be45c4ce2d9ac53502f931e6b1d70318,Peter Eisentraut,2024-11-29 08:52:55+01:00,Add tests for foreign keys with case-insensitive collations
5bba0546eecb32f4ff9388815727304823940ef6,Alexander Korotkov,2024-11-29 09:52:12+02:00,Skip not SOAP-supported indexes while transforming an OR clause into SAOP
b6612aedc53a6bf069eba5e356a8421ad6426486,David Rowley,2024-11-29 15:56:24+13:00,Fix typo in header comment for set_operation_ordered_results_useful
18954ce7f69b0a4725b1cf1845ed5fd3874e2a92,Michael Paquier,2024-11-29 08:53:09+09:00,psql: Sprinkle more CppAsString2() in describe.c
5c9d8636d30d0838c7432c2c75096b4cd7801971,Tom Lane,2024-11-28 17:33:16-05:00,Avoid mislabeling of lateral references when pulling up a subquery.
0c01f509a38f5b1f5fab26d98ae55d796541c2e4,Daniel Gustafsson,2024-11-28 15:17:49+01:00,Fix wording in comment
25ec329afa175a3a27d0d49ef5214d9249421de5,Peter Eisentraut,2024-11-28 09:14:41+01:00,psql: Add tab completion for COPY (MERGE ...
7f798aca1d5df290aafad41180baea0ae311b4ee,Peter Eisentraut,2024-11-28 08:27:20+01:00,Remove useless casts to (void *)
97525bc5c8ffb31475d23955d08e9ec9c1408f33,Thomas Munro,2024-11-28 12:01:14+13:00,Require sizeof(bool) == 1.
4b03a27fafc98e2a34e4e0b5ca44895211e021cc,Nathan Bossart,2024-11-27 16:19:05-06:00,Use __attribute__((target(...))) for SSE4.2 CRC-32C support.
6ba9892f5cb8c2f1c2592198d938cc8f5cf52edc,Álvaro Herrera,2024-11-27 19:49:36+01:00,Make GUC_check_errdetail messages full sentences
fd9924542bccc488731361861903e3f9f3cf11fa,Álvaro Herrera,2024-11-27 19:15:14+01:00,Remove redundant relam initialization
2b41de4a5b429c53ae5fb5ff92b2e9822fd2cd9a,Tom Lane,2024-11-27 12:50:23-05:00,ecpg: clean up some other assorted memory leaks.
85312d95e959bae16c5d0bbf79ae74bcd7fec1a9,Tom Lane,2024-11-27 12:50:23-05:00,ecpg: put all string-valued tokens returned by pgc.l in local storage.
0e6060790d6533847084770845c84e81862bff47,Tom Lane,2024-11-27 12:50:23-05:00,ecpg: fix some memory leakage of data-type-related structures.
5c32c21afe6449a19b6dfafa17f29b71c9595e03,Andrew Dunstan,2024-11-27 12:07:14-05:00,jsonapi: add lexer option to keep token ownership
262283d5eec3d582a8645692fede2e8f5e6029bd,Andres Freund,2024-11-27 11:51:54-05:00,ci: Fix cached MacPorts installation management
61171a632d10ad7abe1d7ad891176266cc5ef0e1,Nathan Bossart,2024-11-27 10:32:25-06:00,Look up backend type in pg_signal_backend() more cheaply.
6a5bcf7f7dd1e3c1c669912d82591397dbe24a10,Andres Freund,2024-11-27 11:17:23-05:00,postmaster: Reduce verbosity of environment dump debug message
631db1d4b251a500e22743fc3eec9fb8724baf67,Fujii Masao,2024-11-27 23:40:11+09:00,file_fdw: Add regression tests for ON_ERROR and other options.
af35fe501af52f90355ac184a17643932a26464f,Fujii Masao,2024-11-27 23:01:53+09:00,pgbench: Ensure previous progress message is fully cleared when updating.
09d09d4297b9acbc2848ec35e8bf030d6c1fae18,Álvaro Herrera,2024-11-27 13:50:27+01:00,Fix pg_get_constraintdef for NOT NULL constraints on domains
0d884f570b72c5b030f7908032946078537ea121,Peter Eisentraut,2024-11-27 11:20:46+01:00,gitattributes: Add .cpp files to whitespace checks
41272784b9383910de737937f1987dd00246f728,Peter Eisentraut,2024-11-27 11:20:46+01:00,Fix typo
96447e9c817143071826c9a5b129f61d17c4ae2e,Peter Eisentraut,2024-11-27 11:20:46+01:00,Exclude LLVM files from whitespace checks
a62d90f2e5cb55d0c8998b63120d6db3c55df866,Thomas Munro,2024-11-27 23:20:10+13:00,"Revert ""Blind attempt to fix _configthreadlocale() failures on MinGW."""
1758d42446161f5dfae9b14791c5640239b86faa,Thomas Munro,2024-11-27 23:13:45+13:00,Require ucrt if using MinGW.
f1da075d9a0373c08af32e31dcbf0809ae4aec2f,Thomas Munro,2024-11-27 23:12:19+13:00,Remove configure check for _configthreadlocale().
63e10988f8705cc56ac242fa21ec42dd87e99cbf,Peter Eisentraut,2024-11-27 10:55:35+01:00,Improve slightly misleading internal error message
9d7aa406d04ce51da38eb5b6402079f60a601aec,Amit Kapila,2024-11-27 14:54:26+05:30,Fix buildfarm failure from commit 8fcd80258b.
85b7efa1cdd63c2fe2b70b725b8285743ee5787f,Peter Eisentraut,2024-11-27 08:19:42+01:00,Support LIKE with nondeterministic collations
8fcd80258bcf43dab93d877a5de0ce3f4d2bd471,Amit Kapila,2024-11-27 09:09:20+05:30,Improve error message for replication of generated columns.
d0eb4297cc5bbfb02b64fdaaf5510415e92e5312,Michael Paquier,2024-11-27 09:31:22+09:00,Handle better implicit transaction state of pipeline mode
6e80951f49f3bc18b5bdfb7e87bc2e0bcfb4af00,Bruce Momjian,2024-11-26 13:08:13-05:00,"Fix commit 641a5b7a144 for ""nbsp"" output in SVG files"
b8f9afc81f26ead612fcfe76301c01d110e36c7e,Andres Freund,2024-11-26 12:44:47-05:00,Distinguish between AcquireExternalFD and epoll_create1 / kqueue failing
4ee130c6e03becefae94e66bf537cd1279823c68,Peter Eisentraut,2024-11-26 18:09:05+01:00,meson: Build pgevent as shared_module rather than shared_library
e6c32d9fad18f5a1dcb13c13f02445061b60523b,Álvaro Herrera,2024-11-26 17:10:07+01:00,Clean up newlines following left parentheses
2a7b2d97171dd39dca7cefb91008a3c84ec003ba,Peter Eisentraut,2024-11-26 08:46:22+01:00,Improve InitShmemAccess() prototype
e15e56713702c45402d2728f3d7d68df96b2fbbe,Richard Guo,2024-11-26 11:12:57+09:00,Fix test case from a8ccf4e93
91f5a4a000ea4979e5490e0a111c24f4486d7361,Michael Paquier,2024-11-26 09:45:34+09:00,pg_amcheck: Use CppAsString2() for relkind and relpersistence in queries
cc4c90cef918fc0cbd13af8b51838c5de5da73bb,Richard Guo,2024-11-26 09:27:53+09:00,Remove dead code in get_param_path_clause_serials()
a8ccf4e93a7eeaae66007bbf78cf9183ceb1b371,Richard Guo,2024-11-26 09:25:18+09:00,Reordering DISTINCT keys to match input path's pathkeys
5b8728cd7f9d3d93b6ff9b48887084fdf0a46e4f,Tom Lane,2024-11-25 18:09:09-05:00,Fix NULLIF()'s handling of read-write expanded objects.
4ba84de459532a7a79616e756f8bfd45ba4b8048,Noah Misch,2024-11-25 14:42:35-08:00,"Avoid ""you don't own a lock of type ExclusiveLock"" in GRANT TABLESPACE."
96a81c1be929d122719bd289f6e24824f37e1ff6,Nathan Bossart,2024-11-25 16:36:37-06:00,pg_dump: Add dumpSchema and dumpData derivative flags.
648333a99f56058abd9abdeb87ab0b9e97709d91,Thomas Munro,2024-11-26 11:29:36+13:00,Clean up <stdbool.h> reference in meson.build.
5980f1884fc911af120c98ad440b9546ed9012c5,Tom Lane,2024-11-25 12:50:17-05:00,Update configure probes for CFLAGS needed for ARM CRC instructions.
4570b22666dd4c45a4c355f7d156d949c0247e2d,Tom Lane,2024-11-25 11:53:26-05:00,Support runtime CRC feature probing on NetBSD/ARM using sysctl().
32a2aa77ef7eec5ca46cfdbe6b175435cac1af61,Peter Eisentraut,2024-11-25 11:44:29+01:00,Add support for Tcl 9
bc5a4dfcf7390145dc3ba3c1c18c5ce561b778cd,Thomas Munro,2024-11-25 20:54:28+13:00,Assume that <stdbool.h> conforms to the C standard.
d4d11940df94ee13166dda70271ff3b97e43bc9b,Alexander Korotkov,2024-11-25 09:07:30+02:00,Remove the wrong assertion from match_orclause_to_indexcol()
d05a387d9d78a65db2c960d4f309a2649d183066,Amit Kapila,2024-11-25 11:12:32+05:30,Doc: Clarify the `inactive_since` field description.
db80507d98462d95f2f7f8c1a58e55bb6337c3eb,Michael Paquier,2024-11-25 09:43:16+09:00,Simplify some SPI tests of PL/Python
2ff7c913d92d8540e8b00c54746ce2f565521256,Michael Paquier,2024-11-25 09:15:25+09:00,doc: Fix example with __next__() in PL/Python function
5de08f136ad690cde9a99c09c398ddb0c9272f11,Noah Misch,2024-11-24 12:49:53-08:00,"Test ""options=-crole="" and ""ALTER DATABASE SET role""."
ae4569161a27823793ca24825bbabce2a91a0bc9,Alexander Korotkov,2024-11-24 01:41:45+02:00,Teach bitmap path generation about transforming OR-clauses to SAOP's
d4378c0005e61b1bb78e88097ea6efcdddbe2d6e,Alexander Korotkov,2024-11-24 01:40:20+02:00,Transform OR-clauses to SAOP's during index matching
869ee4f10eca2acda3d2210198a46d5029a569fc,Jeff Davis,2024-11-22 12:40:24-08:00,Disallow modifying statistics on system columns.
efdc7d747539fccc7c9a946bfcb4ded716f679f1,Nathan Bossart,2024-11-22 12:41:57-06:00,Add INT64_HEX_FORMAT and UINT64_HEX_FORMAT to c.h.
8589876b796e1b78ccb38c3557f648f2b5f336ba,Nathan Bossart,2024-11-22 12:17:35-06:00,Add a couple of recent commits to .git-blame-ignore-revs.
8fb5936703e84945766b8425bfe54e0060dea231,Heikki Linnakangas,2024-11-22 17:43:04+02:00,Make the memory layout of Port struct independent of USE_OPENSSL
ee937f0409d5c75855861bf31f88eeb77623b411,Heikki Linnakangas,2024-11-22 16:28:24+02:00,Fix data loss when restarting the bulk_write facility
aac831cafa6f3106dfcbd3298757801c299351fc,Thomas Munro,2024-11-22 21:45:25+13:00,Use auxv to check for CRC32 instructions on ARM.
ea15816928c1bbcab749205a263d82daea28a3e0,Michael Paquier,2024-11-22 14:04:21+09:00,psql: Fix category of \parse in output of --help=commands and \?
768dfd8e6575f752f722d0a0ad69adebf0045a39,Michael Paquier,2024-11-22 12:17:37+09:00,psql: Include \pset xheader_width in --help=commands|variables
78c09bd9f94e8d9b5dc65ebcad4145e71381ce9d,Thomas Munro,2024-11-22 15:29:47+13:00,jit: Use -mno-outline-atomics for bitcode on ARM.
c06e71d1acaf490660ed4ae5c28b3079628746b0,Michael Paquier,2024-11-22 10:12:26+09:00,Add write_to_file to PgStat_KindInfo for pgstats kinds
4c4aaa19a6fed39e0eb0247625331c3df34d8211,Bruce Momjian,2024-11-21 17:14:33-05:00,doc:  clarify how logical replication takes its initial snapshot
53dcba9be5746cc126bdb949bf81c29ea2cfc24d,Peter Eisentraut,2024-11-21 21:40:17+01:00,pgindent run
b5be29ecafe1653ec53f49cbc4789b9683648bc0,Álvaro Herrera,2024-11-21 17:04:26+01:00,Fix newly introduced 010_keep_recycled_wals.pl
7300ff1bd8fa64c0feab1d490b709d553e9a438e,Álvaro Herrera,2024-11-21 16:54:36+01:00,Fix outdated bit in README.tuplock
79b575d3bc09cc67a7b5c2da454aeb35f4beccc5,Peter Eisentraut,2024-11-21 13:50:18+01:00,Fix ALTER TABLE / REPLICA IDENTITY for temporal tables
da94e871e8877d1f1054277b24b604bf1c0036a6,Álvaro Herrera,2024-11-21 10:54:30+01:00,Unify repetitive error messages
ea792bfd93ab8ad4ef4e3d1a741b8595db143677,Michael Paquier,2024-11-21 15:14:02+09:00,Fix memory leak in pgoutput for the WAL sender
f95da9f0e091ddbc5d50ec6c11be772da009b24e,Bruce Momjian,2024-11-20 17:09:17-05:00,"More logically order libpq func. includes, e.g., group GUC vals"
70236cf22f4c42338d25c07f7fd00bd5c5830eb5,Bruce Momjian,2024-11-20 17:03:45-05:00,doc:  clarify that jsonb_path_match() returns an SQL boolean
f722dd32de49af883b7b58d0ca028835972b7095,Bruce Momjian,2024-11-20 14:48:31-05:00,clarify --no-comments option in --help and SGML files
70743376987af2393e42f3cfc2def4a472070659,Peter Geoghegan,2024-11-20 13:37:08-05:00,Refine nbtree = redundancy preprocessing comment.
94131cd53c1552efe85c3e8120356c22cd658163,Tom Lane,2024-11-20 12:03:47-05:00,Avoid assertion failure if a setop leaf query contains setops.
6c8f670323d22acb62104f7f8f1b1a078dadd255,Fujii Masao,2024-11-20 23:53:19+09:00,file_fdw: Add REJECT_LIMIT option to file_fdw.
15afb7d61c142a9254a6612c6774aff4f358fb69,Michael Paquier,2024-11-20 14:20:52+09:00,doc: Fix section of functions age(xid) and mxid_age(xid)
a43d7a8c7cce00e3fcf330e201a3a94f97097e64,Tom Lane,2024-11-19 18:26:19-05:00,Compare collations before merging UNION operations.
c166454496876818216e222890ab1ae788551c42,Fujii Masao,2024-11-20 02:00:50+09:00,Improve error message for database object stats manipulation functions.
a3699daea2026de324ed7cc7115c36d3499010d3,Michael Paquier,2024-11-19 13:27:42+09:00,libpq: Improve error message when parsing URI parameters and keywords
b38bac26e203ffb4130a6e0f27146cb8d4bbc9c0,Bruce Momjian,2024-11-18 16:30:33-05:00,doc:  clarify pg_dump --no-comments meaning as SQL comments
cffca3665d8238dddf7afb4a3404866e375195c5,Bruce Momjian,2024-11-18 15:34:59-05:00,doc:  clarify text about combining row-level policies
18ea6b3d0da357b5874ab9cf41350d4473b01ee9,Peter Geoghegan,2024-11-18 13:35:28-05:00,nbtree: consistently use minoff variable.
c1c09007e219ae68d1f8428a54baf68ccc1f8683,Michael Paquier,2024-11-18 13:41:10+09:00,Improve some code format in gist.c
03a42c9652f8cc2c447840e39418b862c48fd41d,Michael Paquier,2024-11-18 11:52:35+09:00,Use pg_memory_is_all_zeros() in PageIsVerifiedExtended()
5be1dabd2ae0cf48d927aad363c4b65507e38b25,Michael Paquier,2024-11-18 10:08:38+09:00,Optimize pg_memory_is_all_zeros() in memutils.h
7b88529f4363994450bd4cd3c172006a8a77e222,Noah Misch,2024-11-15 20:39:56-08:00,Fix per-session activation of ALTER {ROLE|DATABASE} SET role.
e5ed873b1b4a395b06a5599100383a95c9846e5b,Masahiko Sawada,2024-11-15 17:06:11-08:00,Fix a possibility of logical replication slot's restart_lsn going backwards.
b69bdcee9c9cfd8550c4e847d035f441fcee7d01,Tom Lane,2024-11-15 18:23:38-05:00,Avoid assertion due to disconnected NFA sub-graphs in regex parsing.
9a70f67667da32f8009364e1096e80ce6996c13c,Fujii Masao,2024-11-16 01:59:33+09:00,Remove unnecessary backslash from CopyFrom() code.
9321d2fdf808e93095c4f86565dc8c8178675841,Peter Eisentraut,2024-11-15 14:55:54+01:00,Fix collation handling for foreign keys
90bcc7c2db1d346e1153748e627c2f922b67eae7,Álvaro Herrera,2024-11-15 12:53:12+01:00,Avoid deleting critical WAL segments during pg_rewind
d31bbfb6590e586f731345960311861d5eb4c23f,Peter Eisentraut,2024-11-15 11:03:48+01:00,Proper object locking for GRANT/REVOKE
cfd7f36c83cdcf6322c7ea0d1d9ef62bc2b00375,Heikki Linnakangas,2024-11-15 10:06:36+02:00,jit: Stop emitting some unnecessary instructions
e468ec0fddcd93e282da6685b75d5687c2a87f2a,Peter Eisentraut,2024-11-15 08:52:43+01:00,Add an assertion in get_object_address()
818119afccd342823e5b638be51f64ba36221318,Michael Paquier,2024-11-15 11:31:58+09:00,Fix race conditions with drop of reused pgstats entries
5b007868577ae18d419c01ee739e5674fa8b2acf,Heikki Linnakangas,2024-11-14 16:12:32+02:00,Pass MyPMChildSlot as an explicit argument to child process
a78af0427015449269fb7d9d8c6057cfcb740149,Heikki Linnakangas,2024-11-14 16:12:28+02:00,Assign a child slot to every postmaster child process
bb861414fea31073f27aaab75a0ceaf3638d7985,Heikki Linnakangas,2024-11-14 16:12:04+02:00,Kill dead-end children when there's nothing else left
18d67a8d7d30884655d65910b82781d9360819a6,Heikki Linnakangas,2024-11-14 16:06:16+02:00,Replace postmaster.c's own backend type codes with BackendType
a274bbb1b3655ae122bba792c8fb9ae8f0ac5b21,Peter Eisentraut,2024-11-14 09:30:14+01:00,Remove a useless cast to (void *) in hash_search() call
13e3796c906befb18c45d4361b2ca0c4f55845c1,Michael Paquier,2024-11-14 13:23:11+09:00,contrib/lo: Use SQL-standard function bodies
93f9b4a93fef5dad585531692f53e42d6e9f7caf,Michael Paquier,2024-11-14 13:10:36+09:00,xml2: Add tests for functions xpath_nodeset() and xpath_list()
3ef038fc4f763f8f6a77c5b3406ab7d837c51c4d,Michael Paquier,2024-11-14 12:24:00+09:00,contrib/lo: Add test for function lo_oid()
4e6e375b0039a2afc5830ec5a161536428767e96,Peter Geoghegan,2024-11-13 09:50:57-05:00,Add nbtree amgettuple return item function.
38c18710b37a2d0e343a8d6b6333cff31498459b,Álvaro Herrera,2024-11-13 11:06:44+01:00,Fix pg_upgrade's cross-version tests when old < 18
f05b5e6346802d58f23d2ba8370091eab7aa5f63,Peter Eisentraut,2024-11-13 10:29:31+01:00,configure.ac: Remove useless AC_SUBST
f683ba0867dacee295eba2e31fa0689a64f7fbe4,Peter Eisentraut,2024-11-13 09:05:02+01:00,doc: Update pg_constraint.conexclop docs for WITHOUT OVERLAPS
d56af4c882e28a4dd91f96b66db6e5861b7b3f86,Peter Eisentraut,2024-11-13 08:53:08+01:00,doc: Add PERIOD to ALTER TABLE reference docs
94daf80bd1a2fb078e3a12b80e00f6c578008a08,Peter Eisentraut,2024-11-13 08:51:23+01:00,doc: Small improvement in CREATE TABLE / PERIOD documentation
bf621059500b9b46dcd728d27e7db94fa26a5d2f,Peter Eisentraut,2024-11-13 08:42:34+01:00,doc: Add WITHOUT OVERLAPS to ALTER TABLE reference docs
d74b590983d18b7c5bdc1679ce85b1600871d874,Michael Paquier,2024-11-13 13:58:09+09:00,Fix comment in injection_point.c
3be30d007514d504b1d0554a20527ee5ba7a6cfb,Peter Geoghegan,2024-11-12 22:09:00-05:00,Fix obsolete nbtree page reuse FSM comment.
93063e2e429b03e8b06295ede0f0ebb5199b656a,Peter Geoghegan,2024-11-12 20:57:45-05:00,Count contrib/bloom index scans in pgstat view.
bfeeb065ea2c870cf4d9dfcd552d23d72432e692,Amit Langote,2024-11-12 20:39:57+09:00,Add missing word in comment
ff239c3bf4e8cc8b758450e82ff698100aa8efc0,Álvaro Herrera,2024-11-12 11:35:43+01:00,Silence compilers about extractNotNullColumn()
3f323eba89fb1ea2220cfe48ea7d9529fffe5cb6,Michael Paquier,2024-11-12 17:28:03+09:00,pg_freespacemap: Use SQL-standard function bodies
db22b900244d3c51918acce44cbe5bb6f6507d32,Alexander Korotkov,2024-11-12 01:44:20+02:00,Fix arrays comparison in CompareOpclassOptions()
73c9f91a1b6d3753451993c5f06ba4b5ccc1f127,Tom Lane,2024-11-11 17:05:53-05:00,Parallel workers use AuthenticatedUserId for connection privilege checks.
c4252c9ef0afea48a59402901c16fc970d838721,Tom Lane,2024-11-11 13:57:21-05:00,Fix cross-version upgrade tests.
a34c33fd2278157de140608523598567bfb7a32f,Tom Lane,2024-11-11 12:20:08-05:00,Avoid bizarre meson behavior with backslashes in command arguments.
5a2fed911a85ed6d8a015a6bafe3a0d9a69334ae,Tom Lane,2024-11-11 10:29:54-05:00,Fix improper interactions between session_authorization and role.
cd7ab57532bb4fbf2e636b1f7d132e6e2d9ac5fc,Nathan Bossart,2024-11-11 09:00:00-06:00,Ensure cached plans are correctly marked as dependent on role.
b7e3a52a877cffb42ec7208232e30a8e44231e01,Noah Misch,2024-11-11 06:23:43-08:00,Block environment variable mutations from trusted PL/Perl.
220cea9411e6164b1a70f8749a806f155f3dc124,Amit Kapila,2024-11-11 15:24:40+05:30,Doc: Add links to clarify the max_replication_slots.
e7a9496de90657e2161f68b3a5a9b2d9b0b7bb07,Michael Paquier,2024-11-11 10:40:48+09:00,Add two attributes to pg_stat_database for parallel workers activity
bf8835ea9717df50230c12133cff1b486dcc57be,Michael Paquier,2024-11-11 10:19:52+09:00,libpq: Bail out during SSL/GSS negotiation errors
5d4298e75f252b162008ad0475f29349023573cb,Michael Paquier,2024-11-11 09:02:30+09:00,pg_stat_statements: Avoid some locking during PGSS entry scans
29d66b2d2f80dba0ac7fa5453d4da2dfbdd5ed2b,Thomas Munro,2024-11-11 12:07:24+13:00,jit: Remove obsolete LLVM version guard.
0fa688406595091c4fb6d65f2d409366cc11394e,Nathan Bossart,2024-11-08 16:11:08-06:00,Fix sign-compare warnings in pg_iovec.h.
caca6d8d276ce57473e97050d19dfe84e59482c8,Peter Geoghegan,2024-11-08 16:34:41-05:00,Assert consistency of currPage that ended scan.
4225276e25403e70de623ca9afd2c061cba24ccc,Nathan Bossart,2024-11-08 14:25:28-06:00,Move check for USE_AVX512_POPCNT_WITH_RUNTIME_CHECK.
b8df690492568d7852b799b4eff3274fbbd91e78,Tom Lane,2024-11-08 13:42:10-05:00,Improve fix for not entering parallel mode when holding interrupts.
b5ee4e52026b03b19ba47cde27bed9cf740576cc,Peter Geoghegan,2024-11-08 13:10:10-05:00,Avoid nbtree parallel scan currPos confusion.
14e87ffa5c543b5f30ead7413084c25f7735039f,Álvaro Herrera,2024-11-08 13:28:48+01:00,Add pg_constraint rows for not-null constraints
075acdd93388c080c0fb0aca5723144ad7a56dac,Amit Langote,2024-11-08 17:25:24+09:00,Disallow partitionwise join when collations don't match
90fe6251c816547b9cb4e1895dd8e6620bae94e1,Amit Langote,2024-11-08 16:07:22+09:00,Disallow partitionwise grouping when collations don't match
f00ab1fd156ea9c6283ffa0be5cddaafecfb0a35,Richard Guo,2024-11-08 11:21:11+09:00,Fix inconsistent RestrictInfo serial numbers
41b98ddb77bf49433f174f03383533dd09bdefec,Nathan Bossart,2024-11-07 15:27:32-06:00,Fix __attribute__((target(...))) usage.
f78667bd910ed5af90d927bbef30b181bc798ef7,Nathan Bossart,2024-11-07 13:58:43-06:00,Use __attribute__((target(...))) for AVX-512 support.
f56a01ebdbd591ddd1428672e53a7c9bc4a5d99d,Álvaro Herrera,2024-11-07 14:06:24+01:00,doc: Reword ALTER TABLE ATTACH restriction on NO INHERIT constraints
d7a2b5bd8718a6207fb364318d7f7cccdf6219c3,Peter Eisentraut,2024-11-07 11:13:06+01:00,Clarify a foreign key error message
987027bcc04397f963bb961092a83067c0e406bb,Michael Paquier,2024-11-07 15:13:50+09:00,Remove an obsolete comment in gistinsert()
7054186c4ebe24e63254651e2ae9b36efae90d4e,Amit Kapila,2024-11-07 08:58:49+05:30,Replicate generated columns when 'publish_generated_columns' is set.
70291a3c66eca599fd9f59f7f6051432b2020f4b,Michael Paquier,2024-11-07 12:11:27+09:00,Improve handling of empty query results in BackgroundPsql::query()
f638aafd1ea8505750ca9546e0e0b2e4cf31027d,Daniel Gustafsson,2024-11-06 15:40:52+01:00,Find invalid databases during upgrade check stage
1e37cc6e2c1f39565275b5dabf0f301c2ece95e1,Daniel Gustafsson,2024-11-06 15:11:14+01:00,Remove unused variable
a0be94067e76c81a2bbba6a98b584b870024e363,Peter Eisentraut,2024-11-06 13:43:17+01:00,doc: Remove event trigger firing matrix
9044fc1d45a0212fd123bd8f364eac058f60fed7,Thomas Munro,2024-11-06 23:17:18+13:00,Monkey-patch LLVM code to fix ARM relocation bug.
ecb5af779877ad3f84e60112ecf0b138e97b847c,Peter Eisentraut,2024-11-06 11:11:52+01:00,Remove unused #include's from bin .c files
ba08edb065459fca62191c020362022efd42b522,Michael Paquier,2024-11-06 15:31:14+09:00,Extend Cluster.pm's background_psql() to be able to start asynchronously
87f81a55632107006e5006a2d0bc5272ebaeca64,David Rowley,2024-11-06 09:16:00+13:00,Fix hypothetical bug in ExprState building for hashing
7bdaa4b54208afe0d0fc691877da920016db6987,Daniel Gustafsson,2024-11-05 13:56:02+01:00,Add a Git .mailmap file
e54688030cfe6fd2b3f9b7f437f2f3a4b75a6b35,Heikki Linnakangas,2024-11-05 12:25:25+02:00,Silence meson warning about PG_TEST_EXTRA in src/Makefile.global.in
7d85d87f4d5c35fd5b2d38adaef63dfbfa542ccc,Michael Paquier,2024-11-05 09:39:43+09:00,Clear padding of PgStat_HashKey when handling pgstats entries
0704aed0d851abe9ec297dbd009951f0feeb12aa,Tom Lane,2024-11-04 18:08:48-05:00,Use portable diff options in pg_bsd_indent's regression test.
3a7ae6b3d91e0d011dba1eb8a29e1836c6a33c75,Alexander Korotkov,2024-11-04 22:47:57+02:00,Revert pg_wal_replay_wait() stored procedure
3293b718a01310c8ce765ace3cb15efcb956a84e,Bruce Momjian,2024-11-04 15:08:01-05:00,doc:  use more accurate URL for bug reporting
b1008c1f01ff5cd35d2394bde2532c40781e696f,Tom Lane,2024-11-04 14:36:11-05:00,"pg_basebackup, pg_receivewal: fix failure to find password in ~/.pgpass."
32d07a000ffa9f5f6fb418a23d1bced22f20481d,Bruce Momjian,2024-11-04 14:10:34-05:00,"doc:  remove check of SVG files, since they are derived"
350e6b8ea86c22c0b95c2e32a4e8d109255b5596,Tom Lane,2024-11-04 13:31:12-05:00,pg_dump: provide a stable sort order for rules.
215f7af27d622162a1e33883f71697af374b98cf,Masahiko Sawada,2024-11-04 10:21:59-08:00,Fix typo in comment of gistdoinsert().
846cfe0dcc0281fd9064798ac3539e20379b9b91,Peter Geoghegan,2024-11-04 12:43:54-05:00,Fix obsolete _bt_first comments.
0d829703363ba70844ff545ccc73befb2a7fed2e,Heikki Linnakangas,2024-11-04 18:28:40+02:00,docs: Consistently use <optional> to indicate optional parameters
b6558e4f837e5c8f923e405ef6ab957ac2bd095a,Peter Geoghegan,2024-11-04 11:04:30-05:00,nbtree: Remove useless 'strat' local variable.
3c0fd64fec8ed6fa3987c33f076fcffbc3f268c3,Heikki Linnakangas,2024-11-04 17:59:24+02:00,Split ProcSleep function into JoinWaitQueue and ProcSleep
0b1765d959508050dba023099e36325cfeec3ff9,Robert Haas,2024-11-04 10:11:05-05:00,pg_combinebackup: Error if incremental file exists in full backup.
6c24801b1717ff68695647068a5ad8ff88f7639d,Robert Haas,2024-11-04 09:55:02-05:00,"pg_combinebackup: When reconstructing, avoid double slash in filename."
7ac744e72c842f528bfbb303e615560f0689619b,Bruce Momjian,2024-11-04 09:24:58-05:00,doc:  fix typo in mvcc clarification in commit 2fa255ce9b9
6ae0897e42416d8954f0340ba7eca6275ed8c8b7,Heikki Linnakangas,2024-11-04 16:21:01+02:00,Move TRACE calls into WaitOnLock()
0464f25b6aa156228982efd46303e8c8dd25cccc,Heikki Linnakangas,2024-11-04 16:20:57+02:00,Set MyProc->heldLocks in ProcSleep
62620b6aadcedf453989e6b426f6ef3284c64bed,Peter Geoghegan,2024-11-04 09:05:59-05:00,Clarify nbtree parallel scan _bt_endpoint contract.
1fe0466cf2cbb909b6553061620b6a6779319406,Heikki Linnakangas,2024-11-04 15:31:46+02:00,Fix comment in LockReleaseAll() on when locallock->nLock can be zero
99b937a44f087c133c4db42e1bf4a8990ea417b9,Heikki Linnakangas,2024-11-04 14:09:38+02:00,Add PG_TEST_EXTRA configure option to the Make builds
3d1aec225ac4a1199079150dabfd0d34c5054127,Heikki Linnakangas,2024-11-04 14:09:25+02:00,"Make PG_TEST_EXTRA env var override the ""meson setup"" option"
5b0c46ea0932e3be64081a277b5cc01fa9571689,Amit Kapila,2024-11-04 09:39:30+05:30,Doc: Update the behavior of generated columns in Logical Replication.
027124a872d7b5dfddc69590af42f626b1727dba,Michael Paquier,2024-11-03 19:42:51+09:00,Add missing newlines at the end of two SQL files
825c72c071969bede8e15846a89a3bfa5b1be66b,Noah Misch,2024-11-02 19:42:52-07:00,"Suppress new ""may be used uninitialized"" warning."
0bada39c83a150079567a6e97b1a25a198f30ea3,Noah Misch,2024-11-02 09:04:56-07:00,Fix inplace update buffer self-deadlock.
b412f402d1e020c5dac94f3bf4a005db69519b99,Noah Misch,2024-11-02 09:04:55-07:00,Move I/O before the index_update_stats() buffer lock region.
2fa255ce9b9536450c9f86bd7c15778f58cf3777,Bruce Momjian,2024-11-01 16:38:16-04:00,doc:   clarify text around MVCC example query
4a9effe45ee96f7105ba19285eff18a634bfee01,Bruce Momjian,2024-11-01 16:20:27-04:00,doc:  remove useless MERGE example
e1a76db1a880c2e80ae96c40a31b0ee589e06562,Bruce Momjian,2024-11-01 15:54:16-04:00,doc:  improve tablespace example query and link to helper funcs.
4200fea80e79851994b8eb5a64a3d4420456c977,Bruce Momjian,2024-11-01 13:54:28-04:00,doc:  fix ALTER DOMAIN domain_constraint to spell out options
94a8c19eed6cdaffad8939a41ed89e3c6afa7c94,Bruce Momjian,2024-11-01 13:32:21-04:00,doc:  explain how the home directory is found on Unix-like syst.
1eb5564230a3b82f7f8e8b91b93114dbde66c811,Bruce Momjian,2024-11-01 13:15:09-04:00,doc: Add link to listen_addresses as cause of connection failure
cf590c568d0535785d594f79dcdaafdfeb46ac2f,Tom Lane,2024-11-01 12:50:01-04:00,Update contrib/sepgsql regression tests for commit 89e51abcb.
641a5b7a1447954076728f259342c2f9201bb0b5,Bruce Momjian,2024-11-01 12:46:51-04:00,doc:  improve build for non-Latin1 characters
fc7ddededb9ee466d20581b966e01a3566b9559f,Peter Geoghegan,2024-11-01 11:43:24-04:00,Clarify nbtree array preprocessing comment.
6d5444c9ed4864be2429f6343d22c85684c4853d,Bruce Momjian,2024-11-01 11:30:54-04:00,doc:  remove mention of ActiveState for Perl and Tcl on Windows
368d8270c838a6c328fc24418603cb172b5e0390,Heikki Linnakangas,2024-11-01 13:47:24+02:00,Rename two functions that wake up other processes
a9c546a5a3783810a1b665f246fc6d0a596d0606,Heikki Linnakangas,2024-11-01 13:47:20+02:00,Use ProcNumbers instead of direct Latch pointers to address other procs
e819bbb7c82ac048ffd865ba3f2d2c4933923c77,Michael Paquier,2024-11-01 17:05:36+09:00,Remove use of pg_memory_is_all_zeros() in bufpage.c
07e9e28b56db4d8533b62b3a921f1e74aae26b1f,Michael Paquier,2024-11-01 11:35:46+09:00,Add pg_memory_is_all_zeros() in memutils.h
49d6c7d8dabad8c59ba21afe72ff32e79f822291,Michael Paquier,2024-11-01 10:32:19+09:00,Add SQL function array_reverse()
2d8bff603c9ee7b284b85016fd1a8849ee36368d,Tom Lane,2024-10-31 16:09:27-04:00,Make all ereport() calls within gram.y provide error locations.
89e51abcb2905d6beaa09a7d3603d6882ac27033,Tom Lane,2024-10-31 16:09:27-04:00,Add a parse location field to struct FunctionParameter.
b82c877e76e2398409e823773413079668cf1881,Heikki Linnakangas,2024-10-31 18:24:48+02:00,Fix refreshing physical relfilenumber on shared index
fb7e27abfbd4e1bae44ce29f5f2c6f6d1aabb5e2,Daniel Gustafsson,2024-10-31 11:38:03+01:00,Remove duplicate words in comments
2b9b8ebbf8a2f621d1cecc4db759700f9ce6ce66,Heikki Linnakangas,2024-10-31 10:09:40+02:00,Split RelationClearRelation into three different functions
8e2e2662214a0a6d0fb23a070ea78d691d8ced43,Heikki Linnakangas,2024-10-31 10:02:58+02:00,Simplify call to rebuild relcache entry for indexes
3974bc319639ad7da5934ba8d04d474a6f7fdee6,David Rowley,2024-10-31 13:44:15+13:00,Remove unused field from SubPlanState struct
baa1ae04299f9e80ee8610a6bd84b9111f4ed615,Michael Paquier,2024-10-31 08:28:20+09:00,injection_points: Improve comment about disabled isolation permutation
492e6b54c604c39ecf5ebc812849185b20c4b1b6,Peter Geoghegan,2024-10-30 15:53:26-04:00,nbtree: assert no scheduled primscan between pages.
81a25790f1f66319b4f088148b97dbb8badd4907,Peter Geoghegan,2024-10-30 13:43:49-04:00,Clarify nbtree array exhaustion comments.
849110dd3eec3e21c358e24f11c6d501d05eee72,Nathan Bossart,2024-10-30 11:28:34-05:00,Optimize sifting down in binaryheap.
af21152268317323480caa790c4a6347110f8085,Tom Lane,2024-10-30 11:42:34-04:00,Stabilize jsonb_path_query test case.
763d65ae254569e0bdbe2cbb27b184112765f24f,Peter Geoghegan,2024-10-30 10:57:19-04:00,Fix bug in nbtree array primitive scan scheduling.
2d5fe514052ad82e46612e4c572f1c999be56a71,Álvaro Herrera,2024-10-30 10:54:03+01:00,Fix some more bugs in foreign keys connecting partitioned tables
2845cd1ca0cd2c11230f75d75405882e8bc35525,Peter Eisentraut,2024-10-30 08:30:00+01:00,meson: Add missing dependency to unicode test programs
745217a051a9341e8c577ea59a87665d331d4af0,Amit Kapila,2024-10-30 12:36:26+05:30,Replicate generated columns when specified in the column list.
f22e436bff779fee4e1ce49733ba5791d4634fb1,Jeff Davis,2024-10-29 10:14:23-07:00,Add missing CommandCounterIncrement() in stats import functions.
30d47ec8c6c78f46bcd7116b7effb6988b126e43,Noah Misch,2024-10-29 09:39:55-07:00,Unpin buffer before inplace update waits for an XID to end.
502e7bf7f09c458ce66ce043b94864b535c5d5d0,Tom Lane,2024-10-29 11:49:38-04:00,Update time zone data files to tzdata release 2024b.
fcbd1bb6613fde5784b54c88e4d0398ab8e13694,David Rowley,2024-10-30 01:38:42+13:00,Reduce variable scope and possibly useless palloc
84b8fccbe5c21cc2a05f8cf91903cadc6ebfe680,David Rowley,2024-10-29 23:28:12+13:00,"Doc: add detail about EXPLAIN's ""Disabled"" property"
014720c6d9fb1285846f0b7cc1c80bdbe887a743,Peter Eisentraut,2024-10-29 10:26:17+01:00,Add missing FATAL => 'all' to a use warnings in Perl
4b7bba49e71266ec378e672a1aaa9f16823449c2,Michael Paquier,2024-10-29 15:35:01+09:00,doc: Add better description for rewrite functions in event triggers
dda781609f977315c9ecdefc1e29f9499393aaa4,David Rowley,2024-10-29 16:24:10+13:00,Doc: clarify enable_indexscan=off also disabled Index Only Scans
49a23441ca7f314c25794a9a547011c0a858cfaa,Michael Paquier,2024-10-29 08:41:33+09:00,Fix dependency of partitioned table and table AM with CREATE TABLE .. USING
70b9adb98eab42bc12ddeea863be335b21b55675,Nathan Bossart,2024-10-28 16:44:31-05:00,Ensure we have a snapshot when updating pg_index in index_drop().
11b7de4a784135d7a9bce4a29ede092797749efc,Tom Lane,2024-10-28 14:39:01-04:00,Unify src/common/'s definitions of MaxAllocSize.
bd2843167200f2607972c0defb916daa79ca265f,Tom Lane,2024-10-28 14:33:55-04:00,Guard against enormously long input in pg_saslprep().
6cfb3a33746990602c790199adc2debb2c4bbb87,Tom Lane,2024-10-28 13:07:32-04:00,Strip Windows newlines from extension script files manually.
8a98822bcc37c03baf44ec39d8e88d9c24647b9d,Peter Eisentraut,2024-10-28 17:44:18+01:00,Fix WAL_DEBUG build
123474cbcebc17d3fd32503092df6e4beb8df0f6,Peter Geoghegan,2024-10-28 12:22:52-04:00,nbtree: Minor sibling link traversal tweaks.
de5afddc3ba4aa41f341f62347ce40bb9ea9d78b,Heikki Linnakangas,2024-10-28 14:07:38+02:00,Fix overflow in bsearch_arg() with more than INT_MAX elements
22bb889f7080d5a2596df2276ccbdb1ace1e4673,Heikki Linnakangas,2024-10-28 13:08:43+02:00,Restore missing line to copyright notice
9be4e5d293b554d8a0800790c57fc707a3b5cf0f,Peter Eisentraut,2024-10-28 08:02:17+01:00,"Remove unused #include's from contrib, pl, test .c files"
1bf1140be87230c71d0e7b29939f7e2b3d073aa1,Amit Kapila,2024-10-28 08:42:05+05:30,Change the default value of the streaming option to 'parallel'.
6b652e6ce85a977e4ca7b8cc045cf4f3457b2d7b,Michael Paquier,2024-10-28 09:03:20+09:00,Set query ID for inner queries of CREATE TABLE AS and DECLARE
33b2fbe0504bd349c3bb86e8711f5531c8ca84b7,Peter Geoghegan,2024-10-27 10:38:24-04:00,Fix obsolete nbtree split buffer comment.
e18512c000eeb0da3509c37ef4a3ce0530b396bd,Peter Eisentraut,2024-10-27 08:26:50+01:00,Remove unused #include's from backend .c files
3aa2373c114124f62e80016d8939331fcb4d5586,Jeff Davis,2024-10-25 16:31:08-07:00,Refactor the code to create a pg_locale_t into new function.
924e03917d6f7c7536b2a1228b5422f175f58f9e,Tom Lane,2024-10-25 12:19:58-04:00,Read extension script files in text not binary mode.
de380a62b5dae610b3504b5036e5d5b1150cc4a4,Melanie Plageman,2024-10-25 10:11:58-04:00,Make table_scan_bitmap_next_block() async-friendly
7bd7aa4d30676de006636bb2c9c079c363d9d56c,Melanie Plageman,2024-10-25 10:11:46-04:00,Move EXPLAIN counter increment to heapam_scan_bitmap_next_block
8e7e672cdaa6bfec85d4d5dd9be84159df23bb41,Noah Misch,2024-10-25 06:51:03-07:00,WAL-log inplace update before revealing it to other sessions.
243e9b40f1b2dd09d6e5bf91ebf6e822a2cd3704,Noah Misch,2024-10-25 06:51:02-07:00,"For inplace update, send nontransactional invalidations."
0fe173680e148984a150326b80c322a91ffa899d,Daniel Gustafsson,2024-10-25 14:00:13+02:00,doc: Fix typo in pg_restore_*_stats function documentation
aa1e898dea666629bb5314fd25445545b9eb7b27,Alexander Korotkov,2024-10-25 13:12:16+03:00,Fix concurrrently in typcache_rel_type_cache.sql
b8a046081c43ce4a0a462812165f34b6026e60ef,Amit Kapila,2024-10-25 14:19:05+05:30,Doc: Add a caution in alter publication.
7175ef870e24763a561821685160c5e35b2e8989,Tatsuo Ishii,2024-10-25 15:06:16+09:00,pgbench: Fix typo.
248c2d19238c7616531caa8b3101cca4f656185c,Michael Paquier,2024-10-25 12:02:04+09:00,Refactor code converting a publication name List to a StringInfo
1564339bfe23b2d1aa6403d6a08a7eaae0373cf9,Michael Paquier,2024-10-25 10:56:34+09:00,Add install rules for Kerberos.pm and AdjustUpgrade.pm
9f00edc2288892a55e2bef464f555e9f5396ff1c,Michael Paquier,2024-10-25 10:34:27+09:00,"injection_points: Disable one permutation in isolation test ""basic"""
ffe12d1d22e73d7bcda1f0ee9af33d04fab199b2,Richard Guo,2024-10-25 09:52:34+09:00,Remove the RTE_GROUP RTE if we drop the groupClause
d32d1463995c036853eeb9ec99cc367ffc7794ae,Jeff Davis,2024-10-24 12:08:00-07:00,"Add functions pg_restore_relation_stats(), pg_restore_attribute_stats()."
534d0ea6c2b915ac9745d2f070afacd7ba003d28,Tom Lane,2024-10-24 13:28:22-04:00,Generalize plpgsql's heuristic for importing expanded objects.
67bab53d64428e4d43386be0e077cd662bc9cad3,Noah Misch,2024-10-24 09:16:38-07:00,Fix parallel worker tracking of new catalog relfilenumbers.
e947224cbbceca535fd00001ba459417e6917d1b,Noah Misch,2024-10-24 09:16:14-07:00,Stop reading uninitialized memory in heap_inplace_lock().
86c30cef4a4cae951b2c30f1790fd5a7b81a2946,Fujii Masao,2024-10-25 00:18:32+09:00,Refactor GetLockStatusData() to skip backends/groups without fast-path locks.
45188c2ea2391b7b24039e1632c726e2fc6b8008,Daniel Gustafsson,2024-10-24 15:20:32+02:00,Support configuring TLSv1.3 cipher suites
3d1ef3a15c3eb68dae44b94e89d04c422b26fc16,Daniel Gustafsson,2024-10-24 15:20:28+02:00,Support configuring multiple ECDH curves
6c66b7443cebf3ff09ea76416a20fb6bb1d32a52,Daniel Gustafsson,2024-10-24 15:20:19+02:00,Raise the minimum supported OpenSSL version to 1.1.1
f81855171f95c4440d1d9f41bc9e5ac47eafb7a0,Daniel Gustafsson,2024-10-24 15:20:16+02:00,Handle alphanumeric characters in matching GUC names
e546989a269d5d73d283901aadcfda8c6d98e87b,Alexander Korotkov,2024-10-24 15:02:21+03:00,Add 'no_error' argument to pg_wal_replay_wait()
73da6b8d1b3e8b7541961c3534e584243cb0470e,Alexander Korotkov,2024-10-24 14:38:27+03:00,Refactor WaitForLSNReplay() to return the result of waiting
6cfebfe88b9a753152862b83d42d1103125b01bd,Alexander Korotkov,2024-10-24 14:38:06+03:00,Make WaitForLSNReplay() issue FATAL on postmaster death
5035172e4ab58e4e8eef1bc60b0712fc59e0be31,Alexander Korotkov,2024-10-24 14:37:53+03:00,Move LSN waiting declarations and definitions to better place
b85a9d046efdd27775cbe7db9e92aad96aab4ada,Alexander Korotkov,2024-10-24 14:35:52+03:00,Avoid looping over all type cache entries in TypeCacheRelCallback()
c1500a1ba7e16ac9e98c6baf792f0be64a48e839,Alexander Korotkov,2024-10-24 14:34:16+03:00,Update header comment for lookup_type_cache()
499edb09741b8fad2de038361fb342aae6e6007f,Michael Paquier,2024-10-24 09:29:54+09:00,Track more precisely query locations for nested statements
4b096c67e0eed81e287094b9692fff72b9ea3eef,Jeff Davis,2024-10-23 16:16:39-07:00,Improve pg_set_attribute_stats() error message.
7b8b8dddd68aca184ae12e01d2f12d1d338e8f90,Masahiko Sawada,2024-10-23 15:37:00-07:00,Fix typo in tidstore.h.
0a3f9838218f6f7ff825bb0af00177681fef83ce,Jeff Davis,2024-10-23 10:28:31-07:00,Another documentation fixup.
56b1e88c804b0c7e32f77b4e2bd3cc42ebdfcc3f,Jeff Davis,2024-10-23 10:24:17-07:00,Fix compiler warning.
07d00692c8da83fe2835900b2294e8966c2be247,Jeff Davis,2024-10-23 09:44:36-07:00,Documentation fixup.
940f7a562731084f7cb23c0a56e46056340ab664,Daniel Gustafsson,2024-10-23 16:13:28+02:00,Fix incorrect struct reference in comment
6d16f9debae0a09a7db91d7f204bda043d04792c,Daniel Gustafsson,2024-10-23 16:10:27+02:00,Make SASL max message length configurable
17b4aa77c3a161a9d0e7b08bd9931fe9fd051540,Daniel Gustafsson,2024-10-23 14:58:17+02:00,doc: Fix INSERT statement syntax for identity columns
55e6d712aff83587c2e06899a794c52fbfb415f6,Amit Langote,2024-10-23 17:54:48+09:00,Remove unnecessary word in a comment
a0bff38d133ac95fb56bbd868a128bba95ec46c9,Michael Paquier,2024-10-23 08:33:54+09:00,ecpg: Fix out-of-bound read in DecodeDateTime()
ce207d2a79017713c0293bf70132dc6d41166b03,Jeff Davis,2024-10-22 15:06:55-07:00,Add functions pg_set_attribute_stats() and pg_clear_attribute_stats().
dbe6bd4343d8cdb1b3cf1f66d6f66dd876a6c09d,Jeff Davis,2024-10-22 12:48:01-07:00,Change pg_*_relation_stats() functions to return type to void.
774171c4f640853b1cf8747a4762631d2f5d25be,Tom Lane,2024-10-22 11:31:45-04:00,Improve reporting of errors in extension script files.
14e5680eee19df8b41ef77330d0b3857f498e4f7,Tom Lane,2024-10-22 11:26:05-04:00,Improve parser's reporting of statement start locations.
7c4d3fe272f3ab62b36f21e3fa6ae00751f00e31,Fujii Masao,2024-10-22 23:57:35+09:00,ecpg: Refactor ecpg_log() to skip unnecessary calls to ECPGget_sqlca().
53af9491a0439720094a11b72602952d79f59ac7,Álvaro Herrera,2024-10-22 16:01:18+02:00,Restructure foreign key handling code for ATTACH/DETACH
e1555645d729e0b91f644954e83e1ed51baa58df,Alexander Korotkov,2024-10-22 13:25:11+03:00,Make all Perl warnings fatal in 043_wal_replay_wait.pl
d2b4b4c2259e21ceaf05e393769b69728bfbee99,Peter Eisentraut,2024-10-22 08:17:42+02:00,Fix C23 compiler warning
45e0ba30fc40581f320fac17ad8b4e0676e1b3b5,Michael Paquier,2024-10-22 13:05:51+09:00,pg_stat_statements: Add tests for nested queries with level tracking
68ad9816c189958a0731d8d5ead7545878fdf15d,Tom Lane,2024-10-21 15:08:22-04:00,"Fix wrong assertion and poor error messages in ""COPY (query) TO""."
3c7d78427ea9d92d346ee9aada4fa483bd1059e8,Heikki Linnakangas,2024-10-21 14:28:43+03:00,Update outdated comment on WAL-logged locks with invalid XID
1a43de5e0a591b66ef3d92f3fac5aefcc2dc02fe,Heikki Linnakangas,2024-10-21 09:49:21+03:00,Fix race condition in committing a serializable transaction
57a36e890d3d60e6408bf6805e91c82f7b370873,Michael Paquier,2024-10-21 11:25:29+09:00,Fix grammar of a comment in bufmgr.c
a7800cf498a36456bf4bd7a52e3b81cc225c5a65,Michael Paquier,2024-10-21 11:10:51+09:00,injection_points: Add basic isolation test
f1c141fe143cc362d6db918db5008c25e2df7a62,Álvaro Herrera,2024-10-20 15:36:20+02:00,Note that index_name in ALTER INDEX ATTACH PARTITION can be schema-qualified
11c87216d134a606938531e52edab6189bce6c2d,Amit Langote,2024-10-20 12:20:55+09:00,SQL/JSON: Fix some oversights in commit b6e1157e7
52475b4d30984e377542f964951bea57b0b26e92,Tom Lane,2024-10-19 11:44:14-04:00,Fix comment about pg_authid.
779972e534c05c51be3e593b0681029afb1bd155,Jeff Davis,2024-10-18 10:57:46-07:00,Disable autovacuum for tables in stats import tests.
b391d882ff38da423dc99fc6224bde4be4100212,Jeff Davis,2024-10-18 10:44:15-07:00,Allow pg_set_relation_stats() to set relpages to -1.
1bd4bc85cac2b23484a6b568a752de0351c2cc5b,Peter Geoghegan,2024-10-18 11:25:32-04:00,Optimize nbtree backwards scans.
9e2d813d59a90e832e04ede62b8d4b2197513902,Nathan Bossart,2024-10-18 10:20:15-05:00,Adjust documentation for configuring Linux huge pages.
4b652692e97923298d0c7b9c1c303fc648984d92,Peter Eisentraut,2024-10-18 11:29:20+02:00,Fix memory leaks from incorrect strsep() uses
24a36f91e32d6cbb8182c4cc6529d6e47587c988,Peter Eisentraut,2024-10-18 11:15:54+02:00,Fix strsep() use for SCRAM secrets parsing
9272bdeac879ae44907422dd545f8d767b39c5ad,Fujii Masao,2024-10-18 17:18:57+09:00,Remove unused code for unlogged materialized views.
19567b3eb4074c39b48f5557f268c3fb21dfa0f6,Michael Paquier,2024-10-18 13:49:58+09:00,Fix description of PostgreSQL::Test::Cluster::wait_for_event()
eecd9138a0ef565366427a88866d0651530f7da4,Jeff Davis,2024-10-17 14:56:44-07:00,Improve ThrowErrorData() comments for use with soft errors.
1fed234f9faf1071d925434c5e9c14688fb4c77e,Tom Lane,2024-10-17 15:28:32-04:00,ecpg: fix more minor mishandling of bad input in preprocessor.
98c7c7152d2d4670a349c0fe48f05cf95c0b1185,Thomas Munro,2024-10-17 22:11:59+13:00,Fix extreme skew detection in Parallel Hash Join.
d893a299ce68f56522073a1b43d65764a552ae0d,Peter Eisentraut,2024-10-17 08:57:56+02:00,Remove superfluous forward declaration
6234a9ce0ef188d73caca1fe0f2ce79d2029009c,Peter Eisentraut,2024-10-17 08:43:08+02:00,Fix whitespace
665785d85f8b9a7250802d7fadd84841bb0aafa1,Peter Eisentraut,2024-10-17 08:36:48+02:00,Fix unnecessary casts of copyObject() result
eafda78fc404c706da4cfa254dafb3e97f6cd111,Peter Eisentraut,2024-10-17 08:36:48+02:00,Improve node type forward reference
41b023946dfd20acbc4f3b14650a032eb46f5216,Peter Eisentraut,2024-10-17 08:23:46+02:00,jsonapi: fully initialize dummy lexer
342fb8a332007fb64fb1450e28194c36e9da3d6b,Peter Eisentraut,2024-10-17 08:14:45+02:00,Fix unusual include style
9ca67658d19e6c258eb4021a326ed7d38b3ab75f,David Rowley,2024-10-17 14:25:08+13:00,Don't store intermediate hash values in ExprState->resvalue
089aac631b5ba53be0ecf8ea2e8d81388d69629c,Michael Paquier,2024-10-17 08:44:50+09:00,Fix validation of COPY FORCE_NOT_NULL/FORCE_NULL for the all-column cases
03bf0d9a4ba0fb7a908b5a79eb80e0c983b51e87,Michael Paquier,2024-10-17 07:21:35+09:00,Rewrite some regression queries for option checks with COPY
c0490b0ef773d8694d1a9bfbf4116a102c07458d,Peter Geoghegan,2024-10-16 17:38:38-04:00,nbtree: fix read page recheck typo.
c96de42c4b5f5d7bf785265cf26836326e28c6b6,Tom Lane,2024-10-16 17:36:40-04:00,Further refine _SPI_execute_plan's rule for atomic execution.
a7f2f6adc240a2823c2344b89e90bb630dea8803,Jeff Davis,2024-10-16 12:21:13-07:00,Whitespace fixup from generated unicode tables.
b360d1762b55c3ff36e8b14c6a2286e5d4f61974,Jeff Davis,2024-10-16 12:13:40-07:00,Fix #include order from e839c8ecc9.
1b9b6cc3456be0f6ab929107293b31c333270bc1,Masahiko Sawada,2024-10-16 12:08:05-07:00,Reduce memory block size for decoded tuple storage to 8kB.
9b4bf5169064044ff082c61bf0783c4a65c08734,Tom Lane,2024-10-16 12:25:00-04:00,ecpg: fix some minor mishandling of bad input in preprocessor.
79fa7b3b1a449680d9e51624834fbb4b32208659,Peter Geoghegan,2024-10-16 12:17:49-04:00,Normalize nbtree truncated high key array behavior.
c259b1578e006b2f808595fac4d8e45c5cce9d73,Amit Langote,2024-10-16 20:37:02+09:00,Fix typo in comment of transformJsonAggConstructor()
04bec894a04cb0d32533f1522ab81b7016141ff1,Peter Eisentraut,2024-10-16 08:48:10+02:00,initdb: Change default to using data checksums.
67846550dc6d7d90db4d98cdd8a8440725ef5c65,Peter Eisentraut,2024-10-16 08:28:12+02:00,doc: Fix initdb option xreflabels
d5ca15ee54bf7faf038a38408e8adec971740966,Nathan Bossart,2024-10-15 16:20:49-05:00,Add type cast to foreach_internal's loop variable.
2453196107de66cff0257feef2ff8585dcf9d924,David Rowley,2024-10-15 21:14:21+13:00,Move clause_sides_match_join() into restrictinfo.h
7cdfeee320e72162b62dddddee638e713c2b8680,Masahiko Sawada,2024-10-14 17:22:02-07:00,Add contrib/pg_logicalinspect.
e2fd615ecc177493b9a961a640ec0dcc4a25755c,Masahiko Sawada,2024-10-14 17:19:33-07:00,Move SnapBuild and SnapBuildOnDisk structs to snapshot_internal.h.
dbedc461b4e7a9cb4d6f5777174bdf180edb95fd,Tom Lane,2024-10-14 16:13:56-04:00,ecpg: invent a saner syntax for ecpg.addons entries.
143e3a1ab8dfd4de507900e2e3a584db89155467,Nathan Bossart,2024-10-14 15:09:39-05:00,Add commit 7f7474a8e4 to .git-blame-ignore-revs.
d2f41b4621de6d0e9eeaa4ea1d60cad190406f5e,Tom Lane,2024-10-14 15:59:29-04:00,ecpg: add cross-checks to parse.pl for usage of internal tables.
66ac94cdc79216e85f4c9e2d445c6f025653668e,Jeff Davis,2024-10-14 12:48:43-07:00,Move libc-specific code from pg_locale.c into pg_locale_libc.c.
9812138593f3e56735d93715a6dc2ed2d392611e,Tom Lane,2024-10-14 15:42:02-04:00,ecpg: avoid breaking the IDENT precedence level in two.
f244a2bb4c5520fc0271e638598abcbe7c9bc8cf,Jeff Davis,2024-10-14 12:13:26-07:00,Move ICU-specific code from pg_locale.c into pg_locale_icu.c.
1acd0f55274fab8c936779a0f2b738f6005cc48f,Tom Lane,2024-10-14 13:55:08-04:00,ecpg: improve preprocessor's memory management.
f18231e817599246fc99a798c9bf57ab785db91f,Tom Lane,2024-10-14 13:47:59-04:00,ecpg: move some functions into a new file ecpg/preproc/util.c.
a542d5614bdb6430094556162b9ca2f01d35f9dc,Tom Lane,2024-10-14 13:44:42-04:00,ecpg: re-implement preprocessor's string management.
6b005499447512abfa1e4add87dcf3e2859c4f9e,Tom Lane,2024-10-14 13:37:33-04:00,"ecpg: major cleanup, simplification, and documentation of parse.pl."
293fd24425b59b9ac3386448c682c1f6c81fbbc8,Tom Lane,2024-10-14 13:33:41-04:00,ecpg: remove check_rules.pl.
00b0e7204d530d878b188254b62008651030921a,Tom Lane,2024-10-14 13:29:36-04:00,"ecpg: clean up documentation of parse.pl, and add more input checking."
7be4ba4a9d560bc6dfb19749ad58cfc1a04d3a7c,Masahiko Sawada,2024-10-14 09:53:05-07:00,Remove obsolete comment in reorderbuffer.h.
4681ad4b2fb06e3aca9e300358e62d9b066e9dce,Masahiko Sawada,2024-10-14 09:49:29-07:00,Use construct_array_builtin for FLOAT8OID instead of construct_array.
c594f1ad2ba7cbe66e8ae98da4ffed06491d1082,Peter Eisentraut,2024-10-14 15:36:18+02:00,Track scan reversals in MergeJoin
0d2aa4d4937bb0500823edfc7d620f4e5fa45b9c,Peter Eisentraut,2024-10-14 15:36:02+02:00,Track sort direction in SortGroupClause
e7d0cf42b1acb185edc947a8732843966ea3c160,Peter Eisentraut,2024-10-14 11:25:03+02:00,Allow TAP tests to force checksums off when calling init()
199ad00e4b59a04263fd79fb115aecce2fb0851b,Peter Eisentraut,2024-10-14 11:25:03+02:00,Run pgperltidy on newly-added test code
40f4f2fa659408fd4d52f2de46c9d17d4f3b7e1e,Daniel Gustafsson,2024-10-14 10:15:33+02:00,doc: Add anchors for COPY format descriptions
a2d9a9b95ad933853dd18894393615d37257f43b,Peter Eisentraut,2024-10-14 08:33:36+02:00,Remove traces of BeOS.
9f34cae1426fe5ab915c95b7e26b1efffbb2ca0f,Michael Paquier,2024-10-14 12:27:51+09:00,psql: Fix \watch when using interval values less than 1ms
35a015a60045c2daa532c7a9545818856f09d57a,Jeff Davis,2024-10-13 13:44:23-07:00,Fixup for pg_set_relation_stats().
c0b74323dc7b47644f074cf98597723ca55b2309,Michael Paquier,2024-10-13 11:20:30+09:00,Use MAX_PARALLEL_WORKER_LIMIT for max_parallel_maintenance_workers
9f954177b1eb0f890a8e1f4ebaf90bea54c4871b,Tom Lane,2024-10-12 14:56:08-04:00,Correctly identify which EC members are computable at a plan node.
98c5b191e74b65b74149bb436b057d7007d401a7,Jeff Davis,2024-10-11 16:59:29-07:00,Fix missed case for builtin collation provider.
e839c8ecc9352b7754e74f19ace013c0c0d18613,Jeff Davis,2024-10-11 16:55:11-07:00,"Create functions pg_set_relation_stats, pg_clear_relation_stats."
6f782a2a1738ab96ee948a4ab33ca3defd39327b,Daniel Gustafsson,2024-10-11 21:58:58+02:00,Avoid mixing custom and OpenSSL BIO functions
4e1fad37872e49a711adad5d9870516e5c71a375,Nathan Bossart,2024-10-11 11:02:09-05:00,Add pg_ls_summariesdir().
add77755ce851fae2f72be4b9c56a606f9362895,Heikki Linnakangas,2024-10-11 11:09:09+03:00,Mark consume_xids test functions VOLATILE and PARALLEL UNSAFE
682512dca870f46cf2c0b9e227702dffc5de5ef0,Daniel Gustafsson,2024-10-11 10:04:23+02:00,Fix typo in connection limits test
099c572d3384f1cbac6f6a108f56de222c10c11e,Álvaro Herrera,2024-10-11 09:54:18+02:00,Use deconstruct_array_builtin instead of deconstruct_array
cae0f3c40554e85cd004732f3f57b9cb936136d2,Tatsuo Ishii,2024-10-11 13:40:23+09:00,pgbench: Improve result outputs related to failed transactions.
161320b4b960ee4fe918959be6529ae9b106ea5a,David Rowley,2024-10-11 17:19:59+13:00,Adjust EXPLAIN's output for disabled nodes
c75c6f8d280a3364643fc51f9c9fdf2dee0213c2,Tom Lane,2024-10-10 17:02:08-04:00,Don't hard-code the input file name in gen_tabcomplete.pl's output.
95eb4cd4ff0648afc32abbfaacc9718f6b91bf7b,Tom Lane,2024-10-10 16:17:38-04:00,Avoid possible segfault in psql's tab completion.
fd64ed60b62697984bb69a09a3ae19fbe2905eb6,Álvaro Herrera,2024-10-10 17:41:01+02:00,Unbreak overflow test for attinhcount/coninhcount
1909835c28a144bf957254eea1f4a4dabafbbaee,Fujii Masao,2024-10-11 00:12:29+09:00,Improve descriptions of some pg_stat_checkpoints functions in pg_proc.dat.
5a4416192d220410779a4ef6d433e067ba7a7043,Tom Lane,2024-10-09 17:07:53-04:00,Avoid crash in estimate_array_length with null root pointer.
f3f06b13308e3c250bb8b0afee861744cda06cf6,Michael Paquier,2024-10-09 18:47:34+09:00,Apply GUC name from central table in more places of guc.c
67a54b9e83d331eadd3a595e6c3bfec06288d2c4,Richard Guo,2024-10-09 17:19:04+09:00,Allow pushdown of HAVING clauses with grouping sets
828e94c9d2fd87c06a75354361543119d9937068,Richard Guo,2024-10-09 17:14:42+09:00,Consider explicit incremental sort for mergejoins
c4528fdfa903c74cf99837a554bd3c7e115bb366,Daniel Gustafsson,2024-10-09 09:34:34+02:00,Remove incorrect function import from pgindent
97354286619904bbfd2607b14f3f0d01926e95d0,Tom Lane,2024-10-08 19:46:50-04:00,Allow roles created by new test to log in under SSPI.
cf54a2c002544a4b7934deb44c895750aadb0a3c,Michael Paquier,2024-10-09 08:30:45+09:00,pg_stat_statements: Add columns to track parallel worker activity
de3a2ea3b264a5625cda6d8968f75e9bfb4dbdcb,Michael Paquier,2024-10-09 08:07:48+09:00,Introduce two fields in EState to track parallel worker activity
01fce8dab16385573ba0f2ddd3d52ba3514a6562,Tom Lane,2024-10-08 14:13:01-04:00,Silence assorted annoying test output.
2d24fd942c7010247c5b7b54b416acf7f4592a4e,Tom Lane,2024-10-08 13:52:14-04:00,Add min and max aggregates for bytea type.
57f37024712702350b714cf64215077f1d75c568,Andres Freund,2024-10-08 11:37:45-04:00,Use aux process resource owner in walsender
755a4c10d19dbe432a1860cced914c570ff3becc,Andres Freund,2024-10-08 11:37:45-04:00,bufmgr/smgr: Don't cross segment boundaries in StartReadBuffers()
488f826c729bd570c36df369fa8ac90c9a5a1b46,Andres Freund,2024-10-08 11:37:45-04:00,bufmgr: Return early in ScheduleBufferTagForWriteback() if fsync=off
c01fd93088da36f2473a6b1bad3fce3e04c685a1,Tom Lane,2024-10-08 11:15:16-04:00,Silence buildfarm warning chatter from bd1276a3c.
05d1b9b5c286424dea2a91cf906c49c9d22ff4bf,Heikki Linnakangas,2024-10-08 15:47:51+03:00,Fix typo and run pgperltidy on newly-added test
2bbc261ddbdfee2def5d14ee9fcc09c70bdf84e6,Heikki Linnakangas,2024-10-08 15:06:34+03:00,Use an shmem_exit callback to remove backend from PMChildFlags on exit
85ec945b7880931cb506392101cb0b00209b78ba,Heikki Linnakangas,2024-10-08 15:06:31+03:00,Add test for dead-end backends
6a1d0d470e84f960a50cbe0cd1e2eee4b8c9baa5,Heikki Linnakangas,2024-10-08 15:06:26+03:00,Add test for connection limits
5b7da5c261d1af1a5d6a275e1090b07de3654033,Tatsuo Ishii,2024-10-08 20:25:18+09:00,Doc: add check to detect non-breaking spaces in the docs.
a39297ec026c556b1bf2963dde766db31a2c3d2d,Fujii Masao,2024-10-08 18:23:43+09:00,Move check for binary mode and on_error option to the appropriate location.
4ac2a9beceb10d44806d2cf157d5a931bdade39e,Fujii Masao,2024-10-08 18:19:58+09:00,Add REJECT_LIMIT option to the COPY command.
d759c1a0b864366d3592203c782027825ec4c8c8,Amit Kapila,2024-10-08 12:25:52+05:30,Stabilize the test added by commit 022564f60c.
4572d59e3c9b0ef6c056544b6336561efd9bb5ec,Michael Paquier,2024-10-08 10:51:20+09:00,Improve style of two code paths
a9ed7d944965865e5c6b44e58602f621cd185856,Jeff Davis,2024-10-07 17:51:14-07:00,Fix search_path cache initialization.
c3b80a7e98456904a2bf8f06a0cbf10f8dae1e83,Nathan Bossart,2024-10-07 17:17:39-05:00,Fix test for password hash length limit.
8318f2b170d81e6792b90f2aa2b491a2b7add441,Nathan Bossart,2024-10-07 16:49:20-05:00,vacuumdb: Schema-qualify operator in catalog query's WHERE clause.
5d6187d2a28326b3414c394ec4c28c51bb513c44,Nathan Bossart,2024-10-07 13:51:03-05:00,Fix Y2038 issues with MyStartTime.
f391d9dc93a24923c57bb0e044161d3f0b840770,Tom Lane,2024-10-07 12:22:10-04:00,Convert tab-complete's long else-if chain to a switch statement.
bd1276a3c9433a9e2760db6ae6e73560d7d32a22,Tom Lane,2024-10-07 12:19:12-04:00,Prepare tab-complete.c for preprocessing.
ef0938f7bdd0838857da38b9a660191ec8411696,Tom Lane,2024-10-07 12:13:02-04:00,"Invent ""MatchAnyN"" option for tab-complete.c's Matches/MatchesCS."
8275325a06ed91c053e046422a193dc6d56a70c5,Nathan Bossart,2024-10-07 10:56:16-05:00,Restrict password hash length.
022564f60ca5cade8fd663906f3ee514573b4b5e,Amit Kapila,2024-10-07 15:38:45+05:30,Fix fetching default toast value during decoding of in-progress transactions.
6ae387eb6334e71c94347b50b711b6750ef71b50,Daniel Gustafsson,2024-10-07 11:50:39+02:00,doc: Quote value in SET NAMES documentation
e09fff7c980a8b545a18e119be41bf67cd2e9182,Michael Paquier,2024-10-07 15:47:40+09:00,doc: Add minimal C and SQL example to add a custom table AM handler
2e7c4abe5a88a1528236a13c9ef2e351a97fa022,Michael Paquier,2024-10-07 12:36:00+09:00,"Use camel case for ""DateStyle"" in some error messages"
f8d9a9f21e2fec4f67af7b430b981b6e6e7a0906,Tom Lane,2024-10-06 16:03:48-04:00,Ignore not-yet-defined Portals in pg_cursors view.
70fea390cfa71c438998993bebfb584effd3e7df,Andrew Dunstan,2024-10-06 10:34:45-04:00,Move Cluster.pm initialization code to a more obvious place
430ce189fc4521a1c197eee36b8ca6b37b29e86e,Michael Paquier,2024-10-06 18:23:02+09:00,libpq: Discard leading and trailing spaces for parameters and values in URIs
68dfecbef210dc000271553cfcb2342989d4ca0f,Tom Lane,2024-10-05 14:46:44-04:00,Use generateClonedIndexStmt to propagate CREATE INDEX to partitions.
f9ecb57a506ada358baa19287d2c438ad01cdbce,Heikki Linnakangas,2024-10-05 15:31:06+03:00,Clean up WaitLatch calls that passed latch without WL_LATCH_SET
094ae071605d938c46b440b4c27b11f73a241422,Heikki Linnakangas,2024-10-05 15:09:32+03:00,Remove unneeded #include
6c0c49f7d37dc29775947ac6edbc494c32f43fa6,Heikki Linnakangas,2024-10-05 15:09:27+03:00,Remove unused latch
adbb27ac89e07cfbd94ea07a53930addfc3895ee,Thomas Munro,2024-10-05 13:50:02+13:00,Reject non-ASCII locale names.
f22e84df1dea96c8f4b0f7369ea60607fbb9ce10,Tom Lane,2024-10-04 12:01:50-04:00,ecpg: avoid adding whitespace around '&' in connection URLs.
ddbba3aac868132137782b02a4e81218cfd3b4b9,Peter Eisentraut,2024-10-04 12:47:35+02:00,Rename PageData to GenericXLogPageData
9428c001f67540e6206b7a76adfc5377d9207777,Dean Rasheed,2024-10-04 09:49:24+01:00,"Speed up numeric division by always using the ""fast"" algorithm."
4dd308730029f5d90bd188f181c2dd9d7630ea69,Michael Paquier,2024-10-04 12:51:17+09:00,Remove assertion checking query ID in execMain.c
259a0a99fe3d45dcf624788c1724d9989f3382dc,Dean Rasheed,2024-10-03 13:48:32+01:00,Fix wrong varnullingrels error for MERGE WHEN NOT MATCHED BY SOURCE.
dddb5640c6d32f3d48994dac0f4e80d0f4567262,Dean Rasheed,2024-10-03 12:53:03+01:00,Fix incorrect non-strict join recheck in MERGE WHEN NOT MATCHED BY SOURCE.
19531968e84557693576928b3184ccc549aa44c8,Amit Langote,2024-10-03 20:00:36+09:00,Replace Unicode apostrophe with ASCII apostrophe
e55f025b059fb02b659f12f3003c160ed4674dc8,Fujii Masao,2024-10-03 15:59:16+09:00,Refactor CopyFrom() in copyfrom.c.
a1c4c8a9e1e3a53996dafa1f4ee6d4f7de2c58b2,Fujii Masao,2024-10-03 15:57:32+09:00,file_fdw: Add on_error and log_verbosity options to file_fdw.
e7834a1a251d4a28245377f383ff20a657ba8262,Fujii Masao,2024-10-03 15:55:37+09:00,Add log_verbosity = 'silent' support to COPY command.
babb3993dbe9c805c1d29fa275a5e8f4c2b40922,Amit Langote,2024-10-03 11:59:09+09:00,Fix expression list handling in ATExecAttachPartition()
e2bab2d792044b55dd092bf1c2be0d570ccb9401,Michael Paquier,2024-10-03 10:55:02+09:00,Remove support for unlogged on partitioned tables
554d3a18f36264eeb1333655b8ddcd929befa6ec,Tom Lane,2024-10-02 20:27:45-04:00,Adjust json_manifest_per_file_callback API in one more place.
920d51979a99df29112396b2c75da7921ba7a7b0,Tom Lane,2024-10-02 17:30:36-04:00,"Parse libpq's ""keepalives"" option more like other integer options."
d94cf5ca7fad9cd81af5eac491bfbaf0facb9f6f,Robert Haas,2024-10-02 09:59:04-04:00,"File size in a backup manifest should use uint64, not size_t."
7b2822ecf944a6aa429c05cc7f070001c3817934,Daniel Gustafsson,2024-10-02 14:50:56+02:00,"doc: Missing markup, punctuation and wordsmithing"
9c733951049bf3993c886d7f2c7459e7439a9793,Daniel Gustafsson,2024-10-02 13:08:55+02:00,Add fastpaths for when no objects are found
1a123e3b136bf38ebf5f7a97b358306998f8a61f,Daniel Gustafsson,2024-10-02 13:07:31+02:00,Remove superfluous PQExpBuffer resetting
94902b146fae024c03f80d496a0da5ba9751c9b5,Daniel Gustafsson,2024-10-02 12:24:39+02:00,doc: Add link to login event trigger example
17cc5f666f6aada21eb3237974c50681ba4814ea,Fujii Masao,2024-10-02 11:17:47+09:00,Fix inconsistent reporting of checkpointer stats.
506eede7111ae7c88bd3c21f653bbb65846bd4a5,Michael Paquier,2024-10-02 11:12:40+09:00,doc: Clarify name of files generated by pg_waldump --save-fullpage
da8a4c1666476648659dc5fb6fc01ba5cd5d16a1,Tom Lane,2024-10-01 16:53:54-04:00,Reject a copy EOF marker that has data ahead of it on the same line.
983a588e0b864d5c016d5902217ba4b11fc82b4f,Peter Eisentraut,2024-10-01 10:50:30-04:00,"initdb: Add new option ""--no-data-checksums"""
efd72a3d422b591bfec941d625df6fad820e021b,Peter Eisentraut,2024-10-01 09:58:20-04:00,Tweak docs to reduce possible impact of data checksums
10b721821d6d6e27e594549cf105476dc28514c8,Peter Eisentraut,2024-10-01 09:30:24-04:00,Use macro to define the number of enum values
fc1b2ce0ee9c9745c5c562b692e021344a3f719a,Robert Haas,2024-10-01 08:36:54-04:00,Fix some pg_verifybackup issues reported by Coverity.
9c2a6c5a5f4b94a93120009e623ae8bd153e6dbb,Peter Eisentraut,2024-10-01 07:23:45-04:00,Simplify checking for xlocale.h
ee4859123e3d47aef8cfe078f7faee2ebcecb613,Peter Eisentraut,2024-10-01 06:10:15-04:00,jit: Use opaque pointers in all supported LLVM versions.
972c2cd2882b6dd7a2059d030d03e89dae47ede7,Peter Eisentraut,2024-10-01 04:49:11-04:00,"jit: Require at least LLVM 14, if enabled."
1b4d52c3556b9abad10165ce7298062cf7eb7005,Daniel Gustafsson,2024-10-01 10:20:14+02:00,doc: Mention the connstring key word for PGSERVICE
cf4401fe6cf56811343edcad29c96086c2c66481,Michael Paquier,2024-10-01 15:44:03+09:00,Fix race condition in COMMIT PREPARED causing orphaned 2PC files
3b1a377defcfc01d8a3f964e39aa652766ffc188,Tatsuo Ishii,2024-10-01 11:34:34+09:00,Doc: replace unnecessary non-breaking space with ordinal space.
5deb56387e3a1d08e1e62bed031258db267a0ab5,Michael Paquier,2024-10-01 08:56:21+09:00,Expand assertion check for query ID reporting in executor
102de3be73345a8de443355e055c10762b08cc4c,Daniel Gustafsson,2024-10-01 00:01:32+02:00,Add missing command for pg_maintain in comment
7702337489810f645b3501d99215c2b525c5abca,Tom Lane,2024-09-30 17:57:12-04:00,Do not treat \. as an EOF marker in CSV mode for COPY IN.
a19f83f87966f763991cc76404f8e42a36e7e842,Fujii Masao,2024-10-01 02:01:57+09:00,docs: Enhance the pg_stat_checkpointer view documentation.
04c64e3fb35af090c249303b9df0a311f2a07593,Tom Lane,2024-09-30 12:06:54-04:00,Remove incorrect entries in pg_walsummary's getopt_long call.
4dea33ce765d65d8807d343ca6535a3d067a63da,Alvaro Herrera,2024-09-30 11:58:13+02:00,Don't disallow DROP of constraints ONLY on partitioned tables
4c7cd07aa62abc29e6885e95b5307e5e08bb3bf7,Michael Paquier,2024-09-30 14:52:03+09:00,Bump catalog version for change in VariableSetStmt
dc68515968e80d75f8106d0df05da346be537628,Michael Paquier,2024-09-30 14:02:00+09:00,Show values of SET statements as constants in pg_stat_statements
559efce1d684069acf234a5cb032acba84e70938,Fujii Masao,2024-09-30 11:56:05+09:00,Add num_done counter to the pg_stat_checkpointer view.
20cfec896c6a20ca436f634b0ffa3582d7b9425c,Fujii Masao,2024-09-30 11:13:55+09:00,reindexdb: Skip reindexing temporary tables and indexes.
6fd5071909a2886c499871e61127f815fd9bb6a2,Michael Paquier,2024-09-30 08:43:28+09:00,"Set query ID in parallel workers for vacuum, BRIN and btree"
0d5a3d7574f8dabcbc229c2a06a9cb2d9a43c7c5,Noah Misch,2024-09-29 15:54:25-07:00,Remove NULL dereference from RenameRelationInternal().
e9339782a631eeef01281bc7e1633dd6b970106e,Tom Lane,2024-09-29 13:40:03-04:00,"In passwordFromFile, don't leak the open file after stat failures."
c1ff2d8bc5be55e302731a16aaff563b7f03ed7c,Noah Misch,2024-09-27 15:28:56-07:00,Avoid 037_invalid_database.pl hang under debug_discard_caches.
d8ebcac547d7c25c1378e0fc5810528f343ab8d5,Nathan Bossart,2024-09-27 16:21:21-05:00,doc: Note that CREATE MATERIALIZED VIEW restricts search_path.
a3179ab692be4314d5ee5cd56598976c487d5ef2,Tom Lane,2024-09-27 16:04:04-04:00,Recalculate where-needed data accurately after a join removal.
7f7474a8e4002ac9fd4979cc7b16b50b70b70c28,Robert Haas,2024-09-27 11:14:31-04:00,Reindent pg_verifybackup.c.
8dfd3129027969fdd2d9d294220c867d2efd84aa,Robert Haas,2024-09-27 08:40:24-04:00,pg_verifybackup: Verify tar-format backups.
8410f738ad2fd94fc068ce0189e1ae04ef3c12e3,Fujii Masao,2024-09-27 10:20:22+09:00,Fix typo in pg_walsummary/nls.mk.
09620ea09121b66e9372e8e9244d8bb6b19b89d7,Michael Paquier,2024-09-27 09:40:09+09:00,Fix incorrect memory access in VACUUM FULL with invalid toast indexes
f762d99c8783f5ca99d5a6ab0f8245e164a954ce,Michael Paquier,2024-09-27 07:26:29+09:00,Fix catalog data of new LO privilege functions
b52adbad46740524cbfbffaeb202b01a2c16202a,Nathan Bossart,2024-09-26 15:51:23-05:00,Ensure we have a snapshot when updating pg_index entries.
9726653185de62f2f8bf42a25e961bc56895a41b,Nathan Bossart,2024-09-26 13:54:37-05:00,Improve style of pg_upgrade task callback functions.
147bbc90f75794e5522dcbadaf2bbe1af3ce574a,Tom Lane,2024-09-26 11:02:31-04:00,"Modernize to_char's Roman-numeral code, fixing overflow problems."
e3a92ab0708aa8ac0c8466312cef316ea6d03c63,Tom Lane,2024-09-26 10:37:51-04:00,Doc: InitPlans aren't parallel-restricted any more.
d66572d9fedb632af5df65ce513d04dc2a1682a3,Amit Kapila,2024-09-26 16:14:07+05:30,Doc: Add a note in the upgrade of logical replication clusters.
e658038772f59588c8be8b016c8a7e28e7705ab4,Alexander Korotkov,2024-09-26 11:49:41+03:00,Update oid for pg_wal_replay_wait() procedure
2ceeb638b7b27da156c10cb9d5ea4f81cabda0d1,Nathan Bossart,2024-09-25 11:18:56-05:00,Remove extra whitespace in pg_upgrade status message.
dce507356a4ab7d548dca9d7abf1800a0fc0a18e,Alvaro Herrera,2024-09-25 16:42:02+02:00,Turn 'if' condition around to avoid Svace complaint
1ab67c9dfaadda86059f405e5746efb6ddb9fe21,Michael Paquier,2024-09-25 14:43:16+09:00,vacuumdb: Skip temporary tables in query to build list of relations
7fdeaf5774d05245e82632e763665ff62db5598e,Amit Kapila,2024-09-25 10:06:10+05:30,Doc: Add the steps for upgrading the logical replication cluster.
ba90eac7a9953f6f6fa5e0a0cc7441d09778f8b9,Michael Paquier,2024-09-25 10:04:44+09:00,pg_stat_statements: Expand tests for SET statements
aac2c9b4fde889d13f859c233c2523345e72d32b,Noah Misch,2024-09-24 15:25:18-07:00,"For inplace update durability, make heap_update() callers wait."
a07e03fd8fa7daf4d1356f7cb501ffe784ea6257,Noah Misch,2024-09-24 15:25:18-07:00,Fix data loss at inplace update after heap_update().
dbf3f974ee04d24547690268b1fc2b7eb12b4ebc,Noah Misch,2024-09-24 15:25:18-07:00,"Warn if LOCKTAG_TUPLE is held at commit, under debug_assertions."
ac30021356e7aa05a069741d17c3db3e8d520933,Jeff Davis,2024-09-24 15:15:18-07:00,"Allow length=-1 for NUL-terminated input to pg_strncoll(), etc."
1591b38d17c55015403f6e3c9461538ffcf704e7,Tom Lane,2024-09-24 17:21:38-04:00,Fix psql describe commands' handling of ACL columns for old servers.
ceeaaed87aa39425f1f2c2409f927c76efb8de89,Jeff Davis,2024-09-24 12:01:45-07:00,Tighten up make_libc_collator() and make_icu_collator().
59f0eea7b001e3f5d38fd84a9ee5482a23be56e2,Peter Eisentraut,2024-09-24 20:41:47+02:00,Add further excludes to headerscheck
cd838e200880c6f52c5b5e30887e5ff584876bef,Tom Lane,2024-09-24 12:59:56-04:00,Neaten up our choices of SQLSTATEs for XML-related errors.
3da436ec09ae2f1a0167d4b74b30449f0292f581,Peter Geoghegan,2024-09-24 12:58:55-04:00,Update obsolete nbtree array preprocessing comments.
62ddf7ee9a399e0b9624412fc482ed7365e38958,David Rowley,2024-09-24 18:03:40+12:00,Add ONLY support for VACUUM and ANALYZE
bbba59e69a56e1622e270f5e47b402c3a904cefc,Michael Paquier,2024-09-24 08:59:08+09:00,Remove ATT_TABLE for ALTER TABLE ... ATTACH/DETACH
75240f65e700d7d157be27653c70fe75108f25c1,Tom Lane,2024-09-23 12:30:51-04:00,jsonapi: fix memory leakage during OOM error recovery.
a7e5237f268ea378c514635d65a55aa47621958a,Tomas Vondra,2024-09-23 11:37:12+02:00,Fix asserts in fast-path locking code
40708acd65c112149493d7159ca5c5a9391c9d35,Tatsuo Ishii,2024-09-23 16:34:24+09:00,Add memory/disk usage for more executor nodes.
6aa44060a3c94ee10273bb8a89e98a5bb2fbbacb,Nathan Bossart,2024-09-21 15:17:46-05:00,Remove pg_authid's TOAST table.
c4d5cb71d229095a39fda1121a75ee40e6069a2a,Tomas Vondra,2024-09-21 20:09:35+02:00,Increase the number of fast-path lock slots
b524974106acb05ae4f9c2178153c3ead72eaf04,Peter Geoghegan,2024-09-21 13:25:49-04:00,Refactor handling of nbtree array redundancies.
54562c9cfa2281b6303cdea1aff9596c4a5de4b2,Tom Lane,2024-09-20 16:37:55-04:00,Improve Asserts checking relation matching in parallel scans.
afb03e2ebf595c057db0372f543f9f796effaadf,Nathan Bossart,2024-09-20 15:18:42-05:00,Alphabetize #include directives in pg_checksums.c.
a2ebf3274a43acf7ae36d608fc26090b803ab6e1,Tom Lane,2024-09-20 15:56:34-04:00,Doc: explain how to test ADMIN privilege with pg_has_role().
c00c54a9ac1e0c52ace8051a30805ca74ae53212,Peter Geoghegan,2024-09-20 14:06:32-04:00,Fix nbtree pgstats accounting with parallel scans.
d35e29387870fecfdb52ffd4c93c651f0c7c1b43,Michael Paquier,2024-09-20 09:59:22+09:00,"Add parameter ""connstr"" to PostgreSQL::Test::Cluster::background_psql"
126ec0bc76d044d3a9eb86538b61242bf7da6db4,Tom Lane,2024-09-19 20:58:21-04:00,Restore relmapper state early enough in parallel workers.
91287b5f5da324ac24678f556962e1b95e52240c,Michael Paquier,2024-09-20 08:59:20+09:00,psql: Add tests for repeated calls of \bind[_named]
658fc6c6af4fa209af6ddadc0182cdb69e2b70ae,Bruce Momjian,2024-09-19 18:05:22-04:00,doc PG relnotes:  remove warning about commit links in PDF build
c6b1506f71324d0bacfab17c6688e8fc2a79b1dc,Bruce Momjian,2024-09-19 12:01:59-04:00,"doc PG relnotes:  document ""Unresolved ID reference found"" cause"
25f8cf19ab3a0246ef252203410b84169124eaaf,Bruce Momjian,2024-09-19 09:47:22-04:00,doc PG relnotes:  rename commit link paragraph for clarity
f0577816865dc9e6fab1537b2a112545535a5d51,Bruce Momjian,2024-09-19 08:45:33-04:00,Improve Perl script which adds commit links to release notes
4c57facbb16ec5f7002f0b87427897f6f9fa49ae,Alexander Korotkov,2024-09-19 14:34:52+03:00,Add UpgradeTaskProcessCB to typedefs.list
a094e8b9e43e350798ea0c95b8967b8caf64bcbd,Alexander Korotkov,2024-09-19 14:34:00+03:00,Fix order of includes in src/bin/pg_upgrade/info.c
014f9f34d2527c14cdf4150863c053d2a117c1c7,Alexander Korotkov,2024-09-19 14:26:11+03:00,Move pg_wal_replay_wait() to xlogfuncs.c
87eeadaea1439693f6108ff599d750842ca6f338,Michael Paquier,2024-09-19 15:39:01+09:00,"psql: Clean up more aggressively state of \bind[_named], \parse and \close"
d69a3f4d70b7cab328ba5d0944450d87f39c2eb4,Michael Paquier,2024-09-19 12:22:56+09:00,Introduce ATT_PARTITIONED_TABLE in tablecmds.c
5d56d07ca343a467ce74a042c22c963ea2690eaf,David Rowley,2024-09-19 15:20:35+12:00,Optimize tuplestore usage for WITH RECURSIVE CTEs
8a6e85b46e0ff1a49b1b2303149ec010e5e0b30e,Bruce Momjian,2024-09-18 17:13:19-04:00,doc PG relnotes:  add paragraph explaining the section symbol
f986882ffd67a4a2560b5cbd9056fc70d0c69209,Bruce Momjian,2024-09-18 16:34:52-04:00,doc PG relnotes: no relnote footnotes for commit links in PDF
b52c4fc3c09ec0ec9c1f9aa676f6d74304cc2f6f,Nathan Bossart,2024-09-18 14:42:57-05:00,Add TOAST table to pg_index.
a7c39db5eb342dd491dacf39546486c6a539ea43,Fujii Masao,2024-09-19 02:14:10+09:00,docs: Improve the description of num_timed column in pg_stat_checkpointer.
24f5205948093a96edf8213294b3d585ac3fe1fb,Michael Paquier,2024-09-18 14:43:37+09:00,Add some sanity checks in executor for query ID reporting
4f08ab55457751308ffd8d33e82155758cd0e304,Fujii Masao,2024-09-18 12:51:48+09:00,postgres_fdw: Extend postgres_fdw_get_connections to return user name.
b14e9ce7d55c75ffa160b07765eb9dffde70b5fa,Michael Paquier,2024-09-18 12:44:15+09:00,Extend PgStat_HashKey.objid from 4 to 8 bytes
ac04aa84a7f06635748278e6ff4bd74751bb3e8e,Noah Misch,2024-09-17 19:53:11-07:00,Don't enter parallel mode when holding interrupts.
933848d16dc9d9d838c1bc15ed7e48c2f2eed69c,Michael Paquier,2024-09-18 09:59:09+09:00,Add missing query ID reporting in extended query protocol
70d38e3d8a2d2cb88e3add2b90a122dacc941aa4,Thomas Munro,2024-09-18 11:34:28+12:00,Allow ReadStream to be consumed as raw block numbers.
918e21d25178c8ae09808c581a782002f702ed9e,Tom Lane,2024-09-17 15:53:35-04:00,Repair pg_upgrade for identity sequences with non-default persistence.
2520226c953c0b443791a185a8d1fb8b71d9fe9e,Alexander Korotkov,2024-09-17 22:51:06+03:00,Ensure standby promotion point in 043_wal_replay_wait.pl
85b98b8d5a48092acd03db76a8bf02d9c38c1d79,Alexander Korotkov,2024-09-17 22:50:43+03:00,Minor cleanup related to pg_wal_replay_wait() procedure
d8adfc18bebfb1b69b456a00e67453775a77f594,Peter Geoghegan,2024-09-17 11:10:35-04:00,Avoid parallel nbtree index scan hangs with SAOPs.
89f908a6d0ac1337c868625008c9598487d184e7,Peter Eisentraut,2024-09-17 11:29:30+02:00,Add temporal FOREIGN KEY contraints
fc0438b4e80535419a4e54dba87642cdf84defda,Peter Eisentraut,2024-09-17 11:29:30+02:00,Add temporal PRIMARY KEY and UNIQUE constraints
7406ab623fee1addcb21c881afecbe638a0d56e9,Peter Eisentraut,2024-09-17 11:29:29+02:00,Add stratnum GiST support function
95d6e9af07d2e5af2fdd272e72b5b552bad3ea0a,Tatsuo Ishii,2024-09-17 14:38:53+09:00,Add memory/disk usage for Window aggregate nodes in EXPLAIN.
1bbf1e2f1a077905037272cd4767e952f34c02b3,Nathan Bossart,2024-09-16 16:33:50-05:00,Fix redefinition of typedef.
c880cf258864cdb355ce28438ec31a2405c20941,Nathan Bossart,2024-09-16 16:10:33-05:00,pg_upgrade: Parallelize encoding conversion check.
f93f5f7b984edd85f3f515cd454a6160e574b2d0,Nathan Bossart,2024-09-16 16:10:33-05:00,pg_upgrade: Parallelize WITH OIDS check.
cf2f82a37cc35895b67c83dd2b33d2fcf4688a55,Nathan Bossart,2024-09-16 16:10:33-05:00,pg_upgrade: Parallelize incompatible polymorphics check.
c34eabfbbfd3d3799bc7bc61f22b1fe730c53fe8,Nathan Bossart,2024-09-16 16:10:33-05:00,pg_upgrade: Parallelize postfix operator check.
9db3018cf83b4be1dbcdca8274e97ea8645df49c,Nathan Bossart,2024-09-16 16:10:33-05:00,pg_upgrade: Parallelize contrib/isn check.
bbf83cab98f2c018d6d394decaa9b03212f96983,Nathan Bossart,2024-09-16 16:10:33-05:00,pg_upgrade: Parallelize data type checks.
6ab8f27bc7163ab534543e32504e47ed924b6737,Nathan Bossart,2024-09-16 16:10:33-05:00,pg_upgrade: Parallelize retrieving extension updates.
46cad8b31927410a99894279ca9af4e0d5c185b6,Nathan Bossart,2024-09-16 16:10:33-05:00,pg_upgrade: Parallelize retrieving loadable libraries.
7baa36de58bdaeb4797d592aeb9ef1db08320853,Nathan Bossart,2024-09-16 16:10:33-05:00,pg_upgrade: Parallelize subscription check.
6d3d2e8e541f07dafb6a42a105b3ca78b2a09437,Nathan Bossart,2024-09-16 16:10:33-05:00,pg_upgrade: Parallelize retrieving relation information.
40e2e5e92b7da358fb45802b53c735d25a51d23a,Nathan Bossart,2024-09-16 16:10:33-05:00,Introduce framework for parallelizing various pg_upgrade tasks.
d891c49286bb138dcd70df1dff83e22fa757fc84,Bruce Momjian,2024-09-16 14:23:39-04:00,doc PG relnotes:  fix SGML markup for new commit links
257210455257aaac30001914886d422cbf34c215,Bruce Momjian,2024-09-16 13:26:37-04:00,scripts:  add Perl script to add links to release notes
4632e5cf4bc5c496f41dfc6a89533e7afa7262dd,Bruce Momjian,2024-09-15 21:25:24-04:00,Perl scripts:  revert 43ce181059d
d5622acb32b3c11a27b323138fbee9c715742b38,Tom Lane,2024-09-15 13:33:09-04:00,Replace usages of xmlXPathCompile() with xmlXPathCtxtCompile().
43ce181059d4ecbb1b14b75e7f38a7dda9f80225,Bruce Momjian,2024-09-15 10:55:37-04:00,"Perl scripts:  eliminate ""Useless interpolation"" warnings"
b8ea0f675f35c3f0c2cf62175517ba0dacad4abd,Tom Lane,2024-09-14 17:55:02-04:00,Run regression tests with timezone America/Los_Angeles.
f64074c88c067b4733ae439afae46ad61e45474b,Alvaro Herrera,2024-09-14 20:17:30+02:00,Add commit 7229ebe011df to .git-blame-ignore-revs.
94537982ec6b4c6b7957d084f0c50eba14924baf,Tom Lane,2024-09-14 11:42:31-04:00,Remove obsolete comment in pg_stat_statements.
76f2a0e5479618d48161549a148a37251b4b3d4b,Andrew Dunstan,2024-09-14 10:26:25-04:00,Improve meson's detection of perl build flags
bc46104fc9aa5254f98250cf2756552f92095ae9,Andrew Dunstan,2024-09-14 08:47:06-04:00,Only define NO_THREAD_SAFE_LOCALE for MSVC plperl when required
fae55f0bb38504b3774fa50152d3c14d2f09aa15,Tom Lane,2024-09-13 16:17:04-04:00,Allow _h_indexbuild() to be interrupted.
9a23967063b1b36c620a753f72c7cdb56dc0a4c4,Nathan Bossart,2024-09-13 13:06:06-05:00,Add commit 2b03cfeea4 to .git-blame-ignore-revs.
70d1c664f4376fd3499e3b0c6888cf39b65d722b,Nathan Bossart,2024-09-13 10:16:40-05:00,Fix contrib/pageinspect's test for sequences.
433d8f40e957c042d7d224e4561ca033252baf37,Peter Eisentraut,2024-09-13 16:10:52+02:00,Remove separate locale_is_c arguments
2b67bdca529c6aed4303eb6963d09d1b540137b8,Amit Langote,2024-09-13 16:10:14+09:00,SQL/JSON: Update example in JSON_QUERY() documentation
4d8489f4f1fa86a99e6db0ea702911e1cf92fa81,Amit Kapila,2024-09-13 09:31:23+05:30,Prohibit altering invalidated replication slots.
7b1ddbae361b0ed92d5696d666ae85a2cc4dd883,Michael Paquier,2024-09-13 09:41:06+09:00,pg_stat_statements: Add tests with extended query protocol
05036a3155c1e8d21500b5ecbbc2f8fbeb4aea66,Nathan Bossart,2024-09-12 16:31:29-05:00,Reintroduce support for sequences in pgstattuple and pageinspect.
b0c30612c5f6ce519172396527781a0666937363,Jeff Davis,2024-09-12 13:35:56-07:00,Simplify checks for deterministic collations.
6a9fc11033e61d0dde30d5114887714dbd7612d5,Jeff Davis,2024-09-12 13:35:49-07:00,Remove redundant check for default collation.
cb599b9ddfccd15e77f4c167c4e5bdf1ddc3af38,Tom Lane,2024-09-12 14:30:29-04:00,Make jsonpath .string() be immutable for datetimes.
4eada203a5a871f893afe3eb3e07eea5de1aa642,Fujii Masao,2024-09-12 21:51:26+09:00,Add has_largeobject_privilege function.
412229d197f894a01c163b9e9fdfec1a1855f7ab,Fujii Masao,2024-09-12 21:45:42+09:00,Deduplicate code in LargeObjectExists and myLargeObjectExists.
23d0b48468b8971b35d713754f7d5ecf54e5f78f,Peter Eisentraut,2024-09-12 12:57:43+02:00,Remove hardcoded hash opclass function signature exceptions
5bb9ba2739896d2977e7318658135ba7e356e169,David Rowley,2024-09-12 22:36:39+12:00,Doc: alphabetize aggregate function table
fefa76f70fdc75c91f80bddce2df7a8825205962,Fujii Masao,2024-09-12 19:33:44+09:00,Remove old RULE privilege completely.
811af9786b919d7acb22ea00ecb63f47de7942cd,Peter Eisentraut,2024-09-12 10:48:39+02:00,Don't overwrite scan key in systable_beginscan()
00c76cf21c42c17e60e73a87dea0d1b4e234d9da,Michael Paquier,2024-09-12 13:32:05+09:00,Move logic related to WAL replay of Heap/Heap2 into its own file
9fba1ed2947382af213dfbfabfcd8898c89bf4ca,David Rowley,2024-09-12 16:02:01+12:00,Adjust tuplestore stats API
e6c45d85dc168fb05b5ee5596a4de5167c9fe01f,Amit Langote,2024-09-12 09:39:56+09:00,SQL/JSON: Fix JSON_QUERY(... WITH CONDITIONAL WRAPPER)
77761ee5dddc0518235a51c533893e81e5f375b9,Tom Lane,2024-09-11 11:41:47-04:00,Remove incorrect Assert.
280423300b361eb9deff5ea40d4b0e6fab00211b,Magnus Hagander,2024-09-11 16:30:17+02:00,pg_createsubscriber: minor documentation fixes
8b5c6a54c4396bb9daeb9ec5d9cbb0d3deedcbe3,Peter Eisentraut,2024-09-11 15:21:36+02:00,Replace gratuitous memmove() with memcpy()
842265631dfd9e5583d934e2ae328b09bc4b2f8b,Tomas Vondra,2024-09-11 13:21:10+02:00,Fix unique key checks in JSON object constructors
6b25c57a2dd61a44bdb60d5424d4aaa7e0f14334,Peter Eisentraut,2024-09-11 09:26:20+02:00,Update .gitignore
1fb2308e698ec7aebc1b6676f29e3363a1281479,Peter Eisentraut,2024-09-11 09:18:12+02:00,Remove obsolete unconstify()
0785d1b8b2fa27074eeb18a3ac1f2a0e76cb8339,Peter Eisentraut,2024-09-11 09:01:07+02:00,common/jsonapi: support libpq as a client
3beb945da9d72a9803180deb1752cf8feeb66883,Amit Kapila,2024-09-11 09:18:23+05:30,Improve assertion in FindReplTupleInLocalRel().
65c310b310a613d86c1ba94891fa9972587e09fd,Noah Misch,2024-09-10 15:21:33-07:00,Optimize pg_visibility with read streams.
52c707483ce4d0161127e4958d981d1b5655865e,Tom Lane,2024-09-10 16:49:09-04:00,Use a hash table to de-duplicate column names in ruleutils.c.
bccca780eef904002512a1a0b5ce617bcb63507b,Tom Lane,2024-09-10 16:20:31-04:00,Fix some whitespace issues in XMLSERIALIZE(... INDENT).
ed055d249df577ab40470f9dc1a30ab18ffdfff4,Tom Lane,2024-09-10 14:48:13-04:00,Improve documentation and testing of jsonpath string() for datetimes.
861086493faa9ca5468cc50dd20975ee6c042ffe,Tomas Vondra,2024-09-10 16:30:38+02:00,Add PG_TEST_PG_COMBINEBACKUP_MODE to CI tasks
390b3cbbb2af3c749587b0697c01c94e0e173510,Daniel Gustafsson,2024-09-10 11:02:28+02:00,Protect against small overread in SASLprep validation
56fead44dcc70df9f9188fee08e5aefe3da43ccc,Peter Eisentraut,2024-09-10 10:03:23+02:00,Add amgettreeheight index AM API routine
f5050f795aea67dfc40bbc429c8934e9439e22e7,Richard Guo,2024-09-10 12:36:48+09:00,Mark expressions nullable by grouping sets
247dea89f7616fdf06b7272b74abafc29e8e5860,Richard Guo,2024-09-10 12:35:34+09:00,Introduce an RTE for the grouping step
fba49d5293b4455b25485450baf02af42bf543d7,Michael Paquier,2024-09-10 08:44:31+09:00,Remove emode argument from XLogFileRead() and XLogFileReadAnyTLI()
bb7775234273268e8852068ee1a2eff9cd2a0020,Masahiko Sawada,2024-09-09 14:56:08-07:00,Add WAL usage reporting to ANALYZE VERBOSE output.
de239d01e7ccf7648e964d7a38c0f1c36bde8346,Tom Lane,2024-09-09 14:34:10-04:00,Consistently use PageGetExactFreeSpace() in pgstattuple.
218527d01456b65decdc7596c6f6d5ac2bdeb78b,Tom Lane,2024-09-09 12:18:34-04:00,Don't bother checking the result of SPI_connect[_ext] anymore.
cdb6b0fdb0b2face270406905d31f8f513b015cc,Robert Haas,2024-09-09 11:54:55-04:00,Add PQfullProtocolVersion() to surface the precise protocol version.
5bbdfa8a18dc56d3e64aa723a68e02e897cb5ec3,Michael Paquier,2024-09-09 13:49:36+09:00,Fix waits of REINDEX CONCURRENTLY for indexes with predicates or expressions
dd8bea88abf4794d99270ced884a8bc1e387255d,Amit Langote,2024-09-09 13:46:58+09:00,SQL/JSON: Avoid initializing unnecessary ON ERROR / ON EMPTY steps
87b6c3c0b703c3a71bc640f456a24937744ff30b,Richard Guo,2024-09-09 12:58:31+09:00,Fix order of parameters in a cost_sort call
fc415edf8ca883b38cf8186f0d4b794d4a738cd5,Michael Paquier,2024-09-09 11:12:29+09:00,Add callbacks to control flush of fixed-numbered stats
2e62fa62d6745ba3bcb0a517d002aff1f3cdefb7,Tom Lane,2024-09-08 19:14:40-04:00,Avoid core dump after getpwuid_r failure.
d8df7ac5c04cd17bf13bd3123dcfcaf8007c6280,Michael Paquier,2024-09-07 20:20:46+09:00,Update extension lookup routines to use the syscache
51edc4ca54f826cfac012c7306eee479f07a5dc7,Jeff Davis,2024-09-06 13:23:21-07:00,Remove lc_ctype_is_c().
129a2f6679fd8891384016b6e2cde6cefda22a7d,Tom Lane,2024-09-06 11:57:57-04:00,Fix incorrect pg_stat_io output on 32-bit machines.
9e43ab3dd79ddb5a6a3f7cdb5b1d6dffc9e7765b,Peter Eisentraut,2024-09-06 11:25:48+02:00,Remove useless unconstify
bbd4c058a89b1e756eb646af89a4ef90f0df144e,Amit Langote,2024-09-06 13:25:53+09:00,SQL/JSON: Fix default ON ERROR behavior for JSON_TABLE
ee75a03f37fc27c7f07a21dc22edf4511e31a4a1,Amit Langote,2024-09-06 13:25:47+09:00,SQL/JSON: Fix JSON_TABLE() column deparsing
4d7e24e0f4d05b546228488ccdc2848a80245ffb,Amit Langote,2024-09-06 12:53:01+09:00,Revert recent SQL/JSON related commits
3a97460970f344660971ee75d7f5a181bf87f633,Amit Langote,2024-09-06 12:05:40+09:00,SQL/JSON: Avoid initializing unnecessary ON ERROR / ON EMPTY steps
565caaa79af9a6b3853b161b0652527e716326b8,Amit Langote,2024-09-06 10:14:01+09:00,SQL/JSON: Fix default ON ERROR behavior for JSON_TABLE
68222851d5a8d2ca152a97ee69fe18a95970ed20,Amit Langote,2024-09-06 10:13:57+09:00,SQL/JSON: Fix JSON_TABLE() column deparsing
3422f5f93fcf3a6418e32e4fead20067c1425712,Amit Langote,2024-09-06 10:13:53+09:00,Update comment about ExprState.escontext
7829f85a6285b3703a53ba5963a4df2e768014df,Jeff Davis,2024-09-05 12:10:08-07:00,Be more careful with error paths in pg_set_regex_collation().
fadff3fc94598db1d87e4242821964fb2850e19e,Tom Lane,2024-09-05 12:42:33-04:00,"Prevent mis-encoding of ""trailing junk after numeric literal"" errors."
85837b8037ada19d319fa4d3ba99c72205868199,Daniel Gustafsson,2024-09-05 15:32:22+02:00,Fix handling of NULL return value in typarray lookup
4af123ad45bd5e91221983da1152033e6153498c,Peter Eisentraut,2024-09-05 15:19:00+02:00,Fix misleading error message context
1b373aed20e61e4a3033e1e396e4ba7c2a96bc20,Michael Paquier,2024-09-05 16:05:21+09:00,Add callback for backend initialization in pgstats
341e9a05e7b4c4fb2a1e539a5073dfd0e5b46735,Michael Paquier,2024-09-05 14:36:57+09:00,Fix two NULL pointer dereferences when reading custom pgstats from file
5735521ac2d52485bca673039ba43e2b8cc71cd4,Michael Paquier,2024-09-05 13:29:43+09:00,Check availability of module injection_points in TAP tests
908a968612f9ed61911d8ca0a185b262b82f1269,David Rowley,2024-09-05 16:18:30+12:00,Optimize WindowAgg's use of tuplestores
19b861f880166fbdb67d268955e590881376f876,David Rowley,2024-09-05 15:59:47+12:00,Speedup WindowAgg code by moving uncommon code out-of-line
06421b08436414b42cd169501005f15adee986f1,Jeff Davis,2024-09-04 14:35:25-07:00,Remove lc_collate_is_c().
83eb481d527b541e2ef2a1b14ab2c56b2ccf362b,Tom Lane,2024-09-04 16:25:28-04:00,Remove test-case workarounds for ancient libedit versions.
ddfc556a644404a8942e77651f75f09aa5188782,Noah Misch,2024-09-04 11:36:40-07:00,"Revert ""Optimize pg_visibility with read streams."""
82b07eba9e8b863cc05adb7e53a86ff02b51d888,Peter Eisentraut,2024-09-04 14:45:31+02:00,Remove a couple of strerror() calls
a68159ff2b32f290b1136e2940470d50b8491301,Michael Paquier,2024-09-04 14:53:18+09:00,Unify some error messages to ease work of translators
b4db64270e0c18f72c9c7bf214c809949875a85a,Michael Paquier,2024-09-04 13:50:44+09:00,Apply more quoting to GUC names in messages
6c2b5edecc0d6c936e27775c9451d32bb3141c90,Amit Kapila,2024-09-04 08:55:21+05:30,Collect statistics about conflicts in logical replication.
9626068f13338f79ba183b4cf3c975e22c98c575,Richard Guo,2024-09-04 12:19:19+09:00,Avoid unnecessary post-sort projection
4f1124548f6f3c7dea639ccd3d3f234cf70faf0a,Richard Guo,2024-09-04 12:17:11+09:00,Check the validity of commutators for merge/hash clauses
08b9b9e043bb42c12f5cd7439b9c19833fe877d0,Michael Paquier,2024-09-04 10:21:17+09:00,"Fix inconsistent LWLock tranche name ""CommitTsSLRU"""
2cdcae9da6968ed1057bfc67442fd9e0dcbbc31d,Michael Paquier,2024-09-04 08:56:23+09:00,Avoid installcheck failure in TAP tests using injection_points
12d3345c0d2842a36d0ee2bce06cfe7d3cac84da,Jeff Davis,2024-09-03 16:30:03-07:00,Remember last collation to speed up collation cache.
516ff05539bb70cc378e21e5e67588ec9c959cf7,Michael Paquier,2024-09-04 08:05:44+09:00,Simplify makefiles exporting twice enable_injection_points
813fde73d4dd4fab1b7bde99ceaa47dd8437c21e,Thomas Munro,2024-09-04 10:28:53+12:00,"Standardize ""read-ahead advice"" terminology."
1c61fd8b527954f0ec522e5e60a11ce82628b681,Noah Misch,2024-09-03 12:44:54-07:00,Fix stack variable scope from previous commit.
ed1b1ee59fb3792baa32f669333b75024ef01bcc,Noah Misch,2024-09-03 10:46:20-07:00,Optimize pg_visibility with read streams.
c582b75851c2d096ce050d753494505a957cee75,Noah Misch,2024-09-03 10:46:20-07:00,"Add block_range_read_stream_cb(), to deduplicate code."
ba7625a7a51b58c712541d7c0d6667c1f860e33f,Daniel Gustafsson,2024-09-03 18:57:56+02:00,Use library functions to edit config in SSL tests
e5f1f0a4f2ab19d205a520c52530264c19747c0a,Daniel Gustafsson,2024-09-03 18:57:54+02:00,Test for PG_TEST_EXTRA separately in SSL tests
31a98934d1699007b50aefaedd68ab4d6b42e3b4,Daniel Gustafsson,2024-09-03 11:33:38+02:00,Fix typos in code comments and test data
2b5f57977f6d16796121d796835c48e4241b4da1,Peter Eisentraut,2024-09-03 08:06:03+02:00,Add const qualifiers to XLogRegister*() functions
4236825197e8b7f26f8fd2ce0ac287a696e7264e,Michael Paquier,2024-09-03 14:49:04+09:00,Fix typos and grammar in code comments and docs
c7cd2d6ed082a4638172acece33ed6f36da96263,Michael Paquier,2024-09-03 09:11:54+09:00,Define PG_TBLSPC_DIR for path pg_tblspc/ in data folder
94eec79633f284488de69e253857e44aad10c730,Daniel Gustafsson,2024-09-02 18:36:57+02:00,doc: Consistently use result set in documentation
2befd22790ef32bbe3cbfc8b4b826e8a1286afbd,Peter Eisentraut,2024-09-02 17:40:32+02:00,Fix rarely-run test for message wording change
c3333dbc0c0f53452abfccf6c2dd5a86728a19dc,Daniel Gustafsson,2024-09-02 13:52:27+02:00,Only perform pg_strong_random init when required
a70e01d4306fdbcd5fbedb4ca97e5c21c995da60,Daniel Gustafsson,2024-09-02 13:51:48+02:00,Remove support for OpenSSL older than 1.1.0
6ebeeae29626e742bbe16db3fa6fccf1186c0dfb,Daniel Gustafsson,2024-09-02 10:17:46+02:00,Cache typarray for fast lookups in binary upgrade mode
4d5111b3f1a151faf8129e38f8424898588e606d,Peter Eisentraut,2024-09-02 09:04:30+02:00,More use of getpwuid_r() directly
23138284cde438f65f093156e76683d63b826fff,Michael Paquier,2024-09-02 08:18:41+09:00,Rename enum labels of PG_Locale_Strategy
4effd0844daf41a962c05188b719df75ca8ced93,Thomas Munro,2024-08-31 17:28:02+12:00,Fix unfairness in all-cached parallel seq scan.
ecd56459cfe40d3a494844dffc8cb999364df442,Thomas Munro,2024-08-31 14:48:44+12:00,Stabilize 039_end_of_wal test.
d7613ea72f787f0cc3c1749f7444f17730f4d697,Masahiko Sawada,2024-08-30 15:06:09-07:00,Clarify restrict_nonsystem_relation_kind description.
0e5c823806a3519a3f6966637cb62755dee659d4,Tom Lane,2024-08-30 16:47:39-04:00,Make postgres_fdw's query_cancel test less flaky.
cb8e50a4a09fe541e32cd54ea90a97f2924121a1,Tom Lane,2024-08-30 12:42:12-04:00,Avoid inserting PlaceHolderVars in cases where pre-v16 PG did not.
3409b4db631f5471696127494e57193350b87b41,Tom Lane,2024-08-30 12:22:31-04:00,Remove one memoize test case added by commit 069d0ff02.
c39afc38cfec7c34b883095062a89a63b221521a,Michael Paquier,2024-08-30 15:25:12+09:00,Define PG_LOGICAL_DIR for path pg_logical/ in data folder
2065ddf5e34ce098f549c4279ee3ab33c188a764,Michael Paquier,2024-08-30 10:42:21+09:00,Define PG_REPLSLOT_DIR for path pg_replslot/ in data folder
a83a944e9fdd573802c82d961126ba07bfb65f98,Michael Paquier,2024-08-30 08:49:24+09:00,Rename pg_sequence_read_tuple() to pg_get_sequence_data()
43f2e7634d838b39fd3fa3aaddb6964392d98312,Tom Lane,2024-08-29 13:24:17-04:00,Fix mis-deparsing of ORDER BY lists when there is a name conflict.
edee0c621de6f334c94c0ed8649d31ceba7401c8,Peter Eisentraut,2024-08-29 14:43:34+02:00,Message style improvements
894be11adfa60ad1ce5f74534cf5f04e66d51c30,Peter Eisentraut,2024-08-29 12:24:47+02:00,Put generated_stored test objects in a schema
b9ed4969250d1ca8208a8aec91f02ec0d6b28d1c,Peter Eisentraut,2024-08-29 12:08:31+02:00,Rename regress test generated to generated_stored
4d68a043245a6947d676a216aaac0714bcaf97d5,Peter Eisentraut,2024-08-29 09:06:15+02:00,Disallow USING clause when altering type of generated column
478846e7688c9ab73d2695a66822e9ae0574b551,Heikki Linnakangas,2024-08-29 09:46:21+03:00,Rename some shared memory initialization routines
fbce7dfc77eaa0d017dfee78c9d27b142d435e41,Heikki Linnakangas,2024-08-29 09:46:06+03:00,Refactor lock manager initialization to make it a bit less special
9f87da1cffda0e07ff3babcfa84abe9e849ccd95,Michael Paquier,2024-08-29 15:31:30+09:00,Refactor some code for ALTER TABLE SET LOGGED/UNLOGGED in tablecmds.c
d7fe02fb9e6eee16b61874bc8964b0e2d4c5b2ad,Peter Eisentraut,2024-08-29 08:22:28+02:00,Fixup for prefetching support on macOS
640178c92e3f6c74d275369b291b507834f1309e,Amit Kapila,2024-08-29 09:12:12+05:30,Rename the conflict types for the origin differ cases.
9d90e2bdafbdeba037aa4fee3febe9f48201bf74,Amit Kapila,2024-08-29 08:56:52+05:30,Doc: Fix the ambiguity in the description of failover slots.
6654bb92047b37cee053cedd6fa1829841b2ad8e,Peter Eisentraut,2024-08-28 07:28:27+02:00,Add prefetching support on macOS
2e6a8047f0c94b4ac1c3e80faecd628ae552a6c3,Peter Eisentraut,2024-08-27 16:54:10+02:00,Message style improvements
dc26ff2f228174efed9bf285ee8f8065ea295799,Peter Eisentraut,2024-08-27 16:15:28+02:00,Fix misplaced translator comments
7229ebe011dff3f418251a4836f6d098923aa1e1,Masahiko Sawada,2024-08-26 16:16:12-07:00,Fix identation.
52f1d6730bf7132a175b9b612029812859218927,Masahiko Sawada,2024-08-26 11:00:07-07:00,Fix memory counter update in ReorderBuffer.
09a8407dbfd848301cd2c9801c3b4d75adc6cabc,Peter Geoghegan,2024-08-26 11:29:15-04:00,Fix nbtree lookahead overflow bug.
dbe37f1adb9fd10dc273ccf50816895360bcbc15,Peter Eisentraut,2024-08-26 14:40:48+02:00,pg_upgrade: Message style improvements
7cac6307a43c1fcbd050724d3995a489da62e852,Dean Rasheed,2024-08-26 11:00:20+01:00,Fix compiler warning in mul_var_short().
8daa62a10c911c851f7e9ec5ef7b90cfd4b73212,Alexander Korotkov,2024-08-26 00:22:44+03:00,Revert: Avoid looping over all type cache entries in TypeCacheRelCallback()
c14d4acb81348a34497b53a19dce2924cc4f6551,Alexander Korotkov,2024-08-25 03:21:23+03:00,Avoid looping over all type cache entries in TypeCacheRelCallback()
3890d90c1508125729ed20038d90513694fc3a7b,Alexander Korotkov,2024-08-24 18:48:48+03:00,Revert support for ALTER TABLE ... MERGE/SPLIT PARTITION(S) commands
6e8a0317b4c062d4d524b916e10ca7f351ed0793,Peter Eisentraut,2024-08-24 15:56:32+02:00,pg_createsubscriber: Message style improvements
ff59d5d2cff32cfe88131f87b6c401970d449c08,Tom Lane,2024-08-23 10:12:56-04:00,Provide feature-test macros for libpq features added in v17.
a2bbc58f743489784de797d81be37ea309cb0773,Peter Eisentraut,2024-08-23 07:43:04+02:00,"thread-safety: gmtime_r(), localtime_r()"
94a3373ac5c3d2444b2379a3c185b986627c42d4,Michael Paquier,2024-08-23 12:11:36+09:00,Rework new SLRU test with injection points
2e35c67f956891b2dd7c30fbac9a14e76377300a,Michael Paquier,2024-08-23 11:36:41+09:00,injection_point: Add injection_points.stats
b2b023aa3706ec6b3978708545301f7436205c6d,Michael Paquier,2024-08-23 10:12:58+09:00,injection_points: Add initialization of shmem state when loading module
edcb71258504ed22abba8cc7181d2bab3762e757,Amit Kapila,2024-08-22 14:11:50+05:30,Doc: explain the log format of logical replication conflicts.
d55322b0da60a8798ffdb8b78ef90db0fb5be18e,Michael Paquier,2024-08-22 16:25:57+09:00,psql: Add more meta-commands able to use the extended protocol
a36aa223ec447276bf7050ab9ec6d974cafdf6c4,Noah Misch,2024-08-22 00:07:04-07:00,Fix attach of a previously-detached injection point.
04158e7fa37c2dda9c3421ca922d02807b86df19,Alexander Korotkov,2024-08-22 09:50:48+03:00,Avoid repeated table name lookups in createPartitionTable()
9bb842f95ef3384f0822c386a4c569780e613e4e,Richard Guo,2024-08-22 11:41:08+09:00,Small code simplification
490f869d92e5db38731b85b9be3cffdc65461808,Michael Paquier,2024-08-22 10:48:25+09:00,Create syscache entries for pg_extension
a8395677840c37f6988d7d6420d551d0b744e6bd,Jeff Davis,2024-08-21 09:19:21-07:00,Fix obsolete comments in varstr_cmp().
86488cdf1249f86cff75c2446f670be49cb55055,Tom Lane,2024-08-21 12:00:03-04:00,Disallow creating binary-coercible casts involving range types.
c01743aa4866e13da2c54e44010abc6d5f986363,Robert Haas,2024-08-21 10:14:35-04:00,Show number of disabled nodes in EXPLAIN ANALYZE output.
e22253467942fdb100087787c3e1e3a8620c54b2,Robert Haas,2024-08-21 10:12:30-04:00,Treat number of disabled nodes in a path as a separate cost metric.
2b03cfeea47834913ff769124f4deba88140f662,Robert Haas,2024-08-21 09:58:11-04:00,Fix pgindent damage
4baff5013277a61f6d5e1e3369ae3f878cb48d0a,Peter Eisentraut,2024-08-21 15:11:21+02:00,doc: remove llvm-config search from configure documentation
d43b8bb6b8f56cda59d14b5040496e266b0d9d25,Amit Kapila,2024-08-21 16:45:36+05:30,Fix typos in 9758174e2e.
7ff9afbbd1df7c256024edb447eae7269c1bab03,Peter Eisentraut,2024-08-21 09:21:25+02:00,Small code simplification
3f28b2fcac33fb352d261fac298cfe68c3899d32,Amit Kapila,2024-08-21 09:22:32+05:30,Don't advance origin during apply failure.
a95ff1fe2eb4926b13e0940ad1f37d048704bdb0,Jeff Davis,2024-08-20 15:32:39-07:00,Slightly refactor varstr_sortsupport() to improve readability.
15c1abd97710d74672e55d53148a0606baa91d18,Michael Paquier,2024-08-21 07:24:03+09:00,Remove _PG_fini()
678a8358d18d4079ced9f3655fead13df914cfbb,Alvaro Herrera,2024-08-20 17:53:40-04:00,"Minor wording change in table ""JSON Creation Functions"""
0fb0f689331cb0c00348aab752dced30493a6672,Jeff Davis,2024-08-20 12:25:06-07:00,Improve configure error for ICU libraries if pkg-config is absent.
5ff9b6b4d981a59236a89d33dea8bc253257ce2a,Nathan Bossart,2024-08-20 13:43:20-05:00,Fix a couple of wait event descriptions.
768a9fd5535fddb781088b6f83132b9a1b1f5bd3,Alvaro Herrera,2024-08-20 14:21:34-04:00,Add injection-point test for new multixact CV usage
4d93bbd4e0d414a33521f62d6249ac88486c866f,John Naylor,2024-08-20 13:36:33+07:00,Document limit on the number of out-of-line values per table
9758174e2e5cd278cf37e0980da76b51890e0011,Amit Kapila,2024-08-20 08:35:11+05:30,Log the conflicts while applying changes in logical replication.
adf97c1562380e02acd60dc859c289ed3a8352ee,David Rowley,2024-08-20 13:38:22+12:00,Speed up Hash Join by making ExprStates support hashing
9380e5f129d2a160ecc2444f61bb7cb97fd51fbb,Bruce Momjian,2024-08-19 20:18:03-04:00,doc:  improve create/alter sequence CYCLE syntax
e28a2719beeab1e3decfbaa81ebe73335e6282b1,Bruce Momjian,2024-08-19 19:54:39-04:00,doc: mention of postpostgres_fdw INSERT ON CONFLICT limitation
cf3bb262044a741a47ff40080b145fe432c54407,Bruce Momjian,2024-08-19 19:22:10-04:00,doc:  clarify create database in start docs uses command line
6467993fb552bda7fc1f615d90a66a16583e9998,Bruce Momjian,2024-08-19 18:27:22-04:00,doc:  Improve vague pg_createsubscriber description
52f3de874bbeaf16b3ae2efb505c1117be8355cc,Alvaro Herrera,2024-08-19 16:09:10-04:00,Avoid failure to open dropped detached partition
0d06a7eac4b23cc7b8fd4568d8623a6023646f63,Tomas Vondra,2024-08-19 19:52:37+02:00,Document that search_path is reported by the server
28a1121fd91235e09793c9ce64cb5539719afa30,Tomas Vondra,2024-08-19 17:04:14+02:00,Mark search_path as GUC_REPORT
5cb902e9d5a99a0e1a2c9098555447e097102e39,Tomas Vondra,2024-08-19 13:31:51+02:00,Explain dropdb can't use syscache because of TOAST
4fdb6558c2709c799643d26f3f956395ae72a8ef,Daniel Gustafsson,2024-08-19 12:55:11+02:00,Fix regression in TLS session ticket disabling
2724ff381a161eb030a1fcd2a6346679d74db420,Thomas Munro,2024-08-19 22:12:55+12:00,Fix harmless LC_COLLATE[_MASK] confusion.
56d23855c864b7384970724f3ad93fb0fc319e51,Heikki Linnakangas,2024-08-19 09:48:25+03:00,Fix garbled process name on backend crash
bd06cc338d82fd0c56de6421fe5ef143ec79cf6e,Michael Paquier,2024-08-19 12:34:18+09:00,Fix more holes with SLRU code in need of int64 for segment numbers
7b063ff26a5fa87ee59d2f2907d9aade87fcb803,Alvaro Herrera,2024-08-18 20:49:57-04:00,Search for SLRU page only in its own bank
2793acecee340aa9582e0f3efe9ff6cb4b5bdf5a,Michael Paquier,2024-08-19 09:03:52+09:00,injection_points: Add stats for point caching and loading
b10528e6cc677e4714d516d2771e5f84485b3146,Thomas Munro,2024-08-19 11:47:37+12:00,ci: Upgrade MacPorts version to 2.10.1.
a5f4ff6c806d359b3d2c28cf902047c830acc132,Michael Paquier,2024-08-19 07:53:47+09:00,doc: Fix typo in section for custom pgstats
0f92b230f88b98c34b9804c4b4226e0d1822dc53,Tomas Vondra,2024-08-19 00:04:48+02:00,Fix DROP DATABASE for databases with many ACLs
d426718d8d6f42467ab8888d8e7837dcfa452e20,Thomas Munro,2024-08-19 07:59:30+12:00,Fix cpluspluscheck for pg_verifybackup.h.
64740853f07fd1a8314ad68c38298d7e5afe1acc,Noah Misch,2024-08-18 12:03:59-07:00,"Fix comments on wal_level=minimal, CREATE TABLESPACE and CREATE DATABASE."
03e9b958eef44046c0092f1f34da4b2de0f9071d,Bruce Momjian,2024-08-16 22:50:54-04:00,docs:  fix incorrect plpgsql error message
151da217a37d793020f8daeea45c142571c0fbe4,Bruce Momjian,2024-08-16 21:12:18-04:00,C comment:  fix for commit b5a9b18cd0b
bd8fe12ef3f727ed3658daf9b26beaf2b891e9bc,David Rowley,2024-08-17 10:36:23+12:00,Relocate a badly placed Assert in COPY FROM code
1d80d6b50e6401828fc445151375f9bde3f99ac6,Nathan Bossart,2024-08-16 15:06:40-05:00,Further reduce dependence on -fwrapv semantics in jsonb.
aa2d6b15d6d64564cb5b0d1c1e74fb64b29f41f1,Robert Haas,2024-08-16 15:09:42-04:00,pg_verifybackup: Move some declarations to new pg_verifybackup.h
af99d44a889fb1cc2d0dd7d40e2ed8dcd57367da,Robert Haas,2024-08-16 14:52:52-04:00,pg_verifybackup: Move skip_checksums into verifier_context.
76dd015e859845fc5fe60557328e3a6bbf11be31,Robert Haas,2024-08-16 13:45:23-04:00,Improve more comments in astreamer_gzip.c.
b8b3f861fbd7ff40055225ec48cec97df925ff04,Alvaro Herrera,2024-08-16 13:23:18-04:00,libpq: Trace all messages received from the server
6be39d77a70df52d5a0f2eb414ef9901ccf17e5a,Tom Lane,2024-08-16 12:35:53-04:00,Fix extraction of week and quarter fields from intervals.
108d2adb9e9e084cd57bf514d06ef4b954719ffa,Nathan Bossart,2024-08-16 11:24:44-05:00,Remove dependence on -fwrapv semantics in jsonb.
95b856de23c72bbb46b7c5430fa6897002d2908e,Peter Eisentraut,2024-08-16 17:14:32+02:00,Remove incidental md5() function use from test
077ad4bd76b12cd4144e40ef5fba3f49528fa5e4,Heikki Linnakangas,2024-08-16 14:45:37+03:00,Relax fsyncing at end of a bulk load that was not WAL-logged
3943da46bc54006ec4849bc7541cf4e674b700eb,Heikki Linnakangas,2024-08-16 13:48:10+03:00,Refactor CopyOneRowTo
1153422edac5d27eeffd61fca2be348fa0714ce9,Heikki Linnakangas,2024-08-16 13:13:43+03:00,Remove unused 'cur_skey' argument from IndexScanOK()
e882bcae032d5e89777e2a1f3d78dfb77c17c192,Peter Eisentraut,2024-08-16 06:41:17+02:00,libpq: Fix minor TOCTOU violation
e3ec9dc1bf4983fcedb6f43c71ea12ee26aefc7a,Alexander Korotkov,2024-08-16 00:58:32+03:00,Add missing wait_for_catchup() to pg_visibility tap test
e2ed7e32271a82179c3f8c7c93ce52ff93c6dd3c,Alexander Korotkov,2024-08-16 00:18:55+03:00,Fix GetStrictOldestNonRemovableTransactionId() on standby
9e9a2b7031f64e49fcaf28f21a4e70eb1212165f,Nathan Bossart,2024-08-15 15:47:31-05:00,Remove dependence on -fwrapv semantics in a few places.
ad89d71978429c61647ae57174a61deb192bd51c,Tom Lane,2024-08-15 11:43:55-04:00,Add 97add39c0 to .git-blame-ignore-revs.
97add39c038bbdb9082b416ddf04cd20b0d20bf5,Tom Lane,2024-08-15 11:41:46-04:00,Clean up indentation and whitespace inconsistencies in ecpg.
516b87502dc1f99adb5126aa70cc796d53648c92,Robert Haas,2024-08-15 10:44:15-04:00,Do not hardcode PG_PROTOCOL_LATEST in NegotiateProtocolVersion
8dc28d7eb868b6ce5a51614628bf46fc63c7e90c,Dean Rasheed,2024-08-15 10:36:17+01:00,Optimise numeric multiplication using base-NBASE^2 arithmetic.
c4e44224cf617c8cd33a734f888c045ac9575226,Dean Rasheed,2024-08-15 10:33:12+01:00,Extend mul_var_short() to 5 and 6-digit inputs.
fce7cb6da09b56462fc734e789348376848caf4c,Peter Eisentraut,2024-08-15 07:08:12+02:00,Variable renaming in dbcommands.c
a3c6aa42ee0d625a55e73e17230db3eaeed3566c,Jeff Davis,2024-08-14 19:07:09-07:00,Fix doc typo: unicode_assigned() return type.
80ffcb842748f0b8ccf8b24c5c3b2500755d2dcd,David Rowley,2024-08-15 13:10:25+12:00,Improve ALTER PUBLICATION validation and error messages
ef6e028f05b3e4ab23c5edfdfff457e0d2a649f6,Nathan Bossart,2024-08-14 14:25:54-05:00,Add a couple of recent commits to .git-blame-ignore-revs.
a5c6b8f22c206aaa22fc9a826f858a262a023cd5,Alvaro Herrera,2024-08-14 14:53:55-04:00,libpq: Trace responses to SSLRequest and GSSENCRequest
5304fec4d8a141abe6f8f6f2a6862822ec1f3598,Peter Eisentraut,2024-08-14 11:36:12+02:00,Apply PGDLLIMPORT markings to some GUC variables
c8e2d422fd556292ab751392bf76f713fe9e9fc1,Peter Eisentraut,2024-08-14 08:07:52+02:00,Remove TRACE_SORT macro
bf3401fe813ad3b6b34e5e9daf8fbd03540a2294,Thomas Munro,2024-08-14 15:04:14+12:00,Harmonize MinGW CODESET lookup with MSVC.
4c1b4cdb86a7a3a97349bb636f34a259abe0187d,Masahiko Sawada,2024-08-13 19:23:56-07:00,Add resource statistics reporting to ANALYZE VERBOSE.
c584781bcc686ebc0b3139e3e166607537336f69,Masahiko Sawada,2024-08-13 18:49:45-07:00,Use pgBufferUsage for buffer usage tracking in analyze.
2488058dc356a43455b21a099ea879fff9266634,Thomas Munro,2024-08-13 23:43:04+12:00,"Include <xlocale.h> for macOS, take II."
52ea7f0e0545e8b7e5f28cceddadbfb184f41a4f,Thomas Munro,2024-08-13 23:02:05+12:00,Include <xlocale.h> for older macOS.
35eeea62302260ec07fd11b287e488768d4543e2,Thomas Munro,2024-08-13 22:34:53+12:00,"Use thread-safe nl_langinfo_l(), not nl_langinfo()."
14c648ff009438830d15de7c8a93c2b29114eb1c,Thomas Munro,2024-08-13 22:13:52+12:00,All POSIX systems have langinfo.h and CODESET.
93660d1c27b1b85e84621326c0e2c89e00c3fc6f,Peter Eisentraut,2024-08-13 10:01:49+02:00,Use errmsg_internal for debug messages
a67a49648d98162e3fca7e502408def0755e487f,Peter Eisentraut,2024-08-13 06:15:28+02:00,Rename C23 keyword
ea92f3a0a5ad756600d94078a5d629c072ff61dd,Alvaro Herrera,2024-08-12 19:12:54-04:00,libpq: Trace frontend authentication challenges
12d6c727ca6988462651c525e197601c4c0f8745,Alvaro Herrera,2024-08-12 18:42:18-04:00,Fix nls.mk to reflect astreamer files relocation
c899c6839f5de596a316da7fb94e4f917a242b04,Alvaro Herrera,2024-08-12 18:17:56-04:00,Fix creation of partition descriptor during concurrent detach+drop
a459ac504cc62421c08c9ee1ddc3e6f9be61f384,Jeff Davis,2024-08-12 12:26:23-07:00,"Remove unnecessary check for NULL locale, per Coverity."
1343ae954ceaf591d6b4271f2b0a93390d56501d,Peter Geoghegan,2024-08-12 14:36:55-04:00,Give nbtree move right function internal linkage.
2aecbd752616aa664f32b3c1804732e475def7cc,Tom Lane,2024-08-12 13:18:36-04:00,Log more info when wait-for-catchup tests time out.
760162fedb4f7ee6f0167cc6acfadee6ccb6be66,Nathan Bossart,2024-08-12 10:35:06-05:00,Add user-callable CRC functions.
313df8f5adde186b0052d7d634a6d0ae41852de0,David Rowley,2024-08-12 23:41:13+12:00,Fix outdated comments
ffabb56c9460b8e2a3fffeea6263a61590ba006d,David Rowley,2024-08-12 23:27:09+12:00,Fix a series of typos and outdated references
8de5ca1dc9fa809102acd1983ee19159d0bc469f,Heikki Linnakangas,2024-08-12 10:57:03+03:00,Fix bad indentation introduced in commit f011e82c2c
3354f85284dc5439c25b57e002e62a88490aca1e,Heikki Linnakangas,2024-08-12 10:04:26+03:00,Consolidate postmaster code to launch background processes
4eb5089e26848ecb71f9e15086e4064597108564,Peter Eisentraut,2024-08-12 08:52:30+02:00,Remove dead code
f1976df5eaf277f6f761306ce06ae32141438096,Peter Eisentraut,2024-08-12 08:30:39+02:00,Remove fe_memutils from libpgcommon_shlib
94980c45674fc2d1125f3ba7ce0bb5d34f770e00,Peter Eisentraut,2024-08-12 08:04:35+02:00,Remove support for old realpath() API
f0d11275954719fd5d0281d4135e5c78de46e099,David Rowley,2024-08-12 15:42:16+12:00,"Remove ""parent"" column from pg_backend_memory_contexts"
3f44959f47460fb350d25d760cf2384f9aa14e9a,Peter Geoghegan,2024-08-11 15:42:52-04:00,Avoid unneeded nbtree backwards scan buffer locks.
f011e82c2c886329245f821146c560a3607f7aba,Heikki Linnakangas,2024-08-11 20:21:16+03:00,"Initialize HASHCTL differently, to suppress Coverity warning"
b2be5cb2ab671073ec0fc69357c3c11e25bb41cc,Tom Lane,2024-08-11 12:24:56-04:00,Suppress Coverity warnings about Asserts in get_name_for_var_field.
364de74cff281e7363c7ca8de4fbf04c6e16f8ed,Tom Lane,2024-08-10 15:51:30-04:00,Allow adjusting session_authorization and role in parallel workers.
0868d7ae70e57f4eeba43792db92ce2d9fe4340d,Alexander Korotkov,2024-08-10 21:43:14+03:00,Add tests for pg_wal_replay_wait() errors
3ac3ec580c6f4f991d32252814e4b04c0e903a41,Alexander Korotkov,2024-08-10 21:43:09+03:00,Improve header comment for WaitLSNSetLatches()
867d396ccd2a7f0ce55e1fa7ebda00bc8c81147b,Alexander Korotkov,2024-08-10 21:43:02+03:00,Adjust pg_wal_replay_wait() procedure behavior on promoted standby
bbf668d66fbf61d45f1c187b08a5f51537bfb7c7,John Naylor,2024-08-10 14:52:56+07:00,Lower minimum maintenance_work_mem to 64kB
f5a1311fccd2ed24a9fb42aa47a17d1df7126039,Peter Eisentraut,2024-08-10 08:22:31+02:00,Fix inappropriate uses of atol()
7adec2d5fc29036a6ce78c4f4e95f85466cb5d9a,Alvaro Herrera,2024-08-09 17:55:01-04:00,libpq: Trace StartupMessage/SSLRequest/GSSENCRequest correctly
a79ed10e6c6b43cc43a51a5f5bcc29252b4bb6dc,Heikki Linnakangas,2024-08-10 00:06:19+03:00,Fix comment on processes being kept over a restart
28a520c0b77325a97bafd0f57cc7bd0dd523b71e,Heikki Linnakangas,2024-08-10 00:04:43+03:00,Refactor code to handle death of a backend or bgworker in postmaster
b43100fa71d7f21751b0b1b9b84833be95336386,Heikki Linnakangas,2024-08-09 22:44:20+03:00,Make BackgroundWorkerList doubly-linked
7fceb5725b05768e9c76b1c3af447dfea8f8da53,Nathan Bossart,2024-08-09 13:16:33-05:00,doc: Standardize use of dashes in references to CRC and SHA.
8c3548613d7e2a7c010360e6f55fa6db849eeef9,Nathan Bossart,2024-08-09 10:52:37-05:00,"doc: Fix name of CRC algorithm in ""Reliability"" section."
b919a97a6cd204cbd9b77d12c9e60ad59eea04a4,Tom Lane,2024-08-09 11:21:39-04:00,"Fix ""failed to find plan for subquery/CTE"" errors in EXPLAIN."
7da1bdc2c2f17038f2ae1900be90a0d7b5e361e0,Peter Eisentraut,2024-08-09 07:18:51+02:00,Remove obsolete RECHECK keyword completely
701cf1e3174d560a19c019f1085c73ef667acf2d,Amit Kapila,2024-08-09 10:23:57+05:30,Change the misleading local end_lsn for prepared transactions.
4eb179e5bf7a5551ce3963d1563d6c9968c1a257,Alvaro Herrera,2024-08-08 20:35:12-04:00,libpq: Add suppress argument to pqTraceOutputNchar
a90bdd7a44d088a10b2faf5d7cdb85b8e4f0c662,Alvaro Herrera,2024-08-08 19:35:13-04:00,Refuse ATTACH of a table referenced by a foreign key
498ee9ee2f4bc7d79f2d91cdd817b2a8f14a664f,Alvaro Herrera,2024-08-08 15:17:11-04:00,Refactor error messages to reduce duplication
d0c8cf2a56fadb08705433bffb301559d97b0712,Alexander Korotkov,2024-08-08 11:48:57+03:00,Add a caveat to hash_seq_init_with_hash_value() header comment
49dc191bd1ae30180597c33e7f75a9950b896ccc,Heikki Linnakangas,2024-08-08 10:20:25+03:00,Fix pg_rewind debug output to print the source timeline history
e56ccc8e4204d9faf86f3bd2e435a0788b3d0429,Noah Misch,2024-08-07 11:43:08-07:00,"Fix names of ""Visual Studio"" and Meson in a documentation sentence."
8d148bb8b8529ed8edeee4332e8eb41bac0fc193,Tom Lane,2024-08-07 12:54:39-04:00,Fix edge case in plpgsql's make_callstmt_target().
2bb969f3998489e5dc4fe9f2a61185b43581975d,Alvaro Herrera,2024-08-07 11:30:36-04:00,Refactor/reword some error messages to avoid duplicates
22b4a1b561f830f2af80c21450a4c05f6efbb698,Robert Haas,2024-08-07 08:49:41-04:00,Improve file header comments for astramer code.
2676040df0b2ebbcf8af759dbe5d34f393c3d5b5,Heikki Linnakangas,2024-08-07 10:43:52+03:00,Make fallback MD5 implementation thread-safe on big-endian systems
5388216f6adc7eac20f32db33cc5ce54ef0cc930,Peter Eisentraut,2024-08-07 09:21:07+02:00,Revert ECPG's use of pnstrdup()
40064a8ee1b34d8a128d6007416acd89077a2c11,Alexander Korotkov,2024-08-07 07:06:17+03:00,Optimize InvalidateAttoptCacheCallback() and TypeCacheTypCallback()
d0f020037e19c33c74d683eb7e0c7cc5725294b4,Alexander Korotkov,2024-08-07 07:06:17+03:00,Introduce hash_search_with_hash_value() function
3ab2668d48476e31d8809fbb36c9ee739cc444e1,Heikki Linnakangas,2024-08-06 23:05:25+03:00,Use psprintf to simplify gtsvectorout()
d5f139cb6814f0af2d2e1106899361e45c305630,Heikki Linnakangas,2024-08-06 23:04:51+03:00,Constify fields and parameters in spell.c
fe8dd65bf28db1a6ad690ffcd5124d1863b5a4c6,Heikki Linnakangas,2024-08-06 23:04:48+03:00,Mark misc static global variables as const
85829c973cb33592dbc0b0f3aaf9132f5dea6953,Heikki Linnakangas,2024-08-06 23:04:22+03:00,"Make nullSemAction const, add 'const' decorators to related functions"
1e35951e71d37ab6716fa55ba399fbe6df4a7417,Heikki Linnakangas,2024-08-06 23:03:43+03:00,Turn a few 'validnsps' static variables into locals
a890ad214942c9eab1b2f0c6997e7dc114f99e71,Jeff Davis,2024-08-06 12:25:12-07:00,selfuncs.c: use pg_strxfrm() instead of strxfrm().
a54d4ed183927f15e1853b83106acebeeeee11c8,Heikki Linnakangas,2024-08-06 22:15:55+03:00,Fix datatypes in comments in instr_time.h
39a138fbef87803ab7fe494243c1ba36a093a0e8,Heikki Linnakangas,2024-08-06 22:15:46+03:00,"Revert ""Fix comments in instr_time.h and remove an unneeded cast to int64"""
6e086fa2e771ad4c0b2d3cca4e2de209a92c719b,Tom Lane,2024-08-06 12:36:42-04:00,Allow parallel workers to cope with a newly-created session user ID.
0ae5b763ea0e9dcd85521ebdc9285bbdc7470331,Tom Lane,2024-08-06 12:21:53-04:00,Clean up handling of client_encoding GUC in parallel workers.
8928817769de0d81758bc760333d3056c67b63c1,Nathan Bossart,2024-08-06 10:56:37-05:00,Remove volatile qualifiers from pg_stat_statements.c.
3dcb09de7bb21c75d4df48263561af324fd099a4,Heikki Linnakangas,2024-08-06 14:28:02+03:00,Fix comments in instr_time.h and remove an unneeded cast to int64
8771298605a6d81861634ed387a6fc7ed496fa61,Michael Paquier,2024-08-06 16:27:38+09:00,Remove unnecessary declaration of heapam_methods
e9931bfb7515b253cc26ff495ee917acff8995d0,Jeff Davis,2024-08-05 18:31:48-07:00,Remove support for null pg_locale_t most places.
f80b09bac87d6b49f5dbb6131da5fbd9b9773c5c,Robert Haas,2024-08-05 11:41:57-04:00,Move astreamer (except astreamer_inject) to fe_utils.
53b2c921a0f9b56465ab65165c1909f9616ffa98,Robert Haas,2024-08-05 10:55:06-04:00,Move recovery injector astreamer to a separate header file.
3c905698114d6c4de4dc607c110c27e0723ae70c,Robert Haas,2024-08-05 09:56:25-04:00,Rename bbstreamer to astreamer.
66e94448abec3aad04faf0a79cab4881ae08e08a,Masahiko Sawada,2024-08-05 06:05:33-07:00,Restrict accesses to non-system views and foreign tables during pg_dump.
ca6fde92258a328a98c1d9e41da5462b73da8529,David Rowley,2024-08-05 23:16:44+12:00,Optimize JSON escaping using SIMD
b5df24e52044abfa6fe20a568ed8bfcb9761a090,Amit Kapila,2024-08-05 14:38:00+05:30,Fix typo in bufpage.h.
f68cd847fa40ead44a786b9c34aff9ccc048004b,Michael Paquier,2024-08-05 12:29:22+09:00,injection_points: Add some fixed-numbered statistics
75534436a477474ea05004b7fbed21e20cea774a,Michael Paquier,2024-08-05 12:06:54+09:00,injection_points: Add some cumulative stats for injection points
2eff9e678d350882f7a4b6ec6361927c9093051c,Michael Paquier,2024-08-05 11:43:33+09:00,Add helper routines to retrieve data for custom fixed-numbered pgstats
8036d73ae3d4014a9dde21b0746dc1ac139d4dc1,Alexander Korotkov,2024-08-04 20:26:48+03:00,pg_wal_replay_wait(): Fix typo in the doc
7949d9594582ab49dee221e1db1aa5401ace49d4,Michael Paquier,2024-08-04 19:41:24+09:00,Introduce pluggable APIs for Cumulative Statistics
365b5a345b2680615527b23ee6befa09a2f784f2,Peter Eisentraut,2024-08-04 11:17:46+02:00,Use CXXFLAGS instead of CFLAGS for linking C++ code
028b4b21df26fee67b3ce75c6f14fcfd3c7cf2ee,Michael Paquier,2024-08-04 03:07:20+09:00,Fix incorrect format placeholders in pgstat.c
66188912566b5614dff095ae86f4b1e06d58e875,Peter Eisentraut,2024-08-03 11:51:02+02:00,Add -Wmissing-variable-declarations to the standard compilation flags
7926a9a80f6daf0fcc1feb1bee5c51fd001bc173,Jeff Davis,2024-08-02 12:52:56-07:00,Small refactoring around ExecCreateTableAs().
3cffe7946c268be91a340ec9a27081cb93d67d35,Noah Misch,2024-08-02 12:49:56-07:00,"Fix name of ""Visual Studio"" in documentation."
3c5db1d6b01642bcd8dbf5e34b68f034365747bb,Alexander Korotkov,2024-08-02 21:16:56+03:00,Implement pg_wal_replay_wait() stored procedure
a83f3088b8f409aaee7a939c2847157d97006193,Alvaro Herrera,2024-08-02 12:05:38-04:00,Fix NLS file reference in pg_createsubscriber
3b2f668b785c9b7970d86e7f72a717751d1ddfc2,Alvaro Herrera,2024-08-02 12:01:10-04:00,pg_createsubscriber: Fix bogus error message
9fb855fe1ae04a147bd4cdaa571a1c9de5f03682,Peter Eisentraut,2024-08-02 10:25:11+02:00,Include bison header files into implementation files
63bef4df975cd8b0a3fee1384a80c569043a6d72,Heikki Linnakangas,2024-08-01 23:23:55+03:00,Minor refactoring of assign_backendlist_entry()
ef4c35b4166e3c99558eba1bc324b2fde61d6ed5,Heikki Linnakangas,2024-08-01 23:23:47+03:00,Fix outdated comment; all running bgworkers are in BackendList
3188a4582a8ce8223fba6e08636d8aaa4cbfd29f,Michael Paquier,2024-08-02 04:49:34+09:00,Switch PgStat_Kind from an enum to a uint32 type
b860848232aab440c9ac4c5de3563565e3d2934b,Michael Paquier,2024-08-02 01:57:28+09:00,Add redo LSN to pgstats files
c27090bd605a54d00c808ce1656a097fddd118f7,Peter Eisentraut,2024-08-01 13:28:32+02:00,"Convert some extern variables to static, Windows code"
6bbbd7f65f44256a6aea6cb4fd2432a954d37f9e,Peter Eisentraut,2024-08-01 12:43:26+02:00,Convert an extern variable to static
c671e142bf4b568434eb8559baff34d32eed5b29,Peter Eisentraut,2024-08-01 12:14:01+02:00,pg_createsubscriber: Rename option --socket-directory to --socketdir
e66b32e43b222692feed8015f320b9894a987346,Etsuro Fujita,2024-08-01 17:45:00+09:00,Update comment in portal.h.
a292c98d62ddc0ad681f772ab91bf68ee399cb4b,Peter Eisentraut,2024-08-01 10:09:18+02:00,Convert node test compile-time settings into run-time parameters
a67da49e1d983fc7662f7854e9eec5debbd14446,Amit Kapila,2024-08-01 10:11:06+05:30,Avoid duplicate table scans for cross-partition updates during logical replication.
a7f107df2b700c859e4d9ad2ca66b07a465d6223,Andres Freund,2024-07-31 19:54:46-07:00,Evaluate arguments of correlated SubPlans in the referencing ExprState
e6a9637488e2673efb87f8ead657789e9889fb17,Tom Lane,2024-07-31 20:57:00-04:00,"Revert ""Allow parallel workers to cope with a newly-created session user ID."""
ca2eea3ac89a4ea16ab069cb681510d05de5285f,Jeff Davis,2024-07-31 16:42:19-07:00,Add is_create parameter to RefreshMatviewByOid().
f683d3a4ca6dc441a86ed90070f126c20ea46b45,Jeff Davis,2024-07-31 16:37:53-07:00,Remove unused ParamListInfo argument from ExecRefreshMatView.
f5f30c22ed69fb37b896c4d4546b2ab823c3fd61,Tom Lane,2024-07-31 18:54:10-04:00,Allow parallel workers to cope with a newly-created session user ID.
bd15b7db489deadb2d9af7f21d16a6ed4a09465b,Nathan Bossart,2024-07-31 10:12:42-05:00,Improve performance of dumpSequenceData().
c8b06bb969bf26c01f10b835e59d0aff39b7f516,Nathan Bossart,2024-07-31 10:12:42-05:00,Introduce pg_sequence_read_tuple().
68e9629985981ce8f8f04b5a9f8b3781eacaafd6,Nathan Bossart,2024-07-31 10:12:42-05:00,Improve performance of dumpSequence().
23687e925f94e36d2d3172faa053f4540bfbb8d2,Nathan Bossart,2024-07-31 10:12:41-05:00,Parse sequence type and integer metadata in dumpSequence().
057ee9183c2142f6ecd9035aa6b96c5509c18a27,David Rowley,2024-08-01 01:25:25+12:00,Doc: mention executor memory usage for enable_partitionwise* GUCs
e54a42ac9d49ef9cd660d1bf55f09c88bb841ee9,Peter Eisentraut,2024-07-31 11:11:09+02:00,Add API and ABI stability guidance to the C language docs
4f29394ea941f688fd4faf7260d2c198931ca797,Peter Eisentraut,2024-07-31 07:57:47+02:00,"doc: Avoid too prominent use of ""backup"" on pg_dump man page"
73275f093f8969f4d2353fcc803377350aa650f6,Peter Eisentraut,2024-07-31 06:22:02+02:00,Make building with LTO work on macOS
0dcea330babd46402f6ca3ea3a552829c99bbe5e,Amit Kapila,2024-07-31 08:53:55+05:30,Fix random failure in 021_twophase.
679c5084cf210c6e958276b657039e8ba0c077c0,Jeff Davis,2024-07-30 16:23:20-07:00,Relax check for return value from second call of pg_strnxfrm().
f822be39629cd24a8ad1f8f6aa444e0c9ae1eaad,Heikki Linnakangas,2024-07-30 22:06:07+03:00,Refactor getWeights to write to caller-supplied buffer
01e51ed78070703c7e078f1519ad59af38e2888a,Heikki Linnakangas,2024-07-30 22:06:03+03:00,Replace static buf with a stack-allocated one in 'seg' extension
da8a587e2e225be1ccf838a330e342bda6848874,Heikki Linnakangas,2024-07-30 22:05:59+03:00,Replace static buf with a stack-allocated one in ReadControlFile
6151cb7876136ad23748f4f724309166bbfad3e0,Heikki Linnakangas,2024-07-30 22:05:51+03:00,Replace static buf with palloc in str_time()
5bf948d564e36553d2a1cda3244a52d054238af4,Heikki Linnakangas,2024-07-30 22:02:58+03:00,Replace static bufs with a StringInfo in cash_words()
47c98035c6fbff01724b9a646196c92b99faa6bf,Heikki Linnakangas,2024-07-30 15:19:46+03:00,Remove leftover function declaration
524d490a9f4ab81d86bbedc6e429fbc27776351c,Andrew Dunstan,2024-07-30 07:57:38-04:00,Preserve tz when converting to jsonb timestamptz
06ffce4559d0f7d29e0d92d18b72b4b96772ad1c,Thomas Munro,2024-07-30 23:37:14+12:00,Remove spinlocks and atomics from meson_options.txt.
71d6c4b966ae8699103548107312275fc8029fc2,Thomas Munro,2024-07-30 23:15:09+12:00,Remove useless member of BackendParameters.
83aadbeb96f019fff88e6a06615fe0a86c6956ca,Thomas Munro,2024-07-30 23:01:55+12:00,Require memory barrier support.
a011dc399cc82be07326c89c926bd5880160b1ba,Thomas Munro,2024-07-30 22:59:30+12:00,Require compiler barrier support.
81385261362962deb9861b39b509aeffe213721d,Thomas Munro,2024-07-30 22:58:57+12:00,"Remove --disable-atomics, require 32 bit atomics."
e25626677f8076eb3ce94586136c5464ee154381,Thomas Munro,2024-07-30 22:58:37+12:00,Remove --disable-spinlocks.
1330843bb78e9d2422af2f2b9909b80732bd6fc0,Peter Eisentraut,2024-07-30 12:32:57+02:00,pg_createsubscriber: Remove obsolete comment
800cd3e923597172a29aba49da45753f52996ee8,Andrew Dunstan,2024-07-30 06:24:59-04:00,Stabilize xid_wraparound tests
03b08c8f5f3e30c97e5908f3d3d76872dab8a9dc,Amit Kapila,2024-07-30 14:01:01+05:30,pg_createsubscriber: Fix an unpredictable recovery wait time.
c19615fe391c9577e2129fed4429736f6b5295da,David Rowley,2024-07-30 20:19:59+12:00,Disallow setting MAX_PARTITION_BUFFERS to less than 2
72fe6d24a38c88e112d5e63a8e907c3e96ae46ad,Jeff Davis,2024-07-30 00:58:06-07:00,Make collation not depend on setlocale().
9b282a9359a12831c087eba7f0f5f0b1dba7b7eb,Richard Guo,2024-07-30 15:51:54+09:00,Fix partitionwise join with partially-redundant join clauses
2309eff62b463fb3f19e6dd229243902b3b44501,Richard Guo,2024-07-30 15:49:44+09:00,Refactor the checks for parameterized partial paths
cc9daa09eee927c17b9409ff42fc7a0b7d6fbd9a,Richard Guo,2024-07-30 15:46:39+09:00,Short-circuit sort_inner_and_outer if there are no mergejoin clauses
ca1ba50fcb6f85ac603aecbc184c7c59886c2a7c,Michael Paquier,2024-07-30 15:08:21+09:00,Add more debugging information when failing to read pgstats files
7f56eaff2fb0f3541c5c6ef8c1099e7f0618b461,Amit Langote,2024-07-30 10:34:17+09:00,SQL/JSON: Fix casting for integer EXISTS columns in JSON_TABLE
74c96699be3f53c058c8794c07952221b9625b4f,Amit Langote,2024-07-30 10:34:17+09:00,SQL/JSON: Some fixes to JsonBehavior expression casting
8240401437c8e261b4ae95fcc4183db98339cc9e,Jeff Davis,2024-07-29 15:18:06-07:00,Do not return NULL from pg_newlocale_from_collation().
6a1d8cef46e654bdc645e9c32412f707471aff2a,Heikki Linnakangas,2024-07-29 22:21:34+03:00,Detach syslogger from shared memory
679f940740f42f2401f72a6b95dc02b9c0ab3f30,Heikki Linnakangas,2024-07-29 20:38:19+03:00,Remove dead generators for cyrillic encoding conversion tables
5c1ce1bbbe5fb8ac2fb1725a980caeed64d7a33e,Nathan Bossart,2024-07-29 11:34:12-05:00,Remove tab completion for CREATE UNLOGGED MATERIALIZED VIEW.
0f129052150487afab9fe64889c5bf7534f7bbc3,Tom Lane,2024-07-29 12:17:24-04:00,Count individual SQL commands in pg_restore's --transaction-size mode.
b3f0e0503f333938df638a8f499909ce4901b40c,Tom Lane,2024-07-29 11:53:49-04:00,Reduce number of commands dumpTableSchema emits for binary upgrade.
0393f542d72c6182271c392d9a83d0fc775113c7,Heikki Linnakangas,2024-07-29 18:17:33+03:00,Fix double-release of spinlock
8bda213ec1628737b500b6b04ec164aec354eb04,Heikki Linnakangas,2024-07-29 16:23:30+03:00,Fix compiler warning/error about typedef redefinitions
9d9b9d46f3c509c722ebbf2a1e7dc6296a6c711d,Heikki Linnakangas,2024-07-29 15:37:48+03:00,Move cancel key generation to after forking the backend
19de089cdc23373e2f36916017a1e23e8ff4c2f8,Heikki Linnakangas,2024-07-29 14:23:23+03:00,Fix outdated comment in smgrtruncate()
513f4472a4a0d294ca64123627ce7b48ce0ee7c1,Richard Guo,2024-07-29 11:35:51+09:00,Reduce memory used by partitionwise joins
f47b33a19115f432ad80777db0d1350d23bb6cf5,Richard Guo,2024-07-29 11:33:18+09:00,Simplify create_merge_append_path for clarity
2e68077b07cc597ef6bdfacffb5acbd17e179237,Jeff Davis,2024-07-28 16:55:17-07:00,Refactor pg_set_regex_collation() for clarity.
da87dc07f16e7435edc601661a6ec71b38bccd25,David Rowley,2024-07-29 09:53:10+12:00,Add missing pointer dereference in pg_backend_memory_contexts view
c0ef1234dfb68bb0b5c926c0eafd82881ad78374,Jeff Davis,2024-07-28 13:34:52-07:00,Fix whitespace in commit 005c6b833f.
1c461a8d8d3c7a4655fdb944ffca94b1e49e5b3d,Jeff Davis,2024-07-28 13:07:25-07:00,Refactor: make default_locale internal to pg_locale.c.
005c6b833f7866b71b50a5382e30d6c3f695306e,Jeff Davis,2024-07-28 12:39:57-07:00,Change collation cache to use simplehash.h.
cdd6ab9d1f5396ec1097d51c21a224aa41118c9c,Alexander Korotkov,2024-07-28 13:50:57+03:00,amcheck: Optimize speed of checking for unique constraint violation
b181062aa5727a013c96b64476f884c992b5068d,David Rowley,2024-07-28 22:22:52+12:00,Fix incorrect return value for pg_size_pretty(bigint)
1e666fd7c6d3bff658cdbad02b4e7bb77dde391d,Peter Eisentraut,2024-07-28 09:23:24+02:00,libpq: Use strerror_r instead of strerror
da4017a694de0610bd5b3a54adda311e46e26300,Tom Lane,2024-07-27 15:38:54-04:00,Doc: fix text's description of regexp_replace's arguments.
17a5871d9d58ea639b6d1ba4f0ce58462d55a33c,David Rowley,2024-07-27 23:46:07+12:00,Optimize escaping of JSON strings
67427f10093a9c50c79e1dbfdcd1698433e8a88f,Heikki Linnakangas,2024-07-27 13:53:16+03:00,Support falling back to non-preferred readline implementation with meson
ff34ae368bdb11f9f66e22a4d79e2a179b3a6f0e,Heikki Linnakangas,2024-07-27 13:53:14+03:00,Support absolute bindir/libdir in regression tests with meson
4d8de281b5834c8f5e0be6ae21e884e69dffd4ce,Heikki Linnakangas,2024-07-27 13:53:11+03:00,Fallback to clang in PATH with meson
a00fae9d43e5adabc56e64a4df6d332062666501,Heikki Linnakangas,2024-07-27 13:53:08+03:00,Fallback to uuid for ossp-uuid with meson
c9e24573905bef7fc3e4efb02bdb4d0cc8e43c51,Michael Paquier,2024-07-27 07:16:52+09:00,Fix more holes with SLRU code in need of int64 for segment numbers
0dcaea56903489e8abedf231f286272495c3beb4,Nathan Bossart,2024-07-26 15:28:55-05:00,Introduce num_os_semaphores GUC.
8a53539bd603e5fe8fa52bdbb7277f6f49724522,Robert Haas,2024-07-26 15:00:48-04:00,Wait for WAL summarization to catch up before creating .partial file.
454aab4b738e53a5dbfca9251a7807a2ad21f87e,Fujii Masao,2024-07-27 03:58:48+09:00,postgres_fdw: Fix bug in connection status check.
4b56bb4ab4856070d5ea4aeafdd663d8bf96b874,Nathan Bossart,2024-07-26 13:37:32-05:00,pg_upgrade: Move live_check variable to user_opts.
5d1d8b3c82c2a796bf7d89f2a5785ce9424acab1,Tom Lane,2024-07-26 12:39:45-04:00,Clarify error message and documentation related to typed tables.
c883453cb29cb40c1e59c3c54d159c5e744da8a9,Robert Haas,2024-07-26 12:00:04-04:00,Fix indentation.
161c73462bf2b9845371d785eac21e32f8fdcae0,Daniel Gustafsson,2024-07-26 16:25:28+02:00,Fix macro placement in pg_config.h.in
cf8a4898360bbb70a0f9eec7bac8bcb4fcb7aa42,Robert Haas,2024-07-26 09:50:31-04:00,Allow WAL summarization to back up when timeline changes.
857df3cef7be93f7b9214c926e7af6f06a8cf23e,Fujii Masao,2024-07-26 22:16:39+09:00,postgres_fdw: Add connection status check to postgres_fdw_get_connections().
c297a47c5f8da78d976e8c3f790dbeeb6a21a853,Fujii Masao,2024-07-26 22:15:51+09:00,"postgres_fdw: Add ""used_in_xact"" column to postgres_fdw_get_connections()."
5687f8c0dd766acb15587a0af8b5208aa3841b21,Peter Eisentraut,2024-07-26 14:55:42+02:00,pg_createsubscriber: Message style improvements
ef7fa900fb587cbaac9f3e943f789155b97aa02b,Heikki Linnakangas,2024-07-26 15:12:23+03:00,Add tests for errors during SSL or GSSAPI handshake
20e0e7da9bc0089433c70b2b53ddf6a340ab5df3,Heikki Linnakangas,2024-07-26 15:12:21+03:00,Add test for early backend startup errors
b9e5249c29354186576d8fc00609fe7eaf7c8d25,Heikki Linnakangas,2024-07-26 15:11:50+03:00,Fix using injection points at backend startup in EXEC_BACKEND mode
c95d2159c1dd3f269383a9bd830e1c804dba34c8,Heikki Linnakangas,2024-07-26 15:00:36+03:00,Fix fallback behavior when server sends an ERROR early at startup
284c030a10b838bb016e8c2de56ae9b845a6b30e,Fujii Masao,2024-07-26 20:47:05+09:00,doc: Enhance documentation for postgres_fdw_get_connections() output columns.
274bbced85383e831ddeb9d83a8af74c4992e7a1,Daniel Gustafsson,2024-07-26 11:09:45+02:00,Disable all TLS session tickets
6f9a62b454e8d36f57d54efa141c464f69ce9206,Amit Langote,2024-07-26 16:38:46+09:00,SQL/JSON: Remove useless code in ExecInitJsonExpr()
4fc6a555606de003690d46e900339e78214ee363,Amit Langote,2024-07-26 16:08:13+09:00,SQL/JSON: Respect OMIT QUOTES when RETURNING domains over jsonb
231b7d670b218d6a5cde0574cf160c8157ab91fb,Amit Langote,2024-07-26 16:00:56+09:00,SQL/JSON: Improve error-handling of JsonBehavior expressions
63e6c5f4a2eeb22e0dd446a62c2b4b417d2b51f0,Amit Langote,2024-07-26 16:00:06+09:00,SQL/JSON: Fix error-handling of some JsonBehavior expressions
c7301c3b6fe2feaf96d52cbf35a85ac6b95374dc,Tom Lane,2024-07-25 19:52:08-04:00,Doc: fix misleading syntax synopses for targetlists.
e458dc1ac8388b33e3ce6b971d8de2721dd73870,Tom Lane,2024-07-25 16:38:28-04:00,Doc: update some HTTP links to point to canonical URLs.
744ddc6c6a0fa5d4d6d0e187cadcc632daaefc0e,Robert Haas,2024-07-25 15:45:06-04:00,Document restrictions regarding incremental backups and standbys.
580f8727ca93b7b9a2ce49746b9cdbcb0a2b4a7e,Tom Lane,2024-07-25 14:51:46-04:00,Add argument names to the regexp_XXX functions.
05faf06e9c21f012355e7095435a5bfb013f5eec,Peter Eisentraut,2024-07-25 15:25:42+02:00,pg_createsubscriber: Message improvements
88e3da5658c55d49522f01694dc43ad177987f43,Daniel Gustafsson,2024-07-25 15:03:50+02:00,pg_upgrade: Remove unused macro
cc59f9d0ff27bc63b41992e04afc67f7efe44019,Daniel Gustafsson,2024-07-25 14:27:01+02:00,pgcrypto: Remove unused binary from clean target
c5c71830267b42098add2862df4b15bc25ae0103,Peter Eisentraut,2024-07-25 11:38:05+02:00,Remove useless unconstify() call
37c6923cf3d8ec1bd44924aab6f58f72754a0e7b,Peter Eisentraut,2024-07-25 10:40:04+02:00,Fix -Wmissing-variable-declarations warnings for float.c special case
ab61c40bfa2ba1887fee304b2ef5306a14a7248c,Peter Eisentraut,2024-07-25 09:26:08+02:00,Add extern declarations for Bison global variables
32d3ed8165f821f6994c95230a9a4b2ff0ce9f12,David Rowley,2024-07-25 15:03:28+12:00,Add path column to pg_backend_memory_contexts view
64c39bd5047e6ee045bbc80ea1399feb59cd2b53,Thomas Munro,2024-07-25 14:48:01+12:00,ci: Pin MacPorts version to 2.9.3.
b8aa44fd4f86ed1ba5798ad360423555865c437c,Michael Paquier,2024-07-25 10:59:49+09:00,doc: Decorate psql page with application markup tags
d01ce180d9b5f0656d499840e138ab9ae9f8bf76,Thomas Munro,2024-07-25 11:30:55+12:00,ci: Upgrade macOS version from 13 to 14.
364509a2e7f92785407348ec702e39729fda6cf8,Nathan Bossart,2024-07-24 11:30:33-05:00,pg_upgrade: Retrieve subscription count more efficiently.
9f21482fe189c3b6193e9a7c3c50518a8a805165,Alvaro Herrera,2024-07-24 14:13:55+02:00,Fix a missing article in the documentation
97f2bc5aa531e32e91c7f27aeaeb87a07e13e822,Fujii Masao,2024-07-24 20:54:51+09:00,pg_stat_statements: Add regression test for privilege handling.
3dd637f3d5997eb5ef3ccf8787e6fa091d93cd0c,Alvaro Herrera,2024-07-24 12:38:18+02:00,Reset relhassubclass upon attaching table as a partition
07fbecb87b16bd52b5bfe6e0ab8a1960734eb04d,Amit Kapila,2024-07-24 14:24:45+05:30,Doc: Fix the mistakes in the subscription's failover option.
f6bef362cac8c47137f9786171eaee5a95fb538b,Thomas Munro,2024-07-24 17:32:35+12:00,Refactor tidstore.c iterator buffering.
1462aad2e4474ab61174f8ab00992cd3d6d57c7b,Amit Kapila,2024-07-24 10:13:36+05:30,Allow altering of two_phase option of a SUBSCRIPTION.
774d47b6c01a8b8111ae390b97343f25ebdf9267,Peter Eisentraut,2024-07-24 06:31:07+02:00,Move all extern declarations for GUC variables to header files
991f8cf8abe244547093ddffcc4b9209076f3525,Nathan Bossart,2024-07-23 21:59:02-05:00,Detect integer overflow in array_set_slice().
d3cc5ffe81f64c6418ba9b18a9db32392f8027e6,Peter Eisentraut,2024-07-23 15:07:10+02:00,Move extern declarations for EXEC_BACKEND to header files
840b3b5b4ee90ce8b692519e534dfb015d89fe8f,Noah Misch,2024-07-23 05:32:03-07:00,Fix private struct field name to match the code using it.
3937cadfd4383fd32f3fd8d8dc5efc32b3d12664,Michael Paquier,2024-07-23 17:59:05+09:00,Use more consistently int64 for page numbers in SLRU-related code
f68d85bf69233ef842a08707bbd1204ef8216549,Peter Eisentraut,2024-07-23 10:17:55+02:00,ldapurl is supported with simple bind
935e675f3c9efd0e39bf33db15ab85049cc4ee7c,Peter Eisentraut,2024-07-23 10:00:41+02:00,Get rid of a global variable
ffb0603929617f39d449e942abe96cdba36e7545,Michael Paquier,2024-07-23 16:54:51+09:00,"Improve comments in slru.{c,h} about segment name format"
65504b747f3c217dfa91297db6ea219924a3fa8a,Peter Eisentraut,2024-07-23 09:20:22+02:00,Replace remaining strtok() with strtok_r()
4d130b28727ce5db4114bcc2a3e2c790643032de,Peter Eisentraut,2024-07-23 09:20:22+02:00,Windows replacement for strtok_r()
8b2e9fd26afd9f379ea8bedeb4b11a354c09a3e1,Richard Guo,2024-07-23 11:18:53+09:00,Remove redundant code in create_gather_merge_path
581df2148737fdb0ba6f2d8fda5ceb9d1e6302e6,Richard Guo,2024-07-23 10:33:26+09:00,Fix rowcount estimate for gather (merge) paths
d2cba4f2cbfe69b2c5f93f364da4e574e075cb03,Tom Lane,2024-07-22 19:43:12-04:00,Doc: improve description of plpgsql's FETCH and MOVE commands.
efcbb76efe406d59c2ba8b4a09e04c01158ba575,Melanie Plageman,2024-07-22 16:58:15-04:00,"Revert ""Test that vacuum removes tuples older than OldestXmin"""
6a6ebb92b0d4c0787797538ec3ff342fd8e7c1ed,Robert Haas,2024-07-22 15:32:43-04:00,Initialize wal_level in the initial checkpoint record.
e4326fbc60c44aab6df5849d3d67a0cba4c71cf2,Robert Haas,2024-07-22 14:57:53-04:00,Remove grotty use of disable_cost for TID scan plans.
c0348fd0e389c89003f309918705d1daea2217b0,Robert Haas,2024-07-22 10:02:31-04:00,Add missing call to ConditionVariableCancelSleep().
5d2e1cc117b38db6bb5dc2e9ae9115304571ac70,Peter Eisentraut,2024-07-22 15:45:46+02:00,Replace some strtok() with strsep()
90c1ba52e06d0847e524b6e6c3259ab1843bb05f,Alvaro Herrera,2024-07-22 12:49:57+02:00,postgres_fdw: Split out the query_cancel test to its own file
683be87fbba02b086cc05789fcbdc289120d1065,Peter Eisentraut,2024-07-22 09:50:30+02:00,Add port/ replacement for strsep()
7e187a7386cc922c8f770c0460bfc43f4806bd15,Richard Guo,2024-07-22 11:29:21+09:00,Fix unstable test in select_parallel.sql
2d8ef5e24fd3d38ffc2379ca32eaeef8c9eee1a7,Michael Paquier,2024-07-22 09:28:01+09:00,"Add new error code for ""file name too long"""
5ec2c529f5537a5f5d5c929c49a5a2af2e4feda7,Andres Freund,2024-07-20 13:51:14-07:00,meson: Add dependency lookups via names used by cmake
2416fdb3ee30bdd2810408f93f14d47bff840fea,Andres Freund,2024-07-20 13:51:14-07:00,meson: Add support for detecting ossp-uuid without pkg-config
7ed2ce0b257fcceb37bec8520eb293c0522d8681,Andres Freund,2024-07-20 13:51:14-07:00,meson: Add support for detecting gss without pkg-config
c3dafaaac389b23721e20f493580fddac7c95528,Andres Freund,2024-07-20 13:51:14-07:00,meson: Add missing argument to gssapi.h check
220003b9b93729af1ffa861d1ae5f4724ce22cd8,Tom Lane,2024-07-20 13:40:15-04:00,Correctly check updatability of columns targeted by INSERT...DEFAULT.
8720a15e9ab121e49174d889eaeafae8ac89de7b,Noah Misch,2024-07-20 04:22:12-07:00,Use read streams in CREATE DATABASE when STRATEGY=WAL_LOG.
a858be17c3f85a2ce3ad5e3073c14ab948b85079,Noah Misch,2024-07-20 04:22:12-07:00,Add a way to create read stream object by using SMgrRelation.
af07a827b9c579be64f144f88e03bff3bb85582c,Noah Misch,2024-07-20 04:22:12-07:00,Refactor PinBufferForBlock() to remove checks about persistence.
e00c45f6850f86c53b48478f60c15be905dc914d,Noah Misch,2024-07-20 04:22:12-07:00,"Remove ""smgr_persistence == 0"" dead code."
22b0ccd65d275d227a7d911aede12d34e1b5dfc9,Nathan Bossart,2024-07-19 11:52:32-05:00,Add overflow checks to money type.
aa607980aee08416211f003ab41aa750f5559712,Melanie Plageman,2024-07-19 12:04:11-04:00,Test that vacuum removes tuples older than OldestXmin
83c39a1f7f3f507058d5bc9f121a42a1a2494180,Melanie Plageman,2024-07-19 12:04:00-04:00,Ensure vacuum removes all visibly dead tuples older than OldestXmin
5784a493f14e02ece767aec7b4d3ed96e16a3a20,Heikki Linnakangas,2024-07-19 10:27:06+03:00,Move resowner from common JitContext to LLVM specific
3a137ab7e575b683c410c46312799a4d88e2b2f2,Michael Paquier,2024-07-19 14:17:56+09:00,"Add more test coverage for jsonpath ""$.*"" with arrays"
5c571a34d0e99bb7df7aedd26b90ff490cd6d9ee,Etsuro Fujita,2024-07-19 13:15:00+09:00,"postgres_fdw: Avoid ""cursor can only scan forward"" error."
c145f321b681ab6c3636849071ff30d5c6f6353c,Michael Paquier,2024-07-19 10:21:01+09:00,Propagate query IDs of utility statements in functions
cd85ae1114fedcce8602bca77b4557fe75165637,Tom Lane,2024-07-18 13:48:58-04:00,Improve pg_ctl's message for shutdown after recovery.
56c6be57af6bd1c7eb7dff50e5f169ced4ed3045,Tom Lane,2024-07-18 12:37:58-04:00,Doc: improve description of plpgsql's RAISE command.
402b586d0a9caae9412d25fcf1b91dae45375833,Robert Haas,2024-07-18 12:09:48-04:00,Do not summarize WAL if generated with wal_level=minimal.
a0a5869a8598cdeae1d2f2d632038d26dcc69d19,Michael Paquier,2024-07-18 09:50:41+09:00,Add INJECTION_POINT_CACHED() to run injection points directly from cache
6159331acfbe2d08361947324e09e446138c7bc1,Tom Lane,2024-07-17 15:17:52-04:00,Doc: fix minor syntax error in example.
a99cc6c6b4bf083d72fb1e8adfb665a449b7a37f,Nathan Bossart,2024-07-17 10:51:00-05:00,Use PqMsg_* macros in more places.
f2a0d5808c246e556efbe3df0fb2be7841e3c988,Andrew Dunstan,2024-07-17 10:44:20-04:00,Avoid error in recovery test if history file is not yet present
86d33987e8b0364b468c9b40c5f2a0a1aed87ef1,Amit Langote,2024-07-17 17:14:01+09:00,SQL/JSON: Rethink c2d93c3802b
ec678692f6d0a8b05b86ca08e96b51e4063cba32,Michael Paquier,2024-07-17 11:50:36+09:00,Make write of pgstats file durable at shutdown
4b74ebf726d444ba820830cad986a1f92f724649,Jeff Davis,2024-07-16 15:41:29-07:00,"When creating materialized views, use REFRESH to load data."
0a8ca122e511884d98a640cb3302866b74638688,Nathan Bossart,2024-07-16 11:04:55-05:00,Add a couple of recent commits to .git-blame-ignore-revs.
49546ae9c74f02dc2a0d6b5469ba0bb025ae25c2,Andrew Dunstan,2024-07-16 10:05:48-04:00,Adjust recently added test for pg_signal_autovacuum role
884d791b213d6bc55f7f9b70d951f395e3ee29bb,Amit Langote,2024-07-16 14:10:58+09:00,SQL/JSON: Fix a paragraph in JSON_TABLE documentation
d2b74882cab84b9f4fdce0f2f32e892ba9164f5c,Michael Paquier,2024-07-16 10:05:46+09:00,Add tap test for pg_signal_autovacuum role
47ecbfdfcc71e41d7dcc35f0be04f8adbe88397f,Andres Freund,2024-07-15 15:17:04-07:00,Fix bad indentation introduced in 43cd30bcd1c
4128453003dc755d94dfd661fb04d741f08e7fc8,Andres Freund,2024-07-15 15:04:15-07:00,"ci: Use newer LLVM version with gcc, to avoid compiler warnings"
8e28778ce396c3dac74a5fa8724e1ca7cea16d19,Jeff Davis,2024-07-15 12:07:35-07:00,Add missing RestrictSearchPath() calls.
c8a6ec206a9940551f3de80a6e5a10377056781c,Andres Freund,2024-07-15 09:26:01-07:00,ci: Upgrade to Debian Bookworm
43cd30bcd1cd4f03bce207938f69a9dc190f1c48,Andres Freund,2024-07-15 09:26:01-07:00,Fix type confusion in guc_var_compare()
a0899c0a97d19b0c330ff885af4b78b3e7efb100,Tom Lane,2024-07-15 11:59:43-04:00,"Doc: minor improvements for plpgsql ""Transaction Management"" section."
8583b1f99340f4de24661dc50ab63ec6965f6759,Thomas Munro,2024-07-15 21:48:48+12:00,Run LLVM verify pass on IR in assert builds.
91651347bae1026afefc648ff939e286878c1cf3,Heikki Linnakangas,2024-07-15 11:12:22+03:00,Use correct type for pq_mq_parallel_leader_proc_number variable
86db52a5062a77c6ee533586be2cef8672a20c7d,Heikki Linnakangas,2024-07-15 10:22:11+03:00,Use atomics to avoid locking in InjectionPointRun()
4e5d6c40914e2b890c4780d33de8ad07b1d79689,Fujii Masao,2024-07-15 14:11:13+09:00,Fix unstable tests in partition_merge.sql and partition_split.sql.
c0868966253218d83caeeac4bfd92ca6f4994537,Fujii Masao,2024-07-15 13:11:51+09:00,Fix tablespace handling in MERGE/SPLIT partition commands.
069d0ff0226b9ac999030b894db8defd4df186e0,Richard Guo,2024-07-15 10:26:33+09:00,Check lateral references within PHVs for memoize cache keys
f96c2c72788cab3005c8bc6b4934b4928b34a529,Tom Lane,2024-07-14 13:49:46-04:00,Avoid unhelpful internal error for incorrect recursive-WITH queries.
d5e6891502ca9e359aa5f5a381d904fe9d606338,Noah Misch,2024-07-13 08:09:33-07:00,Fix new assertion for MERGE view_name ... DO NOTHING.
7102070329d8147246d2791321f9915c3b5abf31,Noah Misch,2024-07-13 08:09:33-07:00,Don't lose partitioned table reltuples=0 after relhassubclass=f.
055891f374a347aedd53c5b4fc79caf0a5522e18,Andrew Dunstan,2024-07-13 08:06:53-04:00,Make sure to run pg_isready on correct port
a8458f508a7a441242e148f008293128676df003,Thomas Munro,2024-07-13 14:59:46+12:00,Fix lost Windows socket EOF events.
291c420747211ffa04678434b43eac26b353f470,Andrew Dunstan,2024-07-12 18:25:11-04:00,Use diff --strip-trailing-cr in pg_regress.c
74e12db19cbc78258a92da8be637a3fb0106b126,Alvaro Herrera,2024-07-12 13:44:19+02:00,Add ORDER BY to new test query
83917791385a601bfe8afe95f250cb2ae6c1fde7,Alvaro Herrera,2024-07-12 12:54:01+02:00,Fix ALTER TABLE DETACH for inconsistent indexes
734c057a8935fca10ff67173c8b969ef799ea7d2,Michael Paquier,2024-07-12 15:09:53+09:00,Add assertion in pgstat_write_statsfile() about processes allowed
63909da9783a4736b01911fe3ee829651ff3c7d8,Amit Kapila,2024-07-12 10:20:59+05:30,Fix a typo in logicalrep_write_typ().
9fd8b331dfe151b7c833e2c8fa17ce753830b891,Amit Kapila,2024-07-12 09:29:21+05:30,Fix unstable test in 040_pg_createsubscriber.
22d946b0f86f9c13f869bb8b75444a77a20134d8,Richard Guo,2024-07-12 11:16:43+09:00,Consider materializing the cheapest inner path in parallel nestloop
72c0b24b2ddd2d2a2b85d19222845c8c7ae3cbdb,Michael Paquier,2024-07-12 09:31:33+09:00,Improve comment of pgstat_read_statsfile()
0d8bd0a72ea284ffb1d1154efbe799241cc5edc6,Tom Lane,2024-07-11 13:21:13-04:00,Improve logical replication connection-failure messages.
a0f1fce80c0373c16b22a1bdc9b0b61958fc9b6a,Tom Lane,2024-07-11 11:50:50-04:00,Add min and max aggregates for composite types (records).
bb19b70081e2248f242cd00227abff5b1e105eb6,Masahiko Sawada,2024-07-11 22:48:23+09:00,Fix possibility of logical decoding partial transaction changes.
c194de0713ebe71aaeeb5ebed4af2390cc1b521c,Andrew Dunstan,2024-07-11 09:34:27-04:00,Change pg_regress.c back to using diff -w on Windows
9e4664d950c125a1ff7bb29cd1593ca37f8b0c01,Michael Paquier,2024-07-11 16:12:44+09:00,Add a new 'F' entry type for fixed-numbered stats in pgstats file
21471f18e9d9aa3383314ed8bc9163bc369109ae,Michael Paquier,2024-07-11 09:21:40+09:00,Add PgStat_KindInfo.init_shmem_cb
cc2236854e2bb4f2120927c390c63cc2aad77762,Nathan Bossart,2024-07-10 16:35:25-05:00,Revamp documentation for predefined roles.
0dcf753bd82a786922f4149248117b113353e257,Dean Rasheed,2024-07-10 20:07:20+01:00,Improve the numeric width_bucket() computation.
628c1d1f2c82f1983e5248b5dfe53170dc23d90a,Andrew Dunstan,2024-07-10 09:53:47-04:00,Use diff's --strip-trailing-cr flag where appropriate on Windows
05506510de6ae24ba6de00cef2f458920c8a72ea,Fujii Masao,2024-07-10 15:56:07+09:00,doc: Update track_io_timing documentation to mention pg_stat_io.
d898665bf7591514158954038ac43cea3240beaa,Michael Paquier,2024-07-10 10:14:37+09:00,Extend pg_get_acl() to handle sub-object IDs
f7bd0a381de12a5c309f3c19d8c966b77e87cff3,Andrew Dunstan,2024-07-09 17:29:48-04:00,Prevent CRLF conversion of inputs in json_parser test module
896cd266fd34c2dfbf06297b9f2ea89ae8e5a0b1,Tom Lane,2024-07-09 16:31:24-04:00,Remove new XML test cases added by e7192486d.
b3bd18294ee471c5a6f1db69be57f08c1e00f1a6,Jeff Davis,2024-07-09 12:37:05-07:00,Fix missing invalidations for search_path cache.
e7192486dded0ca82824fef95eb88b4231bdd4d2,Tom Lane,2024-07-09 15:01:13-04:00,"Suppress ""chunk is not well balanced"" errors from libxml2."
ccd38024bc3c61e62af2097d408a670661713e68,Nathan Bossart,2024-07-09 13:03:40-05:00,Introduce pg_signal_autovacuum_worker.
629520be5f9da9d0192c7f6c8796bfddb4746760,Fujii Masao,2024-07-09 21:30:18+09:00,Fix comment in libpqrcv_check_conninfo().
ca481d3c9ab7bf69ff0c8d71ad3951d407f6a33c,Dean Rasheed,2024-07-09 10:00:42+01:00,Optimise numeric multiplication for short inputs.
42de72fa7b80645347cd7ef3fbb6b0b58d0870f2,Amit Langote,2024-07-09 16:12:22+09:00,SQL/JSON: Various improvements to SQL/JSON query function docs
571f7f70865cdaf1a49e7934208ad139575e3f03,Amit Kapila,2024-07-09 09:00:45+05:30,"To improve the code, move the error check in logical_read_xlog_page()."
b68b29bc8feca0eb340cb857ff1d28d4099c7878,Michael Paquier,2024-07-09 10:27:12+09:00,Use pgstat_kind_infos to write fixed shared statistics
c048cd992c69ed20acbd9059763735e51781e95a,David Rowley,2024-07-09 12:46:48+12:00,Avoid JIT-related test instability in EXPLAIN ANALYZE
c8d5d6c78af4a55c5c36e2fa8e73d1f2b2e9d777,Fujii Masao,2024-07-09 09:26:54+09:00,Fix limit block handling in pg_wal_summary_contents().
5a1e6df3b84c91957f80b19edb497a5eec83c403,David Rowley,2024-07-09 12:15:47+12:00,Show Parallel Bitmap Heap Scan worker stats in EXPLAIN ANALYZE
e41f7130979442362d9053d1ae24b2f87980e842,David Rowley,2024-07-09 09:56:46+12:00,Perform forgotten cat version bump
036bdcec9f9998a6e50711fadce69e482ff18f55,David Rowley,2024-07-09 09:54:59+12:00,Teach planner how to estimate rows for timestamp generate_series
5193ca8e155ac0140d20361bdafa27744c016252,Andrew Dunstan,2024-07-08 14:01:49-04:00,Symlink pg_replslot robustly on Windows in pg_basebackup test
64f34eb2e2ce4bca7351d8c88a6999aeed000c4a,Nathan Bossart,2024-07-08 16:18:00-05:00,Use CREATE DATABASE ... STRATEGY = FILE_COPY in pg_upgrade.
4b4b931bcdf23f5facd49809278a3048c4fdba1f,Andrew Dunstan,2024-07-08 11:40:58-04:00,Choose ports for test servers less likely to result in conflicts
e4f4c5424cf9564b934ac6f632c6c90a2edddb77,Andrew Dunstan,2024-07-08 11:40:58-04:00,Force nodes for SSL tests to start in TCP mode
6082b3d5d3d141aa1ec67ff98955a0d8e12d0e1a,Tom Lane,2024-07-08 14:04:00-04:00,Use xmlParseInNodeContext not xmlParseBalancedChunkMemory.
1ff39f4ff2b68625cdc37076e5c8281a4eab7f4f,Dean Rasheed,2024-07-08 17:48:45+01:00,Fix scale clamping in numeric round() and trunc().
519d710720159046c90c08095e70fdb486d38053,Amit Langote,2024-07-08 22:12:55+09:00,Typo fix
cc68ca6d420e750fd90e76bafb64dd19e51823ac,Heikki Linnakangas,2024-07-08 12:44:45+03:00,Fix outdated comment after removal of direct SSL fallback
e311c6e53955e4529a47a36a4f26b0c3f7a29513,Michael Paquier,2024-07-08 15:34:33+09:00,Renumber pg_get_acl() in pg_proc.dat
7340d9362a792d3cb5f38a512d8cecacc7aceb59,David Rowley,2024-07-08 14:43:09+12:00,Widen lossy and exact page counters for Bitmap Heap Scan
d7db04dfdae361479e77054670ee9d806c6a6420,Richard Guo,2024-07-08 11:17:22+09:00,Remove an extra period in code comment
0ffc0acaf3bf301ba8fd43dc0e004b8b7c9ecd3a,Richard Guo,2024-07-08 10:11:46+09:00,Fix right-anti-joins when the inner relation is proven unique
74b8e6a698025fbea5a5e22ea09d07d97188c1d6,Michael Paquier,2024-07-08 09:43:59+09:00,Re-enable autoruns for cmd.exe on Windows
066e8ac6ea8bc2af79dc86273a09ba7c1a39f7fd,Tom Lane,2024-07-06 15:16:13-04:00,Use xmlAddChildList not xmlAddChild in XMLSERIALIZE.
04bcf9e19a4261fe9c7df37c777592c2e10c32a7,David Rowley,2024-07-06 17:40:05+12:00,Adjust tuplestore.c not to allocate BufFiles in generation context
97651b0139cfa511eaf063b60c900c2ba81b8ba2,David Rowley,2024-07-06 13:59:34+12:00,Fix incorrect sentinel byte logic in GenerationRealloc()
2a5ef09830401071be64d4eff3f6db421263a880,Thomas Munro,2024-07-06 10:27:16+12:00,Cope with <regex.h> name clashes.
8212625e53f28ce2fb9f779f9fa5c003dba904d4,Tom Lane,2024-07-05 17:32:55-04:00,"Fix placement of ""static""."
0b1fe1413ea84a381489ed1d1f718cb710229ab3,Nathan Bossart,2024-07-05 14:42:55-05:00,Remove check hooks for GUCs that contribute to MaxBackends.
ba8f00eef6d6199b1d01f4b1eb6ed955dc4bd17e,Tom Lane,2024-07-05 14:14:42-04:00,Improve PL/Tcl's method for choosing Tcl names of procedures.
aaab3ee9c64129b5afb2c35e743fba322a052bff,Tom Lane,2024-07-05 13:12:34-04:00,"Doc: minor improvements for our ""Brief History"" chapter."
4b211003ecc2946dc0052b650141ea4e8f35254c,Michael Paquier,2024-07-05 18:09:03+09:00,Support loading of injection points
98347b5a3ab116dd0892d112531e376cff5066fd,Heikki Linnakangas,2024-07-05 11:21:46+03:00,Lift limitation that PGPROC->links must be the first field
590b045c37aad44915f7f472343f24c2bafbe5d8,David Rowley,2024-07-05 17:51:27+12:00,Improve memory management and performance of tuplestore.c
53abb1e0ebc38818f31f2ddb15a06feba8e19e6c,David Rowley,2024-07-05 16:56:16+12:00,Fix newly introduced issue in EXPLAIN for Materialize nodes
18501841bcb4e693b9f1e9da2b2fb524c78940d8,Thomas Munro,2024-07-05 15:25:31+12:00,Add simple codepoint redirections to unaccent.rules.
1eff8279d494b96f0073df78abc74954a2f6ee54,David Rowley,2024-07-05 14:05:08+12:00,Add memory/disk usage for Material nodes in EXPLAIN
aa86129e19d704afb93cb84ab9638f33d266ee9d,Richard Guo,2024-07-05 09:26:48+09:00,"Support ""Right Semi Join"" plan shapes"
5a519abeddfe34659a8c0478f04a0acfd0d80ec6,Tom Lane,2024-07-04 13:23:32-04:00,Doc: small improvements in discussion of geometric data types.
2ef575c7803a55101352c0f6cb8f745af063a66c,Alvaro Herrera,2024-07-04 13:57:47+02:00,Fix copy/paste mistake in comment
768f0c3e21b31f92ebb510a7e4d0c2cd1c1ecb97,Alvaro Herrera,2024-07-04 13:25:31+02:00,Remove bogus assertion in pg_atomic_monotonic_advance_u64
ab0ae6432062ed318774981987272b4561b5616c,Daniel Gustafsson,2024-07-04 11:38:37+02:00,doc: Specify when ssl_prefer_server_ciphers was added
4564f1cebd437d93590027c9ff46ef60bc3286ae,Michael Paquier,2024-07-04 17:09:06+09:00,Add pg_get_acl() to get the ACL for a database object
3a8a1f3254b2e3e981a91cb021ea0e9fdb5c3b9c,Amit Langote,2024-07-04 16:05:35+09:00,SQL/JSON: Fix some obsolete comments.
b81a71aa05f294705e1b1d4fe24548f175f9bfe9,Michael Paquier,2024-07-04 09:48:40+09:00,Assign error codes where missing for user-facing failures
6897f0ec024582a570868939d3f34a6853374723,Alexander Korotkov,2024-07-04 02:05:37+03:00,Optimize memory access in GetRunningTransactionData()
6c1af5482e6943a5f29b7f4ca773c720ec8202b0,Alexander Korotkov,2024-07-04 02:05:27+03:00,Fix typo in GetRunningTransactionData()
4331a11c62eca7426ad4472be051fe512a04fc80,David Rowley,2024-07-04 09:44:34+12:00,Remove incorrect Asserts in buffile.c
2329cad1b93f268c0ec6848732c6db43eb46156c,Nathan Bossart,2024-07-03 14:21:50-05:00,Improve performance of binary_upgrade_set_pg_class_oids().
6e1c4a03a978ed3574124d8f2be22ba2e5a4b1e9,Nathan Bossart,2024-07-03 10:58:26-05:00,Remove is_index parameter from binary_upgrade_set_pg_class_oids().
f3412a61f3f92d795ce0c8bb715831ec02124bfb,Heikki Linnakangas,2024-07-03 15:58:14+03:00,Avoid 0-length memcpy to NULL with EXEC_BACKEND
a06e8f84a1ac1158ca7d7a95d9df289fe5219502,Heikki Linnakangas,2024-07-03 15:53:30+03:00,Tighten check for --forkchild argument when spawning child process
ae395f0f7edbbf8e9ebe92e2ed3a471192789f0c,Amit Kapila,2024-07-03 15:04:59+05:30,Fix the testcase introduced in commit 81d20fbf7a.
9fd02525793f3e06c72ee0da45303c21f7067ccf,Michael Paquier,2024-07-03 13:09:20+09:00,Replace hardcoded identifiers of pgstats file by #defines
dd569214aa7d057a9676c49ddbf2da74ad9924e3,Michael Paquier,2024-07-03 12:43:57+09:00,Clean up more unused variables in perl code
dec9d4acdb7d758c3cbe989ad80cf0367f4e166d,Nathan Bossart,2024-07-02 13:03:58-05:00,"Add CODE_OF_CONDUCT.md, CONTRIBUTING.md, and SECURITY.md."
eb21f5bc67a02eb6f7de1bd2f07acdd471a4d320,Heikki Linnakangas,2024-07-02 20:14:40+03:00,Remove redundant SetProcessingMode(InitProcessing) calls
4d22173ec08cfdb83f61cfff1d6fa67fe7d83296,Heikki Linnakangas,2024-07-02 20:12:05+03:00,Move bgworker specific logic to bgworker.c
8213df9effaf0767efa7faf9b75fa500d4f45985,Nathan Bossart,2024-07-02 11:22:06-05:00,pg_dump: Remove some unused return values.
e930c872b65c19c8950556fa94aa9ab53b2919b0,Daniel Gustafsson,2024-07-02 11:16:56+02:00,Use safe string copy routine
da3ea048ca568f570cb579c090cf1a84554b8bec,Peter Eisentraut,2024-07-02 10:43:12+02:00,Remove too demanding test
9c2e660b07fc16bdd79c25047cce6cde2acb3f37,Peter Eisentraut,2024-07-02 09:29:26+02:00,Limit max parameter number with MaxAllocSize
d35cd061998434747c0d1c0f6f2aa1f736f0edb4,Peter Eisentraut,2024-07-02 09:29:26+02:00,Fix overflow in parsing of positional parameter
4867f8a555cea1bc6de1726b0030896aa4cd3c70,Amit Kapila,2024-07-02 11:36:21+05:30,Drop pre-existing subscriptions from the converted subscriber.
8f8bcb88833eecfffbbb0d048ff0b6c33e64f7ce,Peter Eisentraut,2024-07-02 07:26:22+02:00,Improve some global variable declarations
881455e57b1210174b89bb3b13cad6b30b236d50,Peter Eisentraut,2024-07-02 07:26:22+02:00,Add missing includes for some global variables
720b0eaae9b8a8326b2b6a6ff88fca4f47c631d4,Peter Eisentraut,2024-07-02 07:26:22+02:00,Convert some extern variables to static
a4c87df43a45a407a1f3fd584a7ffb32342628cc,Amit Kapila,2024-07-02 10:28:51+05:30,Remove unused structure member in pg_createsubscriber.c.
65b71dec2d577e9ef7423773a88fdd075f3eb97f,David Rowley,2024-07-02 13:41:47+12:00,Use TupleDescAttr macro consistently
0c1aca461481216ff5a0e65538c4880bcf346433,Michael Paquier,2024-07-02 09:47:16+09:00,Cleanup perl code from unused variables and routines
978f38c771fb3a19fdd5cb73cb662441eb9e551c,Michael Paquier,2024-07-02 09:01:38+09:00,Add information about access method for partitioned relations in \dP+
edadeb0710e838f6ce1f95973fae683a56fdba06,Tom Lane,2024-07-01 13:55:52-04:00,Remove support for HPPA (a/k/a PA-RISC) architecture.
7967d10c5b49ccb82f67a0b80678a1a932bccdee,Nathan Bossart,2024-07-01 11:47:40-05:00,Remove redundant privilege check from pg_sequences system view.
1afe31f03cd268a0bbb7a340d56b8eef6419bcb0,Tom Lane,2024-07-01 11:55:19-04:00,Preserve CurrentMemoryContext across Start/CommitTransactionCommand.
6e16b1e42003d811562d30b572ac3972238e2957,Nathan Bossart,2024-07-01 10:18:26-05:00,Add --no-sync to pg_upgrade's uses of pg_dump and pg_dumpall.
3fb59e789dd9f21610101d1ec106ad58095e24f3,Peter Eisentraut,2024-07-01 16:40:25+02:00,Remove useless extern keywords
3497c87b05a6ba31e8d760591900d550b2ef98bc,Alvaro Herrera,2024-07-01 13:58:22+02:00,Fix copy-paste mistake in PQcancelCreate
12227a1d5f8ecad296c4204cc924d33c6a6bcd34,David Rowley,2024-07-01 21:19:01+12:00,Add context type field to pg_backend_memory_contexts
e26d313bad92e71e2b59cc2e81870bf6d750de1f,Peter Eisentraut,2024-07-01 08:50:29+02:00,Remove useless code
da2aeba8f53379e84a8f3f656b6c2ffe5878eff5,Peter Eisentraut,2024-07-01 08:50:10+02:00,Remove useless initializations
da486d360103fbb3cd0d3f3b70134d47e9bb652a,Peter Eisentraut,2024-07-01 08:39:07+02:00,doc: Clarify that pg_attrdef also stores generation expressions
2357c9223b710c91b0f05cbc56bd435baeac961f,Amit Kapila,2024-07-01 11:36:56+05:30,Rename standby_slot_names to synchronized_standby_slots.
0c3930d0768943ad1dedb5a6ace250ce9b65915c,Peter Eisentraut,2024-07-01 07:30:55+02:00,Apply COPT to CXXFLAGS as well
9004abf6206e815d25b7b763c756cf97b457f3cd,Michael Paquier,2024-07-01 14:26:25+09:00,Use pgstat_kind_infos to read fixed shared statistics
a1333ec048fb95ff47a5fc10a9cfde69fdbd2b01,Tom Lane,2024-06-30 23:20:57-04:00,Further weaken new pg_createsubscriber test on Windows.
797adaf0febe02e097353fa6b21dd67fd6bd73c9,Michael Paquier,2024-07-01 10:08:00+09:00,Format better code for xact_decode()'s XLOG_XACT_INVALIDATIONS
00d819d46a6f5b7e9d2e02948a1c80d11c4ce260,Michael Paquier,2024-07-01 09:55:37+09:00,"doc: Add ACL acronym for ""Access Control List"""
b19db55bd687af243dd1edf021ffb166e5270a06,Michael Paquier,2024-07-01 09:35:36+09:00,Remove PgStat_KindInfo.named_on_disk
1029bdec2d641f378eaa59f00a93b136f191f3c7,David Rowley,2024-07-01 12:11:10+12:00,Improve enlargeStringInfo's ERROR message
e26810d01d441a457217a6eae9c2989fba29b80f,Michael Paquier,2024-07-01 07:56:10+09:00,Stamp HEAD as 18devel.
7dcc6f8e6d7a0eb0ce90802311278723843b4bbd,Michael Paquier,2024-07-01 07:35:01+09:00,Run pgperltidy
54508209178bc73a497c460bd0ffd1645dceb1a2,Tom Lane,2024-06-30 17:33:32-04:00,Temporarily(?) weaken new pg_createsubscriber test on Windows.
35a7b288b975f8b13084307c4b610e3bed5ca046,Tomas Vondra,2024-06-30 20:53:39+02:00,Add PG_TEST_PG_COMBINEBACKUP_MODE
a9577bae6b5c88c6865597aacd33b93d1b17e497,Tomas Vondra,2024-06-30 20:53:31+02:00,Add pg_combinebackup --copy option
e99e840b82756bc6858222d97453639cef929b53,Tomas Vondra,2024-06-30 20:51:18+02:00,Add headers needed by pg_combinebackup --clone
917754557cc0002bb042341720a7ce18fe5b0a09,Tom Lane,2024-06-30 14:24:14-04:00,Make pg_createsubscriber warn if publisher has two-phase commit enabled.
b3f5ccebd79d9c7b73f4e04611cdf31fdf87420b,Tom Lane,2024-06-30 13:45:24-04:00,Make pg_createsubscriber more wary about quoting connection parameters.
db0c96cc18aec417101e37e59fcc53d4bf647915,Noah Misch,2024-06-28 11:17:50-07:00,Fix .gitignore for new injection suite.
b99414de90520e9605dff9cb645a2a228876862f,Noah Misch,2024-06-28 09:33:40-07:00,Remove configuration-dependent output from new inplace-inval test.
b48f275f18d7da4f4863888ad047cbd699698880,Robert Haas,2024-06-28 10:51:05-04:00,"pgindent, because I forgot to do that."
716bd12d22c53d1943d41309f2dd061ec601dd5e,Amit Langote,2024-06-28 21:58:13+09:00,SQL/JSON: Always coerce JsonExpr result at runtime
c2d93c3802b205d135d1ae1d7ac167d74e08a274,Amit Langote,2024-06-28 21:48:44+09:00,SQL/JSON: Fix coercion of constructor outputs to types with typmod
065583cf460f980a182498941ac52810f709a897,Robert Haas,2024-06-28 08:29:05-04:00,Prevent summarizer hang when summarize_wal turned off and back on.
55e56c84da99fe7becda2194563f48bb3083c2d1,Amit Langote,2024-06-28 14:01:43+09:00,SQL/JSON: Validate values in ON ERROR/EMPTY clauses
e3c1393efc31ac70de7b68e9a283ec3f2d7f9bd2,Amit Langote,2024-06-28 14:01:43+09:00,SQL/JSON: Prevent ON EMPTY for EXISTS columns in JSON_TABLE()
0ad8153c1f4c7129ff19e8a41d142001d35c8514,Michael Paquier,2024-06-28 13:41:39+09:00,Update modules/injection_points/.gitignore
526b54ece3f6b0bc474c0498d94780a38a6648a2,Michael Paquier,2024-06-28 13:30:47+09:00,Fix comments in heaptuple.c
d85fc4be11b38afd6d3abb586a6799299ed29470,Michael Paquier,2024-06-28 12:31:29+09:00,Improve locking around InjectionPointRun()
4a7f91b3d3141e8898211a5b145b3c210b05c288,Noah Misch,2024-06-27 19:21:06-07:00,"Remove comment about xl_heap_inplace ""AT END OF STRUCT""."
f9f47f0d93d1a493a3365625f96026c7b18d7cf5,Noah Misch,2024-06-27 19:21:06-07:00,Cope with inplace update making catcache stale during TOAST fetch.
5b823b179e5e8ab32f140658698ca08f8c83f06e,Noah Misch,2024-06-27 19:21:05-07:00,AccessExclusiveLock new relations just after assigning the OID.
0cecc908e9749101b5e93ba58d76a62c9f226f9e,Noah Misch,2024-06-27 19:21:05-07:00,Lock before setting relhassubclass on RELKIND_PARTITIONED_INDEX.
f88cdb36c457f673a1966a22883ce47e565a37db,Noah Misch,2024-06-27 19:21:05-07:00,Lock owned sequences during ALTER TABLE SET { LOGGED | UNLOGGED }.
d5f788b41dc2cbdde6e7694c70dda54d829a5ed5,Noah Misch,2024-06-27 19:21:05-07:00,Expand comments and add an assertion in nodeModifyTable.c.
c35f419d6efbdf1a050250d84b687e6705917711,Noah Misch,2024-06-27 19:21:05-07:00,Add an injection_points isolation test suite.
abfbd13af0e971e8789bc89e7c83ad53a85fa74b,Noah Misch,2024-06-27 19:21:05-07:00,Create waitfuncs.c for pg_isolation_test_session_is_blocked().
bb93640a681c2cc709e9836e169c8f3eb556df57,Noah Misch,2024-06-27 19:21:05-07:00,"Add wait event type ""InjectionPoint"", a custom type like ""Extension""."
0844b3968985447ed0a6937cfc8639e379da2fe6,Noah Misch,2024-06-27 19:21:05-07:00,Improve test coverage for changes to inplace-updated catalogs.
22a4b104ba70f6f486197ab28a28cd9bcdd4f4ad,Noah Misch,2024-06-27 19:21:04-07:00,Make TAP todo_start effects the same under Meson and prove_check.
473a352fb393519f22cd4d31839ad3d74b1aeea1,Amit Langote,2024-06-28 09:45:03+09:00,SQL/JSON: Document behavior when input document is not jsonb
5d6c64d290978dab76c00460ba809156874be035,Tom Lane,2024-06-27 14:44:02-04:00,Avoid crashing when a JIT-inlined backend function throws an error.
cbfbda78413a5b2f4807e029407dcc98a0e63162,Heikki Linnakangas,2024-06-27 21:09:58+03:00,Fix MVCC bug with prepared xact with subxacts on standby
ecbf6ac51df27275fb0db493bf163ef98ac00c6a,Heikki Linnakangas,2024-06-27 21:09:58+03:00,tests: Trim newline from result returned by BackgroundPsql->query
a2dff271ebe2a0547d46e90dcb02c088cf2f031c,Alvaro Herrera,2024-06-27 19:51:47+02:00,Fix thinkos in comments
3e53492aa7084bceaa92757c90e067d79768797e,Amit Kapila,2024-06-27 11:35:00+05:30,Drop the temporary tuple slots allocated by pgoutput.
7467939ea226ebc5608285486501b136b642c02b,Michael Paquier,2024-06-27 09:44:47+09:00,Fix overflow with pgstats DSA reference count
b1ffe3ff0b7ed87b34ae0fc6eba71bf032e41b59,Heikki Linnakangas,2024-06-26 23:02:06+03:00,Fix bugs in MultiXact truncation
f92fd1830715ac2039443756475169a45cae2874,Bruce Momjian,2024-06-26 15:08:06-04:00,doc PG 17 relnotes:  fix system catalog name mistake
d537b2e037e580b03c284bf3fcb02be6c3d5c8f2,Bruce Momjian,2024-06-26 13:13:46-04:00,doc PG 17 relnotes:  add item about pg_collation column renames
32f07991b728c25bcd2543ef22ec96105e558477,Nathan Bossart,2024-06-26 11:25:38-05:00,Use PqMsg_* macros in fe-auth.c.
486c2ea25c5e7e248c31b2dbb5db8ebcd3c7d813,Peter Geoghegan,2024-06-26 10:45:52-04:00,Fix nbtree array unsatisfied inequality check.
dbca3469ebf8ac523f401dd0c2eaffd9df64078f,Alvaro Herrera,2024-06-26 13:40:26+02:00,Fix partition pruning setup during DETACH CONCURRENTLY
1bf29f51fa1a15bd5d28e64070e6e8d105338fc3,Tom Lane,2024-06-25 17:53:41-04:00,Improve comment in gram.y.
23c5a0e7d43bc925c6001538f04a458933a11fc1,Joe Conway,2024-06-24 17:24:14-04:00,Stamp 17beta2.
b0ea16528cda1f3a993bbfeb2b93eed9762af4e6,Alvaro Herrera,2024-06-24 17:20:21+02:00,"Revert ""Fix partition pruning setup during DETACH CONCURRENTLY"""
27162a64b386a1f639a4f2b96c7cc3b1db192d92,Alvaro Herrera,2024-06-24 15:56:32+02:00,Fix partition pruning setup during DETACH CONCURRENTLY
f7f4e7e6fa576761f5330963cb7af686957589b4,Peter Eisentraut,2024-06-24 13:11:27+02:00,Translation updates
70a845c04a47645b58f8276a6b3ab201ea8ec426,Alexander Korotkov,2024-06-22 16:17:50+03:00,Remove extra comment at TableAmRoutine.scan_analyze_next_block
a8ffa32377a765fc8d3c4354cdd5a258f596c810,Bruce Momjian,2024-06-21 12:08:14-04:00,"doc PG 17 relnotes:  wording improvements, add links, merge item"
441ef5e1badcc3695de4a865cffb30f0e5057893,Heikki Linnakangas,2024-06-21 17:13:10+03:00,Fix relcache invalidation when relfilelocator is updated
90fe7b74df976324d7c0b3d203b25b7333447ca3,Bruce Momjian,2024-06-21 10:11:12-04:00,doc PG 17 relnotes:  add link to enable_group_by_reordering GUC
82e79ee46b1c880cb7376cf4399c9883c1ddfaea,Alexander Korotkov,2024-06-21 15:39:13+03:00,Add doc entry for the new GUC paramenter enable_group_by_reordering
fd49e8f32325c675d9bb6e26fcdbe9754249932f,John Naylor,2024-06-21 17:29:39+07:00,Prevent access of uninitialized memory in radix tree nodes
c5c82123d3050c3a5eef0f51e9783f1cc5004ba0,Peter Eisentraut,2024-06-21 09:40:44+02:00,pg_combinebackup: Error message improvements
aea79883c57a522f0234d135fe0a3de19178a964,Peter Eisentraut,2024-06-21 09:29:34+02:00,Remove redundant newlines from error messages
58445651dbc6182e1ff4100f6428ba6a261407f9,Peter Eisentraut,2024-06-21 08:17:23+02:00,Fix make build on MinGW
02bbc3c83aec597e4b8c873916e9e29f3d02b132,Peter Eisentraut,2024-06-21 07:53:30+02:00,parse_manifest: Use const char *
15cd9a3881b030a1a4bddc809f038f86ec27e66d,Peter Eisentraut,2024-06-21 07:53:30+02:00,jsonapi: Use const char *
0b06bf9fa972e2964401622f1bb4c611dbe92bd5,Peter Eisentraut,2024-06-21 07:53:30+02:00,jsonapi: Use size_t
7a089f6e6a14ca3a5dc8822c393c6620279968b9,Amit Kapila,2024-06-21 09:55:25+05:30,Doc: Generated columns are skipped for logical replication.
95cabf542f04b634303f899600ea62fb256a08c2,Bruce Momjian,2024-06-20 19:53:01-04:00,doc PG 17 relnotes:  remove mention of undocumented GUC
e6d0d16adf7fb7e715314d5068db4b875c3edf00,Tom Lane,2024-06-20 14:21:36-04:00,Don't throw an error if a queued AFTER trigger no longer exists.
ab4346ebbfef44db857321d74bc0c31e03a72514,Peter Eisentraut,2024-06-20 11:49:01+02:00,pg_combinebackup: Fix small mistake in --help output
d048a327890851f37c8a0d0b8522cb8064ad7cfc,Peter Eisentraut,2024-06-20 11:42:40+02:00,pg_createsubscriber: Indent --help output correctly
3639d08e2f36f76e9a626c60b534c7fe204f329c,Peter Eisentraut,2024-06-20 11:36:38+02:00,pg_dump: Fix weird error message composition
16a3415440ecf2f5cd02848fc05cbfe040ce14c2,Peter Eisentraut,2024-06-20 11:17:21+02:00,Fix redundancy in error messages
95b44bb025b5d13c673662af68a218bd1873861f,Peter Eisentraut,2024-06-20 11:10:26+02:00,Unify some error messages
c61c0cb3a99285db36806b592bd8c540c98757e5,Peter Eisentraut,2024-06-20 09:08:36+02:00,meson: Fix import library name in Windows
832dc19ea681a54c153228a96112bea68dbff022,Nathan Bossart,2024-06-19 16:12:18-05:00,Fix comment in pg_upgrade.h.
03ec203164119f11f0eab4c83c97a8527e2b108d,Amit Langote,2024-06-19 15:22:59+09:00,SQL/JSON: Correctly enforce the default ON EMPTY behavior
0f271e8e8d9c8db0ea86c0d12b3221009b81d8bf,Amit Langote,2024-06-19 15:22:06+09:00,SQL/JSON: Correct jsonpath variable name matching
5e05a0e9924e97c24be13c75e4ba12c60bd0e4ad,Bruce Momjian,2024-06-18 22:41:49-04:00,doc PG 17 relnotes:  properly wrap SGML text
5ade0b8f80cdbb715bc3904ac7d4281a75817911,Bruce Momjian,2024-06-18 22:09:41-04:00,doc PG 17 relnotes:  add links to documentation sections
aa901a37cf8aaf36b0dabaaea42ea3d068fe3448,David Rowley,2024-06-19 10:20:24+12:00,Fix possible Assert failure in cost_memoize_rescan
5603e119f4bd4818f8fa432ffc177c3caf9efeb6,Peter Eisentraut,2024-06-18 14:58:39+02:00,Fix incorrect punctuation in error message
ae482a7ec521e09bb0dbfc261da6e6170a5ac29f,Michael Paquier,2024-06-18 12:51:36+09:00,Fix typo in 029_stats_restart.pl
82ed67a5fe826044bf361ad0425283d05f3dcf95,Bruce Momjian,2024-06-17 15:05:26-04:00,doc PG 17 relnotes:  update to current
a6685c5e362eab5d04b8ffe65fff7cfbd21b6034,Andres Freund,2024-06-17 11:53:07-07:00,doc PG 17 relnotes: Fix sslnegotation typo
92c49d1062f7094f56b80c603233fa4a0ffe2f8b,Tom Lane,2024-06-17 14:30:59-04:00,Fix insertion of SP-GiST REDIRECT tuples during REINDEX CONCURRENTLY.
ba26d156636c84a9674e49dbdfe788b6291985f2,Tom Lane,2024-06-17 13:00:53-04:00,Remove recordExtensionInitPriv[Worker]'s ownerId argument.
35dd40d34cbdf5aa3e0f5b3493c33d00abb26456,Tom Lane,2024-06-17 12:55:10-04:00,Improve tracking of role dependencies of pg_init_privs entries.
653d3969bb013f14c4a6884a253ad9676caf8166,Andrew Dunstan,2024-06-17 10:31:29-04:00,Teach jsonpath string() to unwrap in lax mode
81d20fbf7a03f5e385700c90aec883c96b32ddc6,Peter Eisentraut,2024-06-17 12:12:49+02:00,pg_createsubscriber: Remove failover replication slots on subscriber
b96391382626306c301b67cbd2d28313d96741f3,Peter Eisentraut,2024-06-17 10:48:17+02:00,pg_createsubscriber: Remove replication slot check on primary
04c8634c0c4d636540c9283efdd695558403dc4e,Peter Eisentraut,2024-06-17 09:42:51+02:00,pg_createsubscriber: Only --recovery-timeout controls the end of recovery process
8f1888eb6d6023b80525fbf7a8a1053daa6eb31e,Michael Paquier,2024-06-17 14:26:27+09:00,Make regress function make_tuple_indirect() able to handle plain attributes
faaa0d279899f037b4a6472a00fcd14a321e64c7,Michael Paquier,2024-06-17 13:49:40+09:00,doc: Mention modules/injection_points as example for injection points
645bda2a7155fff57cc3da2ab923202187c72957,Noah Misch,2024-06-16 12:29:30-07:00,Add Windows file version information to test_json_parser programs.
8866ed9560576de9dec628d5bfdb1571ec8d8ef0,Noah Misch,2024-06-16 12:29:25-07:00,Remove use of %z in sscanf.
0099b9408e8c74158976c888854e0caafd6c052a,Heikki Linnakangas,2024-06-16 20:47:07+03:00,Convert confusing macros in multixact.c to static inline functions
92aff003d7f20810d7c8fbe13cbe5fb041cc6242,Tatsuo Ishii,2024-06-16 16:21:46+09:00,doc: fix typo in create role manual.
76618097a6c027ec603a3dd143f61098e3fb9794,Tom Lane,2024-06-14 16:20:35-04:00,Clean out column-level pg_init_privs entries when dropping tables.
01aa88f71208c2af143b044553b89df4438de33e,Tom Lane,2024-06-14 15:29:09-04:00,Fix misc_sanity test to accept SHARED_DEPENDENCY_INITACL entries.
f1affb67055c9b3f31a7ee7eb521a9ba64fff488,Masahiko Sawada,2024-06-14 10:08:15+09:00,Reintroduce dead tuple counter in pg_stat_progress_vacuum.
56a8296212b68267dc2bddeb1fb40a893b1aadb3,Tom Lane,2024-06-13 20:35:02-04:00,Fix parsing of ignored operators in websearch_to_tsquery().
d872e1b4730b793c9d72c80b65feb988269104e2,Michael Paquier,2024-06-14 09:28:11+09:00,doc: Fix description WAL summarizer in glossary
3c992361cda184ff635a516832dcc54c569ea6ec,Michael Paquier,2024-06-14 09:26:32+09:00,doc: Fix description WAL writer in glossary
105024a47238e33647d346264b4f6fe68a7287ed,Tom Lane,2024-06-13 15:14:32-04:00,Improve the granularity of PQsocketPoll's timeout parameter.
6dfac24401b7143ad5c75f991c18105e1267f88e,Tom Lane,2024-06-13 13:37:49-04:00,"When replanning a plpgsql ""simple expression"", check it's still simple."
c425113eebb7dbc7f0031ed97b32f267a9cac75f,Heikki Linnakangas,2024-06-13 19:01:30+03:00,Clamp result of MultiXactMemberFreezeThreshold
f83908798f78c4cafda217ca875602c88ea2ae28,Andrew Dunstan,2024-06-13 07:38:48-04:00,Skip some permissions checks on Cygwin
11b9b8ce44a8cc80cbef6ade2b5ae7438227da79,Andrew Dunstan,2024-06-13 07:31:34-04:00,Add postgres_inc to meson check for Python.h
a41106dab72cbcaa02fce8bda8965d04e85f2d3a,Peter Eisentraut,2024-06-13 11:52:35+02:00,Fix documentation of initdb --show option
ad8877cb513733d8bb98d24770a094b81c27e4c5,Peter Eisentraut,2024-06-13 10:17:36+02:00,Add missing source files to nls.mk
6ac5600a36c1950e1470ccb16038e6b8ca4e6eba,Peter Eisentraut,2024-06-13 07:10:35+02:00,libpq: Some message style normalization
99b99285e5438ee8b0c065db58e87e6577158d22,Peter Geoghegan,2024-06-12 18:04:10-04:00,Harmonize pg_bsd_indent parameter names.
6207f08f700ddc874765919202727fb0171b5403,Peter Geoghegan,2024-06-12 17:01:51-04:00,Harmonize function parameter names for Postgres 17.
a0fe90efef91fcd578a85a0f0c5bcab55285b1d7,Peter Eisentraut,2024-06-12 15:31:31+02:00,libpq: Add missing gettext markers
d112ea46813277351b577ee586c6e84e7de8ab27,Peter Eisentraut,2024-06-12 08:43:43+02:00,libpq: Remove a gettext marker
f376996bb7fe621ac53279a81d475b214e492018,Peter Eisentraut,2024-06-12 04:48:39+02:00,Fix typo in error message
18404ea60141a2e2eaf58a5ebbd2b99f7a0cd442,Masahiko Sawada,2024-06-12 09:56:13+09:00,Fix segmentation fault in test_tidstore.
915de706d28c433283e9dc63701e8f978488a2b9,Tom Lane,2024-06-11 17:57:46-04:00,Fix infer_arbiter_indexes() to not assume resultRelation is 1.
c2fab70248d8b9f129d2333c91b7a6e279a591e3,Alvaro Herrera,2024-06-11 11:38:45+02:00,Fix creation of partition descriptor during concurrent detach
d1ffcc7fa3c54de8b2a677a3e503fc808c7b419c,Amit Kapila,2024-06-11 10:51:34+05:30,Fix an assert in CheckPointReplicationSlots().
3470391e169ed46fa646ea39ade4b9b6898adb17,Amit Kapila,2024-06-11 09:39:52+05:30,Doc: Fix ambuiguity in column lists.
c50d4f4028e5518511b9bfc3a17860a90dc88357,Dean Rasheed,2024-06-10 14:58:21+01:00,doc: Mention all options equivalent to pg_dump --filter patterns.
3cb19f45a3f58fb482999be5fae6ecad74f7fa27,Richard Guo,2024-06-10 13:05:20+09:00,Fix comment about cross-checking the varnullingrels
e656657f2b93a96b83fd4038ec5120c5ec9845e5,Thomas Munro,2024-06-10 12:32:59+12:00,Fix RBM_ZERO_AND_LOCK.
00ac25a3c365004821e819653c3307acd3294818,Tom Lane,2024-06-07 16:45:56-04:00,"Tighten test_predtest's input checks, and improve error messages."
7ed8ce8a469b02fa58276c6035758749ae469bcf,Tom Lane,2024-06-07 14:50:09-04:00,Reject modifying a temp table of another session with ALTER TABLE.
2dc1deaea0354ce8427abd8c6b11f9c004a65f24,Tom Lane,2024-06-07 13:27:26-04:00,Fix behavior of stable functions called from a CALL's argument list.
d92573adcb02564439086d1c257d7821606a3115,Michael Paquier,2024-06-07 18:46:13+09:00,Add more debugging information when dropping twice pgstats entry
8cfbac1492bddc6a81c1c3794355e1d7ac82e957,Etsuro Fujita,2024-06-07 17:45:00+09:00,postgres_fdw: Refuse to send FETCH FIRST WITH TIES to remote servers.
3482bab5e30a0cc7fba4c904ba21b4957b2876bd,Peter Eisentraut,2024-06-07 09:36:26+02:00,meson: Restore implicit warning/debug/optimize flags for extensions
b560a98a17aebf3fabbb8dec89f506b52e61c26b,Amit Kapila,2024-06-07 11:59:27+05:30,"Doc: Add the new section ""Logical Replication Failover""."
4b8791743e0e2c7134ac915ad2aa01ecf6b6571e,Peter Eisentraut,2024-06-07 08:02:15+02:00,doc: Fix copy-and-paste mistake
8ba34c698d19450ccae9a5aea59a6d0bc8b75c0e,Jeff Davis,2024-06-06 16:40:03-07:00,Collation documentation fixes.
1039352e10caf640b070e8bfe37573630efcaacd,Peter Eisentraut,2024-06-06 22:36:43+02:00,meson: Add user-provided c_args to bitcode_cflags
b0f2659c7d9bdf3ccfdd1548dfecf602b901f507,Peter Eisentraut,2024-06-06 21:21:58+02:00,Add meson NLS support for pg_walsummary
7515982636902ad1e945b4606b02ee706dadb83e,Tom Lane,2024-06-06 15:16:56-04:00,Fix failure with SQL-procedure polymorphic output arguments in v12.
e6cd85772647099563da5ada53bd6ab7d096ce00,Heikki Linnakangas,2024-06-06 18:56:28+03:00,Make RelationFlushRelation() work without ResourceOwner during abort
505c008ca37c4f6f2fffcde370b5d8354c4d4dc3,Alexander Korotkov,2024-06-06 13:44:34+03:00,Restore preprocess_groupclause()
0c1af2c35c7b456bd2fc76bbc9df5aa9c7911bde,Alexander Korotkov,2024-06-06 13:43:24+03:00,Rename PathKeyInfo to GroupByOrdering
91143c03d4ca36406a53e05cd421b19e47d131d1,Alexander Korotkov,2024-06-06 13:42:47+03:00,Add invariants check to get_useful_group_keys_orderings()
199012a3d844c6283e0ab4b1139440840a91433d,Alexander Korotkov,2024-06-06 13:41:34+03:00,Fix asymmetry in setting EquivalenceClass.ec_sortref
f654f000ddfd2c8724d0d7085087424f6ab51515,Bruce Momjian,2024-06-05 20:53:15-04:00,doc PG 17 relnotes:  adjust integer bin/oct funcs and psql tab
cd312adc561a0de056bbc0b0087d275bd3e9f282,Michael Paquier,2024-06-06 08:47:40+09:00,Prevent inconsistent use of stats entry for replication slots
8111e80c5d39451c0cbff91d5a6b69fd87c3928c,Nathan Bossart,2024-06-05 15:32:47-05:00,Fix documentation for POSIX semaphores.
b6dbbaa3028f0da01cd4716f8d9c1c766b103cba,Peter Eisentraut,2024-06-05 20:24:41+02:00,Move new SLRU buffers GUCs to a better place in postgresql.conf.sample
fbff304c574971d15981a080cea8d5a710b81d4d,Michael Paquier,2024-06-05 19:56:51+09:00,doc: Fix example with database regexp in HBA documentation
7b71e5bbccd6c86bc12ba0124e7282cfb3aa3226,David Rowley,2024-06-05 21:31:28+12:00,Fix some grammatical errors in some comments
b631d014987b9411ed0eeb7dcba9e0a8599bc3cf,Tom Lane,2024-06-04 18:02:13-04:00,Fix pl/tcl's handling of errors from Tcl_ListObjGetElements().
cd2624fd97b0c36b68da278abc5362647f69b07d,Dean Rasheed,2024-06-04 11:48:01+01:00,Fix PL/pgSQL's handling of integer ranges containing underscores.
5c5bccef211cfc98e0d6c4bc1af40a33c8ac2488,Dean Rasheed,2024-06-04 09:29:42+01:00,Fix another couple of outdated comments for MERGE RETURNING.
83fc61ccfaf38aebe73eacdfc712106797d75b39,Andres Freund,2024-06-03 19:06:50-07:00,ci: windows: Use the same image for VS and MinGW tasks
f04d1c1db01199f02b0914a7ca2962c531935717,Michael Paquier,2024-06-04 07:15:10+09:00,Improve assertion in mdwritev()
4ebe51a5fbc3e08861db85fe3868c31c6bc8ed59,Nathan Bossart,2024-06-03 12:10:43-05:00,Fix documentation for System V semaphores.
8fea1bd5411b793697a4c9087c403887e050c4ac,Bruce Momjian,2024-05-28 00:21:13-04:00,doc PG 17 relnotes:  adjust IN wording
4013a5ada25241ead6a3265d6edf9aadb654dc00,Daniel Gustafsson,2024-05-27 19:37:17+02:00,Fix check for memory allocation
7c655a04a2dc84b59ed6dce97bd38b79e734ecca,Andrew Dunstan,2024-05-26 17:34:45-04:00,Fix meson uuid header check so it works with MSVC
8285b484a47d829a29fbe0ebe65cdc9f9dfb179d,Michael Paquier,2024-05-26 20:58:27+09:00,Fix potential NULL pointer dereference in getIdentitySequence()
945ec4c4bca1e1c4347cd3f93135e96770ac1b4c,Alexander Korotkov,2024-05-26 07:14:12+03:00,amcheck: Fixes for right page check during unique constraint check
4cf9aab2147683100a79bf66a2aa87811674d66c,Bruce Momjian,2024-05-25 23:56:06-04:00,"doc PG 17 relnotes:  improve btree ""set/array"" matching item"
f3bfa029911c02470bcd8dcc8d707aef52f77de7,Bruce Momjian,2024-05-25 23:50:20-04:00,"doc PG 17 relnotes:  fix ""pg_stat_slru_reset"" wording"
232278ca93f95bb6a0ea756bf7cf79928118bc1e,Bruce Momjian,2024-05-25 23:48:35-04:00,"doc PG 17 relnote:  adjust ""SLRU cache sizes to be configured"""
d53a4286d772c50ad7a8ff72ca637de613532592,Alexander Korotkov,2024-05-26 06:41:56+03:00,Provide deterministic order for catalog queries in partition_split.sql
87331c68233425dd02048978e527dcf1ca505c6d,Bruce Momjian,2024-05-25 23:40:17-04:00,doc PG 17 relnotes:  combine items
53785d2a2aaa7899eb82fb4eba9af6da83680c8d,Michael Paquier,2024-05-24 13:40:36+09:00,Fix comment in 024_add_drop_pub.pl
ac8c85d04b133509071b1de60a027ebe00654696,Michael Paquier,2024-05-24 11:21:21+09:00,Improve stability of subscription/029_on_error.pl
0162a9bde267a0dc88f35a8d286514c059e1e0e2,Tom Lane,2024-05-23 15:52:06-04:00,Remove race conditions between ECPGdebug() and ecpg_log().
da32f5c4bca7f3447b869de2afbbfa0b74443d45,Peter Eisentraut,2024-05-23 09:22:28+02:00,jsonapi: Some message style fixes
6ef762938eead1a42024b219311f6ede5dc2104a,Peter Eisentraut,2024-05-23 08:34:05+02:00,doc: Clean up title case use
f7ab71ba0c7bcf237403d40269aeea0a0f2551df,Michael Paquier,2024-05-23 13:47:12+09:00,Fix typo and comments related to the recent no-wait lock improvements
dd087e1c13bf5f2bcfdc189976aa4e44ed431739,Michael Paquier,2024-05-23 13:02:57+09:00,doc: Fix column_name parameter in ALTER MATERIALIZED VIEW
8559252095e17c3cf25a28921a6ef8a14e769519,David Rowley,2024-05-23 15:24:54+12:00,Fix a couple of outdated comments now that we have MERGE RETURNING
fbd4321fd5b4400fbbf356d686af6ad6d3208c66,Alexander Korotkov,2024-05-23 02:22:41+03:00,Don't copy extended statistics during MERGE/SPLIT partition operations
3a82c689fd1be9bdf9d60135e5db7d352c051269,Alexander Korotkov,2024-05-23 02:21:00+03:00,Fix the name collision detection in MERGE/SPLIT partition operations
97e5b0026fc276ab1bcde58ae98ae1fcd9c3acc3,Alexander Korotkov,2024-05-23 02:13:43+03:00,amcheck: Report an error when the next page to a leaf is not a leaf
0b5c161248110b164a3333006004c78f9529a109,Alexander Korotkov,2024-05-23 02:12:45+03:00,amcheck: Don't load the right sibling page into BtreeCheckState
532d94fec32ac11263b53932365560491d1fd50a,Alexander Korotkov,2024-05-23 02:11:14+03:00,amcheck: Refactoring the storage of the last visible entry
bac44bc29a64d882e9717672ff788f19e3d2eb1d,Bruce Momjian,2024-05-22 18:50:33-04:00,doc PG 17 relnotes:  fix pg_stat_reset_shared quoting
d0155ba41e4204c331486cd9f4564c13987702eb,Bruce Momjian,2024-05-22 18:48:16-04:00,doc PG 17 relnotes:  fix pg_stat_statements typo
29a9a632c5b37c5a27e173496959bd162419b155,Bruce Momjian,2024-05-22 18:46:26-04:00,doc PG 17 relnotes:  adjust SQL/JSON constructor func. authors
3551da969e8d4ca392de1dd7b43c46dbf3ba2ec1,Bruce Momjian,2024-05-22 18:39:43-04:00,doc PG 17 relnotes:  adjust builtin collation provider item
a9a7c2c3e15ede7a4f6b44d72a32b105b9113f02,Tom Lane,2024-05-22 18:22:58-04:00,"Fix input of ISO ""extended"" time format for types time and timetz."
d2a338e0603cd218a070b236e3a9f4bcb77588e6,Bruce Momjian,2024-05-22 17:59:22-04:00,doc PG 17 relnotes:  add Heikki Linnakangas to vacuum item
5278668d7a460d0fac3578d494c039dbc1fc5e89,Tom Lane,2024-05-22 17:54:17-04:00,Fix handling of extended expression statistics in CREATE TABLE LIKE.
c37267162e889fe783786b9e28d1b65b82365a00,Robert Haas,2024-05-21 12:54:09-04:00,Fix generate_union_paths for non-sortable types.
12933dc6048902ba891f9572cab96981f50ef669,Robert Haas,2024-05-21 12:44:51-04:00,Re-allow planner to use Merge Append to efficiently implement UNION.
3bd7b2f465deb48c0d37ed6a41bd864771f44390,Robert Haas,2024-05-21 12:44:21-04:00,Doc: return 66c0185a3 to the release notes.
86a2d2a321215797abd1c67d9f2c52510423a97a,Tom Lane,2024-05-20 17:42:50-04:00,Stamp 17beta1.
e1e83a71715f1c2f0717bb66e630ca3bda79b9c1,Tom Lane,2024-05-20 15:16:17-04:00,Doc: remove 66c0185a3 from release notes.
7204f35919b7e021e8d1bc9f2d76fd6bfcdd2070,Tom Lane,2024-05-20 15:08:30-04:00,Revert commit 66c0185a3 and follow-on patches.
d2a04470aa6401c1938cc107e0b2c56c22a2321f,Bruce Momjian,2024-05-20 09:36:58-04:00,doc PG 17 relnotes:  adjust vacuum items
18cbed13d51316184976068f3d8e8da50fc41213,Peter Eisentraut,2024-05-20 12:04:11+02:00,Translation updates
fa25dfcd7ec1c72cce68e17aae99bb0f0349749f,Bruce Momjian,2024-05-19 20:12:42-04:00,"doc PG 17 relnotes:  adjust vacuum item to use ""or"""
acecd6746cdc2df5ba8dcc2c2307c6560c7c2492,Bruce Momjian,2024-05-18 17:52:56-04:00,"doc PG 17 relnotes:  adjust ""builtin"" collation provider"
15b4d463083b1afd515f2322de7f1b7496a2c336,Bruce Momjian,2024-05-18 17:43:37-04:00,doc PG 17 relnotes:  update to current
779ac2c74bd15744aa92b588f70606a1a95256d2,Tom Lane,2024-05-18 14:26:13-04:00,Add test case showing that commit d0d44049d fixed a live bug.
3f49df98d8b97adc37f408ef3942a1523fd33649,Bruce Momjian,2024-05-18 12:50:22-04:00,doc PG 17 relnotes:  add incremental JSON parser item
58294448797ead5b9d7ee0cb574963ffec98ba35,Bruce Momjian,2024-05-18 12:13:59-04:00,doc PG 17 relnotes:  improve JSON casting item
b67478b99b7452540023ff2c9f548a39c62b65ea,Bruce Momjian,2024-05-18 10:39:47-04:00,doc PG 17 relnotes:  adjust vacuum memory item
70353e463cd32ad3368fc1020c3acde5ee9fb476,Tom Lane,2024-05-17 11:41:24-04:00,"Sync typedefs.list with buildfarm, for real this time."
e9b7aee27283e65bd8819cd7a081dbe79eb1c1a3,Peter Eisentraut,2024-05-17 13:48:31+02:00,A few follow-up fixes for GUC name quoting
17974ec259463869bb6bb4885d46847422fbc9ec,Peter Eisentraut,2024-05-17 11:44:26+02:00,Revise GUC names quoting in messages again
be5942aee7a012ce7f30bc7a6617903127f29e89,Peter Eisentraut,2024-05-17 07:36:12+02:00,Remove unused typedefs
110eb4aefbad683c8f512ee8a7168d1718353baa,Michael Paquier,2024-05-17 12:29:57+09:00,Remove enum WaitEventExtension
372700cf3067254317e7e8060662f8fac11500d5,Noah Misch,2024-05-16 14:11:00-07:00,Fix documentation about DROP DATABASE FORCE process termination rights.
a3e6c6f929912f928fa405909d17bcbf0c1b03ee,Melanie Plageman,2024-05-16 11:00:43-04:00,BitmapHeapScan: Remove incorrect assert and reset field
fb5718f35ff667104ab0b9dace3a238113666237,Heikki Linnakangas,2024-05-16 17:17:37+03:00,Remove option to fall back from direct to postgres SSL negotiation
8ba346283335f7ee5bac2e904c2daad49a204c7c,Robert Haas,2024-05-16 08:46:08-04:00,Document that increasing max_connections uses more resources.
fa65a022db26bc446fb67ce1d7ac543fa4bb72e4,David Rowley,2024-05-17 00:39:15+12:00,"Doc: use true|false rather than on|off for ""failover"" option"
94af84f00c5fd3ea840759d85a73204d64e28248,Peter Eisentraut,2024-05-16 11:29:41+02:00,pg_amcheck: Put new options in consistent order in --help and man page
8aee330af55d8a759b2b73f5a771d9d34a7b887f,Peter Eisentraut,2024-05-16 08:17:46+02:00,Revert temporal primary keys and foreign keys
f6ebb418317a1e84be46e7e7b02a26d8c44984de,Bruce Momjian,2024-05-15 22:54:29-04:00,doc PG 17 relnotes:  wording adjustments
a8010d03e1f30c657b6c868fa857c7b8b53c3fbc,Bruce Momjian,2024-05-15 22:48:19-04:00,doc PG 17 relnotes:  add item about vacuum storage/limits/WAL
4dd29b683334739168f60df520dcc9218b6fead7,Thomas Munro,2024-05-16 13:58:25+12:00,"jit: Remove {llvm-config,clang}-N configure probes."
0de37b51065bc5b5848d65a9bb6f932ef392374f,David Rowley,2024-05-16 12:50:16+12:00,Fix some inconsistencies in EXPLAIN output
f01e3ba56fd125ccba65b23a1829fc25b6f3fc65,Michael Paquier,2024-05-16 09:15:01+09:00,doc: Mention more variant --name=value of -c name=value for postgres
3c03ee1a39c0f808cb261a207b6d465c606598bf,Tom Lane,2024-05-15 19:02:14-04:00,Doc: update src/tools/pgindent/README for current practice.
a8f87d5d21c2f3ddd644c9cb313ecd43290a446e,Daniel Gustafsson,2024-05-15 22:48:51+02:00,Fix query result leak during binary upgrade
98b4f53d156efe09294d6e1d62a5b52f544eee29,Peter Eisentraut,2024-05-15 13:49:41+02:00,Re-forbid underscore in positional parameters
96bc29edfde9b8ad0de573702a6b1c55f73ce912,Peter Eisentraut,2024-05-15 13:06:12+02:00,doc: Add standard Environment section to pg_upgrade ref page
cff942453f21ad13db28d820711a45ec94e856a2,Peter Eisentraut,2024-05-15 13:06:12+02:00,doc: Add standard Environment section to pg_amcheck ref page
4f8ff6af1fdca2b33434dd61d4ace7cb480afa21,Peter Eisentraut,2024-05-15 13:06:12+02:00,doc: Remove claims that initdb and pg_ctl use libpq environment variables
54cf0c51184fde6e4c01059be0080b5a60ce6802,Peter Eisentraut,2024-05-15 10:52:26+02:00,Remove stray blank line among gram.y keywords
cc70e170c0213977c106a61c8cedeaac83136c3d,Peter Eisentraut,2024-05-15 10:10:19+02:00,"Make all Perl warnings fatal, catch-up"
54b69f1bd730a228a666441592a12d2a0cbe2a06,Michael Paquier,2024-05-15 14:31:47+09:00,Add missing newline at the end of index_including.sql
8cb653b2457c75d58c4dba578570ba52301c8b78,David Rowley,2024-05-15 15:01:21+12:00,Fix incorrect year in some copyright notices added this year
771fa58df275d0361fcba2b1f97e4d96617fc345,Bruce Momjian,2024-05-14 22:12:49-04:00,doc PG 17 relnotes:  add logical replication apply subtrans item
9bb47338d070105916157528304b79a0ad7baa81,Bruce Momjian,2024-05-14 22:03:47-04:00,"doc PG 17 relnotes:  remove NOT NULL revert, add ALPN item"
2b065fc549ed60249f211a7f37f383ff621973ea,Bruce Momjian,2024-05-14 20:48:11-04:00,doc PG 17 relnotes:  wording fix
78e4841c1bbc4ed4cbd3ae7eb8aac5672190d985,Bruce Momjian,2024-05-14 20:42:55-04:00,doc PG 17 relnotes:  wording fixes
1a48f8b40dc0fe0af67303d7e05df5f93cad36fb,Bruce Momjian,2024-05-14 20:37:01-04:00,doc PG 17 relnotes:  add two optimizer items
f535f350c1f9b5a9c4f10583992576c3af505275,Tom Lane,2024-05-14 20:19:20-04:00,Fix handling of polymorphic output arguments for procedures.
245f1cec59d23032d2eab7019e5d836143383452,Tom Lane,2024-05-14 16:46:38-04:00,Do pre-release housekeeping on catalog data.
ce13f54e6055d24e21cc969f498f121c37616921,Tom Lane,2024-05-14 16:37:22-04:00,Add da256a4a7 to .git-blame-ignore-revs.
da256a4a7fdcca35fe7ca808686ad3de6ee22306,Tom Lane,2024-05-14 16:34:50-04:00,Pre-beta mechanical code beautification.
3ddbac368c205fce1f293de1fe60c1b479800746,Peter Eisentraut,2024-05-14 12:57:22+02:00,Add missing gettext triggers
9eb54a258f53dd1d7f198e74c1b11b516ad2e98a,Peter Eisentraut,2024-05-14 11:36:20+02:00,Add missing source files to pg_combinebackup/nls.mk
83ae824c87a59f1183de560b2560641ab804c729,Daniel Gustafsson,2024-05-14 10:50:26+02:00,Remove auth-options support from initdb
b362d14816699ed05c47355dcb20bbe46f350b86,Daniel Gustafsson,2024-05-14 10:41:32+02:00,Fix memory leaks in error reporting with LOG level
ab4d7a38c36dba3997e9b585448837ccf6384aed,Peter Eisentraut,2024-05-14 10:26:27+02:00,Add missing gettext triggers
2e810bdb7f0a32329a7f3868fae6e81cacc3cd04,Peter Eisentraut,2024-05-14 09:21:17+02:00,Make formatting in nls.mk files more consistent
e87e7324555a93d7645e831209eee3404b9c05d3,Bruce Momjian,2024-05-13 20:55:33-04:00,doc PG 17 relnotes:  add item about libpq large data transfers
ec1a405adc24bc20523eef83ccc85232ec23eaa9,David Rowley,2024-05-14 12:39:30+12:00,"Revert ""Temporarily install debugging in partition_prune test"""
6961753381d8b2437195ce40d219a619a61002b6,Bruce Momjian,2024-05-13 20:01:51-04:00,doc PG 17 relnotes:  add psql connection control-C item
3cb2f13ac500983c9c6b1eef3b3c2091c26f3040,Nathan Bossart,2024-05-13 15:53:50-05:00,Fix pg_sequence_last_value() for unlogged sequences on standbys.
1f7452fa598ee5f1ed32f1fcce101c63c6f1933f,Tom Lane,2024-05-13 13:52:17-04:00,Remove COMMAND_TAG_NEXTTAG from enum CommandTag.
11c1984cccad1d41f461d3bb00f9e662332d002b,Alvaro Herrera,2024-05-13 13:13:25+02:00,Fix typo
2a679ae94e46ea2fa1ff5461c9d0767faecc6c8c,Alexander Korotkov,2024-05-13 13:26:34+03:00,Fix regression tests conflict in 3ca43dbbb6
6f8bb7c1e9610dd7af20cdaf74c4ff6e6d678d44,Alvaro Herrera,2024-05-13 11:31:09+02:00,Revert structural changes to not-null constraints
e89f4c66182e409b6643b1e8426371011dc25217,Alvaro Herrera,2024-05-13 10:32:33+02:00,Fix test case to do what it intends to
3ca43dbbb67fbfb96dec8de2e268b96790555148,Alexander Korotkov,2024-05-13 00:00:21+03:00,Add permission check for MERGE/SPLIT partition operations
cff4e5a36bfe1191a688c5eaff7ba095588ba732,Thomas Munro,2024-05-13 07:55:58+12:00,Skip citext_utf8 test on Windows.
267d41dc4f4184525353db4069709cfb3df02ceb,Michael Paquier,2024-05-12 19:42:26+09:00,injection_points: Store runtime conditions in private area
33181b48fd0ee62bc0a9e39291d5a5c4f8540354,Michael Paquier,2024-05-12 18:53:06+09:00,Introduce private data area for injection points
407e0b023cdb449dde65fd370c6cc48f5b8a5579,Heikki Linnakangas,2024-05-11 18:48:19+03:00,"Change ALPN protocol ID to IANA-approved ""postgresql"""
31e8f4e619d9b5856fa2bd5713cb1e2e170a9c7d,Bruce Momjian,2024-05-10 17:34:33-04:00,"doc PG 17 relnotes:  move FETCH_COUNT item, and clarify"
e7b2593bd69b982fc1a8da8905687d30c297786a,Bruce Momjian,2024-05-10 15:47:08-04:00,doc PG 17 relnotes:  add FETCH_COUNT item
144c2ce0cc75ff99c66749b0ca5235d037df7c09,Peter Eisentraut,2024-05-10 14:55:31+02:00,Fix ON CONFLICT DO NOTHING/UPDATE for temporal indexes
5caa0574963c75cfe7745b1b05f1fd51e3fdf16e,Tom Lane,2024-05-09 18:56:46-04:00,"Doc: update the ""Using EXPLAIN"" examples to match current code."
6a126d91cd042e708e101acafe23100ffb574251,Bruce Momjian,2024-05-09 16:37:51-04:00,doc PG 17 relnotes:  fix author of LLVM item
c3db1f30cbaff4b96325615557de1f3528d5fd4a,Bruce Momjian,2024-05-09 16:34:09-04:00,doc:  clarify PERIOD and WITHOUT OVERLAPS in CREATE TABLE
d727c543176c32205372991d3e036e5349fb719d,Tom Lane,2024-05-09 13:16:34-04:00,Fix recursive RECORD-returning plpython functions.
b538e692493be30132c0ee5984bc53f51920cded,Bruce Momjian,2024-05-09 12:35:04-04:00,doc PG 17 relnotes:  Visual Studio clarification
9effc4608e1f6d19546a0e0f64320f4b0dd10c3c,Tom Lane,2024-05-09 12:19:52-04:00,Repair ALTER EXTENSION ... SET SCHEMA.
d82ab9fc31aa62d94c26d7df98e65c6ceaadb01f,Bruce Momjian,2024-05-09 11:43:03-04:00,doc PG 17 relnotes:  Fixes from jian he
45ea5b0a2732849ef8bfb695808943d0d940abeb,Bruce Momjian,2024-05-09 11:19:56-04:00,doc PG 17 relnotes:  various fixes
c7be3c015bfe518d0624029e640252248a3c8615,Tom Lane,2024-05-09 11:01:50-04:00,Make left-join removal safe under -DREALLOCATE_BITMAPSETS.
e2d5508c501a3cfd47df49ce88669bec7df2e426,Peter Eisentraut,2024-05-09 16:36:51+02:00,psql: Add missing punctuation in help output
1c4429e703b2caf7fc865c2fc0a94f3557e5b356,Peter Eisentraut,2024-05-09 16:36:51+02:00,doc: Use better placeholder in COPY synopsis
21ac38f498b33f0231842238b83847ec63dfe07b,Alvaro Herrera,2024-05-09 13:31:22+02:00,Fix inconsistencies in error messages
e305f71565e203e08e47d7094082188f5737317f,Bruce Momjian,2024-05-08 23:54:30-04:00,doc:  first draft of Postgres 17 release notes
855517307db8efd397d49163d65a4fd3bdcc41bc,Michael Paquier,2024-05-09 12:45:37+09:00,Fix overread in JSON parsing errors for incomplete byte sequences
2fb7560cc8f8ba72fab840e7ae2b2b8c36e68c53,Tom Lane,2024-05-08 11:13:40-04:00,Doc: document that triggers can break referential integrity.
482e108cd38db5366c52a6b1f4180f34c1796155,Peter Eisentraut,2024-05-08 15:24:48+02:00,Add test for REPLICA IDENTITY with a temporal key
84f08f2215754cd03feaa82bbdf10fc114458b26,Peter Eisentraut,2024-05-08 10:17:51+02:00,doc: Improve order of options on pg_upgrade reference page
4364e0126ec7663363cf2dff86a0f6da949fc002,Etsuro Fujita,2024-05-08 16:15:00+09:00,Fix typo in src/backend/utils/resowner/README.
6d716adf8569b734eb8849094e9b3edab084c7f8,Peter Eisentraut,2024-05-08 08:37:46+02:00,Fix incorrect format placeholder
c1aea206e3e333b8c9f8be20422426ae845dd0cf,Tom Lane,2024-05-07 18:22:52-04:00,"Ensure that ""pg_restore -l"" reports dependent TOC entries correctly."
c5bec5426af989f2a9b0c1f4b97340798fe153f7,Tom Lane,2024-05-07 18:15:00-04:00,"Don't corrupt plpython's ""TD"" dictionary in a recursive trigger call."
509199587df73f06eda898ae13284292f4ae573a,Peter Eisentraut,2024-05-07 22:50:00+02:00,Fix assorted bugs related to identity column in partitioned tables
832c4f657fc5d578dc821e9b5175b6ee341e18a8,Jeff Davis,2024-05-07 11:44:47-07:00,Remove obsolete comment.
6572bd55b0a63fe234ec454e7a13f3a373864e9e,Tom Lane,2024-05-07 13:35:10-04:00,Prevent RLS filters on ctid from breaking WHERE CURRENT OF <cursor>.
09fe9659fd5ea73fb721e270664943cab727354b,Peter Eisentraut,2024-05-07 11:25:55+02:00,doc: Improve order of options on pgbench reference page
4712177a6c52b15918c9d6a4bdf8f00e79a18af3,Bruce Momjian,2024-05-06 21:16:06-04:00,"postgresql.conf:  align variable comments, mostly new ones"
07746a8ef2a871d904c26364cdca4e7feeffe395,Tom Lane,2024-05-06 14:22:45-04:00,Finish incomplete revert of ec63622c0.
521a7156ab47623e299855dd04a2a4ea3ad71afe,Nathan Bossart,2024-05-06 09:00:00-05:00,Fix privilege checks in pg_stats_ext and pg_stats_ext_exprs.
d1d286d83c0eed695910cb20d970ea9bea2e5001,Alexander Korotkov,2024-05-06 14:36:36+03:00,Revert: Remove useless self-joins
81b2252e609cfa74550dd6804949485c094e4b85,Alvaro Herrera,2024-05-06 12:45:17+02:00,Remove mention of nchar
7a31eb2aaa6be61ef4e78efe5eaacb4a43dfc4c5,Peter Eisentraut,2024-05-06 12:06:31+02:00,Translation updates
bde2eec1b54800ff11f8d638e88d887985c0ad22,Peter Eisentraut,2024-05-06 09:56:54+02:00,doc: Improve order of options on initdb reference page
597f66942d0b18f2f15b478346bc74ae6fdb793b,Michael Paquier,2024-05-06 09:45:46+09:00,injection_points: Fix incorrect spinlock acquisition
713cfaf2a576a9896fdd9b5aad51f6ebeb91a3c7,Tom Lane,2024-05-05 11:23:49-04:00,Silence Coverity complaint about possible null-pointer dereference.
c34d7df6ad5394c790941a8a4f1a1c71573b47f9,Daniel Gustafsson,2024-05-05 09:47:35+02:00,Fix comment regarding LibreSSL availability
7d2c7f08d9c5ad02101c0fb47cd8e859dd89083b,David Rowley,2024-05-05 12:54:46+12:00,Fix query pullup issue with WindowClause runCondition
01df14763431df1506cbae206945cd165c66d1d3,Tom Lane,2024-05-03 11:08:50-04:00,"Allow selecting the git revision to be packaged by ""make dist""."
a42fc1c903b54ba94374e5e0c08905b9a1479f19,David Rowley,2024-05-04 02:33:25+12:00,Fix an assortment of typos
4a044b9497093f349605fb9912446c5f1bcf228c,Peter Eisentraut,2024-05-03 15:11:41+02:00,Fix expected test output
8f0a97dfffc5b5f48f609fb894befcdf761dd576,Peter Eisentraut,2024-05-03 11:10:40+02:00,Fix segmentation fault in MergeInheritedAttribute()
91e7115b177b0523f9757574b8a329ebe10c0af7,Tom Lane,2024-05-02 17:36:31-04:00,Throw a more on-point error for publications depending on columns.
d45597f72fe53a53f6271d5ba4e7acf8fc9308a1,Alvaro Herrera,2024-05-02 17:26:30+02:00,Disallow direct change of NO INHERIT of not-null constraints
42510c031b070228bfa024f6a4365dffd60086de,Peter Eisentraut,2024-05-02 16:11:26+02:00,Rename libpq trace internal functions
13daa33fa5a6d340f9be280db14e7b07ed11f92e,Alvaro Herrera,2024-05-02 10:54:12+02:00,Disallow NO INHERIT not-null constraints on partitioned tables
a27ccc235d5fd313d79ee16d45ba9bf0b0d80f5f,Daniel Gustafsson,2024-05-02 10:38:28+02:00,doc: Fix incorrectly spelled structname
4a65e1c21290f15a1b5996eeb4700af034844ebd,Peter Eisentraut,2024-05-02 08:21:18+02:00,doc: Fix description of deterministic flag of CREATE COLLATION
9c1d1bde4487a40e963a9571ee44c90deea71f82,Peter Eisentraut,2024-05-02 07:55:53+02:00,doc: Fix description of configure --with-icu option
56455ebd354e35ebd9d17455759abda70f9edcea,Alvaro Herrera,2024-05-01 11:50:05+02:00,Skip invalid database pg_upgrade test on obsolete servers
2ea4b29277222efe59dc25ed8385c8bcb1a3ed0f,David Rowley,2024-05-01 17:04:52+12:00,Fix typos and incorrect type in read_stream.c
5cd72cc0c5017a9d4de8b5d465a75946da5abd1d,Masahiko Sawada,2024-05-01 12:34:06+09:00,Fix parallel vacuum buffer usage reporting.
2800fbb2b793fcb45d9d72ca60f7534722ebc4cd,Michael Paquier,2024-05-01 11:59:14+09:00,Add tab completion for EXPLAIN (MEMORY|SERIALIZE)
a63224be49b86fccbf1bf1809d516626bce7ba11,David Rowley,2024-05-01 13:21:21+12:00,Ensure we allocate NAMEDATALEN bytes for names in Index Only Scans
7562a9bd7100702ce7878a17f4aaac1df08a8e09,Jeff Davis,2024-04-30 17:32:03-07:00,Fix locale options checking in CREATE DATABASE.
d12b4ba1bd3eedd862064cf1dad5ff107c5cba90,Tom Lane,2024-04-30 10:45:14-04:00,Fix one more portability shortcoming in new test_pg_dump test.
f6ab942f5de003f37b88580154ebb614655d7e11,Michael Paquier,2024-04-30 19:24:12+09:00,doc: Remove one example related to pg_input_error_info()
449cdcd486bfc6864e4fa6784cc1526a94fe69db,Alexander Korotkov,2024-04-30 12:12:43+03:00,Stabilize regression tests introduced by 259c96fa8f
259c96fa8f78c0446eba1880850ea6fbe5092120,Alexander Korotkov,2024-04-30 12:00:39+03:00,Inherit parent's AM for partition MERGE/SPLIT operations
60ae37a8bc02f7a4beef442ee7b4656fba0e4e71,Alexander Korotkov,2024-04-30 12:00:39+03:00,Add tab completion for partition MERGE/SPLIT operations
f4fc7cb54b6a9041f7064de71cb3ee3c4f48e061,Alexander Korotkov,2024-04-30 12:00:39+03:00,Rename tables in tests of partition MERGE/SPLIT operations
96c7381c4ceee2ef7c0a7327beb71dec47cf855e,Alexander Korotkov,2024-04-30 12:00:39+03:00,Fix error message in check_partition_bounds_for_split_range()
fcf80c5d5f0f3787e70fca8fd029d2e08a923f91,Alexander Korotkov,2024-04-30 12:00:15+03:00,Make new partitions with parent's persistence during MERGE/SPLIT
842c9b27057e8ecea02b816e3ec6c208779b3d39,Alexander Korotkov,2024-04-30 11:54:56+03:00,Document the way partition MERGE/SPLIT operations create new partitions
885742b9f88b9386368ee94df8c94d154677ffba,Alexander Korotkov,2024-04-30 11:54:42+03:00,Change the way ATExecMergePartitions() handles the name collision
5bcbe9813bf91bcf14ef3a580162f1600dd3d1d4,Heikki Linnakangas,2024-04-30 08:22:24+03:00,Fix compilation on OpenSSL 1.0.2 and LibreSSL
b7dc5da1969cb0756739feb393eea51a8265ca04,Tom Lane,2024-04-29 23:32:05-04:00,"Force COLLATE ""C"" to stabilize ordering, redux."
900d1144256a63250a2e326567b636ee3220b731,Tom Lane,2024-04-29 21:36:00-04:00,"Force COLLATE ""C"" to stabilize ordering in new test_pg_dump queries."
9d9ece4c16dbbaf3b9d60c2fe201b8e99a407be3,Tom Lane,2024-04-29 20:23:26-04:00,Fix test case from b0c5b215d.
b0c5b215dace219ecf3b42cc2eb90abf7fd7a582,Tom Lane,2024-04-29 19:46:33-04:00,Allow meson builds to run test_pg_dump test in installcheck mode.
534287403914cc9760db98f7320ac4e92f5d416e,Tom Lane,2024-04-29 19:26:19-04:00,Fix failure to track role dependencies of pg_init_privs entries.
dd0183469bb779247c96e86c2272dca7ff4ec9e7,Noah Misch,2024-04-29 10:25:33-07:00,Avoid repeating loads of frozen ID values.
f65ab862e3b8d96c6886641155d9447bc73b5126,Noah Misch,2024-04-29 10:24:56-07:00,Close race condition between datfrozen and relfrozen updates.
17a834a04d5a60aedd6899488a53d939d525fb16,Heikki Linnakangas,2024-04-29 18:12:26+03:00,Reject SSL connection if ALPN is used but there's no common protocol
03a0e0d4bb78f23449802463ceea3c5bf8d4838a,Heikki Linnakangas,2024-04-29 18:12:24+03:00,libpq: Enforce ALPN in direct SSL connections
87d2801d4b247b85b70553e43b7e6db0a1e9e7cb,Heikki Linnakangas,2024-04-29 18:12:21+03:00,libpq: Fix error messages when server rejects SSL or GSS
7e61e4cc7cfcf2a34f063094aeab01fdba7b65f6,Michael Paquier,2024-04-29 21:10:41+09:00,Make two-phase tests of ECPG and main suite more concurrent-proof
3c184092651b0b15ca1207c154ab3fd055e1e9fe,Heikki Linnakangas,2024-04-29 12:26:46+03:00,"libpq: If ALPN is not used, make PQsslAttribute(conn, ""alpn"") == """""
592a2283721f7143999364ef487f2b4993f5161d,Peter Eisentraut,2024-04-29 10:49:42+02:00,"Revert ""Add GUC backtrace_on_internal_error"""
5c9f35fc48ea99e59300a267e090e3eafd1b3b0e,Heikki Linnakangas,2024-04-28 22:39:35+03:00,Fix documentation and comments on what happens after GSS rejection
42b041243c00fb20023c983357e7f1ffd3710fff,Tom Lane,2024-04-28 14:34:21-04:00,Throw a more on-point error for functions depending on columns.
4019285c064028fbf613f0e43766416a63b826db,Tom Lane,2024-04-28 13:42:13-04:00,Detect more overflows in timestamp[tz]_pl_interval.
310cd8ab386ca44213b62b1c36162110d46bfc7a,David Rowley,2024-04-28 20:03:34+12:00,Fix duplicated consecutive words in comments
e00b4f79e7367272b436dea6f15d6f421f3d6e1a,Andrew Dunstan,2024-04-27 07:02:57-04:00,Remove redundant JSON parser typedefs
ed52df3b19ee77cca7cb5f202950704f6b12feb9,John Naylor,2024-04-27 14:42:01+07:00,Small cosmetic fixes in radix tree template
1713e3d6cd393fcc1d4873e75c7fa1f6c7023d75,Robert Haas,2024-04-26 08:42:42-04:00,Minor fixes to pg_combinebackup and its documentation.
205db0114e03496f1d6febf276374900b6314e67,Robert Haas,2024-04-25 14:58:59-04:00,pg_combinebackup: Detect checksum mismatches and document limitation.
6d4bc96eb77bca6277880f218cd7a2f9e44bddc0,Andres Freund,2024-04-25 07:51:33-07:00,"Avoid unnecessary ""touch meson.build"" in vpath builds"
bb7f195ff78851e5fcee7230108a16d70be13579,Masahiko Sawada,2024-04-25 21:48:52+09:00,radixtree: Fix SIGSEGV at update of embeddable value to non-embeddable.
e03ec4641d2493db6fbfc60ff78d0f0b36d2ead1,Peter Eisentraut,2024-04-25 14:03:42+02:00,doc: Add link to table
db08e8c6fa89ba9d2e80616448abe53316ceeef8,Amit Kapila,2024-04-25 14:01:44+05:30,Post-commit review fixes for slot synchronization.
0afa288911d5af7b0f5bd7a1aa09cdea7f02590c,Peter Eisentraut,2024-04-25 10:08:07+02:00,Remove unnecessary code from be_lo_put()
aa79bde725650b4cfdce05bcc119008709590af6,Amit Kapila,2024-04-25 10:40:52+05:30,Fix the missing table sync due to improper invalidation handling.
ee3ef4af19d8ba140a8b33c6598d470d36eec10c,Michael Paquier,2024-04-25 10:20:49+09:00,Improve comment of DeallocateStmt->isall
e51c2a46b54ee294c699499bedf76940ce2f392c,Tom Lane,2024-04-24 10:18:16-04:00,Doc: fix minor oversight in ALTER DEFAULT PRIVILEGES ref page.
cc893b82370b5d68e0a72f5bb1663644a3a0351d,Andrew Dunstan,2024-04-24 08:32:01-04:00,Add pg_logging_init() calls missing in commit ba3e6e2bca
9d353639c3b37efea7a29b63027cef81a7c7e335,Daniel Gustafsson,2024-04-24 13:09:50+02:00,Doc: fix prompt in psql crosstabview example
b53d58097d7d5712d819d06e0416dec0a7db2479,Peter Eisentraut,2024-04-24 12:26:19+02:00,doc: Fix up spacing around verbatim DocBook elements
83751691e9c89af15103220b62d78cf5be73dbfd,Peter Eisentraut,2024-04-24 12:12:57+02:00,pg_combinebackup: Add --version to --help output
b279e37015bba58f2e9752f177a6a4f4db2b1814,Peter Eisentraut,2024-04-24 11:31:47+02:00,doc: Correct jsonpath string literal escapes description
3886530caa01cac7179fed6b6e1d303710c027d9,Peter Eisentraut,2024-04-24 11:15:23+02:00,pg_combinebackup: Put newer options in consistent order in --help and man page
d80f2ce294653ce633984445c971dfb534578464,Daniel Gustafsson,2024-04-24 10:54:50+02:00,Support SSL_R_VERSION_TOO_LOW when using LibreSSL
44e27f0a6d07d194ee43e9e4095db75c0525112f,Daniel Gustafsson,2024-04-24 10:54:42+02:00,Support disallowing SSL renegotiation when using LibreSSL
91d6429fad55f0e440643993754216614a9f6b11,Daniel Gustafsson,2024-04-24 10:54:36+02:00,Doc: Use past tense for things which happened in the past
256b4b060614f4e54e49bb43a54404af4f1ef61d,Peter Eisentraut,2024-04-24 10:00:58+02:00,pg_dump: Put new options in consistent order in --help and man page
286eea5d3ae33a8c22d46a051f8ac6069c8b779d,Peter Eisentraut,2024-04-24 09:19:59+02:00,doc: Fix order of options on pg_createsubscriber man page
f994ed89a98b9aed405c760f157a10125eb8d567,Peter Eisentraut,2024-04-24 08:56:21+02:00,pg_walsummary: Document --version option
c3fa85b249e457898a24cb3125a4a1b6b9c0e631,Peter Eisentraut,2024-04-24 08:27:25+02:00,Remove obsolete symbol from ecpg_config.h.in
89ad3e1316bf0374f9e57456bf2888d14bf070f6,Robert Haas,2024-04-23 16:33:19-04:00,Try again to add test coverage for pg_combinebackup w/tablespaces.
ba3e6e2bca97df14920375b0a1ebf4eab95b78b5,Andrew Dunstan,2024-04-23 15:32:06-04:00,Post review fixes for test_json_parser test module
b7d35d393edbe2d4333dde81496e8a362abc85bd,Tom Lane,2024-04-23 12:55:26-04:00,Remove some unnecessary fields from executor nodes.
598e0114a3b16bb7edcaba6784b3794f816889ae,Nathan Bossart,2024-04-23 10:54:04-05:00,Fix code for probing availability of AVX-512.
bb3ca232398658291d4b1eaae12cd6e88dfc96a3,Tom Lane,2024-04-23 11:52:44-04:00,"Improve ""out of range"" error messages for GUCs."
b29cbd3da4e37db17026b9fe58fb46fe83f467bf,Amit Kapila,2024-04-23 12:22:30+05:30,Fix the handling of the failover option in subscription commands.
480bc6e3ed3a5719cdec076d4943b119890e8171,Peter Geoghegan,2024-04-22 13:58:06-04:00,Remove unneeded nbtree array preprocessing assert.
7e44ac3741dd2ebf8c668d6ac6a10fa6ed7301b3,Peter Eisentraut,2024-04-22 09:16:33+02:00,Update src/common/unicode/.gitignore
9e2e4f08bb6cc86710cb84459b7fd0f407e596a7,Peter Eisentraut,2024-04-22 09:16:33+02:00,Update Unicode data to CLDR 45
f46bee346c3b6aab0a0f3f39dc734732b79ce1ed,Michael Paquier,2024-04-22 15:15:36+09:00,Fix dumps of partitioned tables with table AMs
eff6a757fde3ba072a03dd06edc2eafeac5e602d,Peter Geoghegan,2024-04-21 22:51:56-04:00,Remove overzealous array element type assertion.
8c239ee15a4b093523ebe30bdc9af186aaccebfd,Tomas Vondra,2024-04-21 21:21:26+02:00,createdb: compare strategy case-insensitive
a3021aafcecbc5225bf99f235db4130546d543c1,Tom Lane,2024-04-21 13:46:20-04:00,Make postgres_fdw request remote time zone 'GMT' not 'UTC'.
f4fdc24aa35c2268f519905a3a66658ebd55a466,Tomas Vondra,2024-04-20 18:54:09+02:00,createdb: Correct parameter name in SGML docs
06a0f4d52be3a52a74725dd29c66cd486256a209,Michael Paquier,2024-04-20 18:01:03+09:00,Remove resowner_private.h
2d3389c28c5c8235221d2ae0776df4ab812b15c8,David Rowley,2024-04-20 13:53:35+12:00,Doc: document cases where queryid is stable
82023d47de9e262730b1f9b4ea77fae201a89d0a,Robert Haas,2024-04-19 17:21:56-04:00,Revert recent ill-advised test case changes.
fa7036dd6644d13233b475874a94754a5903e35a,Robert Haas,2024-04-19 15:50:02-04:00,Use tempdir_short instead of tempdir.
cd64dc42d1e1b03e57e6ba3d316e4f9dec52a78d,Robert Haas,2024-04-19 13:30:42-04:00,pg_combinebackup: Fix incorrect tablespace handling.
6bf5c42b5546984df29289918f952e6211069c54,Robert Haas,2024-04-19 13:08:03-04:00,Make PostgreSQL::Test::Cluster::init_from_backup handle tablespaces.
41d2c6f952edc4841763d05296b65f3c0edad4f2,Tomas Vondra,2024-04-19 16:08:34+02:00,Add missing index_insert_cleanup calls
95d14b7ae26db5ed85d9945e29121bb0e9b59863,Tomas Vondra,2024-04-19 15:43:17+02:00,Fix a couple typos in BRIN code
e6488fcb057b36f32d52f1c4dcbecda461ed7445,Daniel Gustafsson,2024-04-19 14:50:10+02:00,Doc: Remove mention of @ and ~ GiST operators
0cd711271d42b0888d36f8eda50e1092c2fed4b3,Alvaro Herrera,2024-04-19 12:37:33+02:00,Better handle indirect constraint drops
2e068db56e31dfb510fe7416e52b7affe26f278f,Dean Rasheed,2024-04-19 09:40:20+01:00,Use macro NUM_MERGE_MATCH_KINDS instead of '3' in MERGE code.
f6e845133630fe08acf7ad640f6d8443f13b134a,Daniel Gustafsson,2024-04-19 09:58:04+02:00,Remove unused function prototype
9c58bf1507bee00b8cda837a232401fec21e6873,Daniel Gustafsson,2024-04-19 09:58:00+02:00,Fix incorrect parameter name in prototype
84db9a0eb10dd1dbee6db509c0e427fa237177dc,Daniel Gustafsson,2024-04-18 23:02:39+02:00,Doc: Update link to the mentioned subsection
950d4a2cb1d5f427dbccf70dbad510479cc4d8e6,Daniel Gustafsson,2024-04-18 21:28:07+02:00,Fix typos and duplicate words
fbed6ebe41beb72d9b7978a414ed4e8515ed1b19,Robert Haas,2024-04-18 13:06:27-04:00,"Remove spurious ""the""."
f22e17f76cf569a797c45268081feadc8ebd68c7,Peter Geoghegan,2024-04-18 11:48:41-04:00,Don't try to fix eliminated nbtree array scan keys.
9e72f6bfae1707fca1a297db433f6145d582a1c2,Robert Haas,2024-04-18 11:00:38-04:00,Restrict where INCREMENTAL.${NAME} files are recognized.
d72d32f52d26c9588256de90b9bc54fe312cee60,Alvaro Herrera,2024-04-18 16:10:53+02:00,Don't try to assign smart names to constraints
2e2d4604d94318a304d350aee478bda91a521339,Robert Haas,2024-04-18 09:52:19-04:00,docs: Mention that pg_combinebackup does not verify backups.
d9f686a72ee91f6773e5d2bc52994db8d7157a8e,Alvaro Herrera,2024-04-18 15:35:15+02:00,Fix restore of not-null constraints with inheritance
e0d51e3bf45436bdf84d096916daea2af2c7ba6e,Peter Eisentraut,2024-04-18 11:37:01+02:00,Update src/tools/pginclude/README to match recent changes to cpluspluscheck
2c7cea5a8e741b7f7f9f12700d59b49b376301a1,Amit Langote,2024-04-18 17:28:12+09:00,Fix object name clash in recently introduced test
ef744ebb7340d42361ebd88d068b27b17e69de18,Amit Langote,2024-04-18 14:46:43+09:00,SQL/JSON: Miscellaneous fixes and improvements
c0fc0751862d4e9b7ca9d51f2cd79344690ec873,Amit Langote,2024-04-18 14:46:35+09:00,SQL/JSON: Fix issues with DEFAULT .. ON ERROR / EMPTY
b4fad46b6bc8a9bf46ff689bcb1bd4edf8f267af,Amit Langote,2024-04-18 14:45:48+09:00,SQL/JSON: Improve some error messages
40126ac68f2ff96351cd6071350eb2d5cbd50145,Alexander Korotkov,2024-04-18 00:29:53+03:00,Refactoring for CommitTransactionCommand()/AbortCurrentTransaction()
3ab8cf92754d5ee4390af4e4840fb45d5bc25007,Andres Freund,2024-04-17 11:21:17-07:00,"Remove GlobalVisTestNonRemovable[Full]Horizon, not used anymore"
0c2f5552d5d47c702f5077a2df131d3125d96132,Tomas Vondra,2024-04-17 18:31:46+02:00,Cleanup parallel BRIN index build code
0bd4b0689ba1f12fbbd9919ca76a71df3e7702a2,Tomas Vondra,2024-04-17 16:14:47+02:00,Stabilize test of BRIN parallel create
a89cd7bfcdbb45a2c23b4b6004f4503f04f83bd7,Tomas Vondra,2024-04-17 16:12:06+02:00,"Revert ""Stabilize test of BRIN parallel create"""
5165d43680dafafcc3d8c1a0a781b9aa33064ea6,Peter Eisentraut,2024-04-17 15:20:58+02:00,meson: Add some missing LLVM function checks
ca89db5f9d0b03a10706312bbe8b8a43b1ec7538,Peter Eisentraut,2024-04-17 10:48:04+02:00,Remove dead code
2e75492b3c33beaf226981b796d81b6127544fea,Peter Eisentraut,2024-04-17 09:11:02+02:00,Add missing source file to libpq/nls.mk
f6f8ac8e75c9af5a599fa658d9125875f16ab08c,Masahiko Sawada,2024-04-17 16:10:18+09:00,doc: Fix COPY ON_ERROR option syntax synopsis.
91fe092a966e6c08c0ead80388f474ac989dc9a3,Michael Paquier,2024-04-17 14:56:31+09:00,Fix typos with function name in event_trigger.c
a6d0fa5ef840bc98e14cb34ecf672e6e2e245517,Masahiko Sawada,2024-04-17 11:31:27+09:00,Disallow specifying ON_ERROR option without value.
58cf2e120e8aee2daed5a9b9ee4471574f712b3b,David Rowley,2024-04-17 10:49:09+12:00,Update mmgr's README to mention BumpContext
6d2fd66b9908d1557d7e49b1bdb4c597192f3729,David Rowley,2024-04-17 10:40:31+12:00,Push dedicated BumpBlocks to the tail of the blocks list
2ea5d8bece85518b4b8c052ff134c294c21543e0,Peter Eisentraut,2024-04-16 20:22:41+02:00,Mark some new location fields as ParseLoc
ec07d0d7fae9ac990061bef1aa8995f842839a40,Tom Lane,2024-04-16 13:00:40-04:00,Clean up more indent breakage from 6377e12a5.
6f0cef9353fcef50e74c31bb06c96c40207fd535,Tom Lane,2024-04-16 12:31:42-04:00,Fix assorted bugs in ecpg's macro mechanism.
c62d2ebd9e6f94758f5ed3a28cf08861229ae421,Peter Geoghegan,2024-04-16 12:04:20-04:00,"Fix nbtree ""deduce NOT NULL"" scan key comment."
984c0eccd0ccfcd7df8df47586e3b935a8124a15,Tom Lane,2024-04-16 11:38:04-04:00,Undo incorrect typedefs.list change.
4d916dd876c3d9a4ceff5a0c54c5c58a0d1052e3,Tomas Vondra,2024-04-16 17:34:48+02:00,Stabilize test of BRIN parallel create
03107b4eda7f2946bb78308cb088a513b718c793,Tom Lane,2024-04-16 11:22:51-04:00,Ensure generated join clauses for child rels have correct relids.
f6987041557f2b2b96f116c1f3150f9ed9a77c89,Peter Geoghegan,2024-04-16 11:20:41-04:00,Fix nbtree posting list comment.
aa1def44c301ce7fae9ae33f0a95bc01efa297a3,Peter Geoghegan,2024-04-16 11:14:36-04:00,Fix nbtree page recycling comment.
6377e12a5a5278446bb0d215439b4825ef8996d1,Alexander Korotkov,2024-04-16 13:14:20+03:00,revert: Generalize relation analyze in table AM interface
bea97cd02ebb347ab469b78673c2b33a72109669,David Rowley,2024-04-16 16:21:31+12:00,Improve test coverage in bump.c
768ceeeaa127a8001d60ad6a62846a8be3f35d93,Michael Paquier,2024-04-16 09:38:46+09:00,Add missing PGDLLIMPORT markings
09d9800e52822ed20d69d98aaa39d3fb10769c44,Robert Haas,2024-04-15 15:57:13-04:00,"docs: Consolidate into new ""WAL for Extensions"" chapter."
953cf49e166a1a64e1eaf2b091b84e02848b8c75,Nathan Bossart,2024-04-15 14:03:24-05:00,doc: Note exceptions for SET ROLE's effect on privilege checks.
e0df80828abc0c01fcde123389032370b98f2015,Tom Lane,2024-04-15 12:56:56-04:00,"Fix type-checking of RECORD-returning functions in FROM, redux."
cee8db3f680b737b64d747530b48d30828cf4790,Alvaro Herrera,2024-04-15 15:07:47+02:00,ATTACH PARTITION: Don't match a PK with a UNIQUE constraint
9dfcac8e15acc3b4d4d5bc02383a56ccb07229fe,Alexander Korotkov,2024-04-15 16:00:02+03:00,Grammar fixes for split/merge partitions code
c3709100be73ad5af7ff536476d4d713bca41b1a,Alvaro Herrera,2024-04-15 12:20:56+02:00,Fix propagating attnotnull in multiple inheritance
6ff21c05302592874b8149421711e06043b954fe,Peter Eisentraut,2024-04-15 09:28:48+02:00,psql: Make output of \dD more stable
9895b35cb88edc30b836661dbc26d7665716b5a0,Peter Eisentraut,2024-04-15 08:34:45+02:00,Fix ALTER DOMAIN NOT NULL syntax
d21d61b96f7a4d89e4b2e7cc9b9a1ec3f642fa12,Heikki Linnakangas,2024-04-14 23:02:43+03:00,"Put back initialization of 'sslmode', to silence Coverity"
cd4b6af620975bb9802c464a06d2289d2f97cbf4,Tomas Vondra,2024-04-14 20:37:49+02:00,Fix unnecessary padding in incremental backups
8225c2fd40cd9f7d60a826affeacdd8bf0de7bee,Tomas Vondra,2024-04-14 18:58:32+02:00,Add regression test for BRIN parallel builds
bb616ed3e6a2b263be320026e1660bd36827c858,Tomas Vondra,2024-04-14 18:19:58+02:00,Use the correct PG_DETOAST_DATUM macro in BRIN
2f20ced1eb53de396d8a420fa5cffca2a2376de4,Tomas Vondra,2024-04-14 18:07:15+02:00,Update nbits_set in brin_bloom_union
93582974315174d544592185d797a2b44696d1e5,Noah Misch,2024-04-13 08:34:20-07:00,freespace: Don't return blocks past the end of the main fork.
68ba46dfe38c0bdb1078e25222322ad1043abd87,Noah Misch,2024-04-13 07:56:14-07:00,"Correct ""improve role option documentation""."
4cc1c76fe9f13aa96bae14f4fcfdf6d508af72a4,Heikki Linnakangas,2024-04-12 19:52:39+03:00,Document PG_TEST_EXTRA=libpq_encryption and also check 'kerberos'
65dfe9d167e925cd8892dedb51dde29f69b7388d,Heikki Linnakangas,2024-04-12 19:52:37+03:00,Move libpq encryption negotiation tests
084cae55131f71f32e15a6b2b7897aa1c7382c0a,Heikki Linnakangas,2024-04-12 19:52:34+03:00,Fix compilation with --with-gssapi --without-openssl
0a5f2291891ffca96ccd3ef29c9c1541a9277970,Heikki Linnakangas,2024-04-12 19:52:28+03:00,Fix libpq_encryption tests when compiled without SSL support
929c05774b512bdf7ea4a5912fa2f4d63fc90712,Andrew Dunstan,2024-04-12 10:52:25-04:00,Don't allocate large buffer on the stack in pg_verifybackup
42fa4b660143b66bea1fb90793ec90054e170c93,Andrew Dunstan,2024-04-12 10:32:30-04:00,Assorted minor cleanups in the test_json_parser module
b8a7bfa33324bc40c7180cb946a39378fb48309c,Andrew Dunstan,2024-04-12 10:32:30-04:00,Shrink test file for test_json_parser module
daf554dbeabf0957a25c9e37488d42c047c0ce23,Andrew Dunstan,2024-04-12 10:32:30-04:00,Add a TAP test for test_json_parser_perf
661ab4e185784db79c194b5758555b1db3f30483,Andrew Dunstan,2024-04-12 10:32:30-04:00,Fix some memory leaks associated with parsing json and manifests
b9ecefecc7aaad117e0255b56b759f524f0f4363,David Rowley,2024-04-12 23:15:52+12:00,Fix recently introduced typo in code comment
3741f2a09d5205ec32bd8af5d1f397e08995932b,Amit Kapila,2024-04-12 15:10:41+05:30,Fix the review comments and a bug in the slot sync code.
3af7040985b6df504a72cd307aad5d69ac5f5384,David Rowley,2024-04-12 20:07:53+12:00,Fix IS [NOT] NULL qual optimization for inheritance tables
6d4f062714953ed0ec865ff96d5af122b8c3e77f,Tom Lane,2024-04-11 11:09:00-04:00,Doc: fix bogus to_date() examples.
772faafca1b288c4dd66b7150a7831c27b768003,Alexander Korotkov,2024-04-11 17:28:15+03:00,Revert: Implement pg_wal_replay_wait() stored procedure
922c4c461d213a422ee7eb6c38e399607539210a,Alexander Korotkov,2024-04-11 16:02:49+03:00,Revert: Allow table AM to store complex data structures in rd_amcache
8dd0bb84da7d56a9e41241b26bfbf6b79644d574,Alexander Korotkov,2024-04-11 16:02:45+03:00,Revert: Allow table AM tuple_insert() method to return the different slot
193e6d18e553a104d315ff81892d509d89a30fd8,Alexander Korotkov,2024-04-11 16:01:34+03:00,Revert: Allow locking updated tuples in tuple_update() and tuple_delete()
da841aa4dc279bb0053de56121c927ec943edff3,Alexander Korotkov,2024-04-11 16:01:30+03:00,Revert: Let table AM insertion methods control index insertion
bc1e2092ebb857802a9713d0d3588079e2f0216a,Alexander Korotkov,2024-04-11 15:46:35+03:00,Revert: Custom reloptions for table AM
87840b9741864dfdb9f63b0056e2783cdb49b8a5,Peter Eisentraut,2024-04-11 12:44:54+02:00,meson: Remove obsolete function test
56c6703bd0beb1ade7816d6bdc4372c4933ec461,Etsuro Fujita,2024-04-11 19:25:00+09:00,postgres_fdw: Improve comment about handling of asynchronous requests.
8f136af3c41c3b7e6474d6dd05238f11059f26f1,Michael Paquier,2024-04-11 17:19:20+09:00,Use correct datatype for xmin variables in slot.c
810f64a01567610af7b92b0de930f16f3e20064e,Masahiko Sawada,2024-04-11 17:18:05+09:00,Revert indexed and enlargable binary heap implementation.
efb8acc0d05894e0c6c20dfc00513b53098780f0,Masahiko Sawada,2024-04-11 17:04:38+09:00,Replace binaryheap + index with pairingheap in reorderbuffer.c
942219996c632ae9e66c2c4a759e93abc92014ff,Thomas Munro,2024-04-11 14:35:42+12:00,Fix grammar.
d8f5acbdb9b22106db583e3cbb177d34e6b18eeb,Thomas Munro,2024-04-11 13:23:45+12:00,Fix potential stack overflow in incremental backup.
f56a9def71bb1d2ccf4fa01a4d1e082c1063d921,Michael Paquier,2024-04-11 09:20:51+09:00,Fix inconsistency with replay of hash squeeze record for clean buffers
5392dd3d2ad5a371c95e648442fd121d8a8a5c42,Tom Lane,2024-04-10 15:45:58-04:00,Fix plpgsql's handling of -- comments following expressions.
52b49b796cc7fd976f4da6aa49c9679ecdae8bd5,Daniel Gustafsson,2024-04-10 13:53:25+02:00,Doc: Update ulinks to RFC documents to avoid redirect
5105c90796811f62711538155d207e5311eacf9b,Michael Paquier,2024-04-10 13:48:13+09:00,Make GIN tests using injection points concurrent-safe
7e85d1c75f299b0772fbeb145706e019629530bd,Amit Kapila,2024-04-10 08:44:17+05:30,Fix a test in failover slots regression test.
53c8d6c9f157f2bc8211b8de02417e55fefddbc7,Thomas Munro,2024-04-10 12:13:46+12:00,Fix illegal attribute propagation in LLVM JIT.
8461424fd717877ead0706984ef9b6440b2a97ad,David Rowley,2024-04-10 11:53:32+12:00,Fixup various StringInfo function usages
ff9f72c68f678ded340b431c3e280fe56644a3e7,Alexander Korotkov,2024-04-10 02:28:09+03:00,revert: Transform OR clauses to ANY expression
5a15bdea3b791223b4cc708d4953a0086f4332a6,David Rowley,2024-04-10 11:10:16+12:00,Remove unused BumpBlockIsValid macro
c99ef1811a064a94fb78917f35bb5853059a92b7,Alexander Korotkov,2024-04-10 01:47:21+03:00,Checks for ALTER TABLE ... SPLIT/MERGE PARTITIONS ... commands
b1b13d2b524e64e3bf3538441366bdc8f6d3beda,David Rowley,2024-04-10 10:43:31+12:00,"Doc: use ""an SQL"" instead of ""a SQL"""
ad55cc984519232a5c64cae585b22a46ede21b31,Daniel Gustafsson,2024-04-09 23:39:38+02:00,doc: Remove stray comma from list of psql options
27074bce08e994daf6b8fe9a84877ac257210fdd,Peter Eisentraut,2024-04-09 14:33:06+02:00,Fix incorrect format placeholders
cfd6ea3ac04113b756e3e722af5d9247ff2da35f,Peter Eisentraut,2024-04-09 14:21:57+02:00,Update config.guess and config.sub
43a9cab4844b9c933f1a24e24a38311ee24deefd,Peter Eisentraut,2024-04-09 11:32:48+02:00,Fix whitespace
bf183f168c447355ba82151f1c7305368a95c834,John Naylor,2024-04-09 16:16:01+07:00,Get rid of anonymous struct
baa82b78dc97459b6d2a5843cc77fcf755809269,Heikki Linnakangas,2024-04-09 08:06:31+03:00,libpq error message fixes
e9f29233fd67bd6b6667b61c88aa1f37f61f353a,Heikki Linnakangas,2024-04-09 08:04:20+03:00,Fix typo in docs
deca6ac136f4cd09280b3385dc5de3e8ec57e9ba,Michael Paquier,2024-04-09 14:01:33+09:00,Add missing set_pglocale_pgservice() for pg_walsummary and pg_combinebackup
f4083c49751018ae2140de8bf752b8d60485a6ca,Michael Paquier,2024-04-09 10:31:12+09:00,injection_points: Fix race condition with local injection point tests
f463de59d90c10f3d0daf2d5b132ca58e4111a08,Tom Lane,2024-04-08 17:00:07-04:00,"In psql, avoid leaking a PGresult after a query is cancelled."
c21d4c416ad61b78cf450f11861bbafbdfb7eebc,Tom Lane,2024-04-08 15:49:10-04:00,Further review for re-implementation of psql's FETCH_COUNT feature.
0fe5f64367bc2fc70baa1f0f993638830f8aa6a5,John Naylor,2024-04-08 18:54:35+07:00,Teach radix tree to embed values at runtime
f35bd9bf359d3d740063997e1cbab9b69df7af99,John Naylor,2024-04-08 18:47:09+07:00,Teach TID store to skip bitmap for small numbers of offsets
dd1f6b0c172a643a73d6b71259fa2d10378b39eb,Alexander Korotkov,2024-04-08 14:39:48+03:00,Provide a way block-level table AMs could re-use acquire_sample_rows()
df64c81ca9cba7b0fcb0ded5f735e99e676671c1,Alexander Korotkov,2024-04-08 14:39:41+03:00,Fix some grammer errors from error messages and codes comments
422041542f313f23ca66cad26e9b2b99c4d1999a,Alexander Korotkov,2024-04-08 12:18:23+03:00,Fill CommonRdOptions with default values in extract_autovac_opts()
3dbd2ff78654b2ac484a8d08ace788c492117894,Heikki Linnakangas,2024-04-08 12:14:20+03:00,Adjust wording of trace_connection_negotiation GUC's description
9bd99f4c26fe37b8ee2f199aa868a0e2fdba4c43,Alexander Korotkov,2024-04-08 11:23:28+03:00,Custom reloptions for table AM
6f3d8d5e7cc2f2e2367cd6da6f8affe98d1f5729,Amit Kapila,2024-04-08 13:21:55+05:30,Fix the intermittent buildfarm failures in 040_standby_failover_slots_sync.
8a1b31e6e59631807a08a4e9465134c343bbdf5e,John Naylor,2024-04-08 14:39:49+07:00,Use bump context for TID bitmaps stored by vacuum
bb766cde63b4f624d029b34c9cdd3d0a94fd5b46,Amit Langote,2024-04-08 16:14:13+09:00,JSON_TABLE: Add support for NESTED paths and columns
f6a2529920cff76cb6e37ea840122574404dde8b,Amit Langote,2024-04-08 16:14:12+09:00,Fix JsonExpr deparsing to emit QUOTES and WRAPPER correctly
561b74ddb8781f8c0511f6473c51fb51c8c6b087,Amit Langote,2024-04-08 16:02:29+09:00,Fix restriction on specifying KEEP QUOTES in JSON_QUERY()
b453a7a16a7ed2ba96522e521143bc652b74875f,Alexander Korotkov,2024-04-08 08:59:27+03:00,Fix the wording of or_to_any_transform_limit description
2af75e1174786a02fc35755c0cb98c522d72a065,Alexander Korotkov,2024-04-08 08:51:07+03:00,Fix the value of or_to_any_transform_limit in postgresql.conf.sample
e3b69be951597eeee9c546fbfc51f9f801c7b198,Andres Freund,2024-04-07 22:05:50-07:00,Remove references to old function name
13453eedd3f692f8dcf8e334396eee84f00fdde2,Thomas Munro,2024-04-08 16:23:40+12:00,Add pg_buffercache_evict() function for testing.
0ea51bac3802dca9dcf5cbaaf7a19a1c1ae4781a,John Naylor,2024-04-08 10:40:20+07:00,Fix alignment of stack variable
304b6b1a6b7116bae30ea24119f04474eba7f0ed,Masahiko Sawada,2024-04-08 12:15:10+09:00,Add more tab completion support for ALTER DEFAULT PRIVILEGES in psql.
3b08133cd13c4ac985a94222280160282ba35838,Peter Geoghegan,2024-04-07 22:13:28-04:00,Remove redundant nbtree preprocessing assertions.
af7e90a2778625d63add69165fb68c370509a199,Andres Freund,2024-04-07 19:08:41-07:00,simplehash: Free collisions array in SH_STAT
3e60e956b0017ae9d329bf242e76c4487fb39b4d,Heikki Linnakangas,2024-04-08 05:03:17+03:00,Fix check for 'outlen' return from SSL_select_next_proto()
d60ab76f630921dc4deb958fb7892ef6b0e4a7ee,Heikki Linnakangas,2024-04-08 04:32:26+03:00,Silence perlcritic warnings in new libpq tests
91044ae4baeac2e501e34164a69bd5d9c4976d21,Heikki Linnakangas,2024-04-08 04:24:51+03:00,"Send ALPN in TLS handshake, require it in direct SSL connections"
d39a49c1e459804831302807c724fa6512e90cf0,Heikki Linnakangas,2024-04-08 04:24:49+03:00,Support TLS handshake directly without SSLRequest negotiation
05fd30c0e730bd5238f62d2fdfdcfaf28b16b225,Heikki Linnakangas,2024-04-08 04:24:46+03:00,Refactor libpq state machine for negotiating encryption
041b96802efa33d2bc9456f2ad946976b92b5ae1,Thomas Munro,2024-04-08 13:16:28+12:00,Use streaming I/O in ANALYZE.
f587338dec87d3c35b025e131c5977930ac69077,Michael Paquier,2024-04-08 09:47:50+09:00,injection_points: Introduce runtime conditions
705843d294d5d3bc5cce4001596df4df5f1c8b59,Heikki Linnakangas,2024-04-08 02:49:37+03:00,Enhance libpq encryption negotiation tests with new GUC
20f9b61cc1926775b1ceb25196df942efaf8bdd2,Heikki Linnakangas,2024-04-08 02:49:35+03:00,"With gssencmode='require', check credential cache before connecting"
1169920ff77025550718b90a5cafc6849875f43f,Heikki Linnakangas,2024-04-08 02:49:32+03:00,Add tests for libpq gssencmode and sslmode options
9f899562d420fe36305badc169550673914389b7,Heikki Linnakangas,2024-04-08 02:49:30+03:00,Move Kerberos module
997db123c054c597164be77b7bf7da6479471621,Michael Paquier,2024-04-08 08:45:04+09:00,Make GIN test using injection points repeatable
705ec0565371033082e7b1c278afcb42aa5a7421,David Rowley,2024-04-08 11:06:31+12:00,Fix incorrect KeeperBlock macro in bump.c
beabea6c2063e583628c59d03102dba996975b4a,Alexander Korotkov,2024-04-08 01:38:37+03:00,Fix usage of same ListCell transform_or_to_any()'s in nested loops
72bd38cc99a15da6f97373fae98027c908c398ea,Alexander Korotkov,2024-04-08 01:27:52+03:00,Transform OR clauses to ANY expression
75a47b6a0dc4a235307e1acd1a6b3845cb881e55,Daniel Gustafsson,2024-04-08 00:24:20+02:00,Change debug printing to log filename
626603d46337ee331d7616b34ae539b1195556a7,Tom Lane,2024-04-07 17:16:32-04:00,Doc: clarify behavior of boolean options in replication protocol commands.
0c66a164e75163f5a850fb89d13ec0b213753d8d,Tom Lane,2024-04-07 17:08:06-04:00,Remove useless duplicate call of defGetBoolean().
2daeba6a4e49f2ac4cc202fc9352c2a59e928a6c,Tom Lane,2024-04-07 16:26:47-04:00,Doc: show how to get the equivalent of LIMIT for UPDATE/DELETE.
1973d9fb318316df16b0da89e6fe5f2c53473b38,Tom Lane,2024-04-07 15:36:11-04:00,Doc: update documentation about EXCLUDE constraint elements.
a0e0fb1ba56ff4323542c75ce997a41d31ad28a0,Alvaro Herrera,2024-04-07 20:33:45+02:00,Use conditional variable to wait for next MultiXact offset
473411fc51157e8e825ee865c2822f976e0da5e3,Peter Geoghegan,2024-04-07 14:15:54-04:00,Avoid extra lookups with nbtree array inequalities.
a475a2fa3bc9c68eaa2aeda28d6d86529eda4673,Heikki Linnakangas,2024-04-07 20:21:27+03:00,Don't clobber test exit code at cleanup in LDAP/Kerberors tests
e13b586d7c989147afd910c6997659a8412a8b84,Heikki Linnakangas,2024-04-07 20:21:21+03:00,Improve check in LDAP test to find the OpenLDAP installation
b7b0f3f27241e424b7103397489464d907cef2c4,Thomas Munro,2024-04-08 01:53:57+12:00,Use streaming I/O in sequential scans.
6ed83d5fa55cf6e6c9d1be34ec10730c48eba763,David Rowley,2024-04-08 00:32:26+12:00,Use bump memory context for tuplesorts
f3ff7bf83bce11709add9a6d31d4bebe95e086e3,Alvaro Herrera,2024-04-07 14:06:30+02:00,Add XLogCtl->logInsertResult
29f6a959cfd8ffa7d6db2c0629439c5329e2853e,David Rowley,2024-04-08 00:02:43+12:00,Introduce a bump memory allocator
0ba8b75e7ea6b7b3090c81239ebcb866772a624b,David Rowley,2024-04-07 23:32:00+12:00,Enlarge bit-space for MemoryContextMethodID
c4ab7da60617f020e8d75b1584d0754005d71830,David Rowley,2024-04-07 21:20:18+12:00,Avoid needless large memcpys in libpq socket writing
a97bbe1f1df9eba0b18207c321c67de80b33db16,Andres Freund,2024-04-06 23:52:26-07:00,Reduce branches in heapgetpage()'s per-tuple loop
41c51f0c68b21b4603bd2a9c3d3ad017fdd22627,Nathan Bossart,2024-04-06 22:58:23-05:00,Optimize visibilitymap_count() with AVX-512 instructions.
792752af4eb5cf7b5b8b0470dbf22901c5178fe5,Nathan Bossart,2024-04-06 21:56:23-05:00,Optimize pg_popcount() with AVX-512 instructions.
158f5819236806b7c9cab323658c231e9371c458,Thomas Munro,2024-04-07 14:51:33+12:00,Fix if/while thinko in read_stream.c edge case.
beb012b42f5c32f578661fc1b033ca25905b27d6,Tom Lane,2024-04-06 21:49:24-04:00,Disable parallel query in psql error-with-FETCH_COUNT test.
90f5178211cd63ac16fb8c8b2fe43d53d2854da1,Tom Lane,2024-04-06 20:45:11-04:00,Re-implement psql's FETCH_COUNT feature atop libpq's chunked mode.
4643a2b265e967cc5f13ffa0c7c6912dbb3466d0,Tom Lane,2024-04-06 20:45:11-04:00,Support retrieval of results in chunks with libpq.
92641d8d651e685b49a6e2842d306aa5fe7ba500,Tomas Vondra,2024-04-07 01:25:15+02:00,Change BitmapAdjustPrefetchIterator to accept BlockNumber
1fdb0ce9b10970a4b02f1ef0c269e2c1fbbecd25,Tomas Vondra,2024-04-07 00:51:03+02:00,BitmapHeapScan: Use correct recheck flag for skip_fetch
04e72ed617be354a53a076b76c6644e364ed80a3,Tomas Vondra,2024-04-07 00:24:14+02:00,BitmapHeapScan: Push skip_fetch optimization into table AM
87c21bb9412c8ba2727dec5ebcd74d44c2232d11,Alexander Korotkov,2024-04-07 01:18:44+03:00,Implement ALTER TABLE ... SPLIT PARTITION ... command
1adf16b8fba45f77056d91573cd7138ed9da4ebf,Alexander Korotkov,2024-04-07 01:18:43+03:00,Implement ALTER TABLE ... MERGE PARTITIONS ... command
fe1431e39cdde5f65cb52f068bc86a7490f8a4e3,Tomas Vondra,2024-04-06 23:56:49+02:00,BitmapHeapScan: postpone setting can_skip_fetch
74eaf66f988c868deb0816bae4dd184eedae1448,Alexander Korotkov,2024-04-07 00:49:53+03:00,Call WaitLSNCleanup() in AbortTransaction()
ee79928441e7e291532b833455ebfee27d7cab5c,Alexander Korotkov,2024-04-07 00:49:53+03:00,Clarify what is protected by WaitLSNLock
25f42429e2ff2acca35c9154fc2e36b75c79227a,Alexander Korotkov,2024-04-07 00:49:53+03:00,Use an LWLock instead of a spinlock in waitlsn.c
1577081e9614345534a018e788a2c0bab4da4dc5,Tomas Vondra,2024-04-06 22:58:04+02:00,BitmapHeapScan: begin scan after bitmap creation
06558f49529553aecb6ad52a0470d63cb59d7df9,Noah Misch,2024-04-06 09:27:55-07:00,Backport IPC::Run optimization to src/test/perl.
5bf748b86bc6786a3fc57fc7ce296c37da6564b0,Peter Geoghegan,2024-04-06 11:47:10-04:00,Enhance nbtree ScalarArrayOp execution.
ddd9e43a92417dd0c2b60822d6e75862c73b139a,Tom Lane,2024-04-06 11:16:27-04:00,Remove obsolete comment in CopyReadLineText().
a365d9e2e8c1ead27203a4431211098292777d3b,John Naylor,2024-04-06 17:14:28+07:00,"Speed up tail processing when hashing aligned C strings, take two"
0c25fee35903ef08af6d6b0c0fdb90fc01e37fa1,John Naylor,2024-04-06 17:14:28+07:00,Teach fasthash_accum to use platform endianness for bytewise loads
98f320eb2ef05072b6fe67fcdcdc26c226e6cea4,Thomas Munro,2024-04-06 23:12:03+13:00,Increase default vacuum_buffer_usage_limit to 2MB.
3bd8439ed628c7e9ac250b1a042d9044303c37e7,Thomas Munro,2024-04-06 23:11:45+13:00,Allow BufferAccessStrategy to limit pin count.
f956ecd0353b2960f8322b2211142113fe2b6f67,John Naylor,2024-04-06 12:20:40+07:00,Convert uses of hash_string_pointer to fasthash equivalent
db17594ad73a871a176a9bf96e0589c2cf57052c,John Naylor,2024-04-06 12:20:40+07:00,Add macro to disable address safety instrumentation
4b968e2027ba46b31be0a648486f86a2cadc707d,John Naylor,2024-04-06 12:20:40+07:00,Fix incorrect return type
aa1e8c206454d666ab600050022aef2c3c390f69,Thomas Munro,2024-04-06 18:00:35+13:00,Improve read_stream.c's fast path.
9e7386924e837aef8d48895cf72a6a0b7f78cbe9,Andres Freund,2024-04-05 14:27:45-07:00,Fix headerscheck violation introduced in f8ce4ed78ca
c3e60f3d7e4268c6448ec592053b3b893899867d,Andrew Dunstan,2024-04-05 16:08:40-04:00,Silence some compiler warnings in commit 3311ea86ed
55a5ee30cd65886ff0a2e7ffef4ec2816fbec273,Robert Haas,2024-04-05 13:41:19-04:00,Fix incorrect calculation in BlockRefTableEntryGetBlocks.
079d94ab3412fdeda637a24b17bde53c576b0007,Tomas Vondra,2024-04-05 19:38:20+02:00,Check HAVE_COPY_FILE_RANGE before calling copy_file_range
ac81101551326ddf4c5cb804c75bd3e8c56506ba,Tomas Vondra,2024-04-05 19:19:36+02:00,Allow using copy_file_range in write_reconstructed_file
b8b37e41ba4aae1e79dcfaeb9eb0fd7549773ff5,Alvaro Herrera,2024-04-05 18:23:10+02:00,"Make libpqsrv_cancel's return const char *, not char *"
8e392595e5619734db707553e8f72dfacf9ab86c,Tomas Vondra,2024-04-05 18:13:15+02:00,Remove unused variable in checksum_file()
f8ce4ed78ca6e35bf135545e34bd49cd65d88ea2,Tomas Vondra,2024-04-05 18:01:32+02:00,Allow copying files using clone/copy_file_range
3c5ff36aba8a3df19967d0ddc1249c63417bb9b0,Tom Lane,2024-04-05 10:58:30-04:00,"Suppress ""variable may be used uninitialized"" warning."
fe8eaa54420cbb384bd5ad179495bb9774b6b48f,Robert Haas,2024-04-05 10:34:04-04:00,docs: Merge separate chapters on built-in index AMs into one.
10e3226ba13d184fc3165138c619eb7f2d52cdd2,Tomas Vondra,2024-04-05 16:30:01+02:00,Align blocks in incremental backups to BLCKSZ
ee1cbe806dad47674ded35427c6ba217531847d6,Alvaro Herrera,2024-04-05 16:14:39+02:00,"Operate XLogCtl->log{Write,Flush}Result with atomics"
6f132ed693b6a0be0997f092c42abf14878362ac,Amit Kapila,2024-04-05 09:48:49+05:30,Allow synced slots to have their inactive_since.
f98dbdeb51d1175c07258cd2bd4b56f560dfc3cf,Michael Paquier,2024-04-05 08:56:52+09:00,"Add ""ABI_compatibility"" regions to wait_event_names.txt"
e2a235767180941eef8887240ddace1a021f04e3,Jeff Davis,2024-04-04 16:10:12-07:00,Fix test failures when language environment is not UTF-8.
e57fe3824ee7a9cb551ca1cae5aa0394216ef7b8,Robert Haas,2024-04-04 16:22:11-04:00,"Fix old, misleading comment for PGRES_POLLING_ACTIVE."
12b964d7815b2f45fa3fc37264d3d1cb8e4562e3,Robert Haas,2024-04-04 16:22:11-04:00,Remove reachable call to pg_unreachable().
096a761d687f1f60dc581f388f8e5b11d648b290,Tom Lane,2024-04-04 15:31:53-04:00,Fix ecpg's mechanism for detecting unsupported cases in the grammar.
332d406140632d352145443b725a206b73ce2167,Tom Lane,2024-04-04 13:39:12-04:00,Further cleanup for recent JSON-related commits.
2497a669effbbdda3e7be573d850b445d1ab6512,Tom Lane,2024-04-04 13:21:25-04:00,Further cleanup for recent JSON-related commits.
88620824c2a62376e224c4b595b9fe69fb858978,Andrew Dunstan,2024-04-04 12:41:55-04:00,Tidy up after incremental JSON parser patch
1b00fe30a67774e55c5fc776096a3c96f1a147d2,Andrew Dunstan,2024-04-04 11:36:26-04:00,Fix warnings re typedef redefinition in ea7b4e9a2a and 3311ea86ed
6f4d63e989ffbdb44f5856a17fae5ae68c40327d,Amit Langote,2024-04-04 22:01:13+09:00,Add missing initialization in transformJsonFuncExpr()
2f6e78b0619a0ee2ca170e0073659581847ee73d,Amit Langote,2024-04-04 20:53:23+09:00,Fix typo introduced in 6185c9737
de3600452b61d1bc3967e9e37e86db8956c8f577,Amit Langote,2024-04-04 20:20:15+09:00,Add basic JSON_TABLE() functionality
a9d6c3868451a494641b498a15f9ee1c151949a7,Peter Eisentraut,2024-04-04 12:58:57+02:00,pg_upgrade: Fix typo in message
222e11a10ae9840929cff617c01cc6f8f695536f,Andrew Dunstan,2024-04-04 06:46:40-04:00,Use incremental parsing of backup manifests.
ea7b4e9a2a7c23c62278d9a3e0c77310778f62b2,Andrew Dunstan,2024-04-04 06:46:40-04:00,Add support for incrementally parsing backup manifests
3311ea86edc7a689614bad754e17371865cdc11f,Andrew Dunstan,2024-04-04 06:46:40-04:00,Introduce a non-recursive JSON parser
585df02b445f63167f145685e045e5b6074a5a30,Peter Eisentraut,2024-04-04 11:22:07+02:00,Silence meson warning
dd24098cd6fdd599dcee0cd379bb8bdb0c3710a4,Etsuro Fujita,2024-04-04 17:55:00+09:00,postgres_fdw: Remove useless ternary expression.
3a4a3537a999932642ba7a459900fe3c4f5cad02,David Rowley,2024-04-04 19:22:45+13:00,Secondary refactor of heap scanning functions
2a217c371799ae3ecd8d32a137cea874fad7f5dc,Michael Paquier,2024-04-04 14:15:22+09:00,Coordinate emit_log_hook and all log destinations to share the same timeval
44086b097537a8157ee1dd98d6635b3503f2f534,David Rowley,2024-04-04 16:41:13+13:00,Preliminary refactor of heap scanning functions
85230a247c74b92d9676abdf6693ac9d56c373cf,Michael Paquier,2024-04-04 11:33:07+09:00,pg_regress: Save errno in emit_tap_output_v() and switch to %m
71b66171d045878cb9267a268a3bf8ce4f11f333,Jeff Davis,2024-04-03 16:12:45-07:00,CREATE INDEX: do not update stats during binary upgrade.
06286709ee0637ec7376329a5aa026b7682dcfe2,Tom Lane,2024-04-03 17:41:57-04:00,Invent SERIALIZE option for EXPLAIN.
97ce821e3e171ce99fa7c398889ac08432cd0264,Alexander Korotkov,2024-04-04 00:34:28+03:00,Fix the parameters order for TableAmRoutine.relation_copy_for_cluster()
f470b5c67924f791228e464b9c02cc1e53ef2906,Robert Haas,2024-04-03 16:09:41-04:00,"docs: Demote ""Monitoring Disk Usage"" from chapter to section."
c9920a9068eac2e6c8fb34988d18c0b42b9bf811,Alvaro Herrera,2024-04-03 19:55:11+02:00,Split XLogCtl->LogwrtResult into separate struct members
deb1486c7d36e5430b50b63e8c0f2d8405e24a2a,Nathan Bossart,2024-04-03 12:22:02-05:00,Inline pg_popcount() for small buffers.
6dbb490261a6170a3fc3e326c6983ad63e795047,Heikki Linnakangas,2024-04-03 19:32:28+03:00,Combine freezing and pruning steps in VACUUM
26d138f64474394cf1e573384e8f38efa637b674,Heikki Linnakangas,2024-04-03 19:32:21+03:00,Refactor how heap_prune_chain() updates prunable_xid
be2f0731006300876b008fd78a265471984cbcd9,Alvaro Herrera,2024-04-03 17:49:44+02:00,Fix zeroing of pg_serial page without SLRU bank lock
bf1e65080629e2b0ac47ffe245576da96eff8420,Alexander Korotkov,2024-04-03 18:15:41+03:00,Use the pairing heap instead of a flat array for LSN replay waiters
936e3fa3787a51397280c1081587586e83c20399,Daniel Gustafsson,2024-04-03 13:33:25+02:00,Drop global objects after completed test
2ec005b4e29740f0d36e6646d149af192328b2ff,Amit Kapila,2024-04-03 14:04:59+05:30,Ensure that the sync slots reach a consistent state after promotion without losing data.
e37662f22158c29bc55eda4eda1757f444cf701a,Alexander Korotkov,2024-04-03 11:32:39+03:00,Minor improvements for waitlsn.c
9301308bd196f614696e0e9492cf0c52f7857f83,Daniel Gustafsson,2024-04-03 09:44:47+02:00,Fix indentation from cafe1056558f
226261f387fd8b44420ad03298ef09d83571f9b1,Daniel Gustafsson,2024-04-03 09:19:25+02:00,Add error codes to some PANIC/FATAL errors reports
c627d944e6c2620fb3b28f2e4b27e19212f84045,Nathan Bossart,2024-04-02 22:28:11-05:00,Add built-in ERROR handling for archive callbacks.
5bec1d6bc5e3ee44a229228a2749567eb2ab7beb,Masahiko Sawada,2024-04-03 11:40:42+09:00,Improve eviction algorithm in ReorderBuffer using max-heap for many subtransactions.
7487044d6ccf183e53d2633024595779922dbee2,David Rowley,2024-04-03 15:39:29+13:00,Don't adjust ressortgroupref in generate_setop_child_grouplist()
b840508644151232b6ca1287dde617ed00ba2bdf,Masahiko Sawada,2024-04-03 10:44:21+09:00,Add functions to binaryheap for efficient key removal and update.
bcb14f4abca0c309f908b3f0cd64378785c99795,Masahiko Sawada,2024-04-03 10:27:43+09:00,Make binaryheap enlargeable.
2c91e13013414cf77bb8026a19a926e08f4e9e7a,Alexander Korotkov,2024-04-03 02:55:03+03:00,Move WaitLSNShmemInit() to CreateOrAttachShmemStructs()
3b1a7eb28930e9835cda5e42256b7ccc2d044d41,David Rowley,2024-04-03 11:40:33+13:00,Don't zero tuple_fraction when planning UNIONs with ORDER BYs
06c418e163e913966e17cb2d3fb1c5f8a8d58308,Alexander Korotkov,2024-04-02 22:48:03+03:00,Implement pg_wal_replay_wait() stored procedure
6faca9ae2878c8f642a2e5748d2dbb2b91341bec,Tom Lane,2024-04-02 14:59:32-04:00,Avoid deadlock during orphan temp table removal.
4133c1f45c54f0e52b4bb758f67af78951930e43,Nathan Bossart,2024-04-02 10:32:49-05:00,Avoid function call overhead of pg_popcount() in syslogger.c.
6687430c98f3bed1d4c5f85f05a230b0d4581a66,Nathan Bossart,2024-04-02 10:16:00-05:00,Refactor code for setting pg_popcount* function pointers.
38698dd38e56b6de31545ac284e36feb00d413cb,Tom Lane,2024-04-02 10:41:44-04:00,Unwind #if spaghetti in hmac_openssl.c a bit.
cafe1056558fe07cdc52b95205588fcd80870362,Robert Haas,2024-04-02 10:26:10-04:00,Allow SIGINT to cancel psql database reconnections.
f5e4dedfa81f00de93b1b90d06c44cc50e052eaf,Robert Haas,2024-04-02 10:15:56-04:00,Expose PQsocketPoll via libpq
3a352df05e65de740b4a375a0ecbcae97a1f6196,Thomas Munro,2024-04-03 00:57:34+13:00,Use streaming I/O in pg_prewarm.
b5a9b18cd0bc6f0124664999b31a00a264d16913,Thomas Munro,2024-04-03 00:49:46+13:00,Provide API for streaming relation data.
210622c60e1a9db2e2730140b8106ab57d259d15,Thomas Munro,2024-04-03 00:23:20+13:00,Provide vectored variant of ReadBuffer().
13b3b62746ec8bd9c8e3f0bc23862f1172996333,Alvaro Herrera,2024-04-02 13:10:16+02:00,Don't use the pg_am system catalog in new test
867cc7b6ddb9d998103688a56048fe9a1ddd972a,Alexander Korotkov,2024-04-02 11:29:00+03:00,"Revert ""Custom reloptions for table AM"""
667e65aac354975c6f8090c6146fceb8d7b762d6,Masahiko Sawada,2024-04-02 10:15:37+09:00,Use TidStore for dead tuple TIDs storage during lazy vacuum.
d5d2205c8ddc6670fa87474e172fdfab162b7a73,David Rowley,2024-04-02 12:15:45+13:00,Fix assert failure when planning setop subqueries with CTEs
3622c8084643cc05bc8f28d0b238615c845eae14,Tom Lane,2024-04-01 19:01:36-04:00,"Avoid ""unused variable"" warning on non-USE_SSL_ENGINE platforms."
3d0f730bf19fbc70cca58818c1ad7415e5aa7d62,Heikki Linnakangas,2024-04-02 00:56:05+03:00,Introduce 'options' argument to heap_page_prune()
959b38d770ba1f8f35edab27ef3ccf8b1d99f5dd,Tom Lane,2024-04-01 16:46:24-04:00,Invent --transaction-size option for pg_restore.
a45c78e3284b269085e9a0cbd0ea3b236b7180fa,Tom Lane,2024-04-01 16:25:56-04:00,Rearrange pg_dump's handling of large objects for better efficiency.
5eac8cef24543767015a9b248af08bbfa10b1b70,Tom Lane,2024-04-01 15:15:03-04:00,Avoid possible longjmp-induced logic error in PLy_trigger_build_args.
91cbb4b492cbea889e8392a85e246c1778ca2a45,Tom Lane,2024-04-01 13:47:49-04:00,Fix assorted resource leaks in new pg_createsubscriber code.
6f47f6883151366c031cd6fd4011e66d2c702a90,Heikki Linnakangas,2024-04-01 20:33:50+03:00,Handle non-chain tuples outside of heap_prune_chain()
7aa00f1360e0c6938fdf32d3fbb8b847b6098b88,Heikki Linnakangas,2024-04-01 13:28:44+03:00,Refactor heap_prune_chain()
9917e79d995c845adfe9b6cb3ea5cb7af7cec654,Heikki Linnakangas,2024-04-01 12:07:30+03:00,Minor refactoring in heap_page_prune
f5a227895e178bf528b18f82bbe554435fb3e64f,Masahiko Sawada,2024-04-01 15:25:25+09:00,Add new COPY option LOG_VERBOSITY.
f4ad0021aface01ee74604355bd2e998e5f73320,John Naylor,2024-03-31 14:18:36+07:00,"Revert ""Speed up tail processing when hashing aligned C strings"""
07f0f6abfc7f6c55cede528d9689dedecefc734a,John Naylor,2024-03-31 12:19:16+07:00,Speed up tail processing when hashing aligned C strings
b1484a3f1910bfd0e254afe40085dfc3351bda8c,Alexander Korotkov,2024-03-30 22:53:56+02:00,Let table AM insertion methods control index insertion
c95c25f9af4bc77f2f66a587735c50da08c12b37,Alexander Korotkov,2024-03-30 22:36:25+02:00,Custom reloptions for table AM
27bc1772fc814946918a5ac8ccb9b5c5ad0380aa,Alexander Korotkov,2024-03-30 22:34:04+02:00,Generalize relation analyze in table AM interface
b154d8a6d0e52e5f6b09739639fdf55fa88bc6b8,Tom Lane,2024-03-30 13:57:19-04:00,Add pg_basetype() function to extract a domain's base type.
ecf741cfae0603d1df269d8b799455bbcaef86e7,Alvaro Herrera,2024-03-30 14:16:54+01:00,Stabilize postgres_fdw test
056c565742742e2eafe681c0a3ee7710503a556b,Alvaro Herrera,2024-03-30 14:08:13+01:00,"doc: Improve ""Partition Maintenance"" section"
0294df2f1f842dfb0eed79007b21016f486a3c6c,Dean Rasheed,2024-03-30 10:00:26+00:00,Add support for MERGE ... WHEN NOT MATCHED BY SOURCE.
46e5441fa536b89c1123f270fdfeeb72c320b901,Jeff Davis,2024-03-29 17:35:07-07:00,Add unicode_strtitle() for Unicode Default Case Conversion.
a96a8b15fa4e00b78ac7dd7f37ff7f871aa248f6,Daniel Gustafsson,2024-03-29 23:51:43+01:00,Remove superfluous trailing semicolons
46a44dc372033da9bd8b9840711e560c9d73e768,Jeff Davis,2024-03-29 10:53:26-07:00,Use version for builtin collations.
c2df2ed90a82fc0acd07ed88ac433350edfd6b54,Tom Lane,2024-03-29 10:40:31-04:00,Try to stabilize flappy test result.
d3ae2a24f265a028f4b9e8df79ea7b075c6cf016,Robert Haas,2024-03-29 08:45:11-04:00,Add allow_alter_system GUC.
0075d78947e3800c5a807f48fd901f16db91101b,Tom Lane,2024-03-28 12:43:10-04:00,"Allow ""internal"" subtransactions in parallel mode."
e2395cdbe83adc50ac03dd17474ee88c5a97359a,Alvaro Herrera,2024-03-28 16:51:20+01:00,ALTER TABLE: rework determination of access method ID
be98a550cc81994959f19a117cb2732762df924c,Tom Lane,2024-03-28 11:44:00-04:00,Update comment in set_dummy_rel_pathlist().
213c959a294d56445bfe79d7f28a9b1f8a928746,Alvaro Herrera,2024-03-28 13:12:12+01:00,Remove translation markers from libpq-be-fe-helpers.h
2466d6654f85d7ec136d09d52ae22771452a19df,Alvaro Herrera,2024-03-28 11:31:03+01:00,libpq-be-fe-helpers.h: wrap new cancel APIs
427005742bd2efdcee0f361e17d1a76664ff001b,Heikki Linnakangas,2024-03-28 10:18:48+02:00,Remove obsolete comment about VACUUM retrying pruning
f1bb9284f73437b3f2011dad5e815c8738758aef,Masahiko Sawada,2024-03-28 16:30:10+09:00,Improve tab completion for ALTER TABLE ALTER COLUMN SET in psql.
7188a7806d208430aa5c717a1aefdf4980ed3d4d,Nathan Bossart,2024-03-27 20:26:05-05:00,Improve style of pg_lfind32().
2d8f56dabbfd2f85da9a4e0fe4a4b4d6654864f1,Masahiko Sawada,2024-03-28 10:03:28+09:00,Rethink create and attach APIs of shared TidStore.
d1cf5319e9ae16435e5ca416c06c2290bfca000e,Bruce Momjian,2024-03-27 17:58:11-04:00,doc:  fix CREATE ROLE typo
b0be28761ec5958bb7bbf9a03d94ee6e1bc59849,Jeff Davis,2024-03-27 13:21:29-07:00,Run perltidy on generate-unicode_version.pl.
a767cdc84c9a4cba1f92854de55fb8b5f2de4598,Tom Lane,2024-03-27 13:39:03-04:00,Fix unnecessary use of moving-aggregate mode with non-moving frame.
44a4cca9913bae8557c31207adb97b94e6e60603,Nathan Bossart,2024-03-27 10:23:13-05:00,Adjust documentation for syncfs().
de7e96bd0fc620715fa1c7bd9985463c358664cf,Robert Haas,2024-03-27 10:45:28-04:00,Rename COMPAT_OPTIONS_CLIENT to COMPAT_OPTIONS_OTHER.
d6a6957d53e3de9982b076b6ddd703be3d0ae30a,David Rowley,2024-03-28 00:13:48+13:00,Fix unstable aggregate regression test
e6341323a8da64b18e9af3e75a4578230702d61c,Dean Rasheed,2024-03-27 10:12:39+00:00,Add functions to generate random numbers in a specified range.
818861eb578663a0d4d8d7dc4e18c96a148b3c75,Alexander Korotkov,2024-03-27 11:47:41+02:00,Fix some typos and grammar issues from commit 87985cc92522
677a45c4ae165f86b4a7b8562795f19f1ed480cf,Amit Kapila,2024-03-27 14:15:03+05:30,Fix random failure in 004_subscription.
6d49c8d4b4f4a20eb5b4c501d78cf894fa13c0ea,Amit Kapila,2024-03-27 09:27:44+05:30,Change last_inactive_time to inactive_since in pg_replication_slots.
bb952c8c8b13279eca039499249cb5dc60991603,Masahiko Sawada,2024-03-27 11:43:29+09:00,Allow specifying initial and maximum segment sizes for DSA.
1f42337be535243e665f85916ce21b2d85d9f2b3,Nathan Bossart,2024-03-26 20:27:46-05:00,Fix compiler warning for pg_lfind32().
ffa9bb53ecb1cec14039d0c78e6f941565e8f986,Nathan Bossart,2024-03-26 15:08:47-05:00,Add commit 64e401b62b to .git-blame-ignore-revs.
9d00cf47722a5d2876fc5c7727a395c0348dd304,Tom Lane,2024-03-26 16:02:44-04:00,Remove some redundant set_cheapest() calls.
d365ae705409f5d9c81da4b668f59c3598feb512,Nathan Bossart,2024-03-26 14:43:37-05:00,Optimize roles_is_member_of() with a Bloom filter.
fad3b5b5acb154725b0265010642ee95fa37c5d7,Tom Lane,2024-03-26 15:28:31-04:00,Fix failure of ALTER FOREIGN TABLE SET SCHEMA to move sequences.
7644a7340c8a7764f1b20b34e1273b41347cbfcb,Nathan Bossart,2024-03-26 14:03:32-05:00,Micro-optimize pg_lfind32().
a65724dfa73db8b451d0c874a9161935a34a914e,Tom Lane,2024-03-26 13:05:51-04:00,Propagate pathkeys from CTEs up to the outer query.
e648e77e25708874196326b6e4da30e7717156ab,Bruce Momjian,2024-03-26 12:27:41-04:00,C comment:  mention no doc for negative start of substring(text)
8a92b70c11ba2b5f0d2b2611d9453dd90f618629,Tom Lane,2024-03-26 11:44:49-04:00,"Allow ""make check""-style testing to work with musl C library."
89e5ef7e21812916c9cf9fcf56e45f0f74034656,Peter Eisentraut,2024-03-26 10:08:56+01:00,Remove ObjectClass type
8c4f2d5475b9f0411baf38590c054ba1fb566780,Peter Eisentraut,2024-03-26 08:22:46+01:00,Message fixes for pg_createsubscriber
a0e22ef9114b016827118cb5316af2f02d3ff4b0,Masahiko Sawada,2024-03-26 13:13:26+09:00,Fix inconsistent function prototypes with function definitions.
4edb37e322a64b1c9edd7f0da6fa7cda4541a67c,Masahiko Sawada,2024-03-26 13:06:06+09:00,Fix a calculation in TidStoreCreate().
3a4837fc809a8656374959049f3ac7a09a711334,Andres Freund,2024-03-25 20:19:43-07:00,Avoid edge case in pg_visibility test with small shared_buffers
41d3780d3d29acd7e0a7a6922f2757243e9186d0,Alexander Korotkov,2024-03-26 01:55:22+02:00,Improve error message for tts_(virtual|minimal)_is_current_xact_tuple
10baee0c95d15f70c0c2b0e52640651777ce806d,Alexander Korotkov,2024-03-26 01:53:34+02:00,Add comments on some MinimalTupleSlots methods usage
c6f09e188bbc5df8fd96682ba19e96f19d137eb2,Andres Freund,2024-03-25 16:39:08-07:00,ci: macos: Choose python version
8ffc2aa720a2bdef33b16609ed4f8ed07932c141,Alexander Korotkov,2024-03-26 01:28:05+02:00,Add EvalPlanQual delete returning isolation test
87985cc9252296f11db3cacc155e8d710d2e9b9c,Alexander Korotkov,2024-03-26 01:27:56+02:00,Allow locking updated tuples in tuple_update() and tuple_delete()
c7076ba6ad1c2dc2ed50496b7ec71daebfe5327c,Tom Lane,2024-03-25 17:45:15-04:00,"Refactor predicate_{implied,refuted}_by_simple_clause."
bc5fcaa289a92941a1c7b191c7c9311bd742e172,Jeff Davis,2024-03-25 11:51:44-07:00,Clarify comment for LogicalTapeSetBlocks().
3ff01b2b6e7e8627b191a2c8c2690c8ea2f0820d,Nathan Bossart,2024-03-25 11:08:53-05:00,Adjust pgbench option for debug mode.
374c7a2290429eac3217b0c7b0b485db9c2bcc72,Alvaro Herrera,2024-03-25 16:30:36+01:00,Allow specifying an access method for partitioned tables
b8528fe026b18976b5d5b4fcb066a8a55def3375,Daniel Gustafsson,2024-03-25 14:49:17+01:00,Fix typo in comment
68174679fea2d514e9281fddd826abaccfac5bf7,Daniel Gustafsson,2024-03-25 14:18:39+01:00,doc: Document error handling in PGTYPESnumeric_to_long
b2d6b4c728a282f9bbe9ff4fac02a872bef074dd,Daniel Gustafsson,2024-03-25 14:18:36+01:00,ecpg: Fix return code for overflow in numeric conversion
64e401b62b1559d617db5c1e1070d7a05e794c27,Daniel Gustafsson,2024-03-25 14:18:33+01:00,Fix indentation from a11f330b5
f83d709760d84253b539ee454ce9ce1ceb9ad9ac,Heikki Linnakangas,2024-03-25 14:59:58+02:00,"Merge prune, freeze and vacuum WAL record formats"
d44032d0146306971cd5ccf232fe37269717d6f2,Peter Eisentraut,2024-03-25 12:42:47+01:00,pg_createsubscriber: creates a new logical replica from a standby server
a11f330b5584f2430371d68871e00f5c63735299,Amit Kapila,2024-03-25 16:34:33+05:30,Track last_inactive_time in pg_replication_slots.
0f7863afef67e462574fe5af6317e26a2f2d47fb,Amit Langote,2024-03-25 19:45:27+09:00,Code review for 6190d828cd2
cc0e7ebd304a24815c0531000a4c3693878cd96c,Alexander Korotkov,2024-03-25 11:40:25+02:00,reindexdb: Fix warning about uninitialized indices_tables_cell
6190d828cd25ae20c0a8548765a0e1b880f1f66d,Amit Langote,2024-03-25 18:06:47+09:00,Do not translate dummy SpecialJoinInfos for child joins
5278d0a2e870c61f9374a7796b90e6f9f6a73638,Amit Langote,2024-03-25 18:06:46+09:00,Reduce memory used by partitionwise joins
619bc23a1a2f3750ac3668fe5a7564bc51e01684,Peter Eisentraut,2024-03-25 06:29:53+01:00,make dist uses git archive
80d5d4937c168af46c976feebe24765ad76eb540,Masahiko Sawada,2024-03-25 12:06:41+09:00,Fix potential integer handling issue in radixtree.h.
66c0185a3d14bbbf51d0fc9d267093ffec735231,David Rowley,2024-03-25 14:31:14+13:00,Allow planner to use Merge Append to efficiently implement UNION
47f99a407de224df6f9c43697d0a9c0a5598b250,Alexander Korotkov,2024-03-25 02:07:15+02:00,reindexdb: Add the index-level REINDEX with multiple jobs
503c0ad976f5e4ada2d1b47ae05aa7133351b645,Jeff Davis,2024-03-24 16:28:34-07:00,"Fix convert_case(), introduced in 5c40364dd6."
3330a8d1b792375ae3f7dffb7eb0a45c907cbc72,Nathan Bossart,2024-03-24 15:23:55-05:00,doc: Clarify requirements for SET ROLE.
af1d3958432c9438c4ec168bd16bdf9a91066a9f,Tom Lane,2024-03-24 14:30:29-04:00,Allow more cases to pass the unsafe-use-of-new-enum-value restriction.
d37e0d0c50ee560fa2e7dc2a4dc904a885957985,Tom Lane,2024-03-24 12:31:05-04:00,Release PQconninfoOptions array in GetDbnameFromConnectionOptions().
225e1dde463ae312714d71a929f45cfd153df2be,Tom Lane,2024-03-24 12:13:35-04:00,Release temporary array in check_for_data_types_usage().
fc2d260c7e6236fe2447dad0f8415e72f4be66a2,Peter Eisentraut,2024-03-24 08:41:14+01:00,ci: freebsd repartition script didn't copy .git directory
34768ee361656841a122f1c8d52a2ad753612feb,Peter Eisentraut,2024-03-24 07:37:13+01:00,Add temporal FOREIGN KEY contraints
b1fe8efdf17eb4877f7c4c31c85111ec740ad872,Alexander Korotkov,2024-03-24 00:09:24+02:00,amcheck: Normalize index tuples containing uncompressed varlena
ab65dfb0fb2908989c0ef3330464b7af171e9728,Alexander Korotkov,2024-03-24 00:09:24+02:00,amcheck: Support for different header sizes of short varlena datum
697f8d266cfb33409f7ccf3319f4448477066329,Daniel Gustafsson,2024-03-22 22:58:41+01:00,"Revert ""Add notBefore and notAfter to SSL cert info display"""
473182c9523afad10e9507145690d902a0bc7f04,Tom Lane,2024-03-22 17:13:53-04:00,Use a hash table for catcache.c's CatCList objects.
6acb0a628eccab8764e0306582c2b7e2a1441b9b,Daniel Gustafsson,2024-03-22 21:25:25+01:00,Add notBefore and notAfter to SSL cert info display
b670b93a66fc554714e0fe8e51a944912bb9fd68,Alexander Korotkov,2024-03-22 15:25:53+02:00,Fix an oversight in refactoring in 06b10f80ba4.
d20d8fbd3e4d327dd0778a02d5661b51f4f6423a,Peter Eisentraut,2024-03-22 09:49:12+01:00,Do not output actual value of location fields in node serialization by default
6ae701b4378db2284c77314560e95a93d0ba9484,Amit Kapila,2024-03-22 13:52:05+05:30,Track invalidation_reason in pg_replication_slots.
b4080fa3dcf6c6359e542169e0e81a0662c53ba8,Peter Eisentraut,2024-03-22 07:28:33+01:00,Make RangeTblEntry dump order consistent
367c989cd8405663bb9a35ec1aa4f79b673a55ff,Peter Eisentraut,2024-03-22 07:23:47+01:00,Remove custom _jumbleRangeTblEntry()
d575051b9af99f9299dc33e627931ab612d8a147,Peter Eisentraut,2024-03-22 07:21:51+01:00,Reformat some node comments
1e1eb12c25c3c38d7ff70809f958e75598ec14e2,Peter Eisentraut,2024-03-22 07:21:06+01:00,Improve comment
83d8065b1f7477f4fb49e53ece0e6e0e516993fe,Peter Eisentraut,2024-03-22 07:20:11+01:00,Remove obsolete comment
085e759e9da77b7f5e859d23f72653f36277a053,Amit Langote,2024-03-22 12:04:06+09:00,Avoid splitting errmsg string to span multiple lines
7e65ad197f9dff7466cea7986450f9573adb4448,Daniel Gustafsson,2024-03-21 23:31:57+01:00,Fix dumping role comments when using --no-role-passwords
485f0aa85995340fb62113448c992ee48dc6fff1,Tom Lane,2024-03-21 18:27:49-04:00,Add hash support functions and hash opclass for contrib/ltree.
0997e0af273d80add75bcf5616eee000d0a78397,Alexander Korotkov,2024-03-21 23:00:43+02:00,Add TupleTableSlotOps.is_current_xact_tuple() method
c35a3fb5e067fc95f13206418e3785d2cb059da1,Alexander Korotkov,2024-03-21 23:00:40+02:00,Allow table AM tuple_insert() method to return the different slot
02eb07ea89d27f1d05a5055bf779042d2953b4e7,Alexander Korotkov,2024-03-21 23:00:34+02:00,Allow table AM to store complex data structures in rd_amcache
57184c3b5d89763c882a15adfcdb00990a09d382,Robert Haas,2024-03-21 12:54:58-04:00,docs: Make claims about the benefits of HOT updates more precise.
84d80663199b98db32625b80b039a07487a11b47,Nathan Bossart,2024-03-21 10:16:41-05:00,Revise the style of a paragraph in README.md.
adcdb2c8dda4fb28e373ddff41a0de6936772249,Daniel Gustafsson,2024-03-21 14:45:54+01:00,Explicitly require password for SCRAM exchange
24178e235ea56aca9233e640dd7ff9b17e858b07,Daniel Gustafsson,2024-03-21 14:45:46+01:00,Refactor SASL exchange to return tri-state status
1db689715d44276407dc4d6fadbc11da8d391bd9,David Rowley,2024-03-21 21:21:05+13:00,Temporarily install debugging in partition_prune test
6185c9737cf48c9540782d88f12bd2912d6ca1cc,Amit Langote,2024-03-21 17:07:03+09:00,Add SQL/JSON query functions
a145f424d5248a09d766e8cb503b999290cb3b31,Amit Kapila,2024-03-21 10:50:33+05:30,Allow dbname to be written as part of connstring via pg_basebackup's -R option.
30e144287a72529c9cd9fd6b07fe96eb8a1e270e,Masahiko Sawada,2024-03-21 10:08:42+09:00,"Add TIDStore, to store sets of TIDs (ItemPointerData) efficiently."
995e0fbc1c57c9b705c57de456d25c6e448bc5dd,Tom Lane,2024-03-20 18:02:50-04:00,Un-break genbki.pl's error reporting capabilities.
1218ca9956ee60afc6975f14c1a4c953bd6bbaa7,Tom Lane,2024-03-20 17:11:28-04:00,Add to_regtypemod function to extract typemod from a string type name.
80686761c49d5194d224b344e968c26981611726,Nathan Bossart,2024-03-20 13:31:58-05:00,Avoid overflow in MaybeRemoveOldWalSummaries().
9acae56ce0b0812f3e940cf1f87e73e8d5784e78,Jeff Davis,2024-03-20 09:40:57-07:00,Inline basic UTF-8 functions.
2b520860c08ac946ec5e570065ede1c467e45618,Nathan Bossart,2024-03-20 11:34:00-05:00,"Revert ""Temporary patch to help debug pg_walsummary test failures."""
a0390f6ca6c730949577e0d3c1fde7a77696ca17,Alvaro Herrera,2024-03-20 15:28:14+01:00,Review wording on tablespaces w.r.t. partitioned tables
da952b415f4444fcc85ea79c3f006af142d3c90a,Alvaro Herrera,2024-03-20 11:55:20+01:00,Rework lwlocknames.txt to become lwlocklist.h
e5da0fe3c22b34c4433f1729e88495554b5331ed,Peter Eisentraut,2024-03-20 10:05:37+01:00,Catalog domain not-null constraints
c9c260decd239159277c1baad9d929ebcdf2491e,Heikki Linnakangas,2024-03-20 10:13:42+02:00,Remove unused PruneState member rel
c33084205a865538212b7edd99ab5de8e7220fb7,Heikki Linnakangas,2024-03-20 10:13:39+02:00,Reorganize heap_page_prune() function comment
522ed12f7c600243870b13d9ff59f8fd5af10978,Dean Rasheed,2024-03-20 08:05:44+00:00,"Add ""--exclude-extension"" to pg_dump's options."
d63d486d6c393817810d0477569fc657c388bfb2,Heikki Linnakangas,2024-03-20 09:14:51+02:00,Remove assertions that some compiler say are tautological
9578393bc513e350e9cbfa4679fc7be7309b41a4,Peter Eisentraut,2024-03-20 07:08:01+01:00,Add tests for domain-related information schema views
f69319f2f1fb16eda4b535bcccec90dff3a6795e,Jeff Davis,2024-03-19 15:24:41-07:00,Support C.UTF-8 locale in the new builtin collation provider.
fd0398fcb099980fbedbb7750356ef234408c1c9,Tom Lane,2024-03-19 18:19:24-04:00,Improve EXPLAIN's display of SubPlan nodes and output parameters.
cc4826dd5e52c8af7069feb49ce3cd9358fa6a6e,Nathan Bossart,2024-03-19 14:46:16-05:00,"Inline pg_popcount{32,64} into pg_popcount()."
b7e2121ab7d6166b835a46ceaab1b6a6dc589703,Tom Lane,2024-03-19 14:51:58-04:00,Postpone reparameterization of paths until create_plan().
605721f819f5b603db6bc1405ef414747d182116,Peter Eisentraut,2024-03-19 16:56:44+01:00,gen_node_support.pl: Mark location fields as type alias ParseLoc
347758b1206364e3bec5ad6cd649b4ba9fe1be7b,Daniel Gustafsson,2024-03-19 13:32:50+01:00,pg_upgrade: run all data type checks per connection
5577a71fb0cc16bb7f5e3c40b89eb77460eac724,Peter Eisentraut,2024-03-19 11:44:14+01:00,Use half-open interval notation in without_overlaps tests
49b579f92dc6add10d1f03ba2cea6eab597a2f2f,Peter Eisentraut,2024-03-19 10:55:51+01:00,Fix misleading comments
a88c800deb6ff3fe5e5dccd56f771d2132f74a9b,Peter Eisentraut,2024-03-19 10:17:03+01:00,Use daterange and YMD in without_overlaps tests instead of tsrange.
794f10f6b920670cb9750b043a2b2587059d5051,Peter Eisentraut,2024-03-19 09:32:04+01:00,Add some UUID support functions
d56cb42b54381d414f1f30929ca267e4768313c8,Peter Eisentraut,2024-03-19 07:09:31+01:00,Activate perlcritic InputOutput::RequireCheckedSyscalls and fix resulting warnings
bb5604ba9e53e3a0fb9967f960e36cff4d36b0ab,Jeff Davis,2024-03-18 17:13:18-07:00,Fix documentation oversights from 2d819a08a1.
f9f3fb1cb71a6cf28283a8cc3185599ec0ce94d3,Jeff Davis,2024-03-18 16:39:29-07:00,Update src/common/unicode/README.
60769c62dc85680ee357aec92461fe97c715aebb,Jeff Davis,2024-03-18 15:34:43-07:00,"Fix another warning, introduced by 846311051e."
846311051e8fdca4c9db83b2b09425759a8b102d,Jeff Davis,2024-03-18 11:58:13-07:00,Address more review comments on commit 2d819a08a1.
66ab9371a23320cf608e68e8e5d2811992941bea,Alvaro Herrera,2024-03-18 19:28:58+01:00,dblink/isolationtester/fe_utils: Use new cancel API
61f352ece9e7eb89c7154da178d0c3bc69fc72c9,Jeff Davis,2024-03-18 09:15:47-07:00,Fix unreachable code warning from commit 2d819a08a1.
5162f663fcbe837648ae28f00e18ed972f5e360b,Peter Eisentraut,2024-03-18 16:46:22+01:00,Add missing source files to nls.mk
6b3678d3474ff456b3229e4829c595be1c0c2888,Alvaro Herrera,2024-03-18 13:14:55+01:00,Put libpq_pipeline cancel test back
0960ae1967d0569be4d118c20e51a2ed98d76f65,Heikki Linnakangas,2024-03-18 14:03:58+02:00,Fix EXPLAIN Bitmap heap scan to count pages with no visible tuples
48018f1d8c12d42b53c2a855626ee1ceb7f4ca71,Peter Eisentraut,2024-03-18 12:07:09+01:00,Add some const decorations
05c3980e7f473ac2061dad9bbb7a9f0ede0279d9,Heikki Linnakangas,2024-03-18 11:38:10+02:00,Move code for backend startup to separate file
aafc05de1bf5c0324cb5e690c6742118c1ac4af6,Heikki Linnakangas,2024-03-18 11:35:30+02:00,Refactor postmaster child process launching
f1baed18bc3db50c72bfb00b6247b47689158445,Heikki Linnakangas,2024-03-18 11:35:05+02:00,Move some functions from postmaster.c to a new source file
14cddee9cce349d4bf024316e014ccf891c39cef,Heikki Linnakangas,2024-03-18 11:35:01+02:00,Split registration of Win32 deadchild callback to separate function
ca108be72e7abf1f801c8e49dcffbbbbf412c0d9,Michael Paquier,2024-03-18 14:21:32+09:00,Remove references to backup_fs_hot() in Cluster.pm
949300402bde06699a23f216e26343e3503ba78b,Nathan Bossart,2024-03-17 20:16:15-05:00,Initialize variables to placate compiler.
d6607016c738a5ccdd9422f3c11778903a03cdbb,Daniel Gustafsson,2024-03-17 23:56:15+01:00,Support json_errdetail in FRONTEND code
33f13168ccd6e65bf0b3959a7e894449e8b6cb36,Tom Lane,2024-03-17 17:54:45-04:00,Mark hash_corrupted() as pg_attribute_noreturn.
7eb9a8201890f3b208fd4c109a5b08bf139b692a,Dean Rasheed,2024-03-17 14:48:39+00:00,Fix PDF doc generation.
c649fa24a42ba89bf5460c7110e4fc8eeca65959,Dean Rasheed,2024-03-17 13:58:59+00:00,Add RETURNING support to MERGE.
6a004f1be87d34cfe51acf2fe2552d2b08a79273,Peter Eisentraut,2024-03-17 12:38:27+01:00,Add attstattarget to FormExtraData_pg_attribute
d939cb2fd612acde0304913213cfbdb01994e682,Peter Eisentraut,2024-03-17 12:30:51+01:00,Generalize handling of nullable pg_attribute columns in DDL
012460ee93c304fbc7220e5b55d9d0577fc766ab,Peter Eisentraut,2024-03-17 12:26:26+01:00,Make stxstattarget nullable
33e729c5148c3a697abc552621b34bdc5fd497ed,Dean Rasheed,2024-03-17 10:17:11+00:00,Fix EXPLAIN output for subplans in MERGE.
20e58105badff383bd43f0b97e532771768f94df,Peter Eisentraut,2024-03-17 05:58:04+01:00,Separate equalRowTypes() from equalTupleDescs()
b7831865159d5fb6f0d263e6023f0986589fe254,Daniel Gustafsson,2024-03-16 23:18:28+01:00,Add destroyStringInfo function for cleaning up StringInfos
927332b95e778c0d15a9fbf96e3efeab0d3d937c,Alexander Korotkov,2024-03-16 23:49:10+02:00,psql: fix variable existence tab completion
605062227fdc8331f2ffa0f60e7a8724b6e56480,Alexander Korotkov,2024-03-15 21:37:17+02:00,Use locale-aware value for \watch in 005_timeouts.pl
196eeb6b2f7cf5f95293259efe0e5d73e8d0025d,Daniel Gustafsson,2024-03-15 17:02:07+01:00,Fix handling of expecteddir in pg_regress
d802ff06d0216d59aab3ddba6cb158d1f4b014db,Heikki Linnakangas,2024-03-15 17:55:12+02:00,Fix backstop in gin test if injection point is not reached
85f65d7a26fc24ad9711aa5f1ca7e20ea3ea77e6,Heikki Linnakangas,2024-03-15 15:22:12+02:00,Try to unbreak injection-fault tests in the buildfarm
7a65cc079e717c5d87f1920929affe7138c31eee,Alexander Korotkov,2024-03-15 14:38:22+02:00,Fix wordings in timeouts TAP test
4c2eda67f55a8a263820d12aaeaa7e1dfe7406ee,Alexander Korotkov,2024-03-15 14:38:22+02:00,Fix race condition in transaction timeout TAP tests
a3f349c612923b53bd168b1dfb541a4ec712b421,Heikki Linnakangas,2024-03-15 13:14:38+02:00,Improve log messages referring to background worker processes
e2e3b8ae9ed73fcd3096c5ca93971891a7767388,Heikki Linnakangas,2024-03-15 13:06:57+02:00,Disable tests using injection points in installcheck
071e3ad59d6fd2d6d1277b2bd9579397d10ded28,Michael Paquier,2024-03-15 08:29:54+09:00,"Add basic TAP tests for the low-level backup method, take two"
cc5ef90edd809eaf85e11a0ee251229bbf7ce798,Michael Paquier,2024-03-15 07:57:17+09:00,Refactor initial hash lookup in dynahash.c
4169850f0b6fc98a5f28d2b0ca4c3a4c1ecf4553,David Rowley,2024-03-15 11:54:36+13:00,Trim ORDER BY/DISTINCT aggregate pathkeys in gather_grouping_paths
4665cebc8a01dabd54b000bcc107a3468be3a81c,Daniel Gustafsson,2024-03-14 23:35:35+01:00,Login event trigger documentation wordsmithing
b4a71cf65d70b98aaf890b13ec600e340ff69e3f,Tom Lane,2024-03-14 14:57:16-04:00,Make INSERT-from-multiple-VALUES-rows handle domain target columns.
d1162cfda885c5a8cb9cebfc8eed9f1d76855e83,Nathan Bossart,2024-03-14 10:58:00-05:00,Add pg_column_toast_chunk_id().
84c18acaf690e438e953e387caf1c13298d4ecb4,Heikki Linnakangas,2024-03-14 15:18:10+02:00,Remove redundant snapshot copying from parallel leader to workers
2346df6fc373df9c5ab944eebecf7d3036d727de,Robert Haas,2024-03-14 08:56:06-04:00,Allow a no-wait lock acquisition to succeed in more cases.
c20d90a41ca869f9c6dd4058ad1c7f5c9ee9d912,Alexander Korotkov,2024-03-14 13:38:44+02:00,Fix contrib/pg_visibility/meson.build
eeefd4280f6e5167d70efabb89586b7d38922d95,Alexander Korotkov,2024-03-14 13:12:15+02:00,Add TAP tests for timeouts
e85662df44ff47acdf5d2d413339445d60a9c30c,Alexander Korotkov,2024-03-14 13:12:05+02:00,Fix false reports in pg_visibility
cc6e64afda530576d83e331365d36c758495a7cd,Alvaro Herrera,2024-03-14 10:23:38+01:00,Comment out noisy libpq_pipeline test
6b41ef03306f50602f68593d562cd73d5e39a9b9,Daniel Gustafsson,2024-03-14 09:23:37+01:00,Fix documentation comment for pg_md5_hash
9c40db3b02a41e978ebeb2c61930498a36812bbf,Amit Kapila,2024-03-14 12:12:55+05:30,Fix typos in reorderbuffer.c.
2d819a08a1cbc11364e36f816b02e33e8dcc030b,Jeff Davis,2024-03-13 23:33:44-07:00,"Introduce ""builtin"" collation provider."
6ab2e8385d55e0b73bb8bbc41d9c286f5f7f357f,Peter Eisentraut,2024-03-14 07:11:21+01:00,Put genbki.pl output into src/include/catalog/ directly
6cb1b632b354518a595f1b23bfbac28a798f7f1c,Michael Paquier,2024-03-14 13:19:12+09:00,"Revert ""Add basic TAP tests for the low-level backup method"""
99b4a63bef94b8e62a9a96c2446d1c16f95acd3b,Michael Paquier,2024-03-14 10:49:52+09:00,Add basic TAP tests for the low-level backup method
e820db5b56b20c68bce2956f8f6c8ba6bfff5735,Alexander Korotkov,2024-03-14 02:17:59+02:00,Improve documentation for pg_stat_checkpointer fields
ecb0fd33720fab91df1207e85704f382f55e1eb7,Nathan Bossart,2024-03-13 14:49:26-05:00,Reintroduce MAINTAIN privilege and pg_maintain predefined role.
2041bc4276c95ac014510032e622a4baf70b29f1,Robert Haas,2024-03-13 15:12:33-04:00,Add the system identifier to backup manifests.
1ee910ce437188eab40eddf32dc7d81952e99f82,Alvaro Herrera,2024-03-13 19:55:09+01:00,Hopefully make libpq_pipeline's new cancel test more reliable
dbfc44716596073b99e093a04e29e774a518f520,Robert Haas,2024-03-13 12:06:44-04:00,Expose new function get_controlfile_by_exact_path().
97d85be365443eb4bf84373a7468624762382059,Peter Eisentraut,2024-03-13 15:07:00+01:00,Make the order of the header file includes consistent
97d4262683acb586778af2b2a3721fa7cdc402f1,Dean Rasheed,2024-03-13 13:16:24+00:00,doc: Improve a couple of places in the MERGE docs.
a3da95deee38ee067b0bead639c830eacbe894d5,Andres Freund,2024-03-13 01:40:53-07:00,meson: macos: Avoid warnings on Sonoma
6612185883c6a43979693358423ee647421ff621,Peter Eisentraut,2024-03-13 06:40:32+01:00,Fix incorrect format placeholders
a189ed49d6292979be1478292246be61c4563043,Michael Paquier,2024-03-13 14:19:21+09:00,Add tests for more row patterns with COPY FROM .. (ON_ERROR ignore)
0b84f5c419a300dc1b1a70cf63b9907208e52643,Amit Kapila,2024-03-13 08:33:26+05:30,Fix a random failure in 038_save_logical_slots_shutdown.pl.
0265e5c120e0971a9c50a1e27ce4cb847c15a1bf,Thomas Munro,2024-03-13 14:58:27+13:00,ci: Use a RAM disk and more CPUs on FreeBSD.
77cf6a78de9fa48976d8c9152a48290beb06dc8b,Michael Paquier,2024-03-13 07:45:11+09:00,Add some asserts based on LWLockHeldByMe() for replication slot statistics
32dd2c1eff540e454d50a1d59d2d90ab6e70e0b6,Jeff Davis,2024-03-12 15:24:03-07:00,Fix version check in 002_pg_upgrade.pl.
6ee3261e9bb6f0aa30ec74896c57f69b0636bfdd,Tom Lane,2024-03-12 18:16:25-04:00,Fix confusion about the return rowtype of SQL-language procedures.
fe4750effd61f5a37d18c48caa53892dbdcfb96d,David Rowley,2024-03-13 09:34:11+13:00,Fix incorrect filename reference in comment
61461a300c1cb5d53955ecd792ad0ce75a104736,Alvaro Herrera,2024-03-12 17:32:25+01:00,libpq: Add encrypted and non-blocking query cancellation routines
cb9663e20dc2ddc904660d12638f6c82af7b420e,Heikki Linnakangas,2024-03-12 15:31:02+02:00,Fix copying SockAddr struct
4945e4ed4a72c3ff41560ccef722c3d70ae07dbb,Heikki Linnakangas,2024-03-12 13:42:38+02:00,Move initialization of the Port struct to the child process
d162c3a73bf14416ff4012de6f01c3d825610f70,Heikki Linnakangas,2024-03-12 13:42:36+02:00,Pass CAC as an argument to the backend process
73f7fb2a4c4480cfebc52dddf0049e69b830b214,Heikki Linnakangas,2024-03-12 13:42:28+02:00,Set socket options in child process after forking
f8c5317d001556a51441fad81e8f6c32994f2d79,Heikki Linnakangas,2024-03-12 10:18:32+02:00,Disconnect if socket cannot be put into non-blocking mode
4dec98c2af64851b643af14c36c8b99215dfd70d,Alvaro Herrera,2024-03-12 09:11:24+01:00,libpq: Move pg_cancel to fe-cancel.c
d6e171fed6c56fc17405445951d5028b7c86a4e3,Michael Paquier,2024-03-12 14:22:31+09:00,Keep replication slot statistics on invalidation
397cd0b3c7d18c21daea175a8280afea723f4eac,Amit Kapila,2024-03-12 10:25:27+05:30,Remove redundant fetch of the recent flush pointer in WalSndWaitForWal.
2c8118ee5d980e11f73683fcda2329c323aa381e,Michael Paquier,2024-03-12 10:02:54+09:00,Use printf's %m format instead of strerror(errno) in more places
3045324214467dd3f0bef31f6f33562b9eb93aa3,Peter Geoghegan,2024-03-11 18:07:10-04:00,Update obsolete index scan TID comments.
bbbf71d9a68103e00f73dae02fa6de6d60c3b86a,Jeff Davis,2024-03-11 14:09:07-07:00,Fix 002_pg_upgrade.pl.
319e9e53f3797fe4a4753b54a98ab717bb2f2ca0,Alvaro Herrera,2024-03-11 21:54:03+01:00,Add tests for libpq query cancellation APIs
24c928ad9ad801048684569d2b67463c3ec8fdb0,Nathan Bossart,2024-03-11 15:42:27-05:00,reindexdb: Allow specifying objects to process in all databases.
3d8652cd32846e4f9eaff9580858d281136bd0fd,Heikki Linnakangas,2024-03-11 20:45:33+02:00,Remove unneeded vacuum_delay_point from heap_vac_scan_get_next_block
4e76f984a7730cde81e2cfc015de6c2b3dadca99,Heikki Linnakangas,2024-03-11 20:43:58+02:00,Confine vacuum skip logic to lazy_scan_skip()
1b49d56d358a9c2e310d66c0ac87216d9b932b78,Nathan Bossart,2024-03-11 13:11:20-05:00,clusterdb: Allow specifying tables to process in all databases.
5fb4cea1b4a28267eeb564f1e57cbdfd39f1eea6,Bruce Momjian,2024-03-11 13:31:13-04:00,"doc:  add missing word ""the"""
095493a3771a99d0e4c906ad1cc33791efaa7248,Alvaro Herrera,2024-03-11 17:20:36+01:00,Add missing connection statuses to docs
648928c79bed975a89fa2e4ef8bc0bade8e0e0d8,Nathan Bossart,2024-03-11 10:33:36-05:00,vacuumdb: Allow specifying objects to process in all databases.
674e49c73c1c442d05a46388fcc1431fbd59ca44,Heikki Linnakangas,2024-03-11 09:28:09+02:00,Set all_visible_according_to_vm correctly with DISABLE_PAGE_SKIPPING
af0e7deb4a1c369bb8154ac55f085d6a93fe5c35,Heikki Linnakangas,2024-03-11 09:08:02+02:00,Don't destroy SMgrRelations at relcache invalidation
e629846472255c7a636c453a522755ef05489c90,David Rowley,2024-03-11 18:19:56+13:00,Fix incorrect accessing of pfree'd memory in Memoize
21e3a8bc3544a1cfcff85933bc9c0664af32a8b8,Amit Kapila,2024-03-11 09:33:04+05:30,Doc: Warn about two_phase when altering a subscription's slot name.
b36fbd9f8da140f5b0ef9f7daa6b3cb4cae8a69b,Michael Paquier,2024-03-11 10:25:01+09:00,Improve consistency of replication slot statistics
f500ba07fa9d00eaa2d26ea66401e62f950163ae,Michael Paquier,2024-03-11 09:08:05+09:00,Add some checkpoint and redo LSNs to a couple of recovery errors
a04ddd077e61096da660e1c2f205e0c8277f2dcd,Michael Paquier,2024-03-11 08:40:40+09:00,Improve support for ExplainOneQuery() hook
c399248b3b44bd6cece1ada47eee346b67a88a0a,David Rowley,2024-03-11 12:27:11+13:00,Fix deparsing of Consts in postgres_fdw ORDER BY
7b8e2ae2fd3bec55e2d8c51e49871954851b5df8,Peter Eisentraut,2024-03-10 07:56:17+01:00,Combine headerscheck and cpluspluscheck scripts
f696c0cd5f299f1b51e214efc55a22a782cc175d,Jeff Davis,2024-03-09 14:48:18-08:00,Catalog changes preparing for builtin collation provider.
81d13a8dc066e571dca032da0a5fc1d81214d2bb,Joe Conway,2024-03-09 17:32:32-05:00,Make contrib/tablefunc crosstab() also check typmod
519443162dce52a3b10372338401d63084f720b8,Tom Lane,2024-03-09 16:20:44-05:00,Simplify and merge unwanted-module drop logic in AdjustUpgrade.pm.
76904eda25500dd4c6969f3a2a7c0f00146fd763,Tom Lane,2024-03-09 15:48:21-05:00,Improve wrong-tuple-type error reports in contrib/tablefunc.
b0289574bdf1202248201a3143d1459bdf5727fd,Jeff Davis,2024-03-09 11:51:31-08:00,Run perltidy on 002_pg_upgrade.pl.
5ba8b70debb119813f241069bf359c00e4a784f0,Jeff Davis,2024-03-09 11:50:04-08:00,Fix cross-version pg_upgrade test.
f160bf06f72ab242a8336eff108a1f4e69539b77,Michael Paquier,2024-03-09 15:44:41+09:00,"Document units of ""timeout"" in ConditionVariableTimedSleep()"
33ee2550d30bebb938238846369b2aae10e7f00f,Jeff Davis,2024-03-08 16:00:46-08:00,Fix type signedness error in commit 5c40364dd6.
be41a9b0380778a07386208afbf3f41ba7286cf3,Daniel Gustafsson,2024-03-08 22:53:06+01:00,Fix errorhandling for reading from a pipe
6929e133b309d5d4568b5ed25b136935f63be618,Daniel Gustafsson,2024-03-08 22:50:20+01:00,Replace perror with custom postgres logging
f07a20c8a3b15e71d3cbfcfed0600956042cbe74,Tom Lane,2024-03-08 12:07:35-05:00,Improve WIN32 waiting logic in psql's \watch command.
270af6f0df764d326e1a7355f4ce10dc73b05dac,Alvaro Herrera,2024-03-08 16:32:29+01:00,"Admit deferrable PKs into rd_pkindex, but flag them as such"
4c1973fcaecd9ef11de14ac55d3ec1432f6b82dc,Alexander Korotkov,2024-03-08 13:18:30+02:00,Avoid recursion in MemoryContext functions
6f38c43eb135f5d6b873924180562d8334d6e31d,Alexander Korotkov,2024-03-08 13:18:30+02:00,Avoid stack overflow in ShowTransactionStateRec()
fefd9a3fed275cecd9ed4091b00698deed39b92e,Alexander Korotkov,2024-03-08 13:18:30+02:00,Turn tail recursion into iteration in CommitTransactionCommand()
6d9751fa8fd40c988541c9c72ac7a2095ba73c19,John Naylor,2024-03-08 11:09:15+07:00,"Revert ""Fix link error for test_radixtree module on Windows"""
ab6ae6260372074de71805cb7fd54d55d2da994d,John Naylor,2024-03-08 10:57:40+07:00,Fix link error for test_radixtree module on Windows
9552e3ace317ac8bb0a80613c0e5cd6536c96dc8,John Naylor,2024-03-08 10:25:23+07:00,Fix link error for test_radixtree module on Windows
bf279ddd1c28ce0251446ee90043a4cb96e5db0f,Amit Kapila,2024-03-08 08:10:45+05:30,Introduce a new GUC 'standby_slot_names'.
453c46873774219243501b8efc16b2b5a5e9d194,Tom Lane,2024-03-07 19:38:17-05:00,Cope with a deficiency in OpenSSL 3.x's error reporting.
d61a6cad6418f643a5773352038d0dfe5d3535b8,Michael Paquier,2024-03-08 09:31:52+09:00,Add support for DEFAULT in ALTER TABLE .. SET ACCESS METHOD
4f8c1e7aaf11c42fa658eeab9baef0a035e76fe2,Michael Paquier,2024-03-08 08:44:13+09:00,Update comment of AlterTableCmd->name in parsenodes.h
5c40364dd6d9c6a260c8965dffe2e066642d6f79,Jeff Davis,2024-03-07 11:15:06-08:00,Unicode case mapping tables and functions.
6d470211e54f7a617783b99b27c9d8056a890a57,Peter Eisentraut,2024-03-07 12:13:09+01:00,Fix description and grouping of RangeTblEntry.inh
1f1d73a8b83fb6de929af36eb9d3cd590875daf5,John Naylor,2024-03-07 17:01:07+07:00,Blind attempt to fix ODR violations
29ef1dd19b4f3eb54569b2eece4a8a65034a2216,Dean Rasheed,2024-03-07 09:57:02+00:00,Fix handling of self-modified tuples in MERGE.
e444ebcb85c0b55b1ccf7bcb785ad2708090a2a2,John Naylor,2024-03-07 14:26:52+07:00,Fix incorrect format specifier for int64
ac234e6377dd8bccc83f256fce043bf4ecf9d1f7,John Naylor,2024-03-07 14:11:49+07:00,Fix redefinition of typedefs
ee1b30f128d8f63a5184d2bcf1c48a3efc3fcbf9,John Naylor,2024-03-07 12:40:11+07:00,Add template for adaptive radix tree
65db0cfb4c036b14520a22dba5a858185b713643,Michael Paquier,2024-03-07 09:57:52+09:00,"Revert ""Add recovery TAP test for race condition with slot invalidations"""
099ca50bd41c1a72fe5a086bb095858ea74c88de,Michael Paquier,2024-03-07 08:30:35+09:00,"Revert ""Fix parallel-safety check of expressions and predicate for index builds"""
ad49994538c57270c244fab4e1de040568066313,Jeff Davis,2024-03-06 12:50:01-08:00,Add Unicode property tables.
2ed8f9a01e74bfc63a56b2108f44237bc5eab9f5,Tom Lane,2024-03-06 14:41:13-05:00,Fix type-checking of RECORD-returning functions in FROM.
de7c6fe8347ab726c80ebbfcdb57f4b714d5243d,John Naylor,2024-03-06 15:55:55+07:00,Fix signedness error in 9f225e992 for gcc
eae7be600be715b2f393b018fc4b98c5b89296da,Michael Paquier,2024-03-06 17:23:56+09:00,Fix parallel-safety check of expressions and predicate for index builds
3e76a806cbb0f8a6cf3ba7a3b371643fa1e0fe96,John Naylor,2024-03-06 14:30:16+07:00,Move some bitmap logic out of bitmapset.c
9f225e992bedd7615b48418bd53d21b6b003dd3f,John Naylor,2024-03-06 14:25:20+07:00,Introduce helper SIMD functions for small byte arrays
60c07820d62231d9110119b92cc1136df6dd4fb7,Amit Kapila,2024-03-06 11:16:51+05:30,Doc: Improve replication slot synchronization section.
08a52ab151ca599406883768cdc08b7929e516de,Michael Paquier,2024-03-06 14:39:40+09:00,Add recovery TAP test for race condition with slot invalidations
d93627bcbe5001750e7611f0e637200e2d81dcff,Thomas Munro,2024-03-06 12:01:01+13:00,Add --copy-file-range option to pg_upgrade.
2bce0ad67f93af6d1889ec611a8f618245291e3f,David Rowley,2024-03-06 10:57:31+13:00,Remove surplus trailing semicolon
571530452fe0b15727b8b6730e64800a5e96a7b2,Nathan Bossart,2024-03-05 14:15:06-06:00,Add a few recent commits to .git-blame-ignore-revs.
0984a3b851abe89bec6c3eff51b03038808e1997,Jeff Davis,2024-03-05 11:16:23-08:00,Run pgindent again on the same file.
b406af1806e9fc5c090e58282c7d98f22a4b397f,Jeff Davis,2024-03-05 10:58:24-08:00,Run pgindent for commit ef4cfdce0e.
7a9328e8e40534fb4de41b4ac152e3c6989d84e7,Jeff Davis,2024-03-05 09:25:46-08:00,docs: Update HOT update docs for 19d8e2308b
c7ea3f42291bf5c74be8f957c775c5e7b3f78592,Jeff Davis,2024-03-05 08:45:45-08:00,Update sepgsql expected output.
ef4cfdce0ef8b926803b0d5ffafef1c42b15bbfb,Heikki Linnakangas,2024-03-05 18:23:58+02:00,Fix references to renamed function in comments
e03349144b00b775523f3e0ea8ef56ec2fb44b11,Peter Eisentraut,2024-03-05 13:34:43+01:00,Improve field order in RangeTblEntry
0d3a71d0c8a762247cf558cf41847e599a1f5539,Alvaro Herrera,2024-03-05 12:13:12+01:00,Fix misspelled assertions
1a2654b32b546d25e39a0c02410049559a3d4573,Alvaro Herrera,2024-03-05 12:09:18+01:00,Rework redundant code in subtrans.c
030e10ff1a365796bd4bcbbc5b6a8552f7efc765,Peter Eisentraut,2024-03-05 11:24:17+01:00,Rename pg_constraint.conwithoutoverlaps to conperiod
55cdba2647ed6bbe1126c6b6d8f53e8602ec05a1,Heikki Linnakangas,2024-03-05 09:15:02+02:00,Fix a leftover reference to backend_id in comment
59825d16399699e2f99016b9add46cb2d4916f82,Jeff Davis,2024-03-04 19:42:16-08:00,Fix buildfarm failures from 2af07e2f74.
a37a3e2b36d7de965f974b8caca0c295833708f2,David Rowley,2024-03-05 16:17:02+13:00,"Fix incorrectly reported stats kind in ""can't happen"" ERROR"
2af07e2f749a9208ca1ed84fa1d8fe0e75833288,Jeff Davis,2024-03-04 17:31:38-08:00,Fix search_path to a safe value during maintenance operations.
2c29e7fc95b24f5ccfec0d2db458d2130606f446,Nathan Bossart,2024-03-04 15:41:42-06:00,Add macro for customizing an archiving WARNING message.
e5bc9454e527b1cba97553531d8d4992892fdeef,Tom Lane,2024-03-04 14:49:36-05:00,Explicitly list dependent types as extension members in pg_depend.
dc8f2d7c064ac2ba76e5821fd96fa3837076f0d2,Robert Haas,2024-03-04 14:42:17-05:00,pg_verifybackup: Refactor parse_manifest_file.
dd7ea37c435e10f9c5aa3fb257a05c08814a4ad2,Robert Haas,2024-03-04 14:37:35-05:00,Fix pgindent damage.
d75c4027b6f260f2045b162017567aeeb909b056,Robert Haas,2024-03-04 13:33:28-05:00,Fix incremental backup interaction with XLOG_DBASE_CREATE_FILE_COPY.
cb6945dc8061d03e6ec670a6856228f12e94264c,Tom Lane,2024-03-04 13:10:30-05:00,Further further fix pg_upgrade crossversion test for adminpack.
fce2ce797c412df8b794b8a92c5a586db5e1bedc,Tom Lane,2024-03-04 12:00:48-05:00,Fix initdb's -c option to treat the GUC name case-insensitively.
a0b808baef39e9f9465b7f63f2d735f35852aa21,Alvaro Herrera,2024-03-04 17:48:01+01:00,Rework locking code in GetMultiXactIdMembers
f9baaf96d3395c3afc2c558fb74279c4923ddb24,Alvaro Herrera,2024-03-04 17:37:47+01:00,Simplify coding in slru.c
c8a61e350db40f81e088f2333fd30cc7f96a8b35,Tom Lane,2024-03-04 11:31:32-05:00,Further fix pg_upgrade crossversion test for adminpack.
084cff7899d62c142f5c5190ef6924a0ffe93893,Daniel Gustafsson,2024-03-04 15:09:59+01:00,Fix crossversion test for unsupported versions
be7800674117756a63f3fee68ee4563eff303839,Daniel Gustafsson,2024-03-04 14:37:45+01:00,Adjust pg_upgrade crossversion test for adminpack
43a8875f4919e05ea25f88c3b94563f45a5bdb9e,Peter Eisentraut,2024-03-04 13:17:37+01:00,Put back required #include
cc09e6549f2bd2142b154d7d9802fb7a0abc643e,Daniel Gustafsson,2024-03-04 12:39:22+01:00,Remove the adminpack contrib extension
dbbca2cf299b81299112ca6ada671a36235ec008,Peter Eisentraut,2024-03-04 12:02:20+01:00,Remove unused #include's from backend .c files
24eebc65c26cfcc0ea5b8a95b61fa2fda6118e68,Heikki Linnakangas,2024-03-04 12:56:05+02:00,Remove unused 'countincludesself' argument to pq_sendcountedtext()
0dd094c4a0a4766cfb3c4932fa32af906229e3e3,Heikki Linnakangas,2024-03-04 12:56:02+02:00,Remove unused ParallelWorkerInfo.pid field
8545b28679a2ec2aa66ad2ec81f17019dab5d780,Dean Rasheed,2024-03-04 10:48:40+00:00,Fix doc omission for MERGE into updatable views.
0cf79a7f6801d3e69de6450d585e385a4064b057,Daniel Gustafsson,2024-03-04 10:52:19+01:00,doc: Fix datatype for postgres_fdw option
393b5599e5177e456cdce500039813629d370b38,Heikki Linnakangas,2024-03-04 10:25:12+02:00,Use MyBackendType in more places to check what process this is
067701f57758f9baed5bd9d868539738d77bfa92,Heikki Linnakangas,2024-03-04 10:25:09+02:00,"Remove MyAuxProcType, use MyBackendType instead"
a0cd95448067273a5cf92ad578a1e2de3b62aa2f,David Rowley,2024-03-04 17:42:10+13:00,Optimize GenerationAlloc() and SlabAlloc()
07c36c1333e00df5a4baf6b04ba2f3f300f57d69,David Rowley,2024-03-04 14:40:22+13:00,Support partition pruning on boolcol IS [NOT] UNKNOWN
eca2c1ea85eb22716f93339f4e7cec3145c25723,Michael Paquier,2024-03-04 10:27:50+09:00,Add PostgreSQL::Test::Cluster::wait_for_event()
6782709df81f6c68450172605907fa9ff2b7f2b1,Michael Paquier,2024-03-04 09:49:03+09:00,Add regression test for restart points during promotion
37b369dc67bc44a3aab5c07e2c0012475efd00f3,Michael Paquier,2024-03-04 09:19:13+09:00,injection_points: Add wait and wakeup of processes
024c521117579a6d356050ad3d78fdc95e44eefa,Heikki Linnakangas,2024-03-03 19:38:22+02:00,Replace BackendIds with 0-based ProcNumbers
ab355e3a88de745607f6dd4c21f0119b5c68f2ad,Heikki Linnakangas,2024-03-03 19:37:28+02:00,Redefine backend ID to be an index into the proc array
30b8d6e4ce1112168ddfe8cdbba76fbefd304b34,Alvaro Herrera,2024-03-03 14:53:47+01:00,GUC table: Add description to computed variables
875e46a0a246e416b12a9debe084ede9d02f1b5d,Jeff Davis,2024-03-02 13:37:43-08:00,Documentation update for Standard Collations.
1e013746544bd1f9df70f5547894fd72719c4b85,Thomas Munro,2024-03-03 08:40:41+13:00,Fix overflow in Windows replacement pg_pread/pg_pwrite.
653b55b57081dc6fb8c75d61870c5fdc8c8554cc,Thomas Munro,2024-03-02 12:09:28+13:00,Return ssize_t in fd.c I/O functions.
655dc310460c601d434d05339b7fa46ed97675b3,Michael Paquier,2024-03-01 18:03:48+09:00,Simplify pg_enc2gettext_tbl[] with C99-designated initializer syntax
def0ce3370689b939c6d7a3c3eb824d69989ef6e,Amit Kapila,2024-03-01 10:25:36+05:30,Fix BF failure introduced by commit b3f6b14cf4.
963d3072af21afbcb1183b3c960135cc7df02f3f,Nathan Bossart,2024-02-29 14:34:10-06:00,Convert unloggedLSN to an atomic variable.
3179701505b9ec58243ffba9d22b1803f320bf60,Nathan Bossart,2024-02-29 10:17:55-06:00,Convert archiver's force_dir_scan variable to an atomic variable.
bd5132db558b6c8d11eb838be81e2177a95c7388,Nathan Bossart,2024-02-29 10:00:44-06:00,Introduce atomic read/write functions with full barrier semantics.
5f2e179bd31e5f5803005101eb12a8d7bf8db8f3,Dean Rasheed,2024-02-29 15:56:59+00:00,Support MERGE into updatable views.
8b29a119fdaa381d6f75105f539b1e658c0f8cdb,Peter Eisentraut,2024-02-29 14:09:09+01:00,Add missing RangeTblEntry field to jumble
362de947cd7e8c826d9b3c5dc2590348263ed3c1,Dean Rasheed,2024-02-29 11:49:30+00:00,Remove field UpdateContext->updated in nodeModifyTable.c
6fd144e3a9664ea545d10008c48dceb6c4e9d38a,Daniel Gustafsson,2024-02-29 12:19:52+01:00,Fix integer underflow in shared memory debugging
b3f6b14cf48ffa81084072f1fdeee2fe9df20746,Amit Kapila,2024-02-29 09:45:20+05:30,Fixups for commit 93db6cbda0.
ada87a4d95fc39dfb1214edf6653390314b6f0df,Michael Paquier,2024-02-29 09:54:25+09:00,Use C99-designated initializer syntax for arrays related to encodings
e8aecc5c2ce1d3b2b1b01bd770c14f5214c2a369,Tom Lane,2024-02-28 17:47:25-05:00,Fix cross-version upgrade tests after f0827b443.
6a6b7f5de3ff0dad46aab9e8e17a3747370199a3,Daniel Gustafsson,2024-02-28 22:57:00+01:00,Fix documentation comments for test CA config files
2a6b47cb50eb9b62b050de2cddd03a9ac267e61f,Tom Lane,2024-02-28 16:05:28-05:00,Improve plpgsql's error messages for incorrect %TYPE and %ROWTYPE.
363eb059966d0be0a41c206cee40dfd21eb73251,Nathan Bossart,2024-02-28 14:53:52-06:00,Convert README to Markdown.
f0827b443e6014a9d9fdcdd099603576154a3733,Tom Lane,2024-02-28 14:34:19-05:00,Mop-up for AIX-ectomy: remove now-dead test code.
d163fdbfea82a5a578de5bc6392ae84c590bb454,Tom Lane,2024-02-28 14:00:30-05:00,Fix mis-rounding and overflow hazards in date_bin().
53c2a97a92665be6bd7d70bd62ae6158fe4db96e,Alvaro Herrera,2024-02-28 17:05:31+01:00,Improve performance of subsystems on top of SLRU
1c1eec0f2d88b7e823af959103b2100da493caa9,Heikki Linnakangas,2024-02-28 17:05:09+04:00,Remove configure --with-CC option
802d886054ff948022a93bae324eae66276623cc,Heikki Linnakangas,2024-02-28 16:44:32+04:00,"Run autoconf, for update of a comment."
0b16bb8776bb834eb1ef8204ca95dd7667ab948b,Heikki Linnakangas,2024-02-28 15:17:23+04:00,Remove AIX support
bcdfa5f2e2f274caeed20b2f986012a9cb6a259c,Alvaro Herrera,2024-02-28 09:39:52+01:00,Rename SLRU elements in view pg_stat_slru
48920476b490544a3ee137da714424cd354bc2b6,Michael Paquier,2024-02-28 12:51:35+09:00,Remove last NULL element in config_group_names[]
413c18401dcc170636429127e2494d8beba4b92f,David Rowley,2024-02-28 14:20:43+13:00,"Refactor AllocSetAlloc(), separating hot and cold paths"
afd8ef39094b0dff9d1f2bfecb1d9fa056b85e19,Michael Paquier,2024-02-28 08:42:36+09:00,Use C99-designated initializer syntax for more arrays
e1724af42c7b0bddad2785f8f7a15c4c123862b2,Nathan Bossart,2024-02-27 09:44:59-06:00,Fix comments for the dshash_parameters struct.
92d2ab7554f92b841ea71bcc72eaa8ab11aae662,Andrew Dunstan,2024-02-27 02:07:22-05:00,Rationalize and improve error messages for some jsonpath items
ef5e2e90859a39efdd3a78e528c544b585295a78,Michael Paquier,2024-02-27 15:18:17+09:00,Remove unnecessary array object_classes[] in dependency.c
743112a2e9938b98d716384fa9374c41afe74e41,David Rowley,2024-02-27 16:39:42+13:00,Adjust memory allocation functions to allow sibling calls
17a3f79f812cf196063c4146d64c6479e974a5c5,Michael Paquier,2024-02-27 08:19:39+09:00,Fix comment thinko in sequence.c
42a1de3013eac394c3a170ce728f0280a62187bd,Nathan Bossart,2024-02-26 15:47:13-06:00,Add helper functions for dshash tables with string keys.
5fe08c006c826da4a7f5db2a79327477599edbc6,Nathan Bossart,2024-02-26 15:46:01-06:00,Use NULL instead of 0 for 'arg' argument in dshash_create() calls.
6979ea2638a51c40acf6d04b816550b2c35b3e55,Alvaro Herrera,2024-02-26 18:19:03+01:00,Revise MERGE documentation
5f79cb7629a4ce6321f509694ebf475a931608b6,Alvaro Herrera,2024-02-26 16:49:50+01:00,slru.c: Reduce scope of variables in 'for' blocks
6e951bf98e2e0230ed95db2fafc244536bd7502f,Michael Paquier,2024-02-26 17:03:18+09:00,Group more closely cache updates for backends in sequence.c
449e798c77ed9a03f8bb04e5d324d4e3cfbbae8e,Michael Paquier,2024-02-26 16:04:59+09:00,Introduce sequence_*() access functions
025f0a6f9113efe89bb65b9efe0cb96a5d7c7ad1,Peter Eisentraut,2024-02-26 07:16:31+01:00,Fix incorrect format placeholder
f5a465f1a07474f380b54073a518602b342a188b,Tom Lane,2024-02-25 16:15:07-05:00,Promote assertion about !ReindexIsProcessingIndex to runtime error.
57b28c08305a7696375eae9a0a26532f8fb84d1b,Tom Lane,2024-02-25 15:29:09-05:00,Doc: fix minor typos in two ECPG function descriptions.
28e858c0f951a5f86f43ba9b8922c64bba96d2e1,Alexander Korotkov,2024-02-25 20:30:17+02:00,Improve documentation and GUC description for transaction_timeout
a661bf7b0f56dd8bc298309de9937081ef485370,Alexander Korotkov,2024-02-25 20:20:04+02:00,Remove flaky isolation tests for timeouts
874d817baa160ca7e68bee6ccc9fc1848c56e750,Alexander Korotkov,2024-02-24 01:49:37+02:00,Multiple revisions to the GROUP BY reordering tests
466979ef031afff000f3f92b812b946cf3a416c1,Alexander Korotkov,2024-02-24 00:35:17+02:00,Replace lateral references to removed rels in subqueries
a6b2a51e16d7ae7b1982c9d8dfa61a637a832209,Tom Lane,2024-02-23 15:21:53-05:00,Avoid dangling-pointer problem with partitionwise joins under GEQO.
d360e3cc60e37d6d41ee78acf7bd5cb313b978c1,Heikki Linnakangas,2024-02-23 17:39:27+02:00,Fix compiler warning on typedef redeclaration
8af256524893987a3e534c6578dd60edfb782a77,Heikki Linnakangas,2024-02-23 16:10:51+02:00,Introduce a new smgr bulk loading facility.
e612384fc78d35c3d3a8b3d27cef5181dca8430b,Peter Eisentraut,2024-02-23 14:43:44+01:00,Fix mistake in SQL features list
d13ff82319ccaacb04d77b77a010ea7a1717564f,Amit Kapila,2024-02-22 18:26:40+05:30,Fix BF failure in commit 93db6cbda0.
efa70c15c742511195e2ee6f0aef94d0797daf80,Michael Paquier,2024-02-22 19:59:58+09:00,Make GetSlotInvalidationCause() return RS_INVAL_NONE on unexpected input
93db6cbda037f1be9544932bd9a785dabf3ff712,Amit Kapila,2024-02-22 15:25:15+05:30,Add a new slot sync worker to synchronize logical slots.
3d47b75546d1ef70145f58e162a96f7e0c649389,Peter Eisentraut,2024-02-22 08:00:58+01:00,pgindent fix
b6df0798a5e2480d28cceee7df3f58650cf6fa7a,Amit Kapila,2024-02-22 12:06:44+05:30,Fix the intermittent buildfarm failures in 031_column_list.
fbc93b8b5f59cfb23c22a26a46ca7bcc826be442,Peter Eisentraut,2024-02-22 07:07:12+01:00,Remove custom Constraint node read/write implementations
801792e528d6cb5eeb3a70f5ceb10b15bf92f0c7,Amit Kapila,2024-02-22 11:17:00+05:30,Improve ERROR/LOG messages added by commits ddd5f4f54a and 7a424ece48.
011d60c4352c5c48c0f1a185e8a12833c22a58db,Michael Paquier,2024-02-22 10:02:55+09:00,Speed up uuid_out() by not relying on a StringInfo
943f7ae1c8693cf3ea59d103aaf9590ea062fb9c,Michael Paquier,2024-02-22 08:40:40+09:00,Add lookup table for replication slot conflict reasons
28f3915b73f75bd1b50ba070f56b34241fe53fd1,Heikki Linnakangas,2024-02-22 01:21:34+02:00,Remove superfluous 'pgprocno' field from PGPROC
4989ce72644b9d636b9b23c7a1719a405e62670b,Alvaro Herrera,2024-02-21 17:18:52+01:00,MERGE ... DO NOTHING: require SELECT privileges
ed345c2728b3ebc160d8335464765679a08031b9,Alvaro Herrera,2024-02-21 11:32:28+01:00,Fix typo
690805ca75463a5511ddd5fa02d73928393e6c96,Daniel Gustafsson,2024-02-21 09:08:28+01:00,doc: Fix link to pg_ident_file_mappings view
ff9e1e764fcce9a34467d614611a34d4d2a91b50,Michael Paquier,2024-02-21 13:28:51+09:00,Add option force_initdb to PostgreSQL::Test::Cluster:init()
75bcba6cbd2a6f62752d7917d9a3c0a52f8605c9,Alexander Korotkov,2024-02-21 02:51:41+02:00,Remove extra check_stack_depth() from dropconstraint_internal()
fcd210d496dad7d9f68c9399113368ccf2f009b9,Tom Lane,2024-02-20 14:35:12-05:00,"Doc: improve explanation of type interval, especially extract()."
489072ab7a9e37987e1d1008a90b0a3644455ecd,Alexander Korotkov,2024-02-20 14:10:10+02:00,Replace relids in lateral subquery parse tree during SJE
74563f6b90216180fc13649725179fc119dddeb5,Peter Eisentraut,2024-02-20 11:10:59+01:00,"Revert ""Improve compression and storage support with inheritance"""
d2ca9a50b5b99ef29aa65b68b5e6ddb253fbb04a,David Rowley,2024-02-20 18:34:21+13:00,Minor corrections for partition pruning
818fefd8fd4412d45eb542155cb2833a2b864acc,Michael Paquier,2024-02-20 13:43:51+09:00,Fix race leading to incorrect conflict cause in InvalidatePossiblyObsoleteSlot()
01ec4d89b91ed4c0cad57b188b530b9e7980ccb5,Michael Paquier,2024-02-20 11:59:03+09:00,doc: Use system-username instead of system-user
4c2369ac5d0a108df4d65a2886657efa010d67ca,David Rowley,2024-02-20 12:49:37+13:00,Fix incorrect pruning of NULL partition for boolean IS NOT clauses
0e162810df7657bac24ba4657460a87104523fc6,Noah Misch,2024-02-19 12:52:28-08:00,Fix test race between primary XLOG_RUNNING_XACTS and standby logical slot.
4791f87f34bd3a055db34519d6f878afeedd2548,Noah Misch,2024-02-19 12:52:07-08:00,Bound waits in 035_standby_logical_decoding.pl.
7f2718532401cfcf5ad2d5d6e7feb15a91b6aa03,Tom Lane,2024-02-19 14:17:11-05:00,Doc: fix typo in SECURITY LABEL synopsis.
e1b7fde418f2c0ba4ab0d9fbfa801ef62d96397b,Alexander Korotkov,2024-02-19 14:11:50+02:00,Get rid of pg_class usage in SJE regression tests
21a71648d39fe386acf8928ae59f41c6cccb47cf,Peter Eisentraut,2024-02-19 09:31:23+01:00,ci: Add test coverage of different pg_upgrade modes
f17529b710977c6ae89a1bc141cd1fb587953cc3,Amit Kapila,2024-02-19 10:36:05+05:30,Fix 004_subscription.pl to allow its usage in --link mode.
e77a1c58e338a1aebf00e3ae82d282f8bd32fe17,Michael Paquier,2024-02-19 11:38:18+09:00,ecpg: Fix zero-termination of string generated by intoasc()
0a9118ccc0eb2e6a31201b2443a2eb1078e34894,Michael Paquier,2024-02-19 09:05:51+09:00,ecpg: Fix error handling on OOMs when parsing timestamps
a6c21887a9f0251fa2331ea3ad0dd20b31c4d11d,Alexander Korotkov,2024-02-16 23:59:27+02:00,Remove remaining references to timeouts-long
3b42bdb47169c617cb79123c407a19d16458b49a,Nathan Bossart,2024-02-16 14:05:36-06:00,Use new overflow-safe integer comparison functions.
6b80394781c8de17fe7cae6996476088af3c319f,Nathan Bossart,2024-02-16 13:37:02-06:00,Introduce overflow-safe integer comparison functions.
73f0a1326608ac3a7d390706fdeec59fe4dc42c0,Jeff Davis,2024-02-16 11:09:11-08:00,Pass correct count to WALRead().
9ecbf54075a91ed155cc779fcc1870de0fff5fef,Jeff Davis,2024-02-16 10:35:42-08:00,Add assert to WALReadFromBuffers().
5497daf3aa2ae6ec9d5097f25c40627f8c801de8,Nathan Bossart,2024-02-16 11:37:50-06:00,Replace calls to pg_qsort() with the qsort() macro.
d57b7cc3338e9d9aa1d7c5da1b25a17c5a72dcce,Alexander Korotkov,2024-02-16 16:02:00+02:00,Add missing check_stack_depth() to some recursive functions
eb49e1bdd90b0f0434c01e6e00dedcd9466b5a6e,Alexander Korotkov,2024-02-16 15:57:37+02:00,Remove timeouts-long.out
0413a556990ba628a3de8a0b58be020fd9a14ed0,Peter Eisentraut,2024-02-16 13:27:46+01:00,Improve compression and storage support with inheritance
e85732dac0e9933cf1ec4f9df1d8ed9c221c17da,Peter Eisentraut,2024-02-16 11:39:09+01:00,Remove non-existing file from .gitattributes
b7bdade6a42f49021d41955d6534f334e827775c,Amit Kapila,2024-02-16 14:42:50+05:30,Disable autovacuum on primary in 040_standby_failover_slots_sync test.
b987be39c3c790821e462a64151b890dd3bcdd98,Amit Kapila,2024-02-16 11:34:11+05:30,Fix the incorrect format specifier used in commit 7a424ece48.
d9e225f275b7d27e6d2b196f5c528f9ad8a39abf,Amit Kapila,2024-02-16 10:13:51+05:30,Change the LOG level in 040_standby_failover_slots_sync.pl to DEBUG2.
7a424ece4828fa107f36e1c77985eabdbe69e50b,Amit Kapila,2024-02-16 09:02:54+05:30,Add more LOG and DEBUG messages for slot synchronization.
1fe66680c09b6cc1ed20236c84f0913a7b786bbc,David Rowley,2024-02-16 15:01:29+13:00,Attempt to stabilize flapping regression test
bf82f43790a675dd1b9522a7799357e61e7aa635,Alexander Korotkov,2024-02-16 03:36:38+02:00,Followup fixes for transaction_timeout
51efe38cb92f4b15b68811bcce9ab878fbc71ea5,Alexander Korotkov,2024-02-15 23:56:12+02:00,Introduce transaction_timeout
5c9f2f9398b46a283dcdf4366aaeb06eb04aa76a,Tom Lane,2024-02-15 16:45:03-05:00,Doc: improve a couple of comments in postgresql.conf.sample.
9f133763961e280d8ba692bcad0b061b861e9138,Alexander Korotkov,2024-02-15 12:06:12+02:00,Pull up ANY-SUBLINK with the necessary lateral support.
995d400ceca3e552f84fe19f150fb03327bdc0c2,Peter Eisentraut,2024-02-15 10:29:18+01:00,Allow passing extra options to initdb for tests
9bc1eee988c31e66a27e007d41020664df490214,Amit Kapila,2024-02-15 10:37:28+05:30,Another try to fix BF failure introduced in commit ddd5f4f54a.
0c444a70f2a79d4d7ef6f1af057909839e5b2097,David Rowley,2024-02-15 18:01:28+13:00,Simplify PathKey checking code
87027cb55bf7b33416880f7f5f5e67f4202d5881,David Rowley,2024-02-15 13:13:31+13:00,Clarify the 'rows' parameter in create_append_path
8fd0498de2005b4136aaf6fcd056ca4b18e37724,Nathan Bossart,2024-02-14 17:09:31-06:00,Remove obsolete check in SIGTERM handler for the startup process.
28e46325091dfac5c6ab9ea1e047a8d09dbd16e7,Nathan Bossart,2024-02-14 16:34:18-06:00,Centralize logic for restoring errno in signal handlers.
3b00fdba9f20b641d5d3c2b781cd435b23540e61,Nathan Bossart,2024-02-14 14:52:14-06:00,Check that MyProcPid == getpid() in backend signal handlers.
8d8afd48d3f298bc4d8ab2b115cc39550132bde7,Nathan Bossart,2024-02-14 11:48:29-06:00,Allow pg_monitor to execute pg_current_logfile().
3e8235ba4f9cc3375b061fb5d3f3575434539b5f,Tom Lane,2024-02-14 11:30:39-05:00,Fix multiranges to behave more like dependent types.
bd8fc1677b88ed80e4e00e0e46401ec537952482,Amit Kapila,2024-02-14 16:16:08+05:30,Fix BF introduced in commit ddd5f4f54a.
b8f9e7772595bf8527ded33884d5ed9f16e0653d,Daniel Gustafsson,2024-02-14 11:05:10+01:00,doc: Remove links to further reading from pgcrypto docs
ddd5f4f54a026db6a6692876d0d44aef902ab686,Amit Kapila,2024-02-14 09:45:36+05:30,Add a slot synchronization function.
06bd311bce24083c76d9741ae89c98750aaf4b41,Michael Paquier,2024-02-14 10:07:22+09:00,"Revert ""Refactor CopyReadAttributes{CSV,Text}() to use a callback in COPY FROM"""
d0071f922808981e2371351c46da5bb3c49554b2,Michael Paquier,2024-02-14 08:59:05+09:00,pgcrypto: Fix incorrect argument vs PG_GETARG*() mappings
f854dae888ab69db92153369644951dfb5b3d034,Michael Paquier,2024-02-14 07:20:15+09:00,Improve comment about query_id_enabled in queryjumblefuncs.c
5ebc9c90173f32cffe373a80835f157b9ebfa3bd,Tom Lane,2024-02-13 15:58:40-05:00,Catch overflow when rounding intervals in AdjustIntervalForTypmod.
fbf9a7ac4d300bbadbffe11c58cb54fcbe15601f,Heikki Linnakangas,2024-02-13 21:23:41+02:00,Fix 'mmap' DSM implementation with allocations larger than 4 GB
0736a8ef6f0e108e3972750a58a4e42ba070b029,Tom Lane,2024-02-13 12:18:25-05:00,Use a safer outfuncs/readfuncs representation for BitStrings.
c1fc502f595bc843a603bddd267b249272de485f,Daniel Gustafsson,2024-02-13 13:47:12+01:00,Skip .DS_Store files in server side utils
e4b88c5fa343ba03e299aa643f0c44120793ddfd,Peter Eisentraut,2024-02-13 06:54:58+01:00,Use correct format placeholder for timeline IDs
703c7a3c54547bfee84bdab77cf435a2becfb1dd,Amit Kapila,2024-02-13 09:45:01+05:30,Doc: Improve upgrade for streaming replication section.
91f2cae7a4e664e9c0472b364c7db29d755ab151,Jeff Davis,2024-02-12 11:11:22-08:00,Read WAL directly from WAL buffers.
09eb633e1baa3b7cd7929f3cc77f9c46f63c20b1,Heikki Linnakangas,2024-02-12 11:57:45+02:00,"Remove ""#ifdef WIN32"" guards from src/port/win32*.c"
9f35e42e7d59fb8716020a42c7b586f0d70a5101,Heikki Linnakangas,2024-02-12 10:59:45+02:00,Remove unnecessary smgropen() calls
5fce30e77fe133e1404167c13caaf7e0d1369295,Alexander Korotkov,2024-02-12 00:52:25+02:00,Fix some typos in event trigger docs
8be93177c46b0f6a29a7376229b7ee002066d5f8,Alexander Korotkov,2024-02-12 00:52:25+02:00,Use heap_inplace_update() to unset pg_database.dathasloginevt
428e2de1b895079bbf50a128f8b3824679f4bb65,Peter Eisentraut,2024-02-11 23:43:50+01:00,Remove obsolete script related to MSVC build system
65f438471b769f6b9706a386028f81df065d0a25,Thomas Munro,2024-02-12 11:14:21+13:00,Fix gai_strerror() thread-safety on Windows.
e70abd67c3e6155fe8e853c4e29255578d9cf48d,Peter Eisentraut,2024-02-11 09:27:48+01:00,Use extensible buffers to assemble command lines
469745468668917434dbef48eddad4f961880b3d,Andrew Dunstan,2024-02-10 12:12:39-05:00,Disallow jsonpath methods involving TZ in immutable functions
ce571434ae7027462565706236a0c6fbdf603734,Tom Lane,2024-02-09 12:29:41-05:00,Remove race condition in pg_get_expr().
a584d03ced5fe302256160b4d8961d4ea9b3cc52,Tom Lane,2024-02-09 11:21:08-05:00,Avoid concurrent calls to bindtextdomain().
0028b55bc8e2fc80816094620d116e2cbbd8e5f3,Tom Lane,2024-02-09 11:11:39-05:00,Clean up Windows-specific mutex code in libpq and ecpglib.
5c7038d70bb9c4d28a80b0a2051f73fafab5af3f,Daniel Gustafsson,2024-02-09 15:03:16+01:00,Refactor pipe_read_line to return the full line
c01f6ef46c8f0ab3faa54e8f040da6e9ddc7fe5b,Alexander Korotkov,2024-02-09 12:56:54+02:00,Fix usage of aggregate pathkeys in group_keys_reorder_by_pathkeys()
6743c5ae64e3c957ef8bd4f8a0daa2ba9959b0b3,Peter Eisentraut,2024-02-09 08:09:22+01:00,Fix propagation of persistence to sequences in ALTER TABLE / ADD COLUMN
3c44746fdb5d5603f6bc4645c78bca6c702fc920,Michael Paquier,2024-02-09 11:06:32+09:00,Add previous commit to .git-blame-ignore-revs
49e7c6f78ed608c5d5454080ae19c0e7f1b09a04,Michael Paquier,2024-02-09 11:05:01+09:00,Fix indentation of copyto.c
b619852086ed2b5df76631f5678f60d3bebd3745,Michael Paquier,2024-02-09 09:30:53+09:00,Improve COPY TO performance when server and client encodings match
a89fa007142ea3a02fd26f9ad980e11cae718e60,Peter Eisentraut,2024-02-08 21:19:03+01:00,Apply pg_dump test cleanups to test_pg_dump as well
d859fdb36fcdf7cf01fcda0c9ea87865e13ddc1f,Alexander Korotkov,2024-02-08 21:59:28+02:00,Fix gcc >= 10 warning
fdfb92c0307c95eba10854196628d88e6708901e,Daniel Gustafsson,2024-02-08 12:19:34+01:00,doc: Remove superfluous bracket in synopsis
165d921c9a883814a35e8161fc692793e9c945a4,Alexander Korotkov,2024-02-08 12:45:26+02:00,Fix wrong logic in TransactionIdInRecentPast()
5869aef9a15d5dc0b4de3d63d1ae360a6f34afb4,Peter Eisentraut,2024-02-08 11:38:46+01:00,Fix documentation build with older docbook-xsl
254361cf1aec4570a7022160f20fa505a876ed0e,Peter Eisentraut,2024-02-08 10:22:42+01:00,Update comment
1aa67a5ea6870d42410cc2a3a0f9dcf6bd6bc1f5,Masahiko Sawada,2024-02-08 17:03:59+09:00,Fix meson installation of xid_wraparound test.
25799850867292efecf34da73db4ea1ad1aad573,John Naylor,2024-02-08 10:07:26+07:00,Fix warnings in cpluspluscheck
a4012a697e806708172ce23be14c6ffebdf8e460,Daniel Gustafsson,2024-02-07 22:16:21+01:00,Rename static function to avoid conflicting names
1e285a5e137ed033d45c63364d90565a3c013b3f,Nathan Bossart,2024-02-07 12:50:48-06:00,Remove Start* macros in postmaster.c.
a39f1a365a3b99149ba0038ef7e39d6bff2560c9,Alvaro Herrera,2024-02-07 19:25:07+01:00,Update PQparameterStatus and ParameterStatus docs
902900b308fb38543b95526b1f384bf3cce2f514,David Rowley,2024-02-07 21:22:34+13:00,Adjust reltarget assignment for UPPERREL_PARTIAL_DISTINCT rel
aa5edbe379d645e980f927b01379bdad9bc6c295,Amit Kapila,2024-02-07 11:10:12+05:30,Set LSN for wbuf in _hash_freeovflpage() iff wbuf is modified.
22f7e61a63306873211e26c7bac9c68631309aef,Amit Kapila,2024-02-07 10:04:04+05:30,Clean-ups for 776621a5e4 and 7329240437.
b9d6038d7048ddb837aa1d286fb8f5ca0e9b3a83,Michael Paquier,2024-02-07 12:28:55+09:00,Simplify signature of CopyAttributeOutCSV() in copyto.c
1aa8324b81fa4979ffdc6ccf81d560eac9446948,Michael Paquier,2024-02-07 08:04:26+09:00,"Revert ""Refactor CopyAttributeOut{CSV,Text}() to use a callback in COPY TO"""
e4b27b53552c19c50b3ca00b697a1f745c247d0d,Alvaro Herrera,2024-02-06 12:08:39+01:00,Change initial use of pg_atomic_write_u64 to init
d172b717c6f436738cc8383a4e9f611ae227fd93,Alvaro Herrera,2024-02-06 10:54:10+01:00,Use atomic access for SlruShared->latest_page_number
b83033c3cff556d520281aaec399e47b4f11edbe,John Naylor,2024-02-06 14:49:06+07:00,Further cosmetic review of hashfn_unstable.h
9ed3ee5001b6a2d4cb0166eb8f12a457f30aaca4,John Naylor,2024-02-06 14:39:36+07:00,Simplify initialization of incremental hash state
1f61680327c962d5bafdbf6a04ad9bb0f7232f92,Michael Paquier,2024-02-06 13:29:22+09:00,doc: Spell I/O consistently
1ae5ace7558ea949d2f94af2fd5eb145d5558659,Peter Eisentraut,2024-02-05 15:45:29+01:00,Fix meson installation of new generated files
b96115acb8a0e08a46877c2b8ef2a7b5560b371b,Heikki Linnakangas,2024-02-05 11:01:30+02:00,Fix assertion if index is dropped during REFRESH CONCURRENTLY
5a9167c3971211d6fe65ecdd83025625e4af0b8b,Heikki Linnakangas,2024-02-05 11:01:23+02:00,Run REFRESH MATERIALIZED VIEW CONCURRENTLY in right security context
dafbfed9efbe3d166f25df7e564bad716e9f8bfc,Amit Kapila,2024-02-05 10:54:06+05:30,Enhance libpqrcv APIs to support slot synchronization.
a17aa50d67bad4ee39a94988c679d2c2fed0e934,Amit Kapila,2024-02-05 08:51:33+05:30,Improve the comments in 004_subscription.pl.
2889fd23be565155c8cd96a8c5a07ac971261515,Michael Paquier,2024-02-05 11:12:37+09:00,"Refactor CopyAttributeOut{CSV,Text}() to use a callback in COPY TO"
95fb5b49024aa51310f91aba669aaf0bb3227932,Michael Paquier,2024-02-05 09:46:02+09:00,"Refactor CopyReadAttributes{CSV,Text}() to use a callback in COPY FROM"
774bcffe4a9853a24e61d758637c0aad2871f1fb,Alvaro Herrera,2024-02-04 16:35:16+01:00,libpq: Change some static functions to extern
53747f722228d2cd4d7054c4d509b27dc89306ae,Alvaro Herrera,2024-02-04 16:19:20+01:00,libpq: Add pqReleaseConnHosts function
c717525035d36e10d27ca045887bbfcc57e98e9e,Michael Paquier,2024-02-04 10:51:53+09:00,pg_basebackup: Fix check for MINIMUM_VERSION_FOR_WAL_SUMMARIES
40bbc8cf0a753f08f0c26e6c2f8c959f3b9ef8c0,Alexander Korotkov,2024-02-03 01:49:51+02:00,Improve documentation for COPY ... ON_ERROR ...
18dd9d2ed978547ecc4c9195e2f5d3b80cc79bde,Heikki Linnakangas,2024-02-03 00:18:21+02:00,Fix typo in comments
e4e63cd9863480698ef97009f132c9854cce8407,Tom Lane,2024-02-02 15:34:29-05:00,Translate ENOMEM to ERRCODE_OUT_OF_MEMORY in errcode_for_file_access().
d212957254de85aad934e2601e5a07661db268fb,Heikki Linnakangas,2024-02-02 21:12:30+02:00,Fix bug in bulk extending temp relation after failure
7e0ade0ffe0a76b1926a4af39ecdf799c96ef1ba,David Rowley,2024-02-03 00:20:18+13:00,Allow Gather Merge in more cases for parallel DISTINCT
0b6517a3b79ae02fb95731d8b1dc70b10cf7b532,Noah Misch,2024-02-01 13:44:19-08:00,Sync PG_VERSION file in CREATE DATABASE.
df220714e50f2e924c57f4a8d9f578cf6c92a73f,Noah Misch,2024-02-01 13:44:19-08:00,Handle interleavings between CREATE DATABASE steps and base backup.
272a7c3034925162deb4395bf925bcf60dc2d061,Tom Lane,2024-02-01 15:57:53-05:00,Update time zone data files to tzdata release 2024a.
2e7061431b8b52163012164bd5464d2363f903c7,Andrew Dunstan,2024-02-01 15:19:56-05:00,Avoid package qualification of $windows_os
19a829a3270fb083b3d6ae967cd3b3c02a170a38,Robert Haas,2024-02-01 11:52:26-05:00,Continue my quest to make 002_blocks.pl pass reliably.
21912e3c0262e2cfe64856e028799d6927862563,Bruce Momjian,2024-02-01 06:11:53-05:00,doc:  improve role option documentation
16a80e8912bb98c1a7763f6f6a29e23f43783f9d,Daniel Gustafsson,2024-02-01 10:45:37+01:00,doc: remove incorrect grammar for ALTER EVENT TRIGGER
0293f8579c4d2e9219faa06e5cb8c8d31cf06fbc,Daniel Gustafsson,2024-02-01 09:36:34+01:00,doc: Fix incorrect openssl option
235c09efbb306d6263e904e484abdf44866beb5e,Michael Paquier,2024-02-01 17:12:50+09:00,Fix stats_fetch_consistency with stats for fixed-numbered objects
402388946fb3ac54f0fd5944d7e177ef7737eab2,Alvaro Herrera,2024-01-31 23:11:53+01:00,Fix copy&paste typo in comment
936f56988741f17cce8731cfa6150fad96e571e9,Daniel Gustafsson,2024-01-31 22:54:45+01:00,Exclude Threadsanitizer instrumentation in exit check
9d1a5354f58cf61d9be6733d5ad0b36936af5af3,David Rowley,2024-02-01 09:48:26+13:00,Fix costing bug in MergeAppend
9589b038d3203cd5ba708fb4f5c23182c88ad0b3,Tom Lane,2024-01-31 11:50:49-05:00,Clean pg_walsummary's tmp_check directory.
b6ee30ec0866619eafc10cf43c4714ed1b89fec6,Robert Haas,2024-01-31 11:37:41-05:00,"In 002_blocks.pl, try to prevent a HOT update."
f0106b6d2dc28660d9ecba3de77cee14de921c94,Alvaro Herrera,2024-01-31 16:46:04+01:00,Update pg_walsummary copyright notices to 2024
ea18eb7d625573dc369df619f7ff3b9e60e47531,Robert Haas,2024-01-31 10:12:53-05:00,Revise pg_walsummary's 002_blocks test to avoid spurious failures.
d0283387d358e5e0a64a439b7fe906399b59fdd9,Peter Eisentraut,2024-01-31 12:05:41+01:00,doc: Document more that relations share a namespace
21d9c3ee4ef74e2229341d39811c97f85071c90a,Heikki Linnakangas,2024-01-31 12:31:02+02:00,Give SMgrRelation pointers a well-defined lifetime.
6a8ffe812d194ba6f4f26791b6388a4837d17d6c,Heikki Linnakangas,2024-01-31 11:40:29+02:00,Remove some obsolete smgrcloseall() calls.
0fda3921380798897b6faca5e4fdcdc22f950f12,Michael Paquier,2024-01-31 15:12:22+09:00,Add .gitignore to src/test/modules/gin/
5f19412e4eae6468361f24fd20e05fb433da5538,Michael Paquier,2024-01-31 15:02:28+09:00,Add tests for int4_bool() in int.c
b588cad688823b1e996ce05af4d88a954c005a3a,David Rowley,2024-01-31 17:22:02+13:00,"Consider the ""LIMIT 1"" optimization with parallel DISTINCT"
3e91dba8b079c02dc5204108c7e797b402c75779,Michael Paquier,2024-01-31 13:15:21+09:00,Fix various issues with ALTER TEXT SEARCH CONFIGURATION
6ee26c6a4bafabbd22a85f575d2446fd5ec6ad0d,Andrew Dunstan,2024-01-30 17:09:44-05:00,Fix 003_extrafiles.pl test for the Windows
8ee9c250875157d42f7ed53508e239d23ce514fb,David Rowley,2024-01-31 10:10:59+13:00,Simplify partial path generation in GROUP BY/ORDER BY
7b745d85b80d4492c4df8d9769592c7aad1f63d2,Alvaro Herrera,2024-01-30 18:11:17+01:00,"Split use of SerialSLRULock, creating SerialControlLock"
776621a5e4796fa214b6b29a7ca134f6c138572a,Amit Kapila,2024-01-30 16:49:28+05:30,Add a failover option to subscriptions.
b527ebc1d37aa82b771dc9c76111bed1bce35a05,Daniel Gustafsson,2024-01-30 11:15:46+01:00,pgcrypto: Fix check for buffer size
4c48c0fe561c2b07831c2a296da637401cb953c6,Peter Eisentraut,2024-01-30 09:11:41+01:00,Fix incorrect format placeholders for Oid
57f59396bb51953bb7b957780c7f1b7f67602125,David Rowley,2024-01-30 12:37:03+13:00,Delay build of Memoize hash table until executor run
c85977d8fef7b18f69e0be72923ddb8dcc8165b5,David Rowley,2024-01-30 10:15:17+13:00,Doc: mention foreign keys can reference unique indexes
97287bdfae41b8ea16b27dccb63771fcc196a55a,Nathan Bossart,2024-01-29 12:08:57-06:00,Move is_valid_ascii() to ascii.h.
400928b83bd254d20f0790d467f221bb52707e6e,Tom Lane,2024-01-29 12:06:13-05:00,Fix incompatibilities with libxml2 >= 2.12.0.
5de890e3610d5a12cdaea36413d967cf5c544e20,Alvaro Herrera,2024-01-29 17:53:03+01:00,Add EXPLAIN (MEMORY) to report planner memory consumption
6a1ea02c491d16474a6214603dce40b5b122d4d1,Heikki Linnakangas,2024-01-29 13:46:22+02:00,Fix locking when fixing an incomplete split of a GIN internal page
6d4565a05f3fb9b7a439e7ecfc2be68bf4dabf48,Alvaro Herrera,2024-01-29 12:39:59+01:00,libpq: Move cancellation related functions to fe-cancel.c
cf765ff824b8fef31f3c6b5489d2f9985909f6a9,Amit Kapila,2024-01-29 12:13:39+05:30,Doc: Fix incorrect reference to conflicting column in pg_replication_slots.
54fac0e50502765f66a9fad1ca8169b1cb75498e,Peter Eisentraut,2024-01-29 07:24:59+01:00,Remove make function vpathsearch
a9a47fb6d99785d5d272b408d251dca28b0879e3,Amit Kapila,2024-01-29 10:12:58+05:30,Fix comments in ReplicationSlotAcquire().
73292404370c9900a96e2bebdc7144f7010339cf,Amit Kapila,2024-01-29 09:37:23+05:30,Allow setting failover property in the replication command.
08e6344fd6423210b339e92c069bb979ba4e7cd6,Masahiko Sawada,2024-01-29 10:37:16+09:00,Remove ReorderBufferTupleBuf structure.
50b797dc99ec3bf97ea5d0955a3b42d356c1522d,Michael Paquier,2024-01-29 08:05:59+09:00,Fix DROP ROLE when specifying duplicated roles
a3a836fb5e51183eae624d43225279306c2285b8,David Rowley,2024-01-27 11:17:35+13:00,Attempt to fix newly added Memoize regression test
5e444a2526cc6f4052ce0004e1df69135c47338a,Tom Lane,2024-01-26 15:54:17-05:00,Compare varnullingrels too in assign_param_for_var().
25cd2d64021ae081cbcef1592e0ee04ddda2e975,Tom Lane,2024-01-26 13:39:45-05:00,Detect Julian-date overflow in timestamp[tz]_pl_interval.
5ddf9973477729cf161b4ad0a1efd52f4fea9c88,Robert Haas,2024-01-26 13:25:19-05:00,Temporary patch to help debug pg_walsummary test failures.
5eafacd2797dc0b04a0bde25fbf26bf79903e7c2,Robert Haas,2024-01-26 11:40:16-05:00,Combine FSM updates for prune and no-prune cases.
f7cf9494bad3aef1b2ba1cd84376a1e71797ac50,Peter Eisentraut,2024-01-26 13:52:05+01:00,Split some code out from MergeAttributes()
8c9da1441df18bd609f025778e8349873a3e9bbd,Alvaro Herrera,2024-01-26 12:38:15+01:00,Make spelling of cancelled/cancellation consistent
64444ce071f6b04d3fc836f436fa08108a6d11e2,Peter Eisentraut,2024-01-26 11:05:10+01:00,MergeAttributes code deduplication
f2bf8fb04886e3ea82e7f7f86696ac78e06b7e60,Michael Paquier,2024-01-26 17:39:58+09:00,Reindex toast before its main relation in reindex_relation()
bc397e5cdb31c399392d693cbc5909341d21235a,David Rowley,2024-01-26 20:51:36+13:00,De-dupicate Memoize cache keys
bd5760df38c0032bb94eb73df8a18ef74c4eff57,Michael Paquier,2024-01-26 14:08:04+09:00,Fix comment in index.c
2cca95e175463a7af95164498b889b1ea118583d,David Rowley,2024-01-26 16:18:58+13:00,Improve NestLoopParam generation for lateral subqueries
f2743a7d70e7b2891277632121bb51e739743a47,Michael Paquier,2024-01-26 10:15:32+09:00,"Revert ""Add support for parsing of large XML data (>= 10MB)"""
376c216138c75e161d39767650ea30536f23b482,Heikki Linnakangas,2024-01-26 01:04:58+02:00,"Update comment, generation mem contexts have a ""keeper"" block"
8ba6fdf905d0f5aef70ced4504c6ad297bfe08ea,Tom Lane,2024-01-25 17:47:08-05:00,Support TZ and OF format codes in to_timestamp().
06a66d87dbc7e06581af6765131ea250063fb4ac,Andrew Dunstan,2024-01-25 16:25:11-05:00,Clean up a bug in sql/json items commit 66ea94e8e6
7014c9a4bba2d1b67d60687afb5b2091c1d07f73,Tom Lane,2024-01-25 11:32:18-05:00,Doc: improve documentation for jsonpath behavior.
66ea94e8e606529bb334515f388c62314956739e,Andrew Dunstan,2024-01-25 10:15:43-05:00,Implement various jsonpath methods
924d046dcf55887c98a1628675a30f4b0eebe556,Peter Eisentraut,2024-01-25 13:34:49+01:00,Add a const decoration
55627ba2d334ce98e1f5916354c46472d414bda6,Alvaro Herrera,2024-01-25 11:43:47+01:00,Remove dummy_spinlock
4d969b2f85e1fd00e860366f101fd3e3160aab41,Peter Eisentraut,2024-01-25 11:30:01+01:00,MergeAttributes: convert pg_attribute back to ColumnDef before comparing
46778187f5373f6072b58d5e4c298b775333a37c,Alvaro Herrera,2024-01-25 11:17:33+01:00,Fix s_lock_test compile
fba2112b1569fd001a9e54dfdd73fd3cb8f16140,Amit Langote,2024-01-25 17:12:18+09:00,Silence compiler warning introduced in 1edb3b491b
1d35f705e191581784e9df89bb69b7867ac9c342,Michael Paquier,2024-01-25 17:07:56+09:00,Add more LOG messages when starting and ending recovery from a backup
c393308b69d229b664391ac583b9e07418d411b6,Amit Kapila,2024-01-25 12:15:46+05:30,Allow to enable failover property for replication slots via SQL API.
86232a49a4373013056e8d38118339b8e7675ea0,Peter Eisentraut,2024-01-25 07:25:10+01:00,Fix comment on gist_stratnum_btree
a044e61f1b97ceb80a198c0ae22c07c35dda39eb,Fujii Masao,2024-01-25 12:50:08+09:00,Remove redundant HandleWalWriterInterrupts().
820b5af73dcc6a5d0db6a98a62a6b859e5d107b6,Thomas Munro,2024-01-25 15:42:34+13:00,jit: Require at least LLVM 10.
729439607ad210dbb446e31754e8627d7e3f7dda,Masahiko Sawada,2024-01-25 10:57:41+09:00,Add progress reporting of skipped tuples during COPY FROM.
d282e88e50521a457fa1b36e55f43bac02a3167f,Thomas Munro,2024-01-25 13:44:54+13:00,Track LLVM 18 changes.
b91f918708283c1dc3dba8ff301f7d4b63c32e66,Alexander Korotkov,2024-01-24 21:41:17+02:00,"Rename index ""abc"" in aggregates.sql"
46a0cd4cefb4d9b462d8cc4df5e7ecdd190bea92,Peter Eisentraut,2024-01-24 16:34:37+01:00,Add temporal PRIMARY KEY and UNIQUE constraints
74a73063106583b1f49274a2cd1df42e35107361,Alvaro Herrera,2024-01-24 15:01:30+01:00,Improve notation of BuiltinTrancheNames
94edfe250c6a200d2067b0debfe00b4122e9b11e,Michael Paquier,2024-01-24 16:55:19+09:00,pgbench: Add \syncpipeline
faa2b953ba3be0fac9af614ac14e34cf3a0a2c46,Amit Langote,2024-01-24 15:04:33+09:00,Refactor code used by jsonpath executor to fetch variables
1edb3b491bee373bdfcbfc1c2707b5428c2023b9,Amit Langote,2024-01-24 15:04:33+09:00,Adjust populate_record_field() to handle errors softly
aaaf9449ec6be62cb0d30ed3588dc384f56274bf,Amit Langote,2024-01-24 15:04:33+09:00,Add soft error handling to some expression nodes
bb812ab0917e153f11bf449d7cb996815c07e387,Michael Paquier,2024-01-24 14:20:01+09:00,Fix ALTER TABLE .. ADD COLUMN with complex inheritance trees
bcd5b4bcbefc8b99be3678cf9c6c990a0c28f68e,Nathan Bossart,2024-01-23 14:20:14-06:00,Fix crash in autoprewarm.
79b03dbb3304539c6599593397c6a6b63b6a6ad9,Peter Eisentraut,2024-01-23 20:37:49+01:00,Support shared libraries on Android (using make)
f4447af5b1a644af89e065410cdb12fe776cac47,Peter Eisentraut,2024-01-23 20:07:05+01:00,meson: Map host_system android to linux
6eb6086faa3842c2a38a1ee2f97bf9a42ce27610,Peter Eisentraut,2024-01-23 16:33:26+01:00,Fix makefiles for newly added files
68387f9bdc82a56bf56945da3883a993bc40e2a5,Daniel Gustafsson,2024-01-23 13:20:15+01:00,doc: Add acronym and glossary term for Access Method
4b4b3467ee36d11b6bf791731532ab962b0379be,Peter Eisentraut,2024-01-23 12:16:37+01:00,meson: portname was set too early
21ef4d4d897563adb2f7920ad53b734950f1e0a4,Heikki Linnakangas,2024-01-23 10:38:07+02:00,"Revert ""libpqwalreceiver: Convert to libpq-be-fe-helpers.h"""
9b1a6f50b91dca6610932650c8c81a3c924259f9,Peter Eisentraut,2024-01-23 07:31:06+01:00,Generate syscache info from catalog files
46d8587b504170ca14f064890bc7ccbbd7523f81,Michael Paquier,2024-01-23 14:46:01+09:00,Improve stability of recovery test 035_standby_logical_decoding
b262ad440edecda0b1aba81d967ab560a83acb8a,David Rowley,2024-01-23 18:09:18+13:00,Add better handling of redundant IS [NOT] NULL quals
183b6f73b04e41cd8468eab74ab191602c66617b,Michael Paquier,2024-01-23 12:01:18+09:00,ci: Enable injection points in builds
4372adfa24f2f5ddc587317d634b5389bd764106,Nathan Bossart,2024-01-22 20:44:38-06:00,Fix possible NULL pointer dereference in GetNamedDSMSegment().
cdd863480c27b406ac14e94f1fe122b98ea562b4,Michael Paquier,2024-01-23 10:45:00+09:00,Fix ERROR message in injection_point.c
0eb23285a2579591c09a591e5a52829f65665341,Heikki Linnakangas,2024-01-22 20:55:45+02:00,Fix two memcpy() bugs in the new injection point code
49f7c6c44a5f6a7f7b39d140e490c9c627511893,Alvaro Herrera,2024-01-22 17:48:30+01:00,Abort pgbench if script end is reached with an open pipeline
752533d40fd50de0b09d4b956cc32c38f5df2f05,Alvaro Herrera,2024-01-22 17:14:19+01:00,Test EXPLAIN (FORMAT JSON) ... XMLTABLE
b0f0a9432d0b6f53634a96715f2666f6d4ea25a1,Peter Eisentraut,2024-01-22 11:01:06+01:00,Make documentation builds reproducible
2bcf0785cd1080b85f0d2ccd595b195970730491,David Rowley,2024-01-22 22:45:02+13:00,Re-disallow Memoize for parameterized nested loops with join filters
b199eb89c67d737ced55721590f7fc8ff585e837,Michael Paquier,2024-01-22 13:55:25+09:00,Fix some typos
49cd2b93d7dbceefdf9a71cc301d284a2dd234c3,Michael Paquier,2024-01-22 13:32:28+09:00,Add test module injection_points
d86d20f0ba79451f19782dbb5fbf206746aaffd1,Michael Paquier,2024-01-22 10:15:50+09:00,Add backend support for injection points
c03d91d9be378975bcdbfa3e5d40e17288e6f13f,Alexander Korotkov,2024-01-21 23:27:29+02:00,Fix table name collision in tests in 0452b461bc
0452b461bc405e6d35d8a14c02813c15e28ae516,Alexander Korotkov,2024-01-21 22:21:36+02:00,Explore alternative orderings of group-by pathkeys during optimization.
7ab80ac1caf9f48064190802e1068ef89e2883c4,Alexander Korotkov,2024-01-21 22:19:47+02:00,Generalize the common code of adding sort before processing of grouping
58447e31890ace0d552a4bf693744bef3a5335e6,Tom Lane,2024-01-20 17:54:14-05:00,Add hint about not qualifying UPDATE...SET target with relation name.
075df6b2080b13e0a5adc88737b7c24417a873c1,Tom Lane,2024-01-20 13:57:54-05:00,Add planner support functions for range operators <@ and @>.
abb0b4fc03fcf5a0ca786bd88c357bf9213aa6e1,Nathan Bossart,2024-01-19 14:43:59-06:00,Teach autoprewarm to use the dynamic shared memory registry.
8b2bcf3f287c79eaebf724cba57e5ff664b01e06,Nathan Bossart,2024-01-19 14:24:36-06:00,Introduce the dynamic shared memory registry.
964152c476f25ada4c5832a014999ec2d2980358,Nathan Bossart,2024-01-19 11:18:32-06:00,doc: Reorganize section for shared memory and LWLocks.
448a3331d9ab3094183cea59f601b6f2f7f7c48a,Alexander Korotkov,2024-01-19 18:17:13+02:00,Fix name collision in c64086b79dba
b2a296b0cf731b5a26a784cefaed7f013ed3d6e7,Daniel Gustafsson,2024-01-19 16:27:27+01:00,doc: Update compiler for FreeBSD specific instructions
c64086b79dbad19e4ee0af8d19e835111aa87bd5,Alexander Korotkov,2024-01-19 17:19:17+02:00,Reorder actions in ProcArrayApplyRecoveryInfo()
6db4598fcb82a87a683c4572707e522504830a2b,Peter Eisentraut,2024-01-19 15:42:13+01:00,Add stratnum GiST support function
b725b7eec431f7394d63abe621170efe3fcdcda4,Alexander Korotkov,2024-01-19 15:15:51+02:00,Rename COPY option from SAVE_ERROR_TO to ON_ERROR
dd0a0cfc81fecacf2aed41b9eb138f850e43aab6,John Naylor,2024-01-19 13:26:18+07:00,Fixed misspelled byteswap function for big endian machines
0aba2554409ee3251d7558567edd114d8ed36dcc,John Naylor,2024-01-19 12:56:15+07:00,Add optimized C string hashing
e97b672c88f6e5938a2b81021bd4b590b013976f,John Naylor,2024-01-19 12:44:09+07:00,Add inline incremental hash functions for in-memory use
04c0897d3bcafe4ca61967d5ab1b5669f3cbe80b,Michael Paquier,2024-01-19 14:18:20+09:00,psql: Add ignore_slash_options in bind's inactive branch
3ada0d2cae4d9d3e045c72e3ee0b37ccb6e13902,Michael Paquier,2024-01-19 13:20:49+09:00,Fix incorrect placeholder in walreceiver.c
d891dcc065a2b590102ec75121828fed97acf9ba,Nathan Bossart,2024-01-18 21:39:51-06:00,Improve some documentation about the bootstrap superuser.
dd3ca8cbb0141f158545e9ecdd12c89279942e36,Jeff Davis,2024-01-18 14:59:59-08:00,Fix buildfarm error from commit 5c31669058.
4b310636439da432c473e0e85de661b3342bb745,David Rowley,2024-01-19 10:44:36+13:00,Fix broken Bitmapset optimization in DiscreteKnapsack()
57b440ec115f57ff6e6a3f0df26063822e3123d2,Tom Lane,2024-01-18 16:11:16-05:00,Fix plpgsql to allow new-style SQL CREATE FUNCTION as a SQL command.
e313a611370410f4efe4e816767759870b69dfa6,Robert Haas,2024-01-18 15:17:09-05:00,Remove LVPagePruneState.
cb970240f13df2b63f0410f81f452179a2b78d6f,Robert Haas,2024-01-18 14:44:57-05:00,Move VM update code from lazy_scan_heap() to lazy_scan_prune().
0a157a4d441586a0e590e2f8a3839114e01df4b7,Robert Haas,2024-01-18 10:09:38-05:00,Clarify language in incremental backup glossary entry.
c120550edb86b8e0d785063501c259e29aa80eb6,Robert Haas,2024-01-18 10:03:42-05:00,Optimize vacuuming of relations with no indexes.
7b1dbf0a8d1d4e1e6d01a76dc45a3216e8a16d94,Robert Haas,2024-01-18 09:25:28-05:00,More documentation updates for incremental backup.
27d04ed5310ad33dd3364322ae53ea685b28a8b6,Alvaro Herrera,2024-01-18 11:30:53+01:00,Rework text in replication slots documentation
ed1e0a65127a61f7c9497aac6016324f250bc0e9,Peter Eisentraut,2024-01-18 09:35:12+01:00,Error message capitalisation
686db12de3a01222de6bce56f40f4fb9259f7b37,Peter Eisentraut,2024-01-18 08:46:42+01:00,Fix an issue in PostgreSQL::Test::Cluster:psql()
0ae3b466210316ebedbe123b64b46ac2dc1fc04f,Michael Paquier,2024-01-18 16:30:11+09:00,Improve handling of dropped partitioned indexes for REINDEX INDEX
8013850c853db67ee753e5b730231cfad846b806,Michael Paquier,2024-01-18 15:04:24+09:00,"Add try_index_open(), conditional variant of index_open()"
2f35c14cfb3dadede883a7d8f458e5a15f13a97b,Michael Paquier,2024-01-18 10:12:44+09:00,"seg: Add test ""security"" in meson.build"
4b885d01f9676f62d8b8156e45282c631181369f,Alexander Korotkov,2024-01-17 23:16:53+02:00,Remove the flaky check in event_trigger_login regression test
58fbbc9d683cc7a79a790fe9f17dd374c56445cc,Alexander Korotkov,2024-01-17 22:59:09+02:00,Fix spelling in notice
2b53a462cff0074f5bf1675ad58ca95190c4bcd0,Heikki Linnakangas,2024-01-17 15:44:10+02:00,Fix incorrect comment on how BackendStatusArray is indexed
7cfa154d15c4a98bea0cfe26b2c78094a094650f,Daniel Gustafsson,2024-01-17 11:24:11+01:00,Close socket in case of errors in setting non-blocking
44ad5129ce19d22afe757a6b56e41eaa91304869,Michael Paquier,2024-01-17 17:03:02+09:00,Fix description of DecodeInsert() in decode.c
061cc7eacac15c4bcd4447a238e16a6e0ea9c6bb,Michael Paquier,2024-01-17 15:53:59+09:00,Remove some comments related to pqPipelineSync() and PQsendPipelineSync()
2197d06224a14dba544e05e3df1efcca83bdd9ef,Michael Paquier,2024-01-17 14:03:55+09:00,Add support for parsing of large XML data (>= 10MB)
65c5864d7fac46516f17ee89085e349a87ee5bd7,Michael Paquier,2024-01-17 08:53:16+09:00,xml2: Replace deprecated routines with recommended ones
8ad1f7db87f0375cfd7c6ae24aa13bdbdff2477a,Alexander Korotkov,2024-01-17 00:59:44+02:00,Fix format specifier for NOTICE in copyfrom.c
9e2d8701194fa1d280b73c024759950c74c1c637,Alexander Korotkov,2024-01-16 23:08:53+02:00,Add new COPY option SAVE_ERROR_TO
c7e5e994b2eb07cd0f3d5f0bb320e981bf1aae6e,David Rowley,2024-01-17 09:30:21+13:00,Fix REALLOCATE_BITMAPSETS code
45d395cd75ffc5b4c824467140127a5d11696d4c,Robert Haas,2024-01-16 14:16:57-05:00,Be more consistent about whether to update the FSM while vacuuming.
699586315704a8268808e3bdba4cb5924a038c49,Peter Eisentraut,2024-01-16 17:24:52+01:00,Support identity columns in partitioned tables
7bcf57a0ca6601163c441270d031bb52e6abc9d2,Daniel Gustafsson,2024-01-16 13:51:15+01:00,Decorate WITH with literal markup tags
c6b86eaa55ff225a7a4aa23c13e42edc4d996a44,Heikki Linnakangas,2024-01-16 13:53:28+02:00,Add missing PGDLLIMPORT markings
585025397337281cdce31bf1df2e0868cfbd0b92,Alvaro Herrera,2024-01-16 12:48:30+01:00,struct XmlTableRoutine: use C99 designated initializers
c6605c1bdf07e8fc026bf857d37628cbb5746bb8,Alvaro Herrera,2024-01-16 12:27:52+01:00,Don't test already-referenced pointer for nullness
a37bb7c13995b834095d9d064cad1023a6f99b10,Peter Eisentraut,2024-01-16 09:42:40+01:00,doc: Add Identity Column section under Data Definition chapter
d22d98c341713a260c1d821a62e83c19e27defa0,Peter Eisentraut,2024-01-16 08:57:35+01:00,Assert that partition inherits from only one parent in MergeAttributes()
58b20e6d75e5ccaba8bd8a8b1c09f90e4a371b63,Peter Eisentraut,2024-01-16 08:56:00+01:00,doc: Decorate PostgreSQL with productname tag
4794c2d31714235700ed68edafa10d1928c9bbb2,Michael Paquier,2024-01-16 10:13:42+09:00,libpq: Add PQsendPipelineSync()
83eb244e419efd43959fdd544ff8c30e175565ef,Michael Paquier,2024-01-16 09:17:51+09:00,Fix a typo and some doc indentation related to libpq pipeline functions
237d01139b8a2ad26036d9025ae8e8e99b53e08c,Robert Haas,2024-01-15 11:50:44-05:00,Fix typos.
fe093994db4dc5dcc239f8839b094c0b75de00cf,Alexander Korotkov,2024-01-15 17:45:16+02:00,Fix 'negative bitmapset member' error
aa817c7496575b37fde6ea5e0cd65b26f29ea532,Alvaro Herrera,2024-01-15 13:02:03+01:00,Avoid useless ReplicationOriginExitCleanup locking
31acee4b66f9f88ad5c19c1276252688bdaa95c9,Michael Paquier,2024-01-15 09:30:16+09:00,Reduce dependency to money data type in main regression test suite
6545ba96cb7a98506627554a33bc7e39c88f9b76,Tom Lane,2024-01-14 12:38:41-05:00,Prevent access to an unpinned buffer in BEFORE ROW UPDATE triggers.
15235abbf34f6b246f7681e88dccf8c2796a245b,Peter Eisentraut,2024-01-14 07:57:48+01:00,pg_dump: Remove obsolete trigger support
556799660fc4dc23e187994ae5ea622933ea720f,Peter Eisentraut,2024-01-14 07:46:01+01:00,doc: Update catalog documentation for attstattarget nullable
e3aa802e6f843fc8df793d2dccdafecc32fe2cfc,Peter Eisentraut,2024-01-14 07:29:45+01:00,Remove useless Assert
6a3631e251d1390673aee469c0cd672cac6195ef,Peter Eisentraut,2024-01-13 20:32:18+01:00,Escape output of pg_amcheck test
36578fa049421429c99bc9a0f06344dc8b4b5152,Tom Lane,2024-01-13 13:56:46-05:00,Add previous commit to .git-blame-ignore-revs.
96c019ffa3f883d139709ea0cfe76dc1bce0f1f8,Tom Lane,2024-01-13 13:54:11-05:00,Re-pgindent catcache.c after previous commit.
ad98fb14226ae6456fbaed7990ee7591cbe5efd2,Tom Lane,2024-01-13 13:46:27-05:00,Cope with catcache entries becoming stale during detoasting.
4f622503d6de975ac87448aea5cea7de4bc140d5,Peter Eisentraut,2024-01-13 18:14:53+01:00,Make attstattarget nullable
45da69371ebfc4d6982695e58791989660c1cc33,Jeff Davis,2024-01-12 21:40:23-08:00,Fix memory leak in connection string validation.
2f696d5a2902333329a95fd80e351e4e6ecf8d4a,Alvaro Herrera,2024-01-12 23:20:03+01:00,Add empty placeholder LINGUAS file for pg_walsummary
5c31669058b5550b4b3d623c07bc4203c11b8316,Jeff Davis,2024-01-12 13:41:36-08:00,Re-validate connection string in libpqrcv_connect().
a1604237a6ffee70b171bacd5f36b0e380afd33a,Peter Eisentraut,2024-01-12 16:11:29+01:00,Refactor ATExecAddColumn() to use BuildDescForRelation()
882887e9b458f533b301c36951c93dfdd37dccfc,Robert Haas,2024-01-12 09:46:46-05:00,Fix typo.
6780b79d5c580586ae6feb37b9c8b8bf33367886,Alvaro Herrera,2024-01-12 12:44:20+01:00,Added literal tag for RETURNING
278972f5933679e06e7d71d2060c1867f5aa4ebe,Michael Paquier,2024-01-12 13:40:58+09:00,Fix pg_walsummary's .gitignore
e72a37528ddaadd796be73fe9b0a0c08b18476d2,Michael Paquier,2024-01-12 12:04:51+09:00,Refactor code checking for file existence
08c3ad27eb5348d0cbffa843a3edb11534f9904a,Michael Paquier,2024-01-12 08:23:07+09:00,Rework how logirep launchers are stopped during pg_upgrade
7786af4d74182ddd32e00f694bba741ee5d33efa,Peter Eisentraut,2024-01-11 22:23:44+01:00,Fix some inconsistent whitespace in Perl file
35bc310c04a477376778f437a56f0fcfb504c9c3,Peter Eisentraut,2024-01-11 21:49:00+01:00,Fix incorrect format placeholder
cf64d4e99f6480ad6d73af82bfbbf2b2e637a7ec,Jeff Davis,2024-01-11 12:35:29-08:00,Cleanup for unicode-update build target and test.
29f114b6ff0c4ccad29b3a3707ab2c299647d450,Tom Lane,2024-01-11 15:28:22-05:00,Allow subquery pullup to wrap a PlaceHolderVar in another one.
a7097ca630a25dd2248229f21ebce4968d85d10a,Robert Haas,2024-01-11 15:01:51-05:00,Try to fix pg_walsummary buildfarm failures.
e2d5b3b9b643739bd83e42769b44005dfd2bbb90,Robert Haas,2024-01-11 13:30:12-05:00,Remove hastup from LVPagePruneState.
5faffa0434b484772782ff4763c0b2080222dde0,Robert Haas,2024-01-11 13:24:35-05:00,Reindent after commit d9ef650fca7bc574586f4171cd929cfd5240326e.
3d5c332a3d6002c5c95cb238e2164ae054c8e805,Robert Haas,2024-01-11 13:06:10-05:00,Repair various defects in dc212340058b4e7ecfc5a7a81ec50e7a207bf288.
ee1bfd168390bc843c6704d16e909692c0a79f27,Robert Haas,2024-01-11 12:48:27-05:00,Add new pg_walsummary tool.
d9ef650fca7bc574586f4171cd929cfd5240326e,Robert Haas,2024-01-11 12:41:18-05:00,Add new function pg_get_wal_summarizer_state().
544bcb5a5e778e8ef8d784de611c5f85bc33433c,Magnus Hagander,2024-01-11 14:55:43+01:00,Clarify which xml tools are missing in meson error message
ba2d2784f3f83277de6f9c17505229fa3f2f6d5c,Magnus Hagander,2024-01-11 14:27:10+01:00,Fix omission in partitioning limitation documentation
6f97ef05d62a9c4ed5c53e98ac8a44cf3e0a2780,Amit Kapila,2024-01-11 08:56:27+05:30,Fix an intermetant BF failure in 003_logical_slots.
f7f694b21400b14696dd8e85747dcef845e959ff,John Naylor,2024-01-11 08:58:18+07:00,Update documentation of default fdw_tuple_cost
b83747a8a65b6c4b7b9afea4e50b00cb0cd64ee5,Michael Paquier,2024-01-11 10:39:58+09:00,pg_regress: Disable autoruns for cmd.exe on Windows
3d185cfc09c32b1f250adfbb62c0c7a3f96c5af2,Tom Lane,2024-01-10 18:09:29-05:00,Restore initdb's old behavior of always setting the lc_xxx GUCs.
390298f0806588ceb131dd47760208bd2cd6298f,Tom Lane,2024-01-10 14:20:09-05:00,"Allow noise semicolons ending psql \sf, \ef, \sv, \ev commands."
add673b897c3d76767cec5ac1619fad6b1eb7582,Tom Lane,2024-01-10 13:51:36-05:00,Fix Asserts in calc_non_nestloop_required_outer().
d641b827af3966e349cbcc592bc51a4ab770c37b,Tom Lane,2024-01-10 13:36:33-05:00,Handle WindowClause.runCondition in tree walker/mutator functions.
5b2da240e01ecaef8181b0feebaeb69e6fefdaa0,Bruce Momjian,2024-01-10 11:20:15-05:00,"doc:  clarify who owns the initdb-created cluster, by default"
cd02b35a4609090e6c4e4fc3d8bd055c559dea1b,Magnus Hagander,2024-01-10 13:30:10+01:00,Show the default checkpoint method in the pg_basebackup help message
9886744a361b1b1d376fcad661eb2857829f3fde,Michael Paquier,2024-01-10 10:41:57+09:00,pg_ctl: Disable autoruns for cmd.exe on Windows
f896057e46b06d5ac3f62f7d18f87a7f12185177,Robert Haas,2024-01-09 13:04:46-05:00,Document WAL summarization information functions.
d97ef756afcadeeb040c3f11e764d6a7179d441e,Nathan Bossart,2024-01-09 11:35:10-06:00,Fix documentation for wal_summary_keep_time.
5b1b9bce84497ec71dbd6d5a969e8fc5aa22b4ef,Nathan Bossart,2024-01-09 11:05:19-06:00,Cross-check lists of predefined LWLocks.
a7be2a6c262d5352756d909b29c419ea5e5fa1d9,Joe Conway,2024-01-09 09:16:48-05:00,"Add new function, PQchangePassword(), to libpq"
d596736a499858de800cabb241c0107c978f1b95,Tatsuo Ishii,2024-01-09 19:43:19+09:00,Doc: fix character_sets view.
028b15405b4113e1b0f492bf9908d001a5983a77,Alexander Korotkov,2024-01-09 10:12:14+02:00,An addition to 8c441c08279
8c441c082797f22ae96f50b641a8ef3f65c92b8d,Alexander Korotkov,2024-01-09 10:01:22+02:00,Forbid SJE with result relation
30b4955a4668887044568743debef804b14418ca,Alexander Korotkov,2024-01-09 00:09:06+02:00,Fix misuse of RelOptInfo.unique_for_rels cache by SJE
d3c5f37dd543498cc7c678815d3921823beec9e9,Noah Misch,2024-01-08 11:39:56-08:00,"Make dblink interruptible, via new libpqsrv APIs."
0efc8318477714600567d15812dc8d15841e269e,Noah Misch,2024-01-08 11:39:56-08:00,"Remove excess #include ""utils/wait_event.h""."
196799d6765706697ff9417ae85929085774b8f4,Noah Misch,2024-01-08 11:39:56-08:00,Fix missing word in comment.
6d94cc6ca1b775335f58527ece6c12d74ec41bde,Alexander Korotkov,2024-01-08 20:00:20+02:00,Fix indentation in ExecParallelHashIncreaseNumBatches()
89b69db82adf742cadc36ee9a365cf47a632cdb0,Tom Lane,2024-01-08 11:48:44-05:00,Allow examine_simple_variable() to work on INSERT RETURNING Vars.
bea18b1c949145ba2ca79d4765dba3cc9494a480,Alexander Korotkov,2024-01-08 15:00:42+02:00,Strengthen tests for 5ef34a8fc3
9034a2d5123498104ef1e515c0b56d70d98d0ce2,Tom Lane,2024-01-07 15:19:50-05:00,Fix integer-overflow problem in intarray's g_int_decompress().
2a67b5a60ee68892bb028587ddc6de7650822480,Alexander Korotkov,2024-01-07 09:10:19+02:00,Fix oversized memory allocation in Parallel Hash Join
5ef34a8fc3899a306fbc907a762fee0ba3782462,Alexander Korotkov,2024-01-06 14:10:00+02:00,Fix the issue that SJE mistakenly omits qual clauses
43b46aae12b220b7eca8250c6c361083f35985a0,Tom Lane,2024-01-05 14:32:34-05:00,Clean up some edge cases in plpgsql's %TYPE parsing.
dbad1c53e92e364e2675f1246e443b95545d4070,Andrew Dunstan,2024-01-05 13:15:50+00:00,Add copyright notices to a few perl scripts that don't have them
9cd0d77dfcdf847cc42e0401d406c501b3baccbb,Michael Paquier,2024-01-05 20:08:34+09:00,Fix corruption of local buffer state during extend of temp relation
9391f71523b6e57f1194d9f6543bc7948c16411b,Tom Lane,2024-01-04 18:36:19-05:00,Teach estimate_array_length() to use statistics where available.
14dd0f27d7cd56ffae9ecdbe324965073d01a9ff,Nathan Bossart,2024-01-04 16:09:34-06:00,Add macros for looping through a List without a ListCell.
5e8674dc83926f52516f847f1a77e8d38e94e143,Tom Lane,2024-01-04 15:24:15-05:00,"In plpgsql, allow %TYPE and %ROWTYPE to be followed by array decoration."
5d06e99a3cfc23bbc217b4d78b8c070ad52f720e,Peter Eisentraut,2024-01-04 16:28:54+01:00,ALTER TABLE command to change generation expression
ae69c4fcf1337af399a788ab8d96af540bd1cd8e,David Rowley,2024-01-04 20:38:25+13:00,Fix use of incorrect TupleTableSlot in DISTINCT aggregates
007693f2a3ac2ac19affcb03ad43cdb36ccff5b5,Amit Kapila,2024-01-04 08:26:25+05:30,Track conflict_reason in pg_replication_slots.
29275b1d177096597675b5c6e7e7c9db2df8f4df,Bruce Momjian,2024-01-03 20:49:05-05:00,Update copyright for 2024
793ecff7df80c5ffe598e431a6c2aca1d4c64eff,Michael Paquier,2024-01-04 08:47:34+09:00,"doc: fix typo ""vertexes"" -> ""vertices"""
aaf09c5923b8123ff01421eb1263db64a629aed3,Tom Lane,2024-01-03 17:40:41-05:00,Avoid masking EOF (no-password-supplied) conditions in auth.c.
59fd390d5e8a7e169ff8f095882e32e189f3c5bd,Peter Eisentraut,2024-01-03 21:56:41+01:00,Second attempt at organizing jsonpath operators and methods
0958f8f6bf60639a1d22d78d5b49a6092b11833d,Peter Eisentraut,2024-01-03 21:02:49+01:00,"Revert ""Reorganise jsonpath operators and methods"""
76ba8a8b631454ad06b6d4dd186ef2a739f0f7ce,Tom Lane,2024-01-03 12:22:00-05:00,Doc: Python's control flow construct is try/except not try/catch.
dffde5bf16a590543a35bedffc936a33686651d4,Robert Haas,2024-01-03 09:59:46-05:00,Fix defects in PrepareForIncrementalBackup.
8ce5aef2e6337a5c1f6693c486c28310c2b35dfc,Peter Eisentraut,2024-01-03 13:16:55+01:00,Make Perl warnings fatal in newly added TAP tests
283a95da923605c1cc148155db2d865d0801b419,Peter Eisentraut,2024-01-03 11:25:33+01:00,Reorganise jsonpath operators and methods
c1b9e1e56d8c11a00869766a02de537d349586cd,Peter Eisentraut,2024-01-03 10:05:35+01:00,Add numeric_int8_opt_error() to optionally suppress errors
d4e66a39eb96ca514e3f49c85cf0b4b6f138854e,Peter Eisentraut,2024-01-03 08:50:37+01:00,Refactor: separate function to find all objects depending on a column
359a3c586d7f2fdcb7d919bcc8822993b47ada1c,Michael Paquier,2024-01-03 14:22:54+09:00,Fix some typos
4b66d7b4e0b3bb55c04fe9466b428c24d7cb0980,Michael Paquier,2024-01-03 10:28:05+09:00,Remove unnecessary PGDATABASE settings from TAP tests
ae6bc39317f59dff5eb549e77d3f7e330e9ba075,Tom Lane,2024-01-02 14:57:21-05:00,Minor fixes for search path cache code.
371b07e8944983261a0f73c3b52dbbf0fd076a96,Robert Haas,2024-01-02 13:17:23-05:00,Remove Lock suffix from WALSummarizerLock in wait_event_names.txt
5bc7b33b4e16d02fc21b493649939e438b071850,Robert Haas,2024-01-02 12:27:38-05:00,"jsonpath_exec: fix typo ""absense"" -> ""absence"""
ff09129bec28028c57eb263cbca2836f42c2256c,Robert Haas,2024-01-02 12:27:09-05:00,"libpq: fix typo ""occurences"" -> ""occurrences"" in tests"
e62e73f3a2f2af765a3c69486ed78a5bc451367e,Robert Haas,2024-01-02 12:24:28-05:00,"gist: fix typo ""split(t)ed"" -> ""split"""
591cf626e71b460c53bef23347b93a0cfbd91f0f,Robert Haas,2024-01-02 12:23:36-05:00,"tsquery: fix typo ""rewrited"" -> ""rewritten"""
0d9937d1185629a94bf43dd0768c8f4eb835c9f0,Robert Haas,2024-01-02 12:05:41-05:00,Fix typos in comments and in one isolation test.
5c430f9dc559ecd3bda8bebf4854f3f8d8bd86f3,Robert Haas,2024-01-02 10:31:49-05:00,Add WALSummarizerLock to wait_event_names.txt
141752bbb0308a40bdbef3ab0a2ba31162813412,Peter Eisentraut,2024-01-02 10:18:47+01:00,Fix typos in simplehash.h
a7928a57b9f00c14dd1e257aaad9bffb7f5c98c8,Alexander Korotkov,2024-01-02 09:48:50+02:00,Replace the relid in some missing fields during SJE
9a17be1e244a45a77de25ed2ada246fd34e4557d,Amit Kapila,2024-01-02 08:08:46+05:30,Allow upgrades to preserve the full subscription's state.
cea89c93a10216e54974764b40799ba7ceb6b920,Peter Eisentraut,2024-01-01 19:17:18+01:00,Turn AT_PASS_* macros into an enum
