hash,author,date,msg,year,info_density
9e283fc85d66f6e4d355c6996e863afb026866d4,Etsuro Fujita,2022-01-27 16:15:00+09:00,postgres_fdw: Fix handling of a pending asynchronous request in postgresReScanForeignScan().,2022,92
8c7146790811ac4eee23fab2226db14b636e1ac5,Etsuro Fujita,2022-11-04 19:15:00+09:00,Correct error message for row-level triggers with transition tables on partitioned tables.,2022,90
6c07f9ebce1579612c4ed9076159f9e942e50f9d,Etsuro Fujita,2022-01-21 17:45:00+09:00,postgres_fdw: Fix subabort cleanup of connections used in asynchronous execution.,2022,81
98f897339b011d04f3b9f48050aa31de9a5a4869,Andres Freund,2022-05-24 21:26:39-07:00,Fix stats_fetch_consistency default value indicated in postgresql.conf.sample.,2022,78
8a1ce5e54f6d144e4f8e19af7c767b026ee0c956,Andres Freund,2022-01-13 10:26:22-08:00,ci: windows: enable build summary to make it easier to spot warnings / errors.,2022,78
18b87b201f73a1ffb1a2cf941789610e0da6e621,Andres Freund,2022-01-13 18:13:41-08:00,Fix possible HOT corruption when RECENTLY_DEAD changes to DEAD while pruning.,2022,77
d3c0cc4447307a2ffbcff8274573b544294e583c,Michael Paquier,2022-12-26 08:00:55+09:00,Switch query fixing aclitems in ~15 from O(N^2) to O(N) in upgrade_adapt.sql,2022,76
157f8739ad18278ca946758b2f274a8109a0aa08,Michael Paquier,2022-06-06 11:05:59+09:00,Fix psql's single transaction mode on client-side errors with -c/-f switches,2022,76
16b1fe0037dc5a23dc7e2eb2ab62949800797b91,Amit Kapila,2022-10-20 08:49:48+05:30,Fix assertion failures while processing NEW_CID record in logical decoding.,2022,75
6af082723277eeca74f2da65e7759666bf7c7f9c,Robert Haas,2022-09-28 08:04:49-04:00,Fix InitializeRelfilenumberMap for 05d4cbf9b6ba708858984b01ca0fc56d59d4ec7c,2022,75
7863ee4def653f2c2193cb0b0cf4a8f0f3ca6c56,Michael Paquier,2022-05-09 08:39:59+09:00,Fix control file update done in restartpoints still running after promotion,2022,75
8f1537d10e83ad9c23ed2772cc28f74582b237ea,Andres Freund,2022-05-02 18:25:00-07:00,Fix possibility of self-deadlock in ResolveRecoveryConflictWithBufferPin().,2022,75
ecc84b916f8f36924e2b3de358045edfc3205e5a,Fujii Masao,2022-07-20 09:35:14+09:00,Add regression test for TRUNCATE on foreign table not supporting TRUNCATE.,2022,74
3ab9a63cb638a1fd99475668e2da9c237495aeda,Tom Lane,2022-05-13 11:40:08-04:00,"Rename JsonIsPredicate.value_type, fix JSON backend/nodes/ infrastructure.",2022,74
1a8b110539efe18803c1fa8aa452a2178dbad9a9,Michael Paquier,2022-04-18 13:41:40+09:00,Fix second race condition in 002_archiving.pl with archive_cleanup_command,2022,74
dbe29b0d2c96f34b3f3222c6fc1710fcff065f18,Andres Freund,2022-04-07 11:58:04-07:00,Fix test instability introduced in e349c95d3e9 due to async deduplication.,2022,74
7c38ef2a5d6cf6d8dc3834399d7a1c364d64ce64,Andres Freund,2022-02-21 08:57:34-08:00,Fix temporary object cleanup failing due to toast access without snapshot.,2022,74
5ecd0183fb6afa4a07aad71ea0e08c70f64a42a9,Michael Paquier,2022-01-29 10:47:36+09:00,Fix comments about bgworker registration before MaxBackends initialization,2022,74
5a97b1325453d641a795710a92b233c665b662b1,Amit Kapila,2022-06-15 09:52:12+05:30,Fix cache look-up failures while applying changes in logical replication.,2022,73
091a971bb59ca9751f32a4aa5aee969c5a915754,Michael Paquier,2022-03-29 09:06:51+09:00,Modify query on pg_hba_file_rules to check for errors in regression tests,2022,73
dc57366c583685c4b2901f2ba69943f596b974ec,Michael Paquier,2022-03-02 07:37:07+09:00,Fix check for PGHOST[ADDR] in pg_upgrade with Windows and temporary paths,2022,73
a008496300110d1b5ab7cb29b67ac043a6999bdb,Michael Paquier,2022-02-15 11:46:55+09:00,Fix thinko with subdirectories generated by pg_upgrade for internal files,2022,73
ff720a597c0a53a8fcdf2cf4e45248dc5c37f9ab,Tom Lane,2022-09-02 17:01:51-04:00,Fix planner to consider matches to boolean columns in extension indexes.,2022,72
27e0ee57f68d27af68967759a2ff61a581f501dc,Michael Paquier,2022-07-26 15:57:31+09:00,Fix path reference when parsing pg_ident.conf for pg_ident_file_mappings,2022,72
b9654cecea6a544ad4c42a6779df77c2a5c7cd43,Tom Lane,2022-07-21 13:56:02-04:00,Fix ruleutils issues with dropped cols in functions-returning-composite.,2022,72
adf6d5dfb2094cc2bb28b4dea0565dcd0e775ed9,Heikki Linnakangas,2022-06-27 08:21:08+03:00,Fix visibility check when XID is committed in CLOG but not in procarray.,2022,72
bf4717b0910763e81ffbf0358de06a88faee5132,Tom Lane,2022-06-07 15:34:30-04:00,Fix off-by-one loop termination condition in pg_stat_get_subscription().,2022,72
91c0570a791180aa3ff01d70eb16ed6c0d8283a3,Andres Freund,2022-03-27 22:35:42-07:00,"Don't fail for > 1 walsenders in 019_replslot_limit, add debug messages.",2022,72
4477dcb207c23f808737a5059157a085212f55e9,Michael Paquier,2022-03-16 12:29:39+09:00,pageinspect: Fix memory context allocation of page in brin_revmap_data(),2022,72
2776922201f751e3202a713b61d97fe4e44a8440,Andres Freund,2022-02-21 08:58:29-08:00,Assert in init_toast_snapshot() that some snapshot registered or active.,2022,72
353aa01687b5dd582debdfe63871498cd522cbbd,Fujii Masao,2022-01-07 15:31:56+09:00,postgres_fdw: Add regression test for postgres_fdw.application_name GUC.,2022,72
30d98e14a88930c6d9658525fd5e6722e70a02e6,Noah Misch,2022-11-12 11:19:50-08:00,"If wait_for_catchup fails under has_wal_read_bug, skip balance of test.",2022,71
b447d6075db8041b870ac526525f6873df222db4,Michael Paquier,2022-09-14 14:52:20+09:00,"Fix incorrect value for ""strategy"" with deflateParams() in walmethods.c",2022,71
d59383924c580a77a2346d9b1284c8589b3d43e2,Tom Lane,2022-08-04 14:16:26-04:00,Fix check_exclusion_or_unique_constraint for UNIQUE NULLS NOT DISTINCT.,2022,71
51dfaa0b010c1efba8a4137cfccd5fbb7f5d4afd,Tom Lane,2022-11-29 10:52:44-05:00,Remove bogus Assert and dead code in remove_useless_results_recurse().,2022,70
c68a1839902daeb42cf1ebc89edfdd91c00e5091,Michael Paquier,2022-10-17 11:40:14+09:00,Fix calculation related to temporary WAL segment name in basic_archive,2022,70
9320cfdd06e5975b7bf60ab4c3d03195bf3fb5ff,Etsuro Fujita,2022-09-14 18:45:00+09:00,postgres_fdw: Avoid 'variable not found in subplan target list' error.,2022,70
e6dbb48487faf47c1436d26064736a906f885a03,Tom Lane,2022-08-18 12:12:03-04:00,Fix subtly-incorrect matching of parent and child partitioned indexes.,2022,70
a3ff08e0b08dbfeb777ccfa8f13ebaa95d064c04,Michael Paquier,2022-06-15 11:24:52+09:00,Tweak behavior of psql --single-transaction depending on ON_ERROR_STOP,2022,70
afdeff10526e29e3fc63b18c08100458780489d9,Andres Freund,2022-02-22 18:02:34-08:00,Add temporary debug info to help debug 019_replslot_limit.pl failures.,2022,70
07daca53bfcad59618a9c6fad304e380cc9d2bc1,Michael Paquier,2022-02-19 14:58:51+09:00,Fix inconsistencies in SRF checks of pg_config() and string_to_table(),2022,70
f862d57057fdc73e663fe09d8948ed06b1b71dd7,Etsuro Fujita,2022-02-03 15:15:00+09:00,Further fix for EvalPlanQual with mix of local and foreign partitions.,2022,70
987db509ed35ad287c50a7eac381535830f03a29,Tom Lane,2022-01-05 18:18:44-05:00,"On second thought, remove regex.linux.utf8 regression test altogether.",2022,70
ccff2d20ed9622815df2a7deffce8a7b14830965,Tom Lane,2022-12-09 10:14:53-05:00,"Convert a few datatype input functions to use ""soft"" error reporting.",2022,69
8c954168cff4630ae94df649b458f4a3aad6d9a7,Andres Freund,2022-11-19 12:22:04-08:00,"Fix mislabeling of PROC_QUEUE->links as PGPROC, fixing UBSan on 32bit",2022,69
309857f9c1825d0591579579bdde2a8c8bd3e491,Tom Lane,2022-08-10 13:37:25-04:00,Fix handling of R/W expanded datums that are passed to SQL functions.,2022,69
ed57cac84d1c5642737dab1e4c4b8cb4f0c4305f,Jeff Davis,2022-04-30 09:05:32-07:00,pg_walinspect: fix case where flush LSN is in the middle of a record.,2022,69
9ca234bae79358a24de2a8dc1ec8024656ca66a4,Michael Paquier,2022-03-22 13:20:31+09:00,Fix failures in SSL tests caused by out-of-tree keys and certificates,2022,69
cd83cb953606b94966981056e79dbb6c48751055,Andres Freund,2022-02-25 10:30:05-08:00,pg_waldump: Fix error message for WAL files smaller than XLOG_BLCKSZ.,2022,69
7c1aead6cbe7dcc6c216715fed7a1fb60684c5dc,Andres Freund,2022-02-03 10:44:26-08:00,"Fix compiler warning in non-assert builds, introduced in f862d57057f.",2022,69
c89f409749c35bf18fab8e025a34645dd925390c,Andres Freund,2022-01-30 16:42:14-08:00,"plperl: windows: Use Perl_setlocale on 5.28+, fixing compile failure.",2022,69
237d1f317240b60b3fff698f4e9b184d1db83a6e,Michael Paquier,2022-01-21 14:54:04+09:00,Fix one-off bug causing missing commit timestamps for subtransactions,2022,69
4ace456776524839ef3279ab0bad8a2c9f6cc2a7,Tom Lane,2022-01-01 16:12:03-05:00,Fix index-only scan plans when not all index columns can be returned.,2022,69
3b9d2deb67a0d5ee681561fc0e07c2dca4e26e96,Tom Lane,2022-12-14 19:42:05-05:00,Convert a few more datatype input functions to report errors softly.,2022,68
90161dad4dd719f44255474f4471af916f2a28f0,Tom Lane,2022-12-14 18:03:11-05:00,Convert a few more datatype input functions to report errors softly.,2022,68
47f3f97fcdee28e3eb70cd2ebfd7b4899570b018,Tom Lane,2022-12-14 17:50:24-05:00,Convert a few more datatype input functions to report errors softly.,2022,68
17407a8eaa2afa8ac0de4b0a494f33d8eb7a98bd,Tom Lane,2022-12-14 13:22:08-05:00,Convert a few more datatype input functions to report errors softly.,2022,68
43746996399541ecb5c7b188725a5f097c15ceae,Robert Haas,2022-07-29 16:31:57-04:00,Fix brown paper bag bug in bbe08b8869bd29d587f24ef18eb45c7d4d14afca.,2022,68
6d157e7cb8d3f4aa28a9fef95c498ce8ac3c31a9,Tom Lane,2022-06-06 11:20:21-04:00,Don't fail on libpq-generated error reports in ecpg_raise_backend().,2022,68
4fb5c794e58613561f94ad5ea1197729be7791dc,Alvaro Herrera,2022-04-25 15:00:49+02:00,Cover brin/gin/gist/spgist ambuildempty routines in regression tests,2022,68
fe0972ee5e6f8a663c5cf3f24ef98987c503da95,Andres Freund,2022-02-25 17:04:39-08:00,Add further debug info to help debug 019_replslot_limit.pl failures.,2022,68
291ec6e45ebe1a87f930a250ad3c6672472b9b19,Tom Lane,2022-02-14 11:25:46-05:00,Suppress integer-overflow compiler warning for inconsistent sun_len.,2022,68
cc50080a828dd4791b43539f5a0f976e535d147c,Tom Lane,2022-02-08 15:30:38-05:00,Rearrange core regression tests to reduce cross-script dependencies.,2022,68
1f655fdc39352c813a83a0a0f1e932af9ef2b6de,Tom Lane,2022-01-21 15:36:27-05:00,Fix race condition in gettext() initialization in libpq and ecpglib.,2022,68
1939d26282b27b4b264c6930830a7991ed83917a,Tom Lane,2022-12-09 10:08:44-05:00,Add test scaffolding for soft error reporting from input functions.,2022,67
26ee7fb3684e5809d663f74847fb405f5a84d1af,Tom Lane,2022-11-02 11:30:04-04:00,pg_dump: fix failure to dump comments on constraints in some cases.,2022,67
f4857082bc16f36a5cdc6f8328cdc8071bb1715e,Tom Lane,2022-11-01 14:34:44-04:00,Fix planner failure with extended statistics on partitioned tables.,2022,67
63585b1ebd0d5ee66ff8f801202656d40ff9bb63,Michael Paquier,2022-10-13 08:53:42+09:00,doc: Fix description of replication command CREATE_REPLICATION_SLOT,2022,67
7f13ac812313666a2fbb8dacfbee67e78d2ba0bc,Amit Kapila,2022-08-11 10:09:24+05:30,Fix catalog lookup with the wrong snapshot during logical decoding.,2022,67
94da73281ed93c86d2f286996bcd61d8bfac4ffd,Tom Lane,2022-08-05 13:58:47-04:00,Fix non-bulletproof ScalarArrayOpExpr code for extended statistics.,2022,67
cc116479917b7768bef46d0d789093bd6b25f7cd,Tom Lane,2022-08-04 11:11:33-04:00,Add proper regression test for the recent SRFs-in-pathkeys problem.,2022,67
245e14e28b298e6ed00ea8d8c607b62387c9da92,Michael Paquier,2022-08-04 17:36:21+09:00,Fix inconsistent comments for some function declarations in headers,2022,67
44ccdce514c4b3b92c8aca744e9cf7be4580be0b,Fujii Masao,2022-07-22 11:59:38+09:00,postgres_fdw: Fix bug in checking of return value of PQsendQuery().,2022,67
d268d0f7a16e9e3c6de660b73543d875b8187def,Andres Freund,2022-07-18 14:53:02-07:00,ecpg: use our instead of my in parse.pl to fix perlcritic complaint,2022,67
b15f254466aefbabcbed001929f6e09db59fd158,Tom Lane,2022-02-28 11:31:30-05:00,Adjust interaction of libpq pipeline mode with errorMessage resets.,2022,67
1155d8b8d52ed8705fd8386eaa64fb05c04170c6,Andres Freund,2022-02-26 16:43:54-08:00,Fix use of wrong variable in pg_receivewal's get_destination_dir().,2022,67
d33aeefd9b7c8c76f584432717dc944505565e52,Andres Freund,2022-02-26 16:07:07-08:00,"Fix warning on mingw due to pid_t width, introduced in fe0972ee5e6.",2022,67
46208923446651a58c49115d17b4de6da4934c71,Heikki Linnakangas,2022-02-16 23:15:08+02:00,Fix bogus log message when starting from a cleanly shut down state.,2022,67
853c6400bf5defda139dc36387ce761398011799,Heikki Linnakangas,2022-02-16 01:37:48+02:00,"Fix race condition in 028_pitr_timelines.pl test, add note to docs.",2022,67
741bd3293389d451adb91190f84914a59142214f,Michael Paquier,2022-01-25 13:37:19+09:00,Improve errors related to incorrect TLI on checkpoint record replay,2022,67
9cb5518b7ff69ab3bbc422313c69d54696fe8472,Tom Lane,2022-01-11 12:03:06-05:00,Clean up error message reported after \password encryption failure.,2022,67
3022cb14339656be2afeee72150dcc5725838398,Michael Paquier,2022-12-23 11:26:49+09:00,Fix some incorrectness in upgrade_adapt.sql on query for WITH OIDS,2022,66
34fa0ddae5cf27dd93a5855b30083185d4bb5a5b,Tom Lane,2022-11-04 10:39:52-04:00,Fix CREATE DATABASE so we can pg_upgrade DBs with OIDs above 2^31.,2022,66
d57534740b7682c2816ce6c54318521787fcfacf,Tom Lane,2022-10-16 19:18:08-04:00,Fix EXPLAIN of SEARCH BREADTH FIRST with a constant initial value.,2022,66
d0366bfb3b211b26a997a4220757392a0c153d8d,Andres Freund,2022-10-01 12:39:12-07:00,meson: windows: Determine path to tmp_install + prefix using meson,2022,66
d1ce745db2d7db193c0be461db3cd34edd776dac,Tom Lane,2022-08-27 12:16:21-04:00,Doc: add comment about bug fixed in back branches as of 3f7323cbb.,2022,66
9a9f25e217428cdf4119ff08b77f9f5bd45f563c,Tom Lane,2022-08-08 14:43:35-04:00,Fix MSVC build script's check for obsolete node support functions.,2022,66
bfac42ea0284f4608d1c37477db14374f4ac9e87,Tom Lane,2022-07-31 12:29:44-04:00,Make new auto_explain test safe for log_error_verbosity = verbose.,2022,66
d8e34fa7a18fab4aa8eb010edac133d63ecc11c6,Tom Lane,2022-07-30 13:05:15-04:00,Fix incorrect is-this-the-topmost-join tests in parallel planning.,2022,66
80ad91ea8cfca6c817034423fc889876217c67af,David Rowley,2022-07-15 15:26:34+12:00,Fix inconsistent parameter names between prototype and declaration,2022,66
67b26703b4152a30a91208e28a4b72b3abda5832,Andres Freund,2022-07-05 11:25:08-07:00,expression eval: Fix EEOP_JSON_CONSTRUCTOR and EEOP_JSONEXPR size.,2022,66
26b3455afaa968fb48d0e468528d79de56624559,Amit Kapila,2022-06-21 08:07:43+05:30,Fix partition table's REPLICA IDENTITY checking on the subscriber.,2022,66
c90c16591c438e4146b1d4b9e4539f80b58845ba,David Rowley,2022-05-11 11:38:13+12:00,Fix some incorrect preprocessor tests in tuplesort specializations,2022,66
81ae9e65887476b4c55aaad276a8010a459a41ce,Andres Freund,2022-04-06 23:35:56-07:00,pgstat: prevent fix pgstat_reinit_entry() from zeroing out lwlock.,2022,66
9240589798e02705dbe3e86549d064988c0f47d2,Tom Lane,2022-03-04 13:23:58-05:00,Fix pg_regress to print the correct postmaster address on Windows.,2022,66
6aa5186146f15f8b78749b52caee1eabb3a1aa92,Tom Lane,2022-01-24 15:33:38-05:00,Fix limitations on what SQL commands can be issued to a walsender.,2022,66
f0cd57f852cb88a4252db175317ec4627ec1b1cd,Andres Freund,2022-11-28 11:43:31-08:00,meson: Fix binary mismatch for MSVC plperl vs gcc built perl libs,2022,65
4f981df8e0b7bc00d22ab0db65579589c9d4bb8c,Tom Lane,2022-11-09 12:28:34-05:00,Report a more useful error for reloptions on a partitioned table.,2022,65
a9f8ca6005f1441b4e28272f744fb01fbc14b29f,Noah Misch,2022-10-29 10:42:16-07:00,"Under has_wal_read_bug, skip recovery/t/032_relfilenode_reuse.pl.",2022,65
b8f2687fdc410371bbfa579ab7c4fd4b7a5ed1cb,Tom Lane,2022-10-11 18:24:14-04:00,Yet further fixes for multi-row VALUES lists for updatable views.,2022,65
2beae72746e6b762cb335ec4fff87e5407b3096c,Michael Paquier,2022-09-29 10:14:47+09:00,Map ERROR_INVALID_NAME to ENOENT in mapping table of win32error.c,2022,65
2e560b974ec7f7e8fe47e765e7c276422015ff3b,Michael Paquier,2022-09-28 09:58:44+09:00,Fix some comments of do_pg_backup_start() and do_pg_backup_stop(),2022,65
e07ebd4b6e606a7c03ed3c6bf5d6bcbb725247b4,Tom Lane,2022-08-13 15:21:28-04:00,Catch stack overflow when recursing in transformFromClauseItem().,2022,65
e33ae53ddec80c15d297a31713212c05ea7341db,Tom Lane,2022-08-05 15:00:03-04:00,Fix handling of bare boolean expressions in mcv_get_match_bitmap.,2022,65
c67c2e2a29392b85ba7c728d3ceed986808eeec3,Tom Lane,2022-08-02 18:05:38-04:00,Be more wary about 32-bit integer overflow in pg_stat_statements.,2022,65
7b64e4b3fa04769b725306a75bf3dd26e5a854fa,Andres Freund,2022-07-06 08:56:34-07:00,"pgstat: drop subscription stats without slot as well, fix comment",2022,65
94c7db4f1dc33f6e393c53cde48775449a593176,Tom Lane,2022-06-03 11:51:37-04:00,Doc: fix incorrect bit-reversal in example of macaddr formatting.,2022,65
d1436555f5ab33b1e4d458e9b2722e5eaf0548f6,Michael Paquier,2022-05-21 17:57:23+09:00,doc: Fix description of the JIT time fields in pg_stat_statements,2022,65
fe20afaee8aac7838ed6e4a76baa83e547629582,Tom Lane,2022-05-09 14:15:37-04:00,Fix core dump in transformValuesClause when there are no columns.,2022,65
e61efafcb82c605dcc78f668685223e20d2f7ad8,Michael Paquier,2022-04-18 11:39:50+09:00,Fix race in TAP test 002_archiving.pl when restoring history file,2022,65
ade2159bcdc18939d4e9b1773d12fe06cfcd201d,Michael Paquier,2022-03-19 17:28:50+09:00,Add regression tests for ALTER MATERIALIZED VIEW with tablespaces,2022,65
83a7637e2c5be27a0788b920501dde284b3fca33,Tom Lane,2022-02-20 15:02:41-05:00,Reset conn->errorReported when PQrequestCancel sets errorMessage.,2022,65
618c16707a6d6e8f5c83ede2092975e4670201ad,Tom Lane,2022-02-18 15:35:21-05:00,Rearrange libpq's error reporting to avoid duplicated error text.,2022,65
44129c04323e7252f9a4064278ab049966dc4499,Michael Paquier,2022-01-19 10:37:40+09:00,doc: Fix description of pg_replication_origin_oid() in error case,2022,65
858e776c84f48841e7e16fba7b690b76e54f3675,Tom Lane,2022-12-27 12:26:01-05:00,Convert the reg* input functions to report (most) errors softly.,2022,64
dea83493800563d9f78b68bf9717988dd272c7c9,Tom Lane,2022-11-03 12:02:14-04:00,Avoid crash after function syntax error in a replication worker.,2022,64
d8df67bb1ad9cb80963f3592be281656857a5efc,David Rowley,2022-10-06 10:19:36+13:00,Fix final compiler warning produced by -Wshadow=compatible-local,2022,64
661ee7bfc661a4ba52ed57cff46e414b2add75b1,Andres Freund,2022-09-21 17:16:34-07:00,ci: windows: set error mode to not include SEM_NOGPFAULTERRORBOX,2022,64
6f0dad88b2eff56e1ddada983f27427250b8a3c3,Michael Paquier,2022-09-20 19:28:37+09:00,doc: Fix parameter name for pg_create_logical_replication_slot(),2022,64
e5fc38ac303dd2427c0df5902f73a4c6e1fb48e4,Tom Lane,2022-08-05 12:46:44-04:00,Fix incorrect permissions-checking code for extended statistics.,2022,64
a8cca6026e992d9b627c7dbee5f8a50bde507a94,Peter Eisentraut,2022-05-30 07:26:06+02:00,logging: Also add the command prefix to detail and hint messages,2022,64
ce21a36cf837083cb41521aff035d9c1310f0f66,Robert Haas,2022-05-26 12:54:33-04:00,"In CREATE FOREIGN TABLE syntax synopsis, fix partitioning stuff.",2022,64
79b716cfb7a1be2a61ebb4418099db1258f35e30,Amit Kapila,2022-04-07 09:39:25+05:30,Reorder subskiplsn in pg_subscription to avoid alignment issues.,2022,64
f3dd9fe1dd9254680591aa8d9891b90b8d735b2a,Tom Lane,2022-03-31 14:29:48-04:00,Fix postgres_fdw to check shippability of sort clauses properly.,2022,64
c14a9eeec4797358922f8696d76716501b86c57d,Michael Paquier,2022-03-29 13:52:49+09:00,Avoid instabilities with the regression tests of pg_freespacemap,2022,64
412ad7a55639516f284cd0ef9757d6ae5c7abd43,Robert Haas,2022-03-24 14:52:28-04:00,Fix possible recovery trouble if TRUNCATE overlaps a checkpoint.,2022,64
7b6ec86532c2ca585d671239bba867fe380448ed,Tom Lane,2022-03-21 12:22:13-04:00,Fix risk of deadlock failure while dropping a partitioned index.,2022,64
068739fb4f345c8c922d72f2c8e15e9c0a75056d,Tom Lane,2022-03-18 16:01:42-04:00,Fix incorrect xmlschema output for types timetz and timestamptz.,2022,64
9ed87a78e0377728588e5c8688202195694581aa,Heikki Linnakangas,2022-02-16 12:01:32+02:00,Fix read beyond buffer bug introduced by the split xlog.c patch.,2022,64
da505eafca81bc81c34f729521a42a093408cb92,Robert Haas,2022-01-28 09:02:18-05:00,Fix mistakes in commit d45099425eb19e420433c9d81d354fe585f4dbd6.,2022,64
7a05425d96742acff5ebfacf307711385c88429b,Andrew Dunstan,2022-12-28 10:00:12-05:00,Convert contrib/ltree's input functions to report errors softly,2022,63
c60488b4748b4316f1c92d62457671046e5c8994,Tom Lane,2022-12-09 16:07:49-05:00,"Convert datetime input functions to use ""soft"" error reporting.",2022,63
2661469d862239ea8b9e3a1cf5352d833f6f0fec,Tom Lane,2022-12-09 13:30:47-05:00,Allow DateTimeParseError to handle bad-timezone error messages.,2022,63
ad6c52846f13e4e86daa247c1369ed85558830e7,Michael Paquier,2022-11-14 11:58:10+09:00,Add error context callback when tokenizing authentication files,2022,63
216f9c1ab3a4f333632ce576e1dc1e3643427eb8,Tom Lane,2022-09-25 17:10:58-04:00,Fix tupdesc lifespan bug with AfterTriggersTableData.storeslot.,2022,63
1aa8dad41ffad99923a658389ee948e88394491c,Tom Lane,2022-08-03 17:33:42-04:00,Fix incorrect tests for SRFs in relation_can_be_sorted_early().,2022,63
8d9f9634ef21ab0023e2bd98e799f5ad2eec4539,Tom Lane,2022-07-05 11:12:33-04:00,Fix errors in copyfuncs/equalfuncs support for JSON node types.,2022,63
492046fa9ed4a236d490f56bc5afcaa2f3b6ad6c,Tom Lane,2022-05-31 12:14:02-04:00,Doc: fix mention of pg_dump's minimum supported server version.,2022,63
a916cb9d5a89804998dd4e7fd7bbb27cb5a7abc8,Tom Lane,2022-05-21 13:13:44-04:00,"Avoid overflow hazard when clamping group counts to ""long int"".",2022,63
bd037dc928dd126e5623117b2fe7633ec3fa7c40,Tom Lane,2022-04-11 17:43:53-04:00,Make XLogRecGetBlockTag() throw error if there's no such block.,2022,63
fe594abf7c22d721de322c7fd55b5b6a844bcda5,Michael Paquier,2022-01-08 16:44:45+09:00,Fix issues with describe queries of extended statistics in psql,2022,63
332741e73980401895e027eb697bb472860036fb,Tom Lane,2022-12-14 16:10:20-05:00,Convert the geometric input functions to report errors softly.,2022,62
45f5c81ad2bc2cd4e6a4fa0ba13b34f5c6048d44,Robert Haas,2022-12-12 10:26:48-05:00,Fix failure to advance content pointer in sendFileWithContent.,2022,62
56b662523fd49f75abe89d5bad54d377b2f36c24,Michael Paquier,2022-10-13 09:31:57+09:00,Fix ordering issue with WAL operations in GIN fast insert path,2022,62
620ac285483fd78a54206a8b523a877ba8fd1e9b,Robert Haas,2022-08-29 10:13:47-04:00,docs: Fix up some out-of-date references to INHERIT/NOINHERIT.,2022,62
8b1ec7d2953273501c5cea8185b6358dc7709eb5,Michael Paquier,2022-08-01 16:38:23+09:00,Fix error reporting after ioctl() call with pg_upgrade --clone,2022,62
27d2693187d1bcf2563ee7142ba37d4788c8d52b,Tom Lane,2022-07-13 13:37:10-04:00,Avoid unsatisfied-external-reference errors in static inlines.,2022,62
f5bfba5413f51b4fa0a7b0dc879d39ae6881d8be,Robert Haas,2022-05-31 08:46:54-04:00,shm_mq_sendv: Fix flushing bug when receiver not yet attached.,2022,62
f6b6a8fb94f115c5197fbba0c004a262dc710134,Tom Lane,2022-05-29 13:25:21-04:00,Doc: fix missing/bogus documentation of range_intersect_agg().,2022,62
f95d53eded55ecbf037f6416ced6af29a2c3caca,Amit Kapila,2022-05-11 11:11:44+05:30,Fix the logical replication timeout during large transactions.,2022,62
ac8be0cb957811d04d7564f4d710ceb3e5f2fb9f,David Rowley,2022-04-14 09:16:05+12:00,Docs: fix some spelling mistakes and also do some wordsmithing,2022,62
16acf7f1aaea6c5efc0fa49182c16cd6bfd9f3d3,Andres Freund,2022-04-07 12:28:02-07:00,"pgstat: add tests for handling of restarts, including crashes.",2022,62
dad97e0502b4a5fc125c83e9092d9673f0e91805,Jeff Davis,2022-04-07 09:14:49-07:00,"Fix off-by-one error in pg_waldump, introduced in 5c279a6d350.",2022,62
e39f9904671082c5ad3a2c5acbdbd028fa93bf35,Tom Lane,2022-04-02 16:12:29-04:00,Fix overflow hazards in interval input and output conversions.,2022,62
5e26aa641e8a4fbd0a56f79119b0d8f62dbd4ddc,Tom Lane,2022-02-05 11:59:29-05:00,"Test, don't just Assert, that mergejoin's inputs are in order.",2022,62
410aa248e5a883fde4832999cc9b23c7ace0f2ff,Michael Paquier,2022-01-25 09:40:04+09:00,"Fix various typos, grammar and code style in comments and docs",2022,62
bb42bfb5ccb5f138a8b7ad3549cfb05c0cc5187b,Andres Freund,2022-01-13 18:14:05-08:00,Assert redirect pointers are sensible after heap_page_prune().,2022,62
54b1cb7eb784a66680ee18f84e2c4e86fad59e82,Tom Lane,2022-01-08 14:54:39-05:00,Fix results of index-only scans on btree_gist char(N) indexes.,2022,62
3b76622e04d8656fb44e7c932cb243e2d92fe40e,Andrew Dunstan,2022-12-28 10:00:12-05:00,Convert contrib/intarray's bqarr_in() to report errors softly,2022,61
720e0327bc98464b889801a65ae2358f86a0265a,Andrew Dunstan,2022-12-24 15:28:13-05:00,Convert contrib/isn's input functions to report errors softly,2022,61
b0feda79fdf02710a6039a324299525845a4a9d4,Tom Lane,2022-12-12 16:17:54-05:00,Fix jsonb subscripting to cope with toasted subscript values.,2022,61
edf12e7bbd0f5cf6b3c4f4d6b2dad8586b10dcc6,Jeff Davis,2022-12-01 11:49:15-08:00,Fix memory leak for hashing with nondeterministic collations.,2022,61
e2933a6e11791191050cd925d52d34e785eece77,Tom Lane,2022-11-21 10:50:50-05:00,Prevent instability in contrib/pageinspect's regression test.,2022,61
0e758ae89a20f233bb1c20a0f52ac7c81b2ef1b8,Tom Lane,2022-11-07 11:36:45-05:00,Fix failure to remove non-first segments of temporary tables.,2022,61
f71007fbb3b83fba21daae9144cc07e205f2365c,Thomas Munro,2022-10-25 16:19:05+13:00,Fix readlink() for non-PostgreSQL junction points on Windows.,2022,61
4667d97ca624b257f690e8d369b242b380f53a09,Robert Haas,2022-09-27 15:34:17-04:00,Fix typos in commit 05d4cbf9b6ba708858984b01ca0fc56d59d4ec7c.,2022,61
ffd1b6bb6f8a2ffc929699772610c6925364dbb3,Michael Paquier,2022-07-27 13:35:40+09:00,Add overflow protection for block-related data in WAL records,2022,61
2d7ead85267cc0a41ea4e94ee0ac144d5214d353,Robert Haas,2022-07-06 13:05:51-04:00,pg_stat_statements: Fix test that assumes wal_records = rows.,2022,61
19408aae7fa2bf28866fb262b27f08405e71152e,Andrew Dunstan,2022-06-12 09:17:17-04:00,Make subscription tests pass with log_error_verbosity=verbose,2022,61
701d918a426b394620ce4d046533f77262c70829,Robert Haas,2022-05-06 09:24:06-04:00,Fix misleading comments about background worker registration.,2022,61
c40ba5f318f96a6a5a29729b987ead11c5dc65c1,Tom Lane,2022-05-04 14:44:40-04:00,Fix rowcount estimate for SubqueryScan that's under a Gather.,2022,61
5cd1c40b3ce9600f129fd1fea9850e1affaf31d5,Andres Freund,2022-04-14 17:40:25-07:00,pgstat: set timestamps of fixed-numbered stats after a crash.,2022,61
aeebb8bf233e7f48a7a6eb6857e7b7c61ef0ef4c,Amit Kapila,2022-04-12 14:14:32+05:30,Fix grammatical errors and typos in logical replication docs.,2022,61
43e7787dd3387a7455fc4d9c353addb79a50ebe5,Andres Freund,2022-03-08 10:34:06-08:00,plpython: Restore alternative output for plpython_error test.,2022,61
db23464715f4792298c639153dda7bfd9ad9d602,Andres Freund,2022-03-07 18:20:51-08:00,plpython: Remove regression test infrastructure for Python 2.,2022,61
770011e3f39f21f2095d3a044b72460c4efac345,Andres Freund,2022-03-04 22:00:09-08:00,ci: windows: Work around cirrus-ci bug causing test failures.,2022,61
43c2175121c829c8591fc5117b725f1f22bfb670,Tom Lane,2022-01-13 17:49:46-05:00,Fix ruleutils.c's dumping of whole-row Vars in more contexts.,2022,61
878ce16056c087e2dcd7cc31cd7e4700f407a770,Andrew Dunstan,2022-12-23 09:17:24-05:00,Convert contrib/seg's input function to report errors softly,2022,60
935277b24172979e8244a5399906c358e4176b49,Tom Lane,2022-12-16 13:07:42-05:00,Fix inability to reference CYCLE column from inside its CTE.,2022,60
71cb84ec69a38444c48bd8d3b5451b2da157848b,Michael Paquier,2022-12-05 09:28:29+09:00,Add LSN location in some error messages related to WAL pages,2022,60
fe12f2f8fa608156c2d3c027cdd6aa9af0788e3a,Tom Lane,2022-12-04 13:17:18-05:00,Fix generate_partitionwise_join_paths() to tolerate failure.,2022,60
e76502871ee36932bbd4d684262d77c0e8aecf08,Michael Paquier,2022-11-02 11:56:06+09:00,doc: Fix some descriptions related to pg_ident_file_mappings,2022,60
163b0993a162ebae00fe5de8f593a5da28821a1b,Jeff Davis,2022-09-22 11:04:00-07:00,Fix race condition where heap_delete() fails to pin VM page.,2022,60
df4a056619a7e9868ec43a15e2088ff8ccf94471,Michael Paquier,2022-09-09 10:00:40+09:00,Add more error context to RestoreBlockImage() and consume it,2022,60
d2169c998553a6945fd51b8a1e5e9e1384283fdd,Amit Kapila,2022-08-29 08:10:10+05:30,Fix the incorrect assertion introduced in commit 7f13ac8123.,2022,60
af7d270dd3c7523dad023f5761f630daa7fb2730,David Rowley,2022-08-18 11:32:55+12:00,Fix hypothetical problem passing the wrong GROUP BY pathkeys,2022,60
b24b2be119c4cccceae838b62a3519a6d70b9476,Fujii Masao,2022-07-20 09:57:01+09:00,Fix assertion failure and segmentation fault in backup code.,2022,60
eb39610f82679e015dd990a3fbba1c62e399c32a,Tom Lane,2022-06-01 16:15:47-04:00,Fix pl/perl test case so it will still work under Perl 5.36.,2022,60
c03b7f52607f20e8b49e662927ba5810d49f3427,Tom Lane,2022-05-31 12:18:27-04:00,Doc: fix mention of psql's minimum supported server version.,2022,60
b5607b0746f40b3f5b38004c64ccc9697ee1e222,Tom Lane,2022-04-13 16:26:34-04:00,Fix case sensitivity in psql's tab completion for GUC names.,2022,60
8e053dc6dfbee4ae412e98ad73cfd4662d7453ac,Robert Haas,2022-03-30 15:53:08-04:00,Fix possible NULL-pointer-deference in backup_compression.c.,2022,60
54bd1e43ca56e323aef309dc2dc0e1391825ce68,Tom Lane,2022-02-28 15:36:54-05:00,Handle integer overflow in interval justification functions.,2022,60
7aa81c61ec8f68212570192f3088544dbfa43cb9,Michael Paquier,2022-12-30 20:47:57+09:00,Fix precision handling for some COERCE_SQL_SYNTAX functions,2022,59
1f0019de2fe374fa54fca277f36c2e754894db30,Thomas Munro,2022-12-23 20:24:41+13:00,Don't leak a signalfd when using latches in the postmaster.,2022,59
d35a1af468162f510b6139bf81a7a41fd8ba8500,Tom Lane,2022-12-15 12:18:36-05:00,Convert range_in and multirange_in to report errors softly.,2022,59
40b1491357a4a092ea054176944cf76e2fe3eff8,Amit Kapila,2022-12-02 10:52:58+05:30,Fix incorrect output from pgoutput when using column lists.,2022,59
1dd6700f44d2e14616d464a5f490552b7036ad3f,Tom Lane,2022-12-01 11:38:14-05:00,Fix under-parenthesized display of AT TIME ZONE constructs.,2022,59
385da7306c7fce210bd059ad97ebb3e19699e161,Peter Eisentraut,2022-11-24 09:04:50+01:00,doc: Fix description of how the default user name is chosen,2022,59
5db195f76f279a120edee448ad74d43578f56edd,Thomas Munro,2022-11-17 11:30:14+13:00,Fix slowdown in TAP tests due to recent walreceiver change.,2022,59
e848be60b5cf9a883765ea8e98c411e7fef0c1c6,Amit Kapila,2022-11-14 10:43:33+05:30,Fix cleanup lock acquisition in SPLIT_ALLOCATE_PAGE replay.,2022,59
8bf66dedd88673f94122c3f3337e7d58e561ef4f,Tom Lane,2022-10-18 10:44:34-04:00,Fix confusion about havingQual vs hasHavingQual in planner.,2022,59
b0526d271d16d54064666d30bbfa53d4f335c66d,John Naylor,2022-09-14 14:37:19+07:00,Fix failure to build gramparse.h standalone in vpath builds,2022,59
f0b013b0fc0a53de0ffe610b403125affb9c6094,Peter Eisentraut,2022-08-22 13:26:52+02:00,pg_upgrade: Fix thinko in database info acquisition routine,2022,59
53823a06be6f40d88d8e3ba45045ecee1a21fc5e,David Rowley,2022-08-05 10:14:00+12:00,Fix failure to set correct operator in window run condition,2022,59
8bb3ad462f8d53b67d2c4707e9dde6604a276bd9,Robert Haas,2022-07-26 15:12:09-04:00,Fix brain fade in e530be2c5ce77475d56ccf8f4e0c4872b666ad5f.,2022,59
a6434b951558baad8372dc4b83bf87606dac9cda,Michael Paquier,2022-07-11 12:47:52+09:00,Fix two portability issues with the tests of test_oat_hooks,2022,59
33bd4698c1174d24f6e53f965f6d64aeab3611f6,Michael Paquier,2022-07-01 09:37:17+09:00,Fix code comments still referring to pg_start/stop_backup(),2022,59
43a7dc96eb363f87286494223861301361ce766c,Andres Freund,2022-03-27 21:46:23-07:00,Fix NULL input behaviour of pg_stat_get_replication_slot().,2022,59
22eb12cfff3e842bb35427e1ec819d64daabd5a1,Amit Kapila,2022-02-25 07:51:21+05:30,Fix few values in pg_proc for pg_stat_get_replication_slot.,2022,59
278cdea6b9d2993d1a819fbb28262236a72f6d02,Andres Freund,2022-02-14 21:53:36-08:00,Add isolation test for errors during logical slot creation.,2022,59
8e2e0f75869e47b3a429b1251b00b3d6d5861028,Tom Lane,2022-01-29 11:41:18-05:00,Fix failure to validate the result of select_common_type().,2022,59
72a3ebf235b52fdb715214027026f66a0ad7da4d,Tom Lane,2022-01-05 17:31:54-05:00,Enable routine running of regex.linux.utf8 regression test.,2022,59
ccc59a83cd977608564a6f11ffcb2ec1773a9e94,Andrew Dunstan,2022-11-27 09:03:22-05:00,Fix binary mismatch for MSVC plperl vs gcc built perl libs,2022,58
4a79fd1a754edcc85f9b94f17a2fb4576becf0a3,Tom Lane,2022-10-03 15:07:17-04:00,Fix psql's behavior with \g for a multiple-command string.,2022,58
b7050e2584803a6abe71fb0b94a63b63e59cff9c,Tom Lane,2022-09-09 15:34:04-04:00,Fix possible omission of variable storage markers in ECPG.,2022,58
adb466150b44d1eaf43a2d22f58ff4c545a0ed3f,Thomas Munro,2022-09-08 21:44:55+12:00,Fix recovery_prefetch with low maintenance_io_concurrency.,2022,58
b998196bb59af02e985cfc93e1704773b5690fbf,Andrew Dunstan,2022-07-29 17:54:19-04:00,Fix new recovery test for log_error_verbosity=verbose case,2022,58
13d83881514856353dc86575eb0fc28132349a60,Tom Lane,2022-07-19 17:21:55-04:00,Fix missed corner cases for grantable permissions on GUCs.,2022,58
83f1c7b742e80d5aa15e6710ecb324e388d007b3,Tom Lane,2022-07-12 17:05:46-04:00,Fix ECPG's handling of type names that match SQL keywords.,2022,58
6ffff0fd225432fe2ae4bd5abb7ff6113e255418,Peter Eisentraut,2022-07-05 10:26:36+02:00,Fix pg_prepared_statements.result_types for DML statements,2022,58
51da231597a9e414174cf621b219559e18269dc3,Tom Lane,2022-06-06 11:26:57-04:00,Don't fail on libpq-generated error reports in pg_amcheck.,2022,58
6217053f4e856159442629bd50c583ce3e4bc1fb,Tom Lane,2022-05-26 12:25:10-04:00,Avoid ERRCODE_INTERNAL_ERROR in oracle_compat.c functions.,2022,58
eaa5ebe046c4f247d843bdfd36da4c28be9dbfab,Michael Paquier,2022-05-21 12:01:48+09:00,Improve and fix some issues in the TAP tests of pg_upgrade,2022,58
17ec5fa502d299b1919b1afacda839fb7d8206ad,Daniel Gustafsson,2022-05-06 14:41:31+02:00,Clear the OpenSSL error queue before cryptohash operations,2022,58
afb529e6772b4e2b065644a2204697eeaf6c9a96,Robert Haas,2022-04-04 10:36:23-04:00,pg_basebackup: Fix code that thinks about LZ4 buffer size.,2022,58
322becb6085cb92d3708635eea61b45776bf27b6,Michael Paquier,2022-04-01 10:13:50+09:00,Switch the regression tests of pg_upgrade to use TAP tests,2022,58
78212f21011449f0374831323655baa7c00f3680,Tom Lane,2022-12-27 12:00:31-05:00,Convert tsqueryin and tsvectorin to report errors softly.,2022,57
2259c661dc4ecd88ac22b5358248f47ca5a5d4fc,Michael Paquier,2022-12-27 12:16:24+09:00,Fix incorrect copy-pasto in error message of pg_waldump.c,2022,57
e37fe1db6ef930f657be28fe764f7e642b93464a,Andrew Dunstan,2022-12-24 15:21:20-05:00,Convert jsonpath's input function to report errors softly,2022,57
d02ef65bce6575e10ac0b4e7b8552ff67687c944,Tom Lane,2022-12-10 18:26:43-05:00,Standardize error reports in unimplemented I/O functions.,2022,57
0043aa6b8597809b19c420cb5e635b4d832adccc,Tom Lane,2022-10-31 19:52:33-04:00,Add basic regression tests for semi/antijoin recognition.,2022,57
614a406b4ff1b6f0f84b89fb56dca5175978177d,Alvaro Herrera,2022-10-07 19:37:48+02:00,Fix self-referencing foreign keys with partitioned tables,2022,57
692df425b6883dd3edcc15bb984415ef349fafb1,Tom Lane,2022-08-06 11:50:34-04:00,Fix data-corruption hazard in WAL-logged CREATE DATABASE.,2022,57
fa06a34d14ea053e1e405a6ab2a1c3f1631c3a5e,Peter Eisentraut,2022-06-27 09:09:29+02:00,pg_upgrade: Fix version comparison for global ICU support,2022,57
75bfe7434d415fcd7e879a187f9e8dfcd3e0b017,Amit Kapila,2022-06-21 15:39:35+05:30,Fix stale values in partition map entries on subscribers.,2022,57
53ef6c40f1e7ff6c9ad9a221cd9999dd147ec3a2,Tom Lane,2022-03-31 17:05:47-04:00,Expose a few more PL/pgSQL functions to debugger plugins.,2022,57
bf902c13930c268388644100663f2998868b6e85,Alvaro Herrera,2022-03-29 15:36:21+02:00,"Revert ""Fix replay of create database records on standby""",2022,57
0fb6954aa5012fc0c41af364fb328f90e648f6b7,Tom Lane,2022-03-27 12:57:46-04:00,Fix breakage of get_ps_display() in the PS_USE_NONE case.,2022,57
ce95c543763b6fade641a67fa0c70649d8527243,Tom Lane,2022-03-24 16:33:13-04:00,Fix pg_statio_all_tables view for multiple TOAST indexes.,2022,57
9d92582abf918215d27659d45a4c9e78bda50aff,Alvaro Herrera,2022-03-23 18:22:10+01:00,"Fix ""missing continuation record"" after standby promotion",2022,57
6bdf1a1400d3fb8c87e020be943942dcab7e75e2,Michael Paquier,2022-03-15 11:29:35+09:00,Fix collection of typos in the code and the documentation,2022,57
a5434c52586f37db7f538d3dcc8aa6dd62dfe61e,Tom Lane,2022-12-27 13:06:42-05:00,Remove new locale dependency in regproc regression test.,2022,56
50428a301d5ad46316cac2192f2ca8d91898aa3c,Tom Lane,2022-12-11 10:39:05-05:00,Change JsonSemAction to allow non-throw error reporting.,2022,56
e76913802c5347831aadc1513b59196bde6ec116,Tom Lane,2022-12-04 13:48:12-05:00,Fix broken MemoizePath support in reparameterize_path().,2022,56
a4adc31f6902f6fc29d74868e8969412fc590da9,Andres Freund,2022-11-20 11:56:32-08:00,lwlock: Fix quadratic behavior with very long wait lists,2022,56
b158e0b1b1bfd2dfce6d66d67dba3c94449f9cac,Tom Lane,2022-11-10 17:24:26-05:00,Fix alter_table.sql test case to test what it claims to.,2022,56
1f0c4fa255253d223447c2383ad2b384a6f05854,Robert Haas,2022-10-21 08:21:55-04:00,pg_basebackup: Fix cross-platform tablespace relocation.,2022,56
cd4e8caaa0eb5c3d3b12a45b29035e7a4bdfa4a8,David Rowley,2022-10-07 13:13:27+13:00,Fix final warnings produced by -Wshadow=compatible-local,2022,56
55b4966365fa76bda275c409f3aefad43243f12c,David Rowley,2022-09-20 10:03:26+12:00,Fix misleading comment for get_cheapest_group_keys_order,2022,56
8b26769bc441fffa8aad31dddc484c2f4043d2c9,David Rowley,2022-09-06 13:19:44+12:00,Fix an assortment of improper usages of string functions,2022,56
1c1294be716d96e804aadafc249fcbfa8367621d,Tom Lane,2022-08-31 16:23:35-04:00,Prevent long-term memory leakage in autovacuum launcher.,2022,56
ec0925c22a3da7199650c9903a03a0017705ed5c,Alvaro Herrera,2022-08-05 09:47:26+02:00,Fix ENABLE/DISABLE TRIGGER to handle recursion correctly,2022,56
6a1f082abac9da756d473e16238a906ca5a592dc,Tom Lane,2022-07-30 16:22:24-04:00,Improve regression test coverage of GiST index building.,2022,56
be39d88934331c47c43d8c51500305e928f06240,Tom Lane,2022-07-30 15:33:44-04:00,Add regression test coverage for contrib/pg_buffercache.,2022,56
80d690721973f6a031143a24a34b78a0225101a2,Robert Haas,2022-07-29 11:20:07-04:00,Fix mistake in bbe08b8869bd29d587f24ef18eb45c7d4d14afca.,2022,56
171ab95f64493f30dccf34bb1cafaa7b4957cd4e,Michael Paquier,2022-07-21 10:41:33+09:00,Fix various memory leaks in psql's describe commands \d*,2022,56
09878cdd489ff7aca761998e7cb104f4fd98ae02,Tom Lane,2022-07-05 13:06:31-04:00,Fix pg_upgrade to detect non-upgradable anyarray usages.,2022,56
8ba3cb2f1863e3243aa40d73633bd88f774f74ce,Peter Eisentraut,2022-07-04 08:06:05+02:00,Fix for change timeline field of IDENTIFY_SYSTEM to int8,2022,56
b7658c24c7c1ffad131a7fdf67ce7fc008be1177,Amit Kapila,2022-06-16 08:45:07+05:30,Fix data inconsistency between publisher and subscriber.,2022,56
ad76c9708bd1a333c28e7be2178e34b745fb23d1,Noah Misch,2022-05-07 00:33:15-07:00,"Under has_wal_read_bug, skip contrib/bloom/t/001_wal.pl.",2022,56
7307988abdff6c948d87e6d9dc9aaaa1f4c5283f,Michael Paquier,2022-05-02 20:16:19+09:00,basebackup_to_shell: Add missing MarkGUCPrefixReserved(),2022,56
9f4f0a0dad4c7422a97d94e4051c08ec6d181dd6,Tom Lane,2022-04-16 16:04:50-04:00,Fix incorrect logic in HaveRegisteredOrActiveSnapshot().,2022,56
b0e5f02ddc836499bdcf093df52e4c342dda5891,David Rowley,2022-04-11 20:49:41+12:00,Fix various typos and spelling mistakes in code comments,2022,56
cb02fcb4c95bae08adaca1202c2081cfc81a28b5,Tom Lane,2022-03-21 14:58:49-04:00,Fix bogus dependency handling for GENERATED expressions.,2022,56
dc084d7c730c93541a386851de9c62bd0e9a0c92,Michael Paquier,2022-01-29 10:22:42+09:00,Fix incorrect memory context switch in COPY TO execution,2022,56
dabf63bc9a5b71f61c2c8712c85d33fdc06efa8c,Robert Haas,2022-01-27 11:05:48-05:00,pg_basebackup: Fix a couple of recently-introduced bugs.,2022,56
fccaf259f22f4aedc02033516c561ca86903077d,Tom Lane,2022-11-16 12:35:25-05:00,Shave some cycles off subscription/t/100_bugs.pl tests.,2022,55
39b8c293fcde1d845da4d7127a25d41df53faab5,David Rowley,2022-10-14 14:32:00+13:00,Fix incorrect comment regarding command completion tags,2022,55
e9123197c844a3a7fe20d723477fcdbef5b89f93,Michael Paquier,2022-09-20 18:13:00+09:00,Fix incorrect variable types for origin IDs in decode.c,2022,55
f819020d400f1dbd96ee1a9fd44a1f6f44932b4d,Tom Lane,2022-04-23 12:16:12-04:00,Fix incautious CTE matching in rewriteSearchAndCycle().,2022,55
99c754129d787ea4ce3b34b9f4c5f5e74c45ab6a,David Rowley,2022-04-22 16:02:15+12:00,Fix performance regression in tuplesort specializations,2022,55
708007dced2b05ed9b4f1963e91b2eb67413bd19,Peter Eisentraut,2022-04-08 07:41:55+02:00,Remove error message hints mentioning configure options,2022,55
2e517818f4af4abe93bf56442469944544f10d4b,Tom Lane,2022-02-28 12:45:36-05:00,Fix SPI's handling of errors during transaction commit.,2022,55
e1f860f13459e186479319aa9f65ef184277805f,Robert Haas,2022-01-25 14:59:37-05:00,Tidy up a few cosmetic issues related to pg_basebackup.,2022,55
701c881f782b93ee29587112390bd3bfe035e78d,Tom Lane,2022-12-21 17:51:50-05:00,Fix contrib/seg to be more wary of long input numbers.,2022,54
2fe4c7384f469e077928cd40fa1da4bd05598f1f,Peter Eisentraut,2022-11-03 12:04:22-04:00,Make AssertPointerAlignment available to frontend code,2022,54
80a05679d5a400b8f995740c175f8bdb060bb05c,Tom Lane,2022-09-29 17:28:09-04:00,"Fix bogus behavior of PQsslAttribute(conn, ""library"").",2022,54
ca899d98b4aa50d80df9232c5c6ea9e4038cdf48,Michael Paquier,2022-06-08 11:24:06+09:00,Fix portability issue in TAP tests of psql for locales,2022,54
e37ad5fa4df2319e26a7e779607130feae1a5029,Tom Lane,2022-04-05 20:44:01-04:00,Remove race condition in 022_crash_temp_files.pl test.,2022,54
2d655a08d532feed356222a8b1e427561dc7a883,Alvaro Herrera,2022-03-20 22:10:24+01:00,Blind fix for uninitialized memory bug in ba9a7e392171,2022,54
f6f0db4d62400ff88f523dcc4d7e25f9506bc0d8,Michael Paquier,2022-03-17 11:25:02+09:00,Fix pg_tablespace_location() with in-place tablespaces,2022,54
4b160492b9b8345747dfcad468eb89e9ccc0a876,Tom Lane,2022-01-03 14:05:03-05:00,Clean up error messages related to bad datetime units.,2022,54
c60c9badba9b4db3155eef081ae0b923f983168c,Tom Lane,2022-12-11 11:28:15-05:00,Convert json_in and jsonb_in to report errors softly.,2022,53
ffbb7e65a873e8f1584d2e593416fbe3adc130b6,Etsuro Fujita,2022-11-25 17:45:00+09:00,Fix handling of pending inserts in nodeModifyTable.c.,2022,53
14a737bfdbe4f2328d7f333b207f52f9ed4ee722,Michael Paquier,2022-10-24 13:56:34+09:00,Fix and improve TAP tests for pg_hba.conf and regexps,2022,53
1360943d1ac03240fc719a459aed4ad4f9f9b5d4,Andres Freund,2022-10-01 12:41:37-07:00,meson: Add prefix=/usr/local/pgsql to default_options,2022,53
16d69ec29b1199831c74504845f5d6117dbfc738,David Rowley,2022-09-06 15:51:44+12:00,Remove buggy and dead code from CreateTriggerFiringOn,2022,53
4ddfbd2a8ea9b41ced0cad1d984c833085f8ce91,Tom Lane,2022-07-31 13:43:17-04:00,Fix trim_array() for zero-dimensional array argument.,2022,53
f49a9fc2bb1228e98cf4fe217e661f3d1dd2ca8c,Tom Lane,2022-07-17 17:43:28-04:00,"Fix omissions in support for the ""regcollation"" type.",2022,53
ac0e2d387a044faed310cbfe2fae78ecb0f6a4b6,Amit Kapila,2022-06-23 09:23:46+05:30,Fix memory leak due to LogicalRepRelMapEntry.attrmap.,2022,53
6e647ef0e750bc5007e4af48b19023d68ae91b6a,John Naylor,2022-05-23 13:11:43+07:00,Remove debug messages from tuplesort_sort_memtuples(),2022,53
12e423e21d8ef47d95a099c12f625f6d191eaf92,Alvaro Herrera,2022-05-18 21:20:49+02:00,Fix EXPLAIN MERGE output when no tuples are processed,2022,53
93759c665d482b5bf76ca22c9cac91e713e9386e,Thomas Munro,2022-05-14 11:58:10+12:00,Fix slow animal timeouts in 032_relfilenode_reuse.pl.,2022,53
c835dcdab622813bb1ccd130458065089f2ccacd,Andrew Dunstan,2022-04-10 09:19:21-04:00,Fix pgperlsyncheck following SSL TAP test refactoring,2022,53
cc58eecc5d75a9329a6d49a25a6499aea7ee6fd6,Thomas Munro,2022-04-04 10:52:02+12:00,Fix tuplesort optimization for CLUSTER-on-expression.,2022,53
695f459f1713303ba33b76eeb866c6501dff6380,Amit Kapila,2022-03-15 08:11:17+05:30,Fix compiler warning introduced in commit 705e20f855.,2022,53
0071fc71277e51723eeb4856eeeb5d25600a429a,Michael Paquier,2022-03-11 10:59:47+09:00,Fix header inclusion order in xloginsert.c with lz4.h,2022,53
2cfde3c2371860aa6c05f84c3fbec9c400ab6b1a,Peter Eisentraut,2022-03-09 12:12:20+01:00,Fix double declaration for check_ok() in pg_upgrade.h,2022,53
6c46e8a5dfc9f49e673d76fc6ae097b81d7740ef,Heikki Linnakangas,2022-02-24 16:15:12+02:00,Fix data loss on crash after sorted GiST index build.,2022,53
cfb4e209ec15d4a0c44efa98b2788be806a43a92,Amit Kapila,2022-02-24 08:54:39+05:30,Fix one of the tests introduced in commit 52e4f0cd47.,2022,53
fbabdf8f9a55894f7cd8f0fa86c9a4ef55576296,Andres Freund,2022-02-20 13:51:36-08:00,Fix meaning-changing typo introduced in fa0e03c15a9f.,2022,53
1f6e0ce3beb45f23e4774148bd654d915be8d611,Andres Freund,2022-02-15 13:52:40-08:00,docs: Work around bug in the docbook xsl stylesheets.,2022,53
f3feff825940972c0dcf1173f0a6a4ff43f8d382,Andres Freund,2022-02-02 18:33:25-08:00,windows: Improve crash / assert / exception handling.,2022,53
c4939f121563f300b98b30837151753fc8255554,Tom Lane,2022-12-16 11:10:40-05:00,Clean up dubious error handling in wellformed_xml().,2022,52
a8583272218ab6e97c7bdeb8a960d8d4de329b7e,David Rowley,2022-12-07 00:09:36+13:00,Fix 32-bit build dangling pointer issue in WindowAgg,2022,52
ab810062991295f63612a997e872232a6f1a3ef6,Daniel Gustafsson,2022-12-02 11:31:54+01:00,doc: fix type alignment for CREATE TABLE in triggers,2022,52
3efc82e28951c6eee24aead056b8478cb424af2e,Tom Lane,2022-11-19 13:42:53-05:00,Disable debug_discard_caches in test_oat_hooks test.,2022,52
4517358ee78213cd2ca18270ab4d32cd69b0b19d,Thomas Munro,2022-10-25 16:19:05+13:00,Fix stat() for recursive junction points on Windows.,2022,52
d811ce6ea343fa8a0b6b9cd7e9cddcbdaa27962b,Andres Freund,2022-09-23 13:00:55-07:00,pgstat: Fix transactional stats dropping for indexes,2022,52
32914d900f90f7f5238a3856e67f6bc5bf05e1d9,Andres Freund,2022-09-16 11:28:20-07:00,Fix race condition in stats.sql added in 5264add7847,2022,52
d9fbb8862959912c5266364059c0abeda0c93bbf,Jeff Davis,2022-08-18 14:23:30-07:00,Use correct LSN for error reporting in pg_walinspect,2022,52
50e4c280f0661f3ef837d2c3beb5fcc100202324,Michael Paquier,2022-07-13 11:29:02+09:00,createuser: Cleanup and fix internal option ordering,2022,52
3f8148c256e067dc2e8929ed174671ba7dc3339c,Andres Freund,2022-07-05 11:01:10-07:00,Revert 019_replslot_limit.pl related debugging aids.,2022,52
4e85b97304a74f5f0fc82136b95f0d5a67b7fd53,Peter Eisentraut,2022-07-04 07:31:54+02:00,Fix attlen in RowDescription of BASE_BACKUP response,2022,52
89a39d4a4da01b13dddcbcf9bcdac2205c9b1279,Andrew Dunstan,2022-07-03 17:08:25-04:00,Remove %error-verbose directive from jsonpath parser,2022,52
7fdbdf204920ac279f280d0a8e96946fdaf41aef,Andres Freund,2022-05-22 15:25:13-07:00,pgstat: fix stats.spec instability on slow machines.,2022,52
1e731ed12aac3f2ed99cf13244f5a1571a6eb6e6,David Rowley,2022-05-16 16:07:56+12:00,Fix incorrect row estimates used for Memoize costing,2022,52
9e6b7b45ca92cccd6b870fa4e0a98059a86ce79d,Andres Freund,2022-05-04 12:50:38-07:00,Fix timing issue in deadlock recovery conflict test.,2022,52
957aa4d87a419d18710283cf4f53ba7d3ead6bbe,Jeff Davis,2022-04-07 08:40:54-07:00,Fix another buildfarm issue from commit 5c279a6d350.,2022,52
ddee016b342cddcfb97325afac0a65c502932e5f,Andrew Dunstan,2022-03-31 08:34:39-04:00,Fix comment typo in PotsgreSQL::Test::Cluster module,2022,52
076f4d9539e9687d68ada32353c0c16d9bfa3cfb,Michael Paquier,2022-03-16 11:19:39+09:00,pageinspect: Fix handling of page sizes and AM types,2022,52
b779d7d8fdae088d70da5ed9fcd8205035676df3,Tomas Vondra,2022-02-12 23:50:42+01:00,Fix skip-empty-xacts with sequences in test_decoding,2022,52
2dbb7b9b2279d064f66ce9008869fd0e2b794534,Magnus Hagander,2022-01-26 09:58:59+01:00,Fix pg_hba_file_rules for authentication method cert,2022,52
0f47e833bf6d96c1a2c5173c8e0f6c6cc30f9592,Robert Haas,2022-01-19 08:12:08-05:00,Fix alignment problem with bbsink_copystream buffer.,2022,52
9007d4ea774edd815efeb0e0ef954127841beb2f,Tom Lane,2022-01-17 21:19:02-05:00,Fix psql \d's query for identifying parent triggers.,2022,52
b6bd5def3a6382995634d33f46d20e191a475914,Tom Lane,2022-12-02 15:09:51-05:00,Add some error cross-checks to gen_node_support.pl.,2022,51
cabfb8241dea84206b90578a769e9cbd813ba477,Tom Lane,2022-12-02 14:24:44-05:00,Fix psql's \sf and \ef for new-style SQL functions.,2022,51
16492df70bb25bc99ca3c340a75ba84ca64171b8,John Naylor,2022-09-15 10:53:48+07:00,Blind attempt to fix LLVM dependency in the backend,2022,51
8c848cd4b8e9e0fee33eaad33cb44376b9e5b480,Alvaro Herrera,2022-09-09 12:22:20+02:00,Fix GetForeignKey*Triggers for self-referential FKs,2022,51
66af5eea31e06fac288274cc056357cebbbbefe3,Jeff Davis,2022-08-25 10:26:31-07:00,Fix doc oversight for custom WAL resource managers.,2022,51
0d5bd3a6cc3e4cd2fb44e2714e52a684cc7bbc25,Amit Kapila,2022-08-16 15:25:41+05:30,Fix replica identity check for a partitioned table.,2022,51
43470717c47092194832b90737dc74ec6ab9ef33,Jeff Davis,2022-07-02 11:29:55-07:00,Emit debug message when executing extension script.,2022,51
e243de03fb4583dd4a9f0afb41493727d7946c02,Robert Haas,2022-06-22 13:11:49-04:00,amcheck: Fix incorrect use of VARATT_IS_COMPRESSED.,2022,51
7dd3ee508432730d15c5d3032f37362f6b6e4dd8,Michael Paquier,2022-05-10 11:31:31+09:00,Fix several issues with the TAP tests of pg_upgrade,2022,51
e2f65f42555ff531c6d7c8f151526b4ef7c016f8,Thomas Munro,2022-05-07 16:47:29+12:00,Fix old-fd issues using global barriers everywhere.,2022,51
5a892c9b154f513a42c4a42cdfdae524ce33c86a,Peter Eisentraut,2022-04-16 09:05:07+02:00,Fix some trailing whitespace in documentation files,2022,51
9debd123483b970a53ba0e3de51c6234f3044df0,Peter Geoghegan,2022-04-11 14:20:46-07:00,Remove comment about historic heap vacuuming issue.,2022,51
a1bc4d3590b1f620485c3ec5290dc628e62476f8,Michael Paquier,2022-03-24 09:36:30+09:00,Add some basic regression tests for pg_freespacemap,2022,51
591767150f5f91ccc3614e71977c47ce7a68786b,Robert Haas,2022-03-23 13:25:26-04:00,pg_basebackup: Try to fix some failures on Windows.,2022,51
46d9bfb0a68f7b145199711d2fb5d37561c4a130,Thomas Munro,2022-03-16 17:20:24+13:00,Fix race between DROP TABLESPACE and checkpointing.,2022,51
87f29f4fcc4e53fe0331e338437edda1f1927530,Michael Paquier,2022-01-13 09:43:36+09:00,Fix incorrect comments in hmac.c and hmac_openssl.c,2022,51
fb0745fa0d706d1519d6e55e93d1dcae27e12e4d,Michael Paquier,2022-01-07 16:05:31+09:00,Fix comment in fe-connect.c about PQping and pg_ctl,2022,51
d2a4490401f2ddc878134a1fd75ef4482e403e47,Michael Paquier,2022-11-30 14:46:43+09:00,Add regression tests for psql's \o and \g on files,2022,50
e109e43921d21d069c03f18d7c9d8f4e5cb6a0c3,Thomas Munro,2022-10-25 16:26:58+13:00,Fix unlink() for STATUS_DELETE_PENDING on Windows.,2022,50
387803d81d6256fcb60b9192bb5b00042442b4e3,Thomas Munro,2022-10-25 16:19:01+13:00,Fix lstat() for broken junction points on Windows.,2022,50
42d01f59c741038626d819046f4abf494c338c12,David Rowley,2022-10-21 09:29:08+13:00,Doc: fix outdated wording about parallel seq scans,2022,50
9a95a510adf37fa73076647ac13286c8100dd1aa,Andres Freund,2022-10-15 17:02:32-07:00,"meson: macos: Use -Wl,-undefined,error for modules",2022,50
0324651573479f4e782f76c0d06f2ebd02e6160a,Amit Kapila,2022-09-08 09:47:43+05:30,Fix the test case introduced by commit 8756930190.,2022,50
73b9d051c6076cf1cf1b90af505c8b379147c8b1,John Naylor,2022-09-04 09:23:57+07:00,Fix sign-compare warnings arising from port/simd.h,2022,50
f4c32cdd1cc3e759d8e300664ec553a16bcb6c37,Tatsuo Ishii,2022-08-16 09:20:14+09:00,doc: fix wrong tag used in create sequence manual.,2022,50
9d3444dcce4d62716edec9c58c1b40be42185e7b,Thomas Munro,2022-07-22 16:57:12+12:00,Fix get_dirent_type() for Windows junction points.,2022,50
4ca9985957881c223b4802d309c0bbbcf8acd1c1,Michael Paquier,2022-07-14 08:32:18+09:00,Fix output of createuser --help with --valid-until,2022,50
e2bc242833da27cd73c279bebfb321a65384808f,Noah Misch,2022-07-02 21:03:19-07:00,Fix previous commit's ecpg_clocale for ppc Darwin.,2022,50
1f50918a6fb02207d151e7cb4aae4c36de9d827c,Amit Kapila,2022-06-24 09:21:24+05:30,Fix intermetent test failure in 028_row_filter.pl.,2022,50
fc36ac52ebd3b0c879877c424f94318728b25935,Heikki Linnakangas,2022-05-29 23:54:25+03:00,Fix COPY FROM when database encoding is SQL_ASCII.,2022,50
92e7a537520927107742af654619e55f34072942,Tom Lane,2022-04-21 17:58:52-04:00,Remove inadequate assertion check in CTE inlining.,2022,50
8ab0ebb9a842dc6063d1374a38b47a3b7ee64afe,Peter Geoghegan,2022-04-20 17:17:43-07:00,Fix CLUSTER tuplesorts on abbreviated expressions.,2022,50
01effb130420ba06b3fb441274415bd07c8a87b0,Peter Eisentraut,2022-04-06 09:15:05+02:00,Fix unsigned output format in SLRU error reporting,2022,50
264d284929e0d5a419821f94f16f766b5497c87a,Andres Freund,2022-03-27 18:13:50-07:00,waldump: fix use-after-free in search_directory().,2022,50
2591ee8ec44d8cbc8e1226550337a64c684746e4,Tom Lane,2022-03-21 17:44:29-04:00,Fix assorted missing logic for GroupingFunc nodes.,2022,50
f192e1bdf3b247167207ae42f6bef81a7ce5e93b,Tomas Vondra,2022-01-27 20:13:55+01:00,Fix ordering of XIDs in ProcArrayApplyRecoveryInfo,2022,50
9ef2c655558bb1ec20c4f87850d9322420e35acb,Tom Lane,2022-01-10 11:46:16-05:00,Doc: fix bogus example about ambiguous timestamps.,2022,50
d9f7f5d32f201bec61fef8104aafcb77cecb4dcb,Tom Lane,2022-12-09 09:58:38-05:00,"Create infrastructure for ""soft"" error reporting.",2022,49
533e02e927c6e7fcc1a7b3121093d8f05b728279,Tom Lane,2022-11-12 13:29:52-05:00,Fix volatility marking of timestamptz_trunc_zone.,2022,49
f186c7c88522c2c25b31566b4a5e00749ca7820c,Michael Paquier,2022-10-25 09:29:21+09:00,doc: Fix type of cursor_position in jsonlog table,2022,49
78a9af1a27641ad983354bbaaaa4b7c00ea390f6,David Rowley,2022-09-20 09:13:49+12:00,Fix out-dated comment in preprocess_groupclause(),2022,49
8b808f189fb1f62a6830e5c023f4ae49a1f4c9a8,Peter Eisentraut,2022-08-24 13:27:34+02:00,Fix ICU locale option handling in CREATE DATABASE,2022,49
3eae0cbf7e70db885c4ec37e0863022d3ad589d4,Thomas Munro,2022-08-16 10:53:29+12:00,Fix headerscheck and cpluspluscheck's exit codes.,2022,49
50e088d6f262b602d2d983b41696188815ba1e00,Bruce Momjian,2022-08-12 12:02:21-04:00,doc:  warn about security issues around log files,2022,49
4fc6b6eefcf98f79211bb790ee890ebcb05c178d,Thomas Munro,2022-07-28 14:26:12+12:00,Fix get_dirent_type() for symlinks on MinGW/MSYS.,2022,49
f16180216d0a6dcefd76fef4121227b63df46681,Alvaro Herrera,2022-07-13 12:58:56+02:00,Fix flag tests in src/test/modules/test_oat_hooks,2022,49
1cd182163061f0c8619eaf79dc077ef78a81a13b,Michael Paquier,2022-07-11 10:56:17+09:00,doc: Fix inconsistent quotes in some jsonb fields,2022,49
664da2a389e5d1d4ebf0f98c82997739cd496e8e,Michael Paquier,2022-06-16 17:21:04+09:00,Fix comment in regression tests for large objects,2022,49
25f915b31e41e5c86e1905d199c7d41cc66161ed,Peter Eisentraut,2022-05-20 09:26:21+02:00,pg_waldump: Improve option parsing error messages,2022,49
51e81794058e78a151368d0b652f3c92602568c0,Peter Eisentraut,2022-04-12 16:18:01+02:00,Make node output prefix match node structure name,2022,49
3e1c942a4e2f06e9b0196180eb8fd1383e6d788e,Alvaro Herrera,2022-03-23 19:23:51+01:00,pg_upgrade: Upgrade an Assert to a real 'if' test,2022,49
e186f56f9c6ead4ef65848ae6c499f9949b12625,Noah Misch,2022-03-18 18:18:00-07:00,Close race condition in slot_creation_error.spec.,2022,49
62ce0c758d5d66092efbca7d037233e2ca9bdc78,Michael Paquier,2022-03-03 10:51:57+09:00,"Fix catalog data of pg_stop_backup(), labelled v2",2022,49
3f74daa8dfc634132ff7270212c57da5e316b001,Alexander Korotkov,2022-02-14 04:17:04+03:00,Fix memory leak in IndexScan node with reordering,2022,49
db6736c93cb844d245b726e7a262f2cdcd34612e,Peter Geoghegan,2022-01-12 15:41:04-08:00,Fix memory leak in indexUnchanged hint mechanism.,2022,49
b69aba74578adf58f48de0f21dceddc2d9f1c4b1,Michael Paquier,2022-01-11 09:55:16+09:00,Improve error handling of cryptohash computations,2022,49
6602599ce25665394112b944f3cdbd68a2587d97,Alvaro Herrera,2022-12-23 17:27:05+01:00,Fix end LSN determination in recently added test,2022,48
b18c2decd76eeffbd483c041c02bb0fb01b0f124,Peter Eisentraut,2022-12-14 16:08:13+01:00,Rearrange some static assertions for consistency,2022,48
4dd687502d9eb0b2984c36579c2fcf5283adfa7c,Tom Lane,2022-12-09 20:15:56-05:00,Restructure soft-error handling in formatting.c.,2022,48
2605643a3a9d789f3a5935810e874c00243d7576,Dean Rasheed,2022-12-03 12:11:33+00:00,Fix DEFAULT handling for multi-row INSERT rules.,2022,48
50617a9aa37344c2dbc89dba0a2193723202e7aa,Andrew Dunstan,2022-11-25 08:55:56-05:00,Fix gen_node_support.pl for changed AclMode size,2022,48
36e545cd051ffe58064c1f38faeb64f4feef4aec,Amit Kapila,2022-11-10 16:56:49+05:30,Fix comments atop ReorderBufferAddInvalidations.,2022,48
43f4b349152d972c711592b8e8a4645aea9625f4,Peter Eisentraut,2022-09-24 18:10:11-04:00,Fix reading of most-negative integer value nodes,2022,48
2f636daac85b7bad608b24b475feceb7e3076ec6,Fujii Masao,2022-09-22 12:54:26+09:00,docs: Fix snapshot name in SET TRANSACTION docs.,2022,48
63840526b05c5c12c92cb16be8748e4d20e6eab6,David Rowley,2022-09-15 09:40:34+12:00,Fix outdated convert_saop_to_hashed_saop comment,2022,48
932b01630095a08797e05ba1dae279731b862c95,Thomas Munro,2022-09-03 13:28:43+12:00,Fix cache invalidation bug in recovery_prefetch.,2022,48
376af686111e57929c626254eb403c0e810d8e22,Amit Kapila,2022-09-02 16:44:52+05:30,Doc: fix column list vs. replica identity rules.,2022,48
4444317f370cbbd6a9bb62d70dd8f1f062952ef4,Andres Freund,2022-08-24 20:39:46-07:00,aix: Fix SHLIB_EXPORTS reference in VPATH builds,2022,48
9e4f914b5eba3f49ab99bdecdc4f96fac099571f,Alvaro Herrera,2022-07-28 08:40:06+02:00,Fix replay of create database records on standby,2022,48
90474c16a7d24991586aa97c78b880fe9c072aba,Tom Lane,2022-07-22 10:53:26-04:00,Fix minor memory leaks in psql's tab completion.,2022,48
55b8ac81723c45dca95d4ad4892a1ee28db37c23,Tom Lane,2022-07-06 17:26:42-04:00,Fix wrong field order in _readMergeWhenClause().,2022,48
9cd43f6cbd8b6fbac6837bcdba5e12f0ecbafefb,Tom Lane,2022-06-18 19:45:38-04:00,Fix busted tab completion of extension versions.,2022,48
ee97d46cdb7e23f8ee98fe22648a1c3c75a80261,Daniel Gustafsson,2022-05-06 14:41:36+02:00,pgcrypto: remove questionmark from error message,2022,48
4533de358dd5f2a8930e3a73bcb49103b37357be,Thomas Munro,2022-04-12 21:21:06+12:00,Fix documentation for pg_stat_recovery_prefetch.,2022,48
5e07d3d6bdbff998eb68c131ecd10c448b026e47,Andres Freund,2022-04-06 23:35:56-07:00,pgstat: fix small bug in pgstat_drop_relation().,2022,48
8cd7627c7b19c5a1bb235e7ad91b53856b101e65,Peter Eisentraut,2022-03-29 08:58:54+02:00,psql: Add test for psql behavior on server crash,2022,48
49d9cfc68bf4e0d32a948fe72d5a0ef7f464944e,Alvaro Herrera,2022-03-25 13:16:21+01:00,Fix replay of create database records on standby,2022,48
beecbe8e5001249f0ad51f828d66238dd5160072,Alexander Korotkov,2022-12-09 13:53:32+03:00,Fix invalid role names introduced in 096dd80f3c,2022,47
d69d01ba9d8d774487032459ebb83d2086715f01,Tom Lane,2022-12-05 12:36:40-05:00,Fix Memoize to work with partitionwise joining.,2022,47
0222be137188ac3912d244d832a328be0944f3e9,Robert Haas,2022-09-28 07:58:09-04:00,Fix alignment problems with SharedInvalSmgrMsg.,2022,47
4148c8b3daf95ca308f055e103f6ee82e25b8f99,Alvaro Herrera,2022-09-27 14:11:31+02:00,Improve some publication-related error messages,2022,47
8999f5ed3cd7d26be1121d912086d04d134d398b,Peter Eisentraut,2022-09-26 15:25:59+02:00,Fix write/read of empty string fields in Nodes.,2022,47
eac76cc012aa4888e882287baae791429396b403,John Naylor,2022-09-06 12:37:33+07:00,Fix failure to maintainer-clean jsonpath_gram.h,2022,47
e062328ff11502b279186a286222f59fb9b4d15f,Michael Paquier,2022-09-03 20:57:16+09:00,doc: Fix two queries related to jsonb functions,2022,47
c7892c253fdc7bcb99a61e820798588ee4c071b9,Daniel Gustafsson,2022-08-31 13:32:52+02:00,doc: Fix typo in user inheritance documentation,2022,47
f959bf9a5b9cecd2f6e6bdd24a34a7b269b00827,David Rowley,2022-08-24 22:04:28+12:00,Further -Wshadow=compatible-local warning fixes,2022,47
cce28f62680ca77f18762d58bc31f6b67c6ef692,Thomas Munro,2022-08-18 16:31:11+12:00,Fix macro problem with gai_strerror on Windows.,2022,47
e7a552f303c56788d52ca4e46490236845662734,Peter Eisentraut,2022-08-12 08:17:30+02:00,"Fix _outConstraint() for ""identity"" constraints",2022,47
7e29a79a46d30dc236d097825ab849158929d977,Andres Freund,2022-08-07 11:34:42-07:00,aix: fix misreading of condition in 8f12a4e7add,2022,47
f68faf4c7530e39e626b0aa3e4a36376e122fce7,Peter Geoghegan,2022-08-05 14:25:49-07:00,Fix comments about deduplication updating page.,2022,47
0f39b70a6f3664036d527fb04ba709d363072a2e,Alvaro Herrera,2022-07-22 20:15:11+02:00,Fix [install]check in interfaces/libpq/Makefile,2022,47
506428d091760650971433f6bc083531c307b368,Peter Eisentraut,2022-07-16 15:47:27+02:00,Attempt to fix compiler warning on old compiler,2022,47
b449afb582bb9015bfbb85abc10ce122aef9ec70,Peter Eisentraut,2022-07-16 13:45:57+02:00,Attempt to fix compiler warning on old compiler,2022,47
8d367a44d34bbcaca4a894db2b3de741795141b7,Dean Rasheed,2022-07-07 13:08:08+01:00,Fix alias matching in transformLockingClause().,2022,47
642e9165fd511315f0c5c3ad940f6ded42752dbe,Etsuro Fujita,2022-06-02 18:00:00+09:00,Doc: Further fix CREATE FOREIGN TABLE synopsis.,2022,47
45edde037efc6ec76714e0be7309b348fe34351e,Michael Paquier,2022-05-11 15:38:55+09:00,Fix typos and grammar in code and test comments,2022,47
0250a167a07d4d2cff932e467d84306cbd3704fe,Daniel Gustafsson,2022-05-06 14:41:33+02:00,pgcrypto: report init errors as PXE_CIPHER_INIT,2022,47
112fdb3528465cc14a2f1dff3dc27f100326d885,Andrew Dunstan,2022-04-13 10:37:43-04:00,Fix finalization for json_objectagg and friends,2022,47
878e64d0f8f6865943046ce88e597a5657e304c2,Tom Lane,2022-03-31 11:24:26-04:00,Add missing newline in one libpq error message.,2022,47
61762426e6edbe87100dd5a4f107e8c06a11ec02,Robert Haas,2022-03-28 12:19:05-04:00,Fix a few goofs in new backup compression code.,2022,47
cc7401d5ca498a84d9b47fd2e01cebd8e830e558,Tom Lane,2022-03-27 18:32:40-04:00,Fix up compiler warnings/errors from f4fb45d15.,2022,47
a1fc50672c4b410f6a75db1efe807efeaccf571c,Alvaro Herrera,2022-03-19 19:34:04+01:00,Fix an outdated and grammatically wrong comment,2022,47
c91f71b9dc91ef95e1d50d6d782f477258374fc6,Tomas Vondra,2022-03-16 18:05:58+01:00,Fix publish_as_relid with multiple publications,2022,47
7e74aafc4335e743199c6c68ca9dd539053db9e5,Alexander Korotkov,2022-03-16 11:41:18+03:00,Fix default signature length for gist_ltree_ops,2022,47
8e2b6d45a033287da7c8f63062129ea02d86d831,Robert Haas,2022-02-02 13:50:33-05:00,Fix server crash bug in 'server' backup target.,2022,47
4d7c3e34475a750d0529f5912deedc9b1a1eedd8,Thomas Munro,2022-02-02 16:11:00+13:00,Fix recovery conflict in 027_stream_regress.pl.,2022,47
fe75517443b7c38f5251d007d06321655ce6c0b6,Tom Lane,2022-01-16 14:59:20-05:00,Fix psql's tab-completion of enum label values.,2022,47
f66885bec0df509ee9b604a83c17dbd7eb9959b1,Alvaro Herrera,2022-01-04 13:01:05-03:00,Allow special SKIP LOCKED condition in Assert(),2022,47
63c844a0a5d70cdbd6ae0470d582d39e75ad8d66,Peter Geoghegan,2022-12-26 23:36:02-08:00,Remove overzealous MultiXact freeze assertion.,2022,46
2fcf685f6daa4f872ca726e25cc504a544916dbb,Michael Paquier,2022-12-23 10:04:18+09:00,Fix come incorrect elog() messages in aclchk.c,2022,46
7ac0f8d384a4633c6652ae1f6bba40d42d21ec18,Jeff Davis,2022-12-02 14:06:31-08:00,Fix broken hash function hashbpcharextended().,2022,46
b62303794efd97f2afb55f1e1b82fffae2cf8a2d,Tom Lane,2022-11-20 11:30:50-05:00,Fix sloppy cleanup of roles in privileges.sql.,2022,46
0717f2fedb2400e4f5bf89bcd463c8b32916ca26,Jeff Davis,2022-10-31 15:44:52-07:00,"Fix ALTER COLLATION ""default"" REFRESH VERSION.",2022,46
94fd253d561bcc1db067d04f75fc1f34c3b9962f,Michael Paquier,2022-10-12 08:45:01+09:00,Fix compilation warning in test_copy_callbacks,2022,46
eccb607e19993483e25966abae895277599f77a2,Peter Geoghegan,2022-09-20 14:08:57-07:00,Fix recent cpluspluscheck issue in selfuncs.h.,2022,46
346990ae2e9f50030831a27aba78653fbde8c7ca,Daniel Gustafsson,2022-09-12 22:17:17+02:00,doc: Fix link to FreeBSD documentation project,2022,46
a2e97cb2b6fb64c3ca3198f5c5f31190bc14c703,Robert Haas,2022-07-27 11:12:15-04:00,Fix read_relmap_file() concurrency on Windows.,2022,46
4f4c72c2dc06e944950305b0c1f48071ff49e263,Noah Misch,2022-07-01 18:27:18-07:00,Fix race condition in t/028_pitr_timelines.pl.,2022,46
dad9ba1c82fd985aa6fb8035ebca1e79c138dde2,Jeff Davis,2022-04-08 03:21:12-07:00,Fix buildfarm failures in pg_walinspect tests.,2022,46
a096813b6f583621db4119b6ab1be4ffc26f859d,Thomas Munro,2022-03-21 09:31:51+13:00,Log regression.diffs in 027_stream_regress.pl.,2022,46
b5aff9255700b0b3155a4d2be865b6a776c2bda4,David Rowley,2022-12-24 13:18:35+13:00,Fix recent accidental omission in pg_proc.dat,2022,45
45d5ecab49f6c0df607d3ca2ce1995229f416d1a,Peter Eisentraut,2022-11-13 21:09:09+01:00,libpq: Add missing newlines to error messages,2022,45
7f8d9cedb374c9a23f0730f92a0b88d479325ba9,Alvaro Herrera,2022-10-13 13:36:14+02:00,Fix typo in CREATE PUBLICATION reference page,2022,45
6bcda4a72123c3aa29fa3f03d952095675ad4468,Peter Eisentraut,2022-09-05 13:30:44+02:00,Fix incorrect uses of Datum conversion macros,2022,45
90247e742f849794d061a0444071647728054b45,Tom Lane,2022-09-01 15:02:41-04:00,Add a regression test for contrib/pgrowlocks.,2022,45
483ac6476198c66696b725d49aa42290a9a94a95,Andres Freund,2022-08-31 09:31:22-07:00,Fix MSVC warning in compat_informix/rnull.pgc,2022,45
924954c670355f2a0ca1dd4173574a28fc0eedec,Alexander Korotkov,2022-08-27 14:46:15+03:00,Fix typo in comment for writetuple() function,2022,45
2865b4060a434855f90fda41f1b8f4bca7c55b0e,Tom Lane,2022-08-01 17:59:44-04:00,Add a regression test for contrib/pg_prewarm.,2022,45
920072339f304a7da0b5de966117420c96ad78cb,Tom Lane,2022-07-12 15:37:39-04:00,Improve error reporting from validate_exec().,2022,45
2253f5b49748ff7b48ccc67260c84cbca99db688,Peter Eisentraut,2022-06-20 14:33:41+02:00,Fix file references inside some SGML comments,2022,45
9520f8d92a8681e441cc863422babd544353dd39,Peter Eisentraut,2022-05-23 10:07:36+02:00,psql: Update \timing also in case of an error,2022,45
0432490d290f679cad773ce4735e8769e2c4db75,Daniel Gustafsson,2022-05-04 14:15:25+02:00,Rename libpq test programs with libpq_ prefix,2022,45
e84f82ab5cff2811745ae8e2ac163a4b8b733394,John Naylor,2022-04-28 09:27:32+07:00,Fix SQL syntax in comment in logical/worker.c,2022,45
8638c76cc9f47b86bd6500559fbf023a8886d9d6,Jeff Davis,2022-04-11 08:52:27-07:00,Doc build fix: remove tab from filelist.sgml.,2022,45
1562e92c62a3f3a4e5d87895523ff74174029654,Jeff Davis,2022-04-08 01:33:58-07:00,Fix buildfarm failure from commit 2258e76f90.,2022,45
f512efb2d50ab78e7610f0e3801925f22ebec611,Michael Paquier,2022-03-18 10:38:16+09:00,Fix header inclusion order in pg_receivewal.c,2022,45
0fbdfaf79d0bbfe1ede9d8ca2d85b2c9a8513082,Tom Lane,2022-03-03 19:03:17-05:00,Fix bogus casting in BlockIdGetBlockNumber().,2022,45
e9b873f667681232469007d755d0c163a63ea978,Peter Geoghegan,2022-01-12 14:13:35-08:00,"vacuumlazy.c: fix ""garbage tuples"" reference.",2022,45
d7744d50a5394db8d973d1cfa034ed6640aec13c,Michael Paquier,2022-11-08 10:50:09+09:00,Fix initialization of pg_stat_get_lastscan(),2022,44
2598b76bf2bc78af4c65ffab4736c7b49205fc7a,Peter Eisentraut,2022-10-22 09:42:52+02:00,psql: Fix exit status when query is canceled,2022,44
235eb4db9879397acb57a5dfd25c18291052068a,Tom Lane,2022-10-10 15:16:56-04:00,Simplify our Assert infrastructure a little.,2022,44
69298db8e1a5a7afcfeea32daf71e713a109ef93,Alvaro Herrera,2022-09-30 12:53:31+02:00,Fix tab-completion after commit 790bf615ddba,2022,44
51fd7cdfd07d49223c82f8bbdf37866c81c62908,Daniel Gustafsson,2022-09-30 12:03:48+02:00,doc: Fix PQsslAttribute docs for compression,2022,44
3e0fff2e6888e39b0ad5cdfdb78bc1c2bb2b22c9,David Rowley,2022-08-26 02:35:40+12:00,More -Wshadow=compatible-local warning fixes,2022,44
0b039e3a8489c08ec61b4d40382047c389af91ad,Michael Paquier,2022-08-09 20:01:44+09:00,Fix some inconsistencies with GUC categories,2022,44
21267b64771925c154a767b1f261b5501d7bb26f,Thomas Munro,2022-07-10 16:52:38+12:00,Fix \watch's interaction with libedit on ^C.,2022,44
587de223f03e6086d511dab16b17406eb21277ce,Tom Lane,2022-04-18 20:04:55-04:00,Add missing error handling in pg_md5_hash().,2022,44
2beb4acff1e83fef6766a5a7d5bbd952444a0b36,Daniel Gustafsson,2022-03-31 11:16:16+02:00,Add diagnostic output on error in pump_until,2022,44
f453d684ecf9f6cd872d4bb43fe385c2c56126bd,Peter Eisentraut,2022-03-30 17:53:54+02:00,Change some internal error messages to elogs,2022,44
c6f2f01611d4f2c412e92eb7893f76fa590818e8,Thomas Munro,2022-03-15 14:01:23+13:00,Fix pg_basebackup with in-place tablespaces.,2022,44
f47ed79cc8a0cfa154dc7f01faaf59822552363f,Thomas Munro,2022-01-17 16:34:55+13:00,"Test replay of regression tests, attempt II.",2022,44
d6d317dbf6154b3d33fb53e1c3433f039b5d4d74,Thomas Munro,2022-01-15 00:09:24+13:00,Use in-place tablespaces in regression test.,2022,44
9a3d8e1886670ca3532687c5336d97965a79a084,Michael Paquier,2022-01-12 12:39:36+09:00,Fix comment related to pg_cryptohash_error(),2022,44
6f6943fc94ada145c0af5f62f719abad73825e5b,Tom Lane,2022-01-11 14:22:00-05:00,Improve error message for missing extension.,2022,44
3b304547a9dfef7101889d35a4c5da7866d66c8e,Daniel Gustafsson,2022-11-17 10:07:06+01:00,doc: Fix wording of MERGE actions in README,2022,43
e3a892539b2baabc1963c31605728bbbc8f8b89a,Andres Freund,2022-09-28 18:48:19-07:00,meson: windows: Normalize slashes in prefix,2022,43
f2108d3bd03d3cb101a8ddfa5fe127d30e7f47f4,Michael Paquier,2022-08-15 13:36:36+09:00,Fix outdated --help message for postgres -f,2022,43
5253519b27d3393c07eb04470f04462c67ad94a9,Tom Lane,2022-07-27 18:58:35-04:00,Fix new auto_explain test case for Windows.,2022,43
0a6be1f0ec3cc9b98453bdab2d4edcfd5a00c7fa,Michael Paquier,2022-07-11 11:20:15+09:00,Improve error message with JSON_SERIALIZE(),2022,43
7d6a4fdf3243a7a18e2cfc6cf03bce01cc6ce651,Peter Eisentraut,2022-05-06 09:14:15+02:00,Fix some whitespace in documentation markup,2022,43
914611ea738a3601717990faff0f5d71a0f14a3d,Tom Lane,2022-04-21 17:12:49-04:00,Fix missed cases in libpq's error handling.,2022,43
f2a2bf66c87e14f07aefe23cbbe2f2d9edcd9734,Peter Eisentraut,2022-04-19 21:04:52+02:00,Fix extract epoch from interval calculation,2022,43
7129a9791eafdd825eae0187b7dd7b99ed48fdc7,Tom Lane,2022-04-15 18:31:01-04:00,psql: fix \l display for pre-v15 databases.,2022,43
4cd8717af3f0345c758d46fea06fb390b4d593f2,Andrew Dunstan,2022-04-14 10:26:29-04:00,Improve a couple of sql/json error messages,2022,43
cd4868a5700fadf5a840d44686658517433b338c,Michael Paquier,2022-04-14 15:08:03+09:00,pageinspect: Fix handling of all-zero pages,2022,43
591e088dd5b357796e136c13dfcdb1f06fd7a3c2,Tom Lane,2022-04-03 17:04:33-04:00,Fix portability issues in datetime parsing.,2022,43
cb2bab14fff5b4e1c065b8546323f1a9fefc9611,Peter Eisentraut,2022-02-02 09:14:26+01:00,doc: Fix mistake in PL/Python documentation,2022,43
5513dc6a304d8bda114004a3b906cc6fde5d6274,Michael Paquier,2022-01-13 16:17:21+09:00,Improve error handling of HMAC computations,2022,43
197f98a848233f2d8d8e7f7fd7dde3e49adaaaa3,Tom Lane,2022-12-27 14:50:56-05:00,Convert hstore_in to report errors softly.,2022,42
442e25d2485b1ecf3357725acee995a1c349163d,Tom Lane,2022-12-25 14:32:30-05:00,Convert enum_in() to report errors softly.,2022,42
b8c0ffbd2c8038fbebe76b48616860a7efec66ae,Tom Lane,2022-12-11 12:56:54-05:00,Convert domain_in to report errors softly.,2022,42
2cf41cd30997f6a79fb962007a3cd11edcf9d013,Alvaro Herrera,2022-11-24 10:45:10+01:00,Make multixact error message more explicit,2022,42
b5621b66e778112c78d381414dff8917320f71d2,Peter Eisentraut,2022-11-08 18:45:29+01:00,Unify some internal error message wordings,2022,42
5c7121bcf8dbe94344742a5cd0fa0f016b7a76a1,Tom Lane,2022-08-06 13:32:29-04:00,Fix function-defined-but-not-used warning.,2022,42
d547f7cf5efc531be8587641a5682cc46b37bc81,Amit Kapila,2022-07-07 09:00:27+05:30,Re-order disable_on_error in tab-complete.,2022,42
7201cd18627afc64850537806da7f22150d1a83b,Thomas Munro,2022-06-27 11:34:26+12:00,Fix relptr's encoding of the base address.,2022,42
21724558650a7387ffbc2b0da53d6314389419bb,Peter Eisentraut,2022-06-10 06:05:08+02:00,Fix collation of JSON_TABLE output columns,2022,42
d3609dd2547b3ed807bc3b6dd27a008d65e86668,Peter Geoghegan,2022-04-15 15:48:39-07:00,Fix multi-table VACUUM VERBOSE accounting.,2022,42
7a43a1fc52d0fefdcb008f2fc460ab46f242da69,Tom Lane,2022-04-04 22:10:06-04:00,Update some tests in 013_crash_restart.pl.,2022,42
5a079662256e381fde699c4fbbed6c2504a6d30a,Tomas Vondra,2022-03-17 17:03:48+01:00,Fix row filters with multiple publications,2022,42
501c66c81b755583fa516c88e1cc7c760dc88bd5,Thomas Munro,2022-03-16 15:55:15+13:00,Fix documentation typo in commit 5e6368b4.,2022,42
705e20f8550c0e8e47c0b6b20b5f5ffd6ffd9e33,Amit Kapila,2022-03-14 09:32:40+05:30,Optionally disable subscriptions on error.,2022,42
f79c94f39df092dfe3371257140ec76bba40bfb6,Andres Freund,2022-02-12 19:38:06-08:00,ci: fix copy-paste mistake in 16eb8231d1b.,2022,42
4eb2176318d0561846c1f9fb3c68bede799d640f,Thomas Munro,2022-02-12 10:21:23+13:00,"Fix DROP {DATABASE,TABLESPACE} on Windows.",2022,42
f1e90859cef3f48f45578390acf63c6f7fd61697,Jeff Davis,2022-01-08 09:27:43-08:00,"Fix pgperlcritic complaint, per buildfarm.",2022,42
bbfdf7180de85f9e7e995ba00dddc58452b3ba4b,David Rowley,2022-12-24 00:58:34+13:00,Fix bug in translate_col_privs_multilevel,2022,41
cb62d0b3c372350b997733f41283cc35a6814024,Daniel Gustafsson,2022-09-08 09:56:50+02:00,doc: Fix PL/pgSQL casing to be consistent,2022,41
ec97db399f1eccda6652d44b99d5363728832eb7,Robert Haas,2022-08-18 12:22:20-04:00,Adjust assertion in XLogDecodeNextRecord.,2022,41
d3117fc1a3e87717a57be0153408e5387e265e1b,John Naylor,2022-07-12 11:25:47+07:00,Fix out-of-bounds read in json_lex_string,2022,41
c4a4e760f6b0e7933e7d3bff0b589af9da49f8e6,David Rowley,2022-05-19 17:14:23+12:00,Fix incorrect comments for Memoize struct,2022,41
ff8b37ba801073b4506f670317141785bab9f4d8,Michael Paquier,2022-03-15 10:52:19+09:00,Add more regression tests for pg_ls_dir(),2022,41
1d4be6be65ab18aa3b240d9bc912ebece255c53b,Robert Haas,2022-03-08 10:05:55-05:00,Fix LZ4 tests for remaining buffer space.,2022,41
f3f467b8f69b673fb73d15bf5ccd3a2027403d7b,Tom Lane,2022-01-17 12:52:44-05:00,Avoid calling strerror[_r] in PQcancel().,2022,41
dccee0f2b72648b8b3c42883a7d99210eb813f30,Thomas Munro,2022-01-15 00:44:32+13:00,"Revert ""Test replay of regression tests.""",2022,41
5ca3645cb3fb4b8b359ea560f6a1a230ea59c8bc,Michael Paquier,2022-11-10 16:32:29+09:00,Fix comment of SimpleLruInit() in slru.c,2022,40
36f729e2bc3539e777cda698dc441b8ccec42142,Peter Eisentraut,2022-08-22 15:38:41+02:00,Fix assertion failure in CREATE DATABASE,2022,40
71cac850d02f2ad46aca00d3852574bd48fb581a,Tom Lane,2022-08-08 12:16:01-04:00,Stabilize output of new regression test.,2022,40
ca7a0d1d368216e89359c63531a4df0b99a437e4,Michael Paquier,2022-06-23 10:49:20+09:00,Fix two issues with HEADER MATCH in COPY,2022,40
1d0de97ba1e6ac9f76c63daee574f599df5f2f42,Tom Lane,2022-06-01 10:39:46-04:00,Doc: fix a couple of erroneous examples.,2022,40
6029861916e8e2c0155c332c10f182a22619c663,Alvaro Herrera,2022-05-20 18:52:55+02:00,Fix DDL deparse of CREATE OPERATOR CLASS,2022,40
386ca0abf4107721a363f1c152cd026041b609ea,Alvaro Herrera,2022-03-28 17:10:36+02:00,Fix role names in merge.sql regress file,2022,40
b3c8aae00850384b1cec5311eb1864e2f5e80a44,Michael Paquier,2022-03-04 09:51:12+09:00,doc: Fix description of pg_stop_backup(),2022,40
37bef842f5530fc9f4a48daba9f4709ee5e36c9b,Tom Lane,2022-12-16 11:10:40-05:00,Convert xml_in to report errors softly.,2022,39
b425bf0081386a544e1faf872a75da69a971e173,Andrew Dunstan,2022-11-23 07:03:06-05:00,Fix perl warning from commit 9b4eafcaf4,2022,39
a9e9a9f32b35edf129c88e8b929ef223f8511f59,Peter Eisentraut,2022-11-15 12:16:50+01:00,"libpq error message refactoring, part 2",2022,39
37d264478ab47e8fa03751c39ba2c5dd447b89c8,Michael Paquier,2022-10-26 12:57:40+09:00,Fix variable assignment thinko in hba.c,2022,39
4650036f5ab81c93e3b6ed549ef672a325b79705,Thomas Munro,2022-10-25 15:13:52+13:00,Fix readlink() return value on Windows.,2022,39
92e7b7722da98eb4d54df7d4f850eee6a5fe9eef,John Naylor,2022-09-04 18:01:04+07:00,Fix MSVC linker error for specparse.obj,2022,39
7a08f78aea95a7046816fe6a711e83615ccdb737,Heikki Linnakangas,2022-07-25 08:52:46+03:00,Fix ReadRecentBuffer for local buffers.,2022,39
7597cc3083f8b3607123f71bc6432afc5a655d6e,Michael Paquier,2022-04-11 16:36:25+09:00,Fix the dates of some copyright notices,2022,39
bab588cd5cbbeb43cda6e20c967b43000ea2aa80,Daniel Gustafsson,2022-04-07 14:02:33+02:00,Fix typo in xlogrecovery.c code comment,2022,39
0f79caa3c61e643e6285524f3148a35fb61ddcf3,Tatsuo Ishii,2022-03-25 10:22:55+09:00,Second attempt to fix pgbench TAP test.,2022,39
0526f2f4c38cb50d3e2a6e0aa5d51354158df6e3,John Naylor,2022-01-31 15:10:01-05:00,Fix missing undefine in sort_template.h,2022,39
66dcb09246b49b2cd0421251221e07c388de9c4f,Michael Paquier,2022-12-10 13:28:02+09:00,Fix macro definitions in pgstatfuncs.c,2022,38
2d1f3bce97a9f4ac3ec4acbf337ffef598522216,David Rowley,2022-11-25 11:05:22+13:00,Fix some 32-bit shift warnings in MSVC,2022,38
36e0358e70498b5bf5e3e83d91ac964fc24c249e,Jeff Davis,2022-11-15 20:07:18-08:00,"Fix test in ae168c794f, per buildfarm.",2022,38
8328a15f8f95cad3fa99bbab551cade0a8403708,Alvaro Herrera,2022-10-24 12:02:33+02:00,Fix recently added incorrect assertion,2022,38
8cb2a22bbb2cf4212482ac15021ceaa2e9c52209,Daniel Gustafsson,2022-09-12 12:59:06+02:00,Fix NaN comparison in circle_same test,2022,38
9da300128df71b8f3f2a92038aee251413735dbe,Peter Eisentraut,2022-08-13 00:00:41+02:00,pg_upgrade: Fix some minor code issues,2022,38
01126dc8cf2c6e06babf1bbb4dab41a4a96d704f,Thomas Munro,2022-08-09 11:50:03+12:00,Fix obsolete comments in instr_time.h.,2022,38
418ec32072a6489e909e590247945011ec825059,Tom Lane,2022-08-01 19:18:50-04:00,Add a regression test for contrib/tcn.,2022,38
9553b4115f1879f66935f42fff0b798ef91866d0,Jeff Davis,2022-04-07 00:39:30-07:00,Fix warning introduced in 5c279a6d350.,2022,38
4e31c46e1e7b7d3a34909ec872c4446711e86e7d,Daniel Gustafsson,2022-03-31 12:03:33+02:00,doc: Fix typo in ANALYZE documentation,2022,38
3a671e1f7cb8b29ad77b08f891b8f22621f490a3,Peter Eisentraut,2022-03-20 10:21:45+01:00,Fix global ICU collations for ICU < 54,2022,38
f927a6ec3ef710ad2bd7d9c63f524b7a22d7e664,Fujii Masao,2022-02-18 12:19:10+09:00,Fix comment in CheckIndexCompatible().,2022,38
e52f8b301ed54aac5162b185b43f5f1e44b6b17e,Thomas Munro,2022-12-16 17:36:22+13:00,Fix typo in reference to __FreeBSD__.,2022,37
6ff5aa129933fbde034c0d21c28cf05e052511f9,Alvaro Herrera,2022-11-17 18:56:11+01:00,Fix MERGE tuple count with DO NOTHING,2022,37
85d8b30724c0fd117a683cc72706f71b28463a05,Tom Lane,2022-11-09 14:15:38-05:00,Apply a better fix to mdunlinkfork().,2022,37
08909e3aee6182a988da5bf5c1b543910ee096c7,Peter Eisentraut,2022-08-18 11:36:55+02:00,Simplify and clarify an error message,2022,37
0a5f06b84de76939cf9805e4266d47c2e8bf66df,Michael Paquier,2022-07-26 10:16:26+09:00,Fix a few issues with REINDEX grammar,2022,37
5050fe5458d16387728c0dd13eee9517fe4bce13,Andres Freund,2022-07-17 18:41:32-07:00,Fix configure executable permissions.,2022,37
75f2171e6c8fa4e1f0ce4fdbf907ee7d0fcb404d,Peter Eisentraut,2022-06-23 22:53:24+02:00,Fix missing newline at end of message,2022,37
a22652ebbcb33a6a271cc69841ad61d971d7db30,Thomas Munro,2022-05-08 19:19:36+12:00,Fix race in 032_relfilenode_reuse.pl.,2022,37
9a374b77fb53e4cfbca121e4fa278a7d71bde7c4,Tom Lane,2022-04-08 14:55:14-04:00,Improve frontend error logging style.,2022,37
75edb919613ee835e7680e40137e494c7856bcf9,Daniel Gustafsson,2022-04-05 22:16:45+02:00,Fix compilerwarning in logging size_t,2022,37
465ab24296c27502c81c8c197725cba728b9b057,Peter Eisentraut,2022-04-01 17:15:24+02:00,libpq: Fix pkg-config without OpenSSL,2022,37
ce8c978295a55912dc81f9fbcd4f9f6d35379224,Andres Freund,2022-03-22 08:15:40-07:00,pgstat: fix function name in comment.,2022,37
3390ef1b7be28eac24dd95af23a4a287e6e7b1a4,Thomas Munro,2022-03-16 15:35:16+13:00,Fix waiting in RegisterSyncRequest().,2022,37
eb60eb08a95eb531f3f2a459c1b623c5ac37ecd3,Robert Haas,2022-12-19 15:59:24-05:00,Fix comment that was missing a word.,2022,36
97ee956416e9d7906cde49cae5f65763ea943e77,Andrew Dunstan,2022-11-18 08:45:58-05:00,Fix version comparison in Version.pm,2022,36
0e733278e346f19df93843bce9a81c8183df6e1d,Alvaro Herrera,2022-09-14 16:10:01+02:00,"Add subxid-overflow ""isolation"" test",2022,36
20b6847176976da9cae6103475b967e6c2971898,Tom Lane,2022-09-06 18:00:32-04:00,Fix new pg_publication_tables query.,2022,36
8c7fc86ca979f558bb7028763a71aa1ac7ca19b8,Tom Lane,2022-08-28 10:44:52-04:00,Doc: fix example of recursive query.,2022,36
670475b2fa4bc683edf3d595292ce696496f6b49,Thomas Munro,2022-08-09 12:58:04+12:00,Fix obsolete comment in commit_ts.c.,2022,36
dd4ab6fd6528e160571986fa8817cee9f2645aa8,Amit Kapila,2022-04-19 08:49:49+05:30,Fix the check to limit sync workers.,2022,36
bba3c35b29d07a27bbf5dd0d7d5e7c7592e02f81,David Rowley,2022-04-11 20:48:48+12:00,Docs: Fix various mistakes and typos,2022,36
3f513ac7935db86f72511aac24fa6b52ed29bfe7,Tom Lane,2022-03-20 12:39:40-04:00,Doc: fix our example systemd script.,2022,36
2313a3ee22eb3c63a987b496df64c67443763a5a,Daniel Gustafsson,2022-02-23 10:54:03+01:00,Fix statenames in mergejoin comments,2022,36
3712e0ed47d126e9aa656a34dd56d52770b672b7,David Rowley,2022-11-02 15:29:31+13:00,Fix outdated comment in tuplesort.h,2022,35
cec2754fbebee0a40aaf905947deb823cca4fe39,John Naylor,2022-09-06 13:51:15+07:00,Fix cplusplusscheck in vpath builds,2022,35
ffbfde4c87725c5342aa0727ed61c5c3c7c0cb39,John Naylor,2022-08-09 09:21:37+07:00,Fix mismatched file identifications,2022,35
92f375056c11193c26f1278446e6301f0c18ea22,Peter Geoghegan,2022-08-04 20:55:02-07:00,Fix nbtree maximum item size macro.,2022,35
c689baa158bbe76597b4dacd61c415b58b60f4e0,John Naylor,2022-08-02 11:49:37+07:00,Fix comment in pg_db_role_setting.h,2022,35
d7ab2a9a3c0a2800ab36bb48d1cc97370067777e,Peter Eisentraut,2022-04-07 18:25:12+02:00,doc: Fix man page whitespace issues,2022,35
f7ea240aa7491b6ed2985bb50888bd432f3341df,Tom Lane,2022-03-03 20:04:35-05:00,Tighten overflow checks in tidin().,2022,35
5c868c92caa864d223006c095d623b8086754c6f,Peter Eisentraut,2022-02-21 09:42:46+01:00,Fix possible null pointer reference,2022,35
02699bc1fd3b7fccba2e6b55189a148ef69b8a00,Tomas Vondra,2022-12-30 20:49:50+01:00,Fix assert in BRIN build_distances,2022,34
eb706fde8302c32267518663032905556db21f57,David Rowley,2022-12-22 09:57:49+13:00,Fix newly introduced bug in slab.c,2022,34
8692f6644e71f51db9a853a652f37909c9cb534d,David Rowley,2022-12-05 11:55:05+13:00,Fix thinko introduced in 6b423ec67,2022,34
7b2ccc5e03bf16d1e1bbabca25298108c839ec52,Dean Rasheed,2022-11-25 13:31:48+00:00,Fix rule-detection code for MERGE.,2022,34
01755490cfa196ddc415308ab5aed8cc45fbaaad,Alvaro Herrera,2022-11-17 12:52:20+01:00,Fix outdated comment in ExecDelete,2022,34
49e525a08fcb42c05dc27bd0bc36aa491becc55f,Michael Paquier,2022-08-22 10:02:53+09:00,Fix comment in walsender_private.h,2022,34
70d25bf70ce2eaed91406f56cd45dcfaa9ecabe0,Michael Paquier,2022-08-06 21:13:45+09:00,Fix comment in copyfrom_internal.h,2022,34
9c3d25e17894f35045a2d57dfb834e25c9dc4c21,Andrew Dunstan,2022-04-28 15:28:20-04:00,Fix JSON_OBJECTAGG uniquefying bug,2022,34
3f649663a49d5bb815858d90a271bb532c58fd0e,Peter Eisentraut,2022-02-21 10:55:03+01:00,pgcrypto: Remove unused error code,2022,34
abe81ee08468e63f94b91e484f47c867bcc706d3,Peter Eisentraut,2022-02-21 10:28:43+01:00,pgcrypto: Remove unused error code,2022,34
9a3ddeb519e8d91b670fa923619b212a9670389c,Tom Lane,2022-01-03 15:42:27-05:00,"Fix index-only scan plans, take 2.",2022,34
7122f9d5437789312cb0a7e26e853bb8d2e57add,Tom Lane,2022-12-17 18:51:24-05:00,Fix bit-rotted planner test case.,2022,33
d6a3dbe14f98d867b2fc3faeb99d2d3c2a48ca67,Jeff Davis,2022-11-11 12:38:29-08:00,Fix theoretical torn page hazard.,2022,33
4574eb9d38c69f4c90b5468f740ff22519752066,Michael Paquier,2022-10-12 13:42:30+09:00,Fix shadow variable in postgres.c,2022,33
3d53b9ef1a4cda7b6303a0496f8531eceeef0e77,Alvaro Herrera,2022-09-20 18:50:16+02:00,Fix `trap` in a few shell scripts,2022,33
92dc33a3a229f7d24b8c97b6a18b417d79cf4d97,Daniel Gustafsson,2022-08-10 13:49:48+02:00,Fix typo in test_oat_hooks README,2022,33
12e28aac8e8eb76cab13a4e9b696e3dab17f1c99,Thomas Munro,2022-05-31 12:06:11+12:00,Add debugging help in OwnLatch().,2022,33
2e77180d4572ddb892f9c2e253ee95dc0fa26b5f,Peter Eisentraut,2022-05-04 07:57:39+02:00,Fix incorrect format placeholders,2022,33
755df30e48b0a9ff8428f4c1ccb468dac29fc320,Peter Eisentraut,2022-04-27 09:49:10+02:00,Fix incorrect format placeholders,2022,33
6c0f9f60f1c24aead1bfdd0ed294ac5b6f1d1ac1,Peter Eisentraut,2022-04-20 16:11:14+02:00,Fix incorrect format placeholders,2022,33
a62bff74b135b191de0417d1cc8ec52f144c8fe7,Tatsuo Ishii,2022-04-19 17:04:27+09:00,Fix aggregate logging of pgbench.,2022,33
a038679cd876f63e17a08f64fafad27cd5bc23fe,Peter Eisentraut,2022-04-13 14:04:51+02:00,Fix incorrect format placeholders,2022,33
369398ed886dc13956654777467536625e6fc7ee,Tom Lane,2022-03-13 19:52:48-04:00,Fix bogus tab-completion queries.,2022,33
01be9d498fa4b836ec3dbf035b6743c8b8f34767,Michael Paquier,2022-12-22 12:08:45+09:00,Fix operator typo in tablecmds.c,2022,32
b1099eca8f38ff5cfaf0901bb91cb6a22f909bc6,Peter Eisentraut,2022-10-28 09:19:06+02:00,Remove AssertArg and AssertState,2022,32
249b0409b181311bb1c375311e43eb767b5c3bdd,Alvaro Herrera,2022-09-27 10:44:42+02:00,Fix pg_stat_statements for MERGE,2022,32
12d40d4a8d0495cf2c7b564daa8aaa7f107a6c56,Alvaro Herrera,2022-09-08 11:20:29+02:00,Fix perltidy breaking perlcritic,2022,32
829906fb6c21e39e732f340600f461f3d8db24c2,John Naylor,2022-09-06 12:49:26+07:00,Fix headerscheck in vpath builds,2022,32
0101f770a05b07dd7a8e05b6f8f95d4e22f4e846,Robert Haas,2022-08-31 08:22:24-04:00,Fix a bug in roles_is_member_of.,2022,32
bcabbfc6a94bb1d59e380f1bcb7cd5da8338cd11,John Naylor,2022-08-04 16:41:29+07:00,Fix formatting and comment typos,2022,32
eed959a457ea0ffb042f4881e23358ba145d148c,Thomas Munro,2022-07-11 16:43:29+12:00,Fix lock assertions in dshash.c.,2022,32
344a225cb9d42f20df063e4d0e0d4559c5de7910,Tom Lane,2022-04-19 23:03:59-04:00,Fix breakage in AlterFunction().,2022,32
b604a1c204fce2600730cb60aa78e04e949fa588,Peter Eisentraut,2022-04-06 09:10:24+02:00,Change one AssertMacro to Assert,2022,32
9f91344223aad903ff70301f40183691a89f6cd4,Andrew Dunstan,2022-03-31 15:45:25-04:00,"Fix comments with ""a expression""",2022,32
f0206d99520ebdb751469ad53ff62bbff817ab3d,Andrew Dunstan,2022-03-22 13:27:26-04:00,Fix new Object Access hooks test,2022,32
994d76707a254da6d03e389fa46141371a99e4e1,Tom Lane,2022-02-13 19:20:56-05:00,"Fix misuse of ""const"" qualifier.",2022,32
f48385c1327f1eaef134ad41b382041a79c5200a,Daniel Gustafsson,2022-02-09 15:36:46+01:00,Fix typo in archive modules docs,2022,32
123828a7fa563025d0ceee10cf1b2a253cd05319,Thomas Munro,2022-01-15 00:09:24+13:00,Test replay of regression tests.,2022,32
0873b2d354b9c73a69067c0afb92e35994adc47e,Peter Eisentraut,2022-11-15 12:16:50+01:00,libpq error message refactoring,2022,31
d54e79ba282c6a86d0c63e990e716b2c07a8656d,Etsuro Fujita,2022-11-02 18:15:00+09:00,Fix copy-and-pasteo in comment.,2022,31
359d601095ce2361bad50f9f8b0bcfe4da1eb886,Thomas Munro,2022-10-25 15:10:49+13:00,Fix symlink() errno on Windows.,2022,31
c68ec1b027a9941ef4dc56e0d239f29e8a26fc5d,Michael Paquier,2022-10-19 10:27:23+09:00,Fix typos in logical/launcher.c,2022,31
5757141caeaff4af0c206ab672d542cbd608542c,Michael Paquier,2022-10-06 20:25:02+09:00,Fix comment in xlogprefetcher.c,2022,31
83e42a0035718914efad2fe04080fd6c579e9ef2,Michael Paquier,2022-10-01 15:28:02+09:00,doc: Fix some grammar and typos,2022,31
1e08576691bf1a25c0e28745e5e800c44f2a1c76,Peter Eisentraut,2022-09-16 11:10:41+02:00,Fix createdb tests for C locale,2022,31
34dffa0224bd34e0fa27b464f1821c9c43f07703,Robert Haas,2022-08-11 14:12:11-04:00,Fix non-specific error message.,2022,31
a69959fab2f3633992b5cabec85acecbac6074c8,Michael Paquier,2022-08-02 19:55:59+09:00,doc: Fix typos in protocol.sgml,2022,31
976b06c6630cbf09bf933a006b5e662753e7c0be,Peter Eisentraut,2022-07-18 14:26:43+02:00,Add another SQL/JSON error code,2022,31
cd959b1b0662c9d57540b31961680c38037ffcd6,Daniel Gustafsson,2022-04-10 21:42:43+02:00,Doc: fix typos in documentation,2022,31
3536b851adb275e2f49a80030111e84abc0736ba,Andres Freund,2022-04-06 23:26:59-07:00,Fix compilation with WAL_DEBUG.,2022,31
c540d3715731e0e50259011ee62ea4c0c042b1b1,Magnus Hagander,2022-03-21 12:35:48+02:00,Fix typo in file identification,2022,31
d0d62262d34154965511cfda6b98609d27752d5a,Michael Paquier,2022-01-08 09:12:21+09:00,Fix thinko coming from 000f3adf,2022,31
d74a366aa2fa3f11fc4fbd1b2817ac252f6f9ba4,Michael Paquier,2022-11-30 08:37:59+09:00,Fix comment in fe-auth-scram.c,2022,30
2fb6154fcd769b2d4ea1226788e0ec2fc3522cb8,Robert Haas,2022-11-18 16:16:21-05:00,Fix typos and bump catversion.,2022,30
2cb1a5a8d4aeb63da2d6a2d22169f05c60bb5828,Peter Eisentraut,2022-09-24 18:10:52-04:00,Fix reading of BitString nodes,2022,30
7057bf23546868ee5f1d9721e7129fb636aab042,Alvaro Herrera,2022-07-13 10:34:54+02:00,Fix XID list support some more,2022,30
6538be9e1e412224c69f447d2b08342ba47ce9f1,Peter Eisentraut,2022-02-15 11:13:49+01:00,Fix XML namespace declarations,2022,30
08f8af983a8bd8ef78e48bab624071998a26cbb7,John Naylor,2022-09-19 11:36:51+07:00,Fix typos referring to PGPROC,2022,29
5dcebd10baa8ec14a97029ca0bacaf2a9a0f8652,Alvaro Herrera,2022-09-09 13:51:45+02:00,Doc fixes for MERGE statement,2022,29
0c67e9e566db32df3f420268e81e32f278a2f090,Daniel Gustafsson,2022-08-25 10:31:20+02:00,Fix typo in MVCC test comment,2022,29
c52ad9c4efdb91ce274c65b1acdb350e439c7b2d,Tomas Vondra,2022-08-16 23:52:10+02:00,Fix assert in logicalmsg_desc,2022,29
90a4b64134ce0cb9a31cdceb49e265e8e2f88b56,Alvaro Herrera,2022-08-05 11:55:52+02:00,regress: fix test instability,2022,29
891624f0ec3b3d353269b0bfc7bc545333d6b4d5,Peter Eisentraut,2022-04-08 15:16:33+02:00,psql: Fix translation marking,2022,29
411b91360f2711e36782b68cd0c9bc6de44d3384,Michael Paquier,2022-03-27 18:22:22+09:00,Fix comment in execParallel.c,2022,29
506035b0b8323126823849483cee833e1de75330,Tatsuo Ishii,2022-03-02 08:28:12+09:00,Fix typo in pgbench messages.,2022,29
1613de8bc34b4977d0186b56ef5a00ef8058a74a,David Rowley,2022-11-08 10:54:04+13:00,Fix compiler warning on MSVC,2022,28
6971a839ccdf1131ddf1fa2fa405cba43cd68608,Amit Kapila,2022-09-21 09:43:59+05:30,Improve some error messages.,2022,28
7beda87b6a4e5eae66f06df313581f7f53cab813,John Naylor,2022-09-15 11:40:17+07:00,Fix grammar in error message,2022,28
52b5c53ae8ca63449788dea31d766895ba9c8553,Michael Paquier,2022-06-23 16:42:27+09:00,Fix typo in pg_publication.c,2022,28
5c431c7fb327e1abc70b7a197650f8d45fd5bede,Tom Lane,2022-04-08 14:22:47-04:00,Fix busted .gitignore entry.,2022,28
203942243c2a2da188db962f3384f1c607a462b5,Andrew Dunstan,2022-12-29 07:16:58-05:00,Fix oversight in 7a05425d96,2022,27
1054c604bcdbae5de42beab2f60da7b0067cd4bb,Michael Paquier,2022-10-15 12:22:29+09:00,Fix some comments in proc.h,2022,27
8a927e3cfc8f42141072b0a677678d76cec8a1db,Alvaro Herrera,2022-10-12 09:54:02+02:00,Fix outdated code reference,2022,27
bdf9b60085bca2dbb0af920d50f1a0917dda0cbb,Michael Paquier,2022-10-04 15:39:41+09:00,Fix comment in guc_tables.c,2022,27
cab3ce7a065b8ec04303d680a64bd9aa9bdd29db,Peter Eisentraut,2022-09-19 15:22:43-04:00,Fix icu tests with C locale,2022,27
1c3aa54502dd7d2ced0c4e51de40aa4d61bfc04c,Peter Eisentraut,2022-09-02 17:56:14+02:00,Fix PL/Perl build on Cygwin,2022,27
d16c99aa71047e3cd94dad85f9fa82a7d6f94eed,Daniel Gustafsson,2022-08-25 10:47:02+02:00,doc: Fix typo in GRANT docs,2022,27
d396606ebe9722baceabb156551169d83c85b8c8,Fujii Masao,2022-07-28 14:56:20+09:00,Fix comment in procarray.c.,2022,27
06cafd6f577ba251ac10d4f009fc3be424705a37,Michael Paquier,2022-04-26 14:24:13+09:00,Fix typo in pg_walinspect.c,2022,27
dafae9707ab7e7079ce1ba22cebda4557d0cbaf3,Thomas Munro,2022-04-08 13:43:37+12:00,Fix recovery_prefetch docs.,2022,27
a89850a57e0557bd3faab32398eb2d9536f6e2a4,Amit Kapila,2022-02-26 10:38:37+05:30,Fix typo in logicalfuncs.c.,2022,27
69639e2b5c12c6f1eafa9db1a6b7d16e6471ac61,Heikki Linnakangas,2022-02-20 18:33:50+02:00,Fix uninitialized variable.,2022,27
67a8cb5cbfffa9f104a5965a2152e5256dd2be2c,Alvaro Herrera,2022-01-04 13:21:23-03:00,Fix silly mistake in Assert,2022,27
8aa03f3caaed9dd438a20c3423daa43a44549d60,Michael Paquier,2022-11-29 08:53:01+09:00,Fix comment in snapbuild.c,2022,26
75b8d3de989eb88a5960c93cddd88caf5d245024,Tom Lane,2022-11-20 11:22:22-05:00,Fix long-obsolete comment.,2022,26
b4ddf3ee30bfb5b7da60411cabcf0589bdbd3f42,Peter Eisentraut,2022-08-25 06:35:16+02:00,pg_dump: Fix new ICU tests,2022,26
58b4f366c0c4b3a5d65269f01150e4ec04cb20a2,Peter Eisentraut,2022-07-13 09:15:01+02:00,Fix for make unportability,2022,26
82699edbfe75534b3b6f6f4321339a432b7b8ff2,Etsuro Fujita,2022-07-07 16:25:00+09:00,postgres_fdw: Fix grammar.,2022,26
23119d51a14c046dae35ae5e6ad9e35982d044fd,Peter Eisentraut,2022-03-25 08:56:02+01:00,Refactor DLSUFFIX handling,2022,26
c476f380e296bab57fecada1ea96c86d575bf160,Amit Kapila,2022-02-18 07:46:51+05:30,Fix a comment in worker.c.,2022,26
dbfa1022e4b63e71c4313f4d61a20ff97f2fb134,Amit Kapila,2022-01-11 10:50:18+05:30,Fix typo in rewriteheap.c.,2022,26
7a310338f4dd3195376477d502e93fba5f165769,Alvaro Herrera,2022-12-23 13:21:41+01:00,Fix event trigger example,2022,25
75f49221c22286104f032827359783aa5f4e6646,Peter Eisentraut,2022-12-15 10:10:32+01:00,Static assertions cleanup,2022,25
7188b9b0fdbb4dd99915626f171d820a56b98514,Robert Haas,2022-09-28 10:42:07-04:00,Fix bug in DROP OWNED BY.,2022,25
fdd8937c071e85e2b7606939fb28284f008e15d1,Michael Paquier,2022-09-17 15:39:55+09:00,Fix huge_pages on Windows,2022,25
503e3833ef240c94e114be8703046d52f24da021,Peter Eisentraut,2022-07-13 11:43:40+02:00,Remove useless assertions,2022,25
bbf7c2d9e932db873469cd9cecf0e05e39c1962d,Michael Paquier,2022-05-18 09:06:22+09:00,Fix typo in walreceiver.c,2022,25
fcdb35c32ac70a113c134a66daf9ba28523ff32b,Andrew Dunstan,2022-04-14 09:24:22-04:00,Fix transformJsonBehavior,2022,25
335fa5a26029d8040ebf332fda3f900cc9da23f2,Tom Lane,2022-02-12 13:23:20-05:00,Fix thinko in PQisBusy().,2022,25
361ec4368b1da252e031e2ee8bce366bce5f72b2,Andrew Dunstan,2022-12-25 04:36:58-05:00,Fix thinko in 720e0327bc,2022,24
bde60daa0ec9d0ee8dc79c0caa2c94d128527867,Thomas Munro,2022-07-20 16:09:50+12:00,Fix warnings on Windows.,2022,24
b55f62abb2c2e07dfae99e19a2b3d7ca9e58dc1a,Peter Eisentraut,2022-07-06 07:41:33+02:00,Unify DLSUFFIX on Darwin,2022,24
0a050ee000b6783ac4b78e9eadb47a4e72912672,Amit Kapila,2022-05-31 14:37:41+05:30,Fix typo in hash README.,2022,24
fcab82a2d79b4533cfdc8e8d5e00dbdf6830d63a,Michael Paquier,2022-05-14 08:27:59+09:00,Fix comment in pg_proc.c,2022,24
cf925936ecc031355cd56fbd392ec3180517a110,Peter Eisentraut,2022-01-17 13:59:46+01:00,Fix for new Boolean node,2022,24
ca86a63d207aca1f52ff13a1ce13854681d1bbf9,Michael Paquier,2022-01-17 16:03:12+09:00,Fix typo in pg_dumpall.c,2022,24
59346209a839dfc627dd7986af3a6a8349c7ea0f,Bruce Momjian,2022-12-16 12:15:54-05:00,C comment:  fix wording,2022,23
0fa41648d77f04d5ad3ed69ff3e3903bd1abf121,Andres Freund,2022-10-06 13:09:37-07:00,meson: Fix two comments,2022,23
c6a43c25a8ba1a825588f7af25a7173f2e66ce8d,John Naylor,2022-08-29 17:44:35+07:00,Fix broken cast on MSVC,2022,23
b2d5b4c6e09b2a505ced098d2cb1e7b015bfc50d,Robert Haas,2022-07-11 13:33:21-04:00,Fix mistake in comment.,2022,23
0147fc7c8c92ee22910f40b1740425f43382bc95,Michael Paquier,2022-02-10 10:45:14+09:00,Fix typo in multixact.c,2022,23
d14315084366584bffdca1e014cd44ee81408ceb,Peter Eisentraut,2022-01-18 16:53:41+01:00,Fix thinko in psql test,2022,23
5e9b1220599946621984ec95f1cb80989f7c76d6,Peter Eisentraut,2022-12-07 17:06:50+01:00,Fix FK comment think-o,2022,22
3d0c95bc8920f51f7d7685c622c9a75f59cf322f,Daniel Gustafsson,2022-11-17 13:17:19+01:00,Fix wording in comment,2022,22
cbe6dd17ac453fece214b2a430b354d4f7d5a15d,Etsuro Fujita,2022-09-22 15:55:00+09:00,Fix thinko in comment.,2022,22
d583036d68d6fe2fa7facd63eb6548583094fa96,Amit Kapila,2022-09-14 11:09:48+05:30,Fix typo in pgbench.c.,2022,22
9f08803828d7dc9691e773f5bec4eed21f5ff520,John Naylor,2022-08-04 16:09:15+07:00,Fix assorted doc typos,2022,22
81e3c83d988daa8fd763ec5104d540713832dd1a,Peter Eisentraut,2022-05-18 18:18:22+02:00,Fix markup in synopsis,2022,22
ad8759bea06d2a0cac033f5ba551011663d9e716,Michael Paquier,2022-03-25 14:11:18+09:00,Fix typos in standby.c,2022,22
aba2dbb3cf6283348a5f467b11820448fb4eaeb6,Daniel Gustafsson,2022-11-17 09:12:51+01:00,Fix typos in comments,2022,21
a9d58bfe8a3ae2254e1553ab76974feeaafa0133,Peter Eisentraut,2022-10-01 12:48:24+02:00,Fix tiny memory leaks,2022,21
c89b44a68d918e24335f2d132684c53dd16d0d2b,David Rowley,2022-09-06 15:59:15+12:00,Fix typo in 16d69ec29,2022,21
ac9c5dc5d4cc15e396b59ca66df25969e51a2a00,Tatsuo Ishii,2022-03-24 13:32:59+09:00,Fix pgbench TAP test.,2022,21
a8b02587a3c20997f8991878eb02ef475a343e1f,Etsuro Fujita,2022-08-26 16:55:00+09:00,Fix typo in comment.,2022,20
59be1c942a47f6c8a4c47d242200fbbf4be59b88,Alvaro Herrera,2022-07-29 12:50:47+02:00,Fix test instability,2022,20
59a32f00937c85fe944cf1fac3e8b98d091e2bc6,Michael Paquier,2022-05-06 20:01:15+09:00,Fix typo in origin.c,2022,20
d89f97e83efed4b2ac0a1803a1b6813c8277de73,Etsuro Fujita,2022-05-02 16:45:00+09:00,Fix typo in comment.,2022,20
f505bec711f602c6bd08a88e8ad894b611e7e8a1,Etsuro Fujita,2022-03-30 19:00:00+09:00,Fix typo in comment.,2022,20
8af36427d4cc783a9efe8781889ea0936f1d48dd,Thomas Munro,2022-03-28 16:26:32+13:00,Fix pg_waldump docs.,2022,20
eabcfd99ed27e5d21fee91fc7007678589081f58,Etsuro Fujita,2022-01-28 15:45:00+09:00,Fix typo in comment.,2022,20
af6284a666742d6932bae2e93f9eef156274a92e,Peter Eisentraut,2022-12-19 21:08:28+01:00,Fix typo in comment,2022,19
4b4663fb4a704b7a145ed6ec018b1f0c116eeb6b,Alvaro Herrera,2022-09-07 17:33:49+02:00,Message style fixes,2022,19
02ac05b4c0229bd662b3afa07f370df0a5cbdb54,Michael Paquier,2022-11-26 10:14:18+09:00,Fix typo in hba.c,2022,17
e1df03b80d51e093fddb2d554c9a81a28dae568c,Alvaro Herrera,2022-07-13 12:58:56+02:00,Plug memory leak,2022,16
c842736006b1ca6f719f2fd2bd07f8edae42f684,Peter Eisentraut,2022-07-09 09:44:09+02:00,Fix vpath build,2022,15
ed1d3132d27503cbae0198b2da172b17c0d4f86b,Joe Conway,2022-11-19 17:55:52-05:00,Fix catversion,2022,14
db0e5bf2b2da17c7e1c0beec04011d53388458bc,Peter Eisentraut,2022-10-05 15:06:43+02:00,Fix whitespace,2022,14
a6f12520bed073d1d548a691e85d7f5371cc4ed4,Peter Eisentraut,2022-05-06 09:07:14+02:00,doc: Fix typos,2022,14
80c877271a61bd11d6a2ff9a37f1f414a1b082ab,Peter Eisentraut,2022-04-09 16:17:41+02:00,Fix whitespace,2022,14
a23417790631e50f54bdcf5e40bf84e2dbd1c34b,Amit Kapila,2022-09-19 14:21:39+05:30,Fix typos.,2022,10
b5bbaf08ed8bbc45d396c3383fc89331c914b857,Alvaro Herrera,2022-12-06 16:08:30+01:00,Fix typo,2022,8
83eccb85625fce8f63ee2cd4fc60d72de4008d90,Alvaro Herrera,2022-11-18 12:53:49+01:00,Fix typo,2022,8
69872d0bbe64fcd67c4fb4c61e5c7bf6a3443a47,Magnus Hagander,2022-01-02 17:06:32+01:00,Fix typo,2022,8
54ccfd65868c013a8c6906bc894bc5ea3640740a,Amit Kapila,2023-09-27 14:32:51+05:30,Fix the misuse of origin filter across multiple pg_logical_slot_get_changes() calls.,2023,84
e8e1f96c497bda50ec02ed7360a6ed56c5f70f60,Michael Paquier,2023-03-22 07:51:16+09:00,Fix make maintainer-clean with queryjumblefuncs.*.c files in src/backend/nodes/,2023,79
605994651b6a4209b418cb09d3c223ca269f7cfc,Michael Paquier,2023-05-10 11:24:30+09:00,Fix assertion failure when updating stats_fetch_consistency in a transaction,2023,76
3d144c6c86025272e1711539f5fafb6fb85c4feb,Amit Kapila,2023-05-09 09:28:06+05:30,Fix invalid memory access during the shutdown of the parallel apply worker.,2023,75
019f8624664dbf1e25e2bd721c7e99822812d109,Michael Paquier,2023-03-01 08:38:43+09:00,doc: Fix description of pg_get_wal_stats_till_end_of_wal() in pg_walinspect,2023,75
f73fa5a470b4cf850ad404b63c3e352d179d40b0,Tom Lane,2023-09-18 14:28:17-04:00,Don't crash if cursor_to_xmlschema is used on a non-data-returning Portal.,2023,74
21d7c05a5cf7637cbdf2739006936bb9d279d505,Andres Freund,2023-04-07 01:02:46-07:00,Fix copy-paste bug in 12f3867f553 triggering an assert after a write error,2023,74
d43bd090a8fee81fe88eb1e9e15e30d30ee130ed,Michael Paquier,2023-12-07 14:27:54+09:00,Improve some error messages with invalid indexes for REINDEX CONCURRENTLY,2023,73
bd5ddbe8666a11e34ba77e4c1788c4832dcd9a50,Michael Paquier,2023-07-10 09:40:07+09:00,Fix ALTER EXTENSION SET SCHEMA with objects outside an extension's schema,2023,73
558cf803876874c55d637a1e87417fa1c670efe1,Andres Freund,2023-03-30 10:26:10-07:00,"bufmgr: Fix undefined behaviour with, unrealistically, large temp_buffers",2023,73
9244c11afe23bce9358de3d36404151139e968d9,Michael Paquier,2023-02-15 10:12:16+09:00,Fix handling of SCRAM-SHA-256's channel binding with RSA-PSS certificates,2023,73
20847013642127e75ee4fe3ddb8228a1fb4b652f,Michael Paquier,2023-12-19 18:19:05+09:00,pageinspect: Fix failure with hash_bitmap_info() for partitioned indexes,2023,72
01eca6a913c4997c17e1569898f14cf611bff647,Michael Paquier,2023-11-27 09:40:44+09:00,Fix race condition with BIO methods initialization in libpq with threads,2023,72
f062cddafe6b3dcb6d090111c7cd4afa0c7fa4b3,Amit Kapila,2023-09-13 09:34:30+05:30,Fix the ALTER SUBSCRIPTION to reflect the change in run_as_owner option.,2023,72
5df319f3d55d09fadb4f7e4b58c5b476a3aeceb4,Andres Freund,2023-03-22 09:20:34-07:00,Fix memory leak and inefficiency in CREATE DATABASE ... STRATEGY WAL_LOG,2023,72
a8dd62ef4959141e410278fd68b3d1821e0bbbaa,Michael Paquier,2023-12-19 15:20:39+09:00,pgstattuple: Fix failure with pgstathashindex() for partitioned indexes,2023,71
ec63622c03ff7be36d32c08aaa7d853856451488,Alexander Korotkov,2023-11-04 03:30:18+02:00,Fix usage of the parse tree for estimate_num_groups() in set operations,2023,71
c181f2e2bcecc2704c6461a0543894a38d7143df,Heikki Linnakangas,2023-09-30 17:03:50+03:00,Fix briefly showing old progress stats for ANALYZE on inherited tables.,2023,71
2fcc7ee7affe2fb708d7b2727e93981216b5d2f8,Jeff Davis,2023-06-10 08:11:41-07:00,"Revert ""Fix search_path to a safe value during maintenance operations.""",2023,71
acc5821e4dcb6b7df6ad1f806459f95fcaebadfc,Tom Lane,2023-02-10 13:31:00-05:00,Further fixes in qual nullingrel adjustment for outer join commutation.,2023,71
f99dd98242d41fd33a93c913430cc431b7baa8e2,Masahiko Sawada,2023-11-30 10:14:17+09:00,Fix BackgroundPsql's set_query_timer_restart() issue without argument.,2023,70
f483b209056b4181eb33b97cd6a30910a73c0f87,Michael Paquier,2023-10-10 09:04:28+09:00,worker_spi: Fix another stability issue with BGWORKER_BYPASS_ALLOWCONN,2023,70
63956bed7b10fb3bb5fe3f74250a33c9e226a921,Peter Eisentraut,2023-08-29 15:19:56+02:00,Rename logical_replication_mode to debug_logical_replication_streaming,2023,70
97ff8dd02ca788020021cdafb85d77d4fd3f3125,Michael Paquier,2023-07-21 12:07:52+09:00,Fix worker_spi when launching workers without shared_preload_libraries,2023,70
70b42f2790292cc30aa07563f343f7ba6749af01,Tom Lane,2023-05-19 14:26:40-04:00,Fix misbehavior of EvalPlanQual checks with multiple result relations.,2023,70
a8a00124f1ddb9c8506ff75317f6dd64cc480e61,Tom Lane,2023-04-03 10:18:38-04:00,"When using valgrind, log the current query after an error is detected.",2023,70
5b3c5953553bb9fb0b171abc6041e7c7e9ca5b4d,Tom Lane,2023-03-16 14:18:33-04:00,"Tighten error checks in datetime input, and remove bogus ""ISO"" format.",2023,70
be504a3e974d75be6f95c8f9b7367126034f2d12,Andres Freund,2023-03-07 21:52:32-08:00,Fix corruption due to vacuum_defer_cleanup_age underflowing 64bit xids,2023,70
e7a59094b36a49df057b040611314c9a0b726d05,Dean Rasheed,2023-01-06 11:18:44+00:00,Fix tab completion of ALTER FUNCTION/PROCEDURE/ROUTINE ... SET SCHEMA.,2023,70
059de3ca4766012743b4ff7c8e7193abb71f7189,Tom Lane,2023-12-26 17:57:48-05:00,Fix failure to verify PGC_[SU_]BACKEND GUCs in pg_file_settings view.,2023,69
b589f211e025eb66f7c9e5a0b0cc23cc6fff3605,Alexander Korotkov,2023-11-30 11:34:45+02:00,Fix warning due non-standard inline declaration in 4ed8f0913bfdb5f355,2023,69
36f5594c0fe694600c07c803324b51fcfbea4079,Tom Lane,2023-11-09 15:46:16-05:00,Fix computation of varnullingrels when const-folding field selection.,2023,69
5daa50f962bd06e49af690efc2a8a27fdd37fb7d,Peter Eisentraut,2023-09-29 10:59:46+02:00,"Revert ""pg_resetwal: Improve error with wrong/missing data directory""",2023,69
3ef18a90bdeaeb7895b16431b0bb0023265c1df4,Michael Paquier,2023-09-29 10:34:04+09:00,doc: Fix descriptions related to the handling of non-ASCII characters,2023,69
555b929bbe7bd2f228e804d2c5bf4a246a319358,Tom Lane,2023-06-21 11:07:24-04:00,Avoid Assert failure when processing empty statement in aborted xact.,2023,69
df38157d94662a64e2f83aa8a0110fd1ee7c4776,Tom Lane,2023-04-27 11:55:06-04:00,"In hstore_plpython, avoid crashing when return value isn't a mapping.",2023,69
9c487efe355692a4a219df1a1e5330ac02079bf8,Robert Haas,2023-03-30 12:06:34-04:00,Fix documentation build for c3afe8cf5a1e465bd71e48e4bc717f5bfdc7a7d6.,2023,69
e643a315fc58deae20877e2e69358c95087fa09a,Michael Paquier,2023-03-16 13:24:12+09:00,Tweak regression test of pg_walinspect to be less collation-sensitive,2023,69
e0a09d4e354c9636c2b775c6f02e749236c78acf,Michael Paquier,2023-03-13 16:36:20+09:00,Fix inconsistent error handling for GSS encryption in PQconnectPoll(),2023,69
4f5d461e048b9c56fe2fa8c7faf7010eed05ba82,Andres Freund,2023-03-11 14:12:52-08:00,amcheck: Fix FullTransactionIdFromXidAndCtx() for xids before epoch 0,2023,69
4fc53819a45fe6e7233a69bb279557b2070dcc40,Andres Freund,2023-02-23 19:34:25-08:00,meson: windows: Fix tmp_install + prefix computation with meson 1.0.1,2023,69
739f1d6218f5ce1e0243127ab23f431a7d07977c,Tom Lane,2023-02-23 11:05:58-05:00,Fix mis-handling of outer join quals generated by EquivalenceClasses.,2023,69
8a8661828ae14e4d3b6beac5e8d8b37bd4e79004,Michael Paquier,2023-02-22 10:14:52+09:00,Fix corruption of templates after CREATE DATABASE .. STRATEGY WAL_LOG,2023,69
3a28d78089289794fda86cdbd275fc4756c6c6aa,Tom Lane,2023-01-26 17:09:12-05:00,Improve TimestampDifferenceMilliseconds to cope with overflow sanely.,2023,69
47f01d727e3a271bbff7d2f9db838e81d27bd495,Robert Haas,2023-12-19 15:00:23-05:00,Fix brown paper bag bug in 5c47c6546c413d5eb51c1626070a807026e6139d.,2023,68
2f30226624b0645913ea832c15b10b0de43bc7c4,Michael Paquier,2023-11-22 09:32:06+09:00,Fix query checking consistency of table amhandlers in opr_sanity.sql,2023,68
e0693faf797f997f45bee8e572e8b4288cc7eaeb,David Rowley,2023-04-14 16:20:27+12:00,Fix incorrect partition pruning logic for boolean partitioned tables,2023,68
c7dc56bd6b36b4d6b3c6cc1bb4735f7777272ca3,Michael Paquier,2023-04-14 13:08:02+09:00,doc: Fix some grammar for logical decoding description and functions,2023,68
a923e21631a29dc8b8781d7d02b5003d0df64ca3,Michael Paquier,2023-04-12 09:09:38+09:00,Fix detection of unseekable files for fseek() and ftello() with MSVC,2023,68
819b69a81d307e2ad8e9752cf062ebb57813960d,Andres Freund,2023-04-05 10:42:17-07:00,bufmgr: Add some more error checking [infrastructure] around pinning,2023,68
4766eef3174b0b1bd8d2428381a7a33813386a6a,Tom Lane,2023-04-05 12:56:32-04:00,Fix another issue with ENABLE/DISABLE TRIGGER on partitioned tables.,2023,68
f34a89353156ada8c75963b8089df11a493512cd,Tom Lane,2023-03-25 13:22:59-04:00,"Doc: fix another ""contents...exceed the available area"" PDF warning.",2023,68
a7d71c41dbd691ac86cc47114dab9db4b31f27ad,Dean Rasheed,2023-02-25 14:41:12+00:00,Fix mishandling of OLD/NEW references in subqueries in rule actions.,2023,68
1a943d03d60e6a45036c77ca31d02ebd6e3ee169,Michael Paquier,2023-02-22 10:55:14+09:00,doc: Add missing values for meson options -Dcassert and -Db_coverage,2023,68
49c2c5fcb1e1e4311f08687f78dd9121330ae637,Andres Freund,2023-02-08 18:19:36-08:00,"Fix bugs in GetSafeSnapshotBlockingPids(), introduced in 96003717645",2023,68
71c37797d7bd78266146a5829ab62b3687c47295,Michael Paquier,2023-02-06 11:20:07+09:00,Properly NULL-terminate GSS receive buffer on error packet reception,2023,68
231ff70f98e389dd510db86d3971b87e92c65d39,Michael Paquier,2023-12-26 18:54:36+09:00,Fix some translatable strings in pg_basebackup and pg_combinebackup,2023,67
dbd44ea30c5c742d761ec91f5612e92dfb1d8253,Michael Paquier,2023-09-26 08:16:12+09:00,"doc: Tell about ""vcregress taptest"" for regression tests on Windows",2023,67
f19669fed3efe872425c80d4b1f45bf59267b7ea,Michael Paquier,2023-09-25 09:31:48+09:00,unaccent: Fix allocation size for target characters on initial load,2023,67
b8d3dae00f6c49d0c41abd5b36e2588a81abe5be,Tom Lane,2023-07-14 10:35:49-04:00,Improve error message for MaxAllocSize overrun in accumArrayResult.,2023,67
6e723f6d7b3642ef9457b8eddd27ebb616d7a7e9,Noah Misch,2023-06-12 07:40:39-07:00,src/tools/msvc: Move all.sym temporary file back to Debug/postgres.,2023,67
c5b7f67fcc8c4a01c82660eb0996a3c697fac283,Amit Kapila,2023-05-09 14:25:33+05:30,Fix the race condition in the test case added by commit a6e04b1d20.,2023,67
b124104e73c0e91714969e1ae24d661264c76b96,Tom Lane,2023-04-18 13:31:46-04:00,Fix Utils.pm's locale-munging so that Perl itself is also affected.,2023,67
029dea882a7aa34f46732473eed7c917505e6481,Tom Lane,2023-04-06 15:52:44-04:00,Fix ts_headline() edge cases for empty query and empty search text.,2023,67
1d477a907e63941b58508136f92ac0b5058b68ab,Michael Paquier,2023-04-06 09:29:03+09:00,Fix row tracking in pg_stat_statements with extended query protocol,2023,67
25a7812cd0867043ec0a045c41e6bd3981d69bc4,Tom Lane,2023-03-13 15:19:00-04:00,Fix JSON error reporting for many cases of erroneous string values.,2023,67
44e56baa80ff5fba150897308c8f25aa2251b16c,Tom Lane,2023-02-10 14:52:36-05:00,Fix join removal logic to clean up sub-RestrictInfos of OR clauses.,2023,67
76db9cb6368eb553ec334fe05e1258f2439bf07f,Tom Lane,2023-11-08 12:01:28-05:00,Fix some issues with tracking nesting level in pg_stat_statements.,2023,66
a956bd3fa9d937689db24620002c78221eaffddd,Michael Paquier,2023-10-03 15:37:00+09:00,Avoid memory size overflow when allocating backend activity buffer,2023,66
441ee1677e6b580794c81943a937cd84363672f3,Tom Lane,2023-04-24 14:19:46-04:00,Fix memory leakage in plpgsql DO blocks that use cast expressions.,2023,66
88ceac5d77f4ffb31f1e2d3df23d37e569ad5ff4,Tom Lane,2023-04-12 10:46:38-04:00,Fix parallel-safety marking when moving initplans to another node.,2023,66
8e5eef50c5b41fd39ad60365c9c1b46782f881ca,Tom Lane,2023-03-29 11:31:30-04:00,Fix dereference of dangling pointer in GiST index buffering build.,2023,66
b8da37b3ada2e547983538b3e49f8079f85ce120,Michael Paquier,2023-02-28 08:04:13+09:00,"Rework pg_input_error_message(), now renamed pg_input_error_info()",2023,66
f0d0394e84ceeda6f22eb3fdb89bd8adbfc13985,Tom Lane,2023-02-20 16:55:59-05:00,Fix parsing of ISO-8601 interval fields with exponential notation.,2023,66
f50f029c497da35927491f16964f7aa993ecbae5,Tom Lane,2023-02-13 11:45:32-05:00,Fix thinkos in have_unsafe_outer_join_ref; reduce to Assert check.,2023,66
b2d0e13a0a4c31167d01e9871f907060c80b8fae,Tom Lane,2023-02-05 14:25:10-05:00,Fix over-optimistic updating of info about commutable outer joins.,2023,66
0e3e8fbd3a8b1660b02a5bb032dc1f50e1d66b19,Dean Rasheed,2023-11-09 09:50:23+00:00,Fix corner-case 64-bit integer subtraction bug on some platforms.,2023,65
00d7fb5e2e39198387ae00af8dd18b787b6a4d63,Jeff Davis,2023-10-23 17:17:46-07:00,Assert that buffers are marked dirty before XLogRegisterBuffer().,2023,65
28d3c2ddcf91395920da17646a16367b6de1a93a,Heikki Linnakangas,2023-09-26 14:14:49+03:00,Fix another bug in parent page splitting during GiST index build.,2023,65
48e2b234f822ea1610826be4526bb56ca4734dbe,Tom Lane,2023-09-21 23:11:30-04:00,Fix COMMIT/ROLLBACK AND CHAIN in the presence of subtransactions.,2023,65
e5975c2daad0327b9faa6b62bcfbf173680d14b9,Michael Paquier,2023-09-20 13:36:54+09:00,doc: Fix description of BUFFER_USAGE_LIMIT for VACUUM and ANALYZE,2023,65
4f3514f201cf007a3e0c0abbf21b70a711269ab0,Peter Eisentraut,2023-08-24 22:25:49+12:00,Rename hook functions for debug_io_direct to match variable name.,2023,65
97d89101045fac8cb36f4ef6c08526ea0841a596,Michael Paquier,2023-06-30 07:49:01+09:00,Fix pg_depend entry to AMs after ALTER TABLE .. SET ACCESS METHOD,2023,65
63e4f13d2a78124c798165814a679b0534db87a5,Tom Lane,2023-06-13 18:01:33-04:00,"Fix ""wrong varnullingrels"" for Memoize's lateral references, too.",2023,65
21e6bf4ddd045bc718c99ae551f25957ae91cb4d,Alvaro Herrera,2023-04-12 20:22:17+02:00,"Revert ""Adjust contrib/sepgsql regression test expected outputs.""",2023,65
27f5c712b2c57d1c676fbf110705ac881057b57e,Tom Lane,2023-03-25 15:34:03-04:00,Fix CREATE INDEX progress reporting for multi-level partitioning.,2023,65
eb7d043c9bbadb75a87385113c578f1b30e9d195,David Rowley,2023-03-17 15:49:53+13:00,Fix incorrect logic for determining safe WindowAgg run conditions,2023,65
30dbdbe75384bcb034172c781b24bc982434a967,Tom Lane,2023-03-13 12:40:28-04:00,Fix failure to detect some cases of improperly-nested aggregates.,2023,65
7b14e20b12cc8358cad9bdd05dd6b7de7f73c431,Dean Rasheed,2023-03-13 11:12:20+00:00,Fix MERGE command tag for actions blocked by BEFORE ROW triggers.,2023,65
8427ce4c379ee3774b8a9aca13ca7f4bfb76ba85,Michael Paquier,2023-02-21 20:01:43+09:00,Fix handling of escape sequences in postgres_fdw.application_name,2023,65
de2aca288569fd0cabb425c0858e92e2c8c938cb,Michael Paquier,2023-02-20 10:16:51+09:00,Expand regression tests of pg_stat_statements for utility queries,2023,65
6c1d5ba4867828b387799a291cea9aaee2a8e3fc,Robert Haas,2023-01-20 15:23:04-05:00,Update docs and error message for superuser_reserved_connections.,2023,65
5a617d75d3b31414f378dd764a11db1a08fa79bb,Tom Lane,2023-01-19 16:21:44-05:00,Fix ts_headline() to handle ORs and phrase queries more honestly.,2023,65
a0ff37173d7d412d53bc299fc611068be3bc7060,Dean Rasheed,2023-12-21 12:55:22+00:00,Fix BEFORE ROW trigger handling in cross-partition MERGE update.,2023,64
c8bc807cf8bc741c83bc74553326856affee5a4f,Amit Kapila,2023-12-19 09:53:33+05:30,pgoutput: Raise an error for missing protocol version parameter.,2023,64
a4f7d33a904fcd4da7a12d249416dd2c5c5f2c1c,Dean Rasheed,2023-11-09 11:23:42+00:00,Fix AFTER ROW trigger execution in MERGE cross-partition update.,2023,64
4922173010f102a7d56af7c97bd303b95b3f6eff,Michael Paquier,2023-10-16 13:45:39+09:00,worker_spi: Fix test failure with BGWORKER_BYPASS_ROLELOGINCHECK,2023,64
47ab5d2e2ec762c9a07b4e07f0207b8230a489c1,Alexander Korotkov,2023-10-16 04:01:45+03:00,Fix role names in src/test/authentication/t/005_login_trigger.pl,2023,64
06c0c36884a5c9ced6d6a90f8b47540464b28e3a,Tom Lane,2023-10-02 13:27:58-04:00,Fix omission of column-level privileges in selective pg_restore.,2023,64
78a33bba4c634afc3c67dddeb359b5ce872a0b04,Michael Paquier,2023-09-19 10:19:50+09:00,"Improve error message for snapshot import in snapmgr.c, take two",2023,64
b8f44a47794588329cec280ee16eb0be17e1816e,Michael Paquier,2023-09-14 08:35:02+09:00,Refactor error messages for unsupported providers in pg_locale.c,2023,64
9945750ae0e3b602e7d388b9370213cd22164b21,Peter Eisentraut,2023-07-03 10:35:48+02:00,cirrus/freebsd: define ENFORCE_REGRESSION_TEST_NAME_RESTRICTIONS,2023,64
0655c03ef9cc6154b0b209059e758863dcf4e6b0,Tom Lane,2023-06-20 10:22:52-04:00,Centralize fixups for mismatched nullingrels in nestloop params.,2023,64
4dadd660f0719206ce3914d4ad9b6aad69d6db6e,Michael Paquier,2023-04-28 19:29:12+09:00,Fix crashes with CREATE SCHEMA AUTHORIZATION and schema elements,2023,64
5ec69b71f17c353b27754deb8d94bb1f5cf7a029,Andres Freund,2023-04-12 11:00:37-07:00,Improve error messages introduced in be87200efd9 and 0fdab27ad68,2023,64
208bf364a9cc80cc586d060726d076ba7d0c8dec,Peter Eisentraut,2023-03-13 10:53:28+01:00,Remove incidental md5() function uses from main regression tests,2023,64
9a714b9d6ec0a562bc9242ec17122321cd174588,Michael Paquier,2023-03-07 08:58:13+09:00,Improve cleanup phases in regression tests of pg_stat_statements,2023,64
87f3667ec079c4acc2c87be51bf41e54d0b6f698,Tom Lane,2023-02-25 14:44:14-05:00,"Fix MULTIEXPR_SUBLINK with partitioned target tables, yet again.",2023,64
a243569bf65c5664436e8f63d870b7ee9c014dcb,Michael Paquier,2023-11-30 14:19:29+09:00,doc: Mention how to use quotes with GUC names in error messages,2023,63
10a59925a378bd67aa3834c842dad19de9c5e4c0,Heikki Linnakangas,2023-11-28 14:15:14+02:00,Fix comment about ressortgrouprefs being unique in setop plans.,2023,63
60f227316c0ebf5f4f8296f11cedc9360e9cb8ae,Heikki Linnakangas,2023-11-28 12:00:14+02:00,Fix assertions with RI triggers in heap_update and heap_delete.,2023,63
823eb3db1c50a6b8a89ebedc1db96b14de140183,Andres Freund,2023-11-17 16:29:48-08:00,meson: Fix missing dependency from install-quiet to sepgsql.sql,2023,63
387f9ed0a0832760a709d27abd630002903e3459,Tom Lane,2023-10-24 14:48:33-04:00,Fix problems when a plain-inheritance parent table is excluded.,2023,63
bc6041b61f6678d32a5cfb70744653cd8f8d01c0,Tatsuo Ishii,2023-08-30 15:56:22+09:00,Fix code indentation vioaltion introduced in commit 3c662643c4.,2023,63
bd88404d3cda53810e0b0144713c4b1a1dd965a8,Masahiko Sawada,2023-07-26 14:41:26+09:00,Fix crash with RemoveFromWaitQueue() when detecting a deadlock.,2023,63
62e9af4c63fbd36fb9af8450fb44bece76d7766f,Amit Kapila,2023-07-25 12:35:58+05:30,Fix code indentation vioaltion introduced in commit d38ad8e31d.,2023,63
69a674a170058e63e8178aec8a36a673efce8801,Amit Kapila,2023-07-06 11:49:18+05:30,Fix code indentation vioaltion introduced in commit cc32ec24fd.,2023,63
a734caa25f79b7bfa423dd97162e5ecf14d1feb5,Amit Kapila,2023-06-21 10:36:09+05:30,Fix the errhint message and docs for drop subscription failure.,2023,63
503b0556d96f2c8df6ed91c5a8cf11b23f37ce6d,Bruce Momjian,2023-05-27 23:04:48-04:00,"doc:  PG 16 relnotes, fix ""locale"" typo and windows locale text",2023,63
867be9c0738bef591544d39985f886b7d8e99bf0,Tom Lane,2023-05-17 11:14:04-04:00,Convert nullingrels match checks from Asserts to test-and-elog.,2023,63
ab73291d263049f00a394b37940ed197616fc3f8,Noah Misch,2023-04-02 09:31:10-07:00,Fix copy-pasto in contrib/auth_delay/meson.build variable name.,2023,63
2333803d84ddabedc5ec5940a180245b4d4dfcca,Tom Lane,2023-03-16 12:04:08-04:00,"Use ""data directory"" not ""current directory"" in error messages.",2023,63
1925ac281a238fab50e208548f98daffdaaa0896,Tom Lane,2023-03-11 12:15:41-05:00,Fix misbehavior in contrib/pg_trgm with an unsatisfiable regex.,2023,63
0d3b49d4af7509032c847bfc956aac98d30644bf,Dean Rasheed,2023-02-22 10:51:34+00:00,Fix Assert failure for MERGE into a partitioned table with RLS.,2023,63
c06caa0d622b21c617d10504d1c1a39dbd2d3f1e,Amit Kapila,2023-01-09 14:04:14+05:30,Fix the file mode of worker.c changed by the commit 216a784829.,2023,63
a9f19c1349c22819038842a0debba2c86b4832b8,Michael Paquier,2023-11-12 10:06:51+09:00,Fix inconsistencies for queries on pg_class in type_sanity.sql,2023,62
22655aa23132a0645fdcdce4b233a1fff0c0cf8f,Andres Freund,2023-10-13 19:16:44-07:00,Fix bulk table extension when copying into multiple partitions,2023,62
dab5538f0bfc4cca76396f5d510e2df6f5350d4c,David Rowley,2023-10-12 21:15:28+13:00,Doc: fix grammatical errors for enable_partitionwise_aggregate,2023,62
5d8aa8bcedae7376bd97e79052d606db4e4f8dd4,Tom Lane,2023-10-11 12:51:38-04:00,Fix missed optimization in relation_excluded_by_constraints().,2023,62
5cfba1ad69c6d43184645419476f6cc62e5dd3c5,David Rowley,2023-09-21 17:47:20+12:00,Fix vacuumdb to pass buffer-usage-limit with analyze-only mode,2023,62
be022908cfe2959dbb17c10475deeb492b8e6944,Michael Paquier,2023-09-14 16:00:01+09:00,"Revert ""Improve error message on snapshot import in snapmgr.c""",2023,62
6fde2d9a005a5bc04aa059d3faeb865c8dd322ce,Michael Paquier,2023-08-21 13:32:14+09:00,Fix pg_stat_reset_single_table_counters() for shared relations,2023,62
89be0b89ae60c63856fd26d82a104781540e2312,Etsuro Fujita,2023-08-15 17:45:00+09:00,Fix code indentation vioaltion introduced in commit 9e9931d2b.,2023,62
f05b1fa1ff5b2133d636a427d00fe85eedad49b3,Michael Paquier,2023-08-08 08:17:53+09:00,doc: Fix incorrect entries generated from wait_event_names.txt,2023,62
f6a84546b1a0ae43c00a7f351bc45fbde342466a,Michael Paquier,2023-07-27 10:55:16+09:00,Add sanity asserts for index OID and attnums during cache init,2023,62
bc8e9a6a25e1674d49b977c1d3fc80e7c22f5b30,Michael Paquier,2023-06-29 09:17:26+09:00,pg_stat_statements: Fix second comment related to entry resets,2023,62
3e8da50244a8de69317babcfdb048172cf30f14c,Michael Paquier,2023-06-12 12:19:46+09:00,Fix instability in regression test for Parallel Hash Full Join,2023,62
05e17373517114167d002494e004fa0aa32d1fd1,Jeff Davis,2023-06-09 11:20:47-07:00,Fix search_path to a safe value during maintenance operations.,2023,62
fb5a7d84d23fa2e1f26334453948a01e8e59eee3,Peter Eisentraut,2023-06-07 17:55:46+02:00,doc: Fix confusing positioning of notes in connection settings,2023,62
9df8f903eb6758be5a19e66cdf77e922e9329c31,Tom Lane,2023-05-17 11:14:04-04:00,Fix some issues with improper placement of outer join clauses.,2023,62
f18029084784ec71a2e825cfcfd81b06d597ab93,Michael Paquier,2023-04-18 11:20:41+09:00,ecpg: Fix handling of strings in ORACLE compat code with SQLDA,2023,62
d73c285af5c29a0b486643b77350bc23fbb6114c,Amit Kapila,2023-04-08 09:42:50+05:30,Doc: Fix the datatype of the newly added SUBSCRIPTION options.,2023,62
e88754a1965c0f40a723e6e46d670cacda9e19bd,Robert Haas,2023-03-24 10:56:10-04:00,amcheck: Fix verify_heapam for tuples where xmin or xmax is 0.,2023,62
c75a623304bc361b4456f916d455ea175ffd8055,Tom Lane,2023-03-22 17:14:21-04:00,Fix new test case to work on (some?) big-endian architectures.,2023,62
78be04e4c672a3ffb9c92dbb172dbd16edce8941,Andres Freund,2023-02-22 14:30:39-08:00,Add static assertion ensuring sizeof(ExprEvalStep) <= 64 bytes,2023,62
a75ff55c83342656266deb1890bcdd27466333ea,Tom Lane,2023-02-22 12:39:11-05:00,Fix some issues with wrong placement of pseudo-constant quals.,2023,62
d7c4830abb1867ca4fb83add2a5fac558f778b6a,Michael Paquier,2023-01-25 20:00:36+09:00,doc: Fix network_ops -> inet_ops in SpGiST operator class list,2023,62
3f7836ff651ad710fef52fa87b248ecdfc6468dc,Tom Lane,2023-01-05 14:12:17-05:00,Fix calculation of which GENERATED columns need to be updated.,2023,62
3f1fd416316cbb66de61ac1ac34839f025b0b242,Tom Lane,2023-12-27 13:05:19-05:00,Fix another incorrect data type choice from commit dc2123400.,2023,61
98c6231d198a98b1c5ec9d400cd5593752fa9de9,Tom Lane,2023-12-27 11:02:53-05:00,Fix incorrect data type choices in some read and write calls.,2023,61
64e77b496af61ee31189ba69b40e785e11e9967f,Michael Paquier,2023-12-24 11:49:14+09:00,pgbench: Fix overflow in table populating when rows >= 2^31-1,2023,61
e61a82c949353d9684d037a9a404fbb26b651535,Bruce Momjian,2023-11-13 14:44:39-05:00,Adjust file_fdw regression tests for acc95f29ef FREEZE commit,2023,61
18b585155a891784ca8985f595ebc0dde94e0d43,Tom Lane,2023-11-06 10:56:43-05:00,Detect integer overflow while computing new array dimensions.,2023,61
bf227926d22b5cffba4b6724df0eb239a7037cbd,Michael Paquier,2023-07-30 15:26:25+09:00,Fix pg_rewind with in-place tablespaces when source is remote,2023,61
44e73a498c5f3ad7e39dc70821c2d8316d3207f2,Michael Paquier,2023-07-04 08:05:00+09:00,Fix regression tests of unaccent to work without UTF8 support,2023,61
cfc43aeb3810ebaa8dbda4807046a4c953d9e992,Michael Paquier,2023-06-30 13:54:48+09:00,Fix marking of indisvalid for partitioned indexes at creation,2023,61
3af87736bf5d5c7bea086d962afc2bbf4f29279a,Tom Lane,2023-06-20 11:09:56-04:00,"Fix another cause of ""wrong varnullingrels"" planner failures.",2023,61
378d73ef204d0dcbeab834d52478e8cb90578ab7,Fujii Masao,2023-06-08 20:12:51+09:00,doc: Fix example command for ALTER FOREIGN TABLE ... OPTIONS.,2023,61
01610747867ff26ca62d099e83e62d97730c40c1,Tom Lane,2023-06-04 13:05:54-04:00,Fix pg_dump's failure to honor dependencies of SQL functions.,2023,61
44e977d7ecb915d1181007e700f2da31acb6ea4c,Michael Paquier,2023-05-16 16:51:44+09:00,doc: Fix ordering of entries in wait event table for I/O type,2023,61
58f5edf849900bc248b7c909ca17da7287306c41,Michael Paquier,2023-05-05 21:25:44+09:00,Fix typo with wait event for SLRU buffer of commit timestamps,2023,61
a88a18b1250b9e6b40536e4dec04d32d655b8140,Andres Freund,2023-04-01 18:00:19-07:00,Assert only valid flag bits are passed to visibilitymap_set(),2023,61
009eeee746825090ec7194321a3db4b298d6571e,Heikki Linnakangas,2023-02-23 15:22:53+02:00,pg_rewind: Fix determining TLI when server was just promoted.,2023,61
a0fa18cc0d6e4dc3dc24b57ae11253356c55d6c4,Tom Lane,2023-02-16 18:51:55-05:00,Fix check for child column generation status matching parent.,2023,61
5632d6e18a8afd586a99f680eddddc38b4ead769,Heikki Linnakangas,2023-12-30 22:18:54+02:00,"Don't send ""cannot connect"" errors on invalid startup packet",2023,60
7e1ce2b3de16dfbe1598cef060dfc8458522938a,Tom Lane,2023-12-19 11:12:16-05:00,Prevent integer overflow when forming tuple width estimates.,2023,60
b218fbb7a35fcf31539bfad12732038fe082a2eb,Dean Rasheed,2023-11-18 14:41:20+00:00,Guard against overflow in interval_mul() and interval_div().,2023,60
1d863c250461410e60c9ed5d3180f32336f4c3e2,Peter Eisentraut,2023-09-28 11:40:00+02:00,pg_resetwal: Improve error with wrong/missing data directory,2023,60
3c90dcd039149716454378bd270673f781b5c19f,Tom Lane,2023-07-21 12:00:14-04:00,Fix calculation of relid sets for partitionwise child joins.,2023,60
45392626c95c6345d48c1b1b7541add0102ba59f,Tom Lane,2023-06-20 17:47:53-04:00,Fix hash join when inner hashkey expressions contain Params.,2023,60
bfd332b3fda5c73e28c05b7ba0aac6cf053cdf00,Tom Lane,2023-06-12 10:01:26-04:00,"Fix ""wrong varnullingrels"" for subquery nestloop parameters.",2023,60
db93e739ac61332126207b16f14da93f8ecac594,Alexander Korotkov,2023-04-27 22:06:14+03:00,Fix wrong construct_array_builtin() call in GUCArrayDelete(),2023,60
b0d8f2d983cb25d1035fae1cd7de214dd67809b4,Tom Lane,2023-03-21 13:03:56-04:00,Add SHELL_ERROR and SHELL_EXIT_CODE magic variables to psql.,2023,60
f413941f41d370a7893caa3e6ed384b89a0577fd,Jeff Davis,2023-03-17 12:08:46-07:00,"Fix t_isspace(), etc., when datlocprovider=i and datctype=C.",2023,60
99be6feec9717058b9ac9d80f3584e0a9a6e8580,Tom Lane,2023-03-07 18:21:53-05:00,Fix more bugs caused by adding columns to the end of a view.,2023,60
30b789eafed2cbbc3de9c9025a30eefdffacb79c,Andres Freund,2023-02-08 21:06:46-08:00,Remove uses of AssertVariableIsOfType() obsoleted by f2b73c8,2023,60
fd4d93d269c02081958e4c0c214f1d82186e5689,Michael Paquier,2023-10-06 09:56:55+09:00,worker_spi: Fix test failure with BGWORKER_BYPASS_ALLOWCONN,2023,59
1f998863b0bc6fc8ef3d971d9c6d2c29b52d8ba2,Heikki Linnakangas,2023-09-19 19:26:29+03:00,Fix psql tab-completion for identifiers containing dollars.,2023,59
52c6c0f19693367d542d1286c978a713ffcedd3a,Michael Paquier,2023-08-30 08:03:42+09:00,Avoid possible overflow with ltsGetFreeBlock() in logtape.c,2023,59
27449ccc4d3a6ee77cbd13bed65f8fbea49486c1,Amit Kapila,2023-08-24 14:37:29+05:30,Fix the error message when failing to restore the snapshot.,2023,59
5dc456b7dda4f7d0d7735b066607c190c74d174a,Michael Paquier,2023-08-11 20:43:34+09:00,Fix code indentation violations introduced by recent commit,2023,59
dc73db67433c5a9ee0d7a7dc788178553ef8afce,Michael Paquier,2023-06-29 08:04:47+09:00,pg_stat_statements: Fix incorrect comment with entry resets,2023,59
69c430626b5eb44825a12e8bc90a59a90c4f5a03,Tom Lane,2023-05-17 11:46:15-04:00,Track tlist_vinfo.varnullingrels even in non-Assert builds.,2023,59
5a91c79755034fecb546cbee76c14b89c514177c,Daniel Gustafsson,2023-03-27 14:16:45+02:00,doc: fix Apple Silicon Homebrew prefix change documentation,2023,59
4f46f870fa56fa73d6678273f1bd059fdd93d5e6,Tom Lane,2023-03-18 16:11:22-04:00,Doc: fix documentation example for bytea hex output format.,2023,59
75c737636b8a1e9a110e580f1caee181023447e2,Dean Rasheed,2023-02-23 10:53:01+00:00,Fix multi-row DEFAULT handling for INSERT ... SELECT rules.,2023,59
b7e84c65d5b2d694a669ae1db8ab1d6c51ef8596,Michael Paquier,2023-02-08 16:56:21+09:00,Remove SQL regression tests for GUCs related to NO_SHOW_ALL,2023,59
a3b65fb28238fe7f4a1ae9685d39ff0c11bdb9d3,Tom Lane,2023-01-18 16:51:40-05:00,Fix AdjustUpgrade.pm's view conversion list for --with-lz4.,2023,59
0bf62460bb9e86101d24e31e915c2e8922675296,Amit Kapila,2023-12-07 08:42:48+05:30,Fix issues in binary_upgrade_logical_slot_has_caught_up().,2023,58
69c32b8b3535f7f367cca90a09d9557d575b270c,Nathan Bossart,2023-11-15 15:04:18-06:00,Fix fallback implementation for pg_atomic_test_set_flag().,2023,58
5ba1ac99a8d8623604d3152be8fd9a201ba5240b,Bruce Momjian,2023-11-09 17:51:19-05:00,doc: fix wording describing the checkpoint_flush_after GUC,2023,58
40d5e5981cc0fa81710dc2399b063a522c36fd68,Michael Paquier,2023-11-02 12:38:05+09:00,Fix 003_check_guc.pl when loading modules with custom GUCs,2023,58
a0a5e0feb35c1209e340046dc4e40af3b0e79d59,Peter Eisentraut,2023-09-18 08:10:51+02:00,Fix information schema for catalogued not-null constraints,2023,58
36e4419d1f1ef06bba58a28a870aaaa8de73bb46,Peter Eisentraut,2023-08-28 15:17:04+02:00,Make error messages about WAL segment size more consistent,2023,58
3845577cb55eab3e06b3724e307ebbcac31f4841,David Rowley,2023-08-02 12:05:41+12:00,Fix performance regression in pg_strtointNN_safe functions,2023,58
ce5aaea8cd32b88451914356989f0f4ecb9e4482,Tomas Vondra,2023-07-02 22:21:02+02:00,Fix oversight in handling of modifiedCols since f24523672d,2023,58
d98ed080bb31fd3d46281127871b7886288686d9,Tom Lane,2023-06-08 11:24:31-04:00,Fix small overestimation of base64 encoding output length.,2023,58
204b0cbecb82ab3fde2e12998a89e7227cd64094,John Naylor,2023-02-20 14:16:34+07:00,Add assert checking to pg_leftmost_one_pos32() and friends,2023,58
d053a879bb360fb72c46de2a013e741d3f7c9e8d,Tom Lane,2023-11-23 13:30:18-05:00,Fix timing-dependent failure in GSSAPI data transmission.,2023,57
1b2c6b756eaae5203af887973b306882fb477836,Michael Paquier,2023-11-08 14:06:26+09:00,Enlarge assertion in bloom_init() for false_positive_rate,2023,57
237f8765dfd9149471d37f3754d15cef888338a8,Tom Lane,2023-10-28 14:05:01-04:00,Fix intra-query memory leak when a SRF returns zero rows.,2023,57
d9e46dfb78abf4d3be6071b8c4495df9e1bb4706,David Rowley,2023-10-13 01:12:31+13:00,Fix runtime partition pruning for HASH partitioned tables,2023,57
c8ec5e0543b90372c8e6d5cc2cd3d2ff89ca0e82,Amit Langote,2023-10-02 13:48:15+09:00,"Revert ""Add soft error handling to some expression nodes""",2023,57
f02154652d1a83d80f4bee93b58ecdbd8c33378b,Tom Lane,2023-09-29 20:21:10-04:00,Remove environment sensitivity in pl/tcl regression test.,2023,57
7a844c77ece1bda3b076034bc20142d4bd66db7a,Tom Lane,2023-05-26 12:13:19-04:00,Fix joinclause removal logic to cope with cloned clauses.,2023,57
8fcb32db98eda1ad2a0c0b40b1cbb5d9a7aa68f0,Michael Paquier,2023-04-07 10:10:17+09:00,Add more protections in WAL record APIs against overflows,2023,57
31ae2aa9d2c200a0d7d3283d749669a408ec7b65,Tom Lane,2023-04-06 17:33:38-04:00,psql: set SHELL_ERROR and SHELL_EXIT_CODE in more places.,2023,57
60966f56c3e4db9f9bdff485371ef3a50d53431f,Alvaro Herrera,2023-03-30 21:06:31+02:00,Fix inconsistencies and style issues in new SQL/JSON code,2023,57
236f1ea84c4ca6a29d790fac4b48eba12a74443c,Heikki Linnakangas,2023-01-23 11:56:43+02:00,Fix and clarify function comment on LogicalTapeSetCreate.,2023,57
a14a5832923e10ef14a74864c94358d5bc8720e4,David Rowley,2023-01-07 15:24:35+13:00,Add additional regression tests for select_active_windows,2023,57
f66fcc5cd616da8d81a2d2f9b80a9f080796f4b6,Amit Kapila,2023-12-01 10:22:13+05:30,Fix an uninitialized access in hash_xlog_squeeze_page().,2023,56
5ad49322e50459444b201e624d5df706751c9d41,Michael Paquier,2023-11-28 08:40:08+09:00,Fix comment in tableam.h about GetHeapamTableAmRoutine(),2023,56
b5489b75c6ce9517ab5f9d6f1d98bc928f6d5bd5,Tomas Vondra,2023-10-27 18:15:37+02:00,Fix overflow when calculating timestamp distance in BRIN,2023,56
19fa977311b9da9c6c84f0108600e78213751a38,Tom Lane,2023-10-17 13:10:35-04:00,Dodge a compiler bug affecting timetz_zone/timetz_izone.,2023,56
9f71e10d65fa2db7cde9fe1554f89a9526904eb9,Tom Lane,2023-09-28 14:05:25-04:00,Fix checking of index expressions in CompareIndexInfo().,2023,56
7369798a83c883a6314b8a8ed6d3063c508de784,Andres Freund,2023-09-13 19:14:09-07:00,Fix tracking of temp table relation extensions as writes,2023,56
2b8e5273e949003f299ddcae5f8c4b44c6eb9edc,Michael Paquier,2023-09-04 08:04:22+09:00,Fix handling of shared statistics with dropped databases,2023,56
f1e9f6bbfa536992eac6c094882b3afcd9e90fb4,Michael Paquier,2023-07-31 11:36:44+09:00,Avoid memory leak in rmtree() when path cannot be opened,2023,56
d38ad8e31dee1a69f4f6d4b6bb4e007e3751a93c,Amit Kapila,2023-07-25 09:12:29+05:30,Fix the display of UNKNOWN message type in apply worker.,2023,56
691594acd67e68d903ea1b7575a7a9097772bbcb,Tom Lane,2023-06-24 17:18:08-04:00,Check for interrupts and stack overflow in TParserGet().,2023,56
e7bff46e50b85c6b37723426188498dab973806c,Michael Paquier,2023-05-19 12:37:58+09:00,pageinspect: Fix gist_page_items() with included columns,2023,56
3f58a4e2960a9509036b7d94beab64a747dc59dc,David Rowley,2023-04-19 13:50:33+12:00,Fix various typos and incorrect/outdated name references,2023,56
064eb89e83ea0f59426c92906329f1e6c423dfa4,Tom Lane,2023-04-15 12:01:39-04:00,"Fix assignment to array of domain over composite, redux.",2023,56
4c8a1b4769372037b28516e5c9acb39bb82fa92d,David Rowley,2023-04-11 23:01:12+12:00,Fix uninitialized variable in transformTableLikeClause(),2023,56
76c111a7f16659f9018391f655764c8226461ca4,Tom Lane,2023-04-07 18:17:22-04:00,Adjust contrib/sepgsql regression test expected outputs.,2023,56
4c8d654084700f801f48827bb3531a6779b8b90e,Daniel Gustafsson,2023-03-27 11:56:19+02:00,doc: Fix XML_CATALOG_FILES env var for Apple M1 machines,2023,56
d0028e35a05ac71aebf28325c8ddb59a27cb63c0,Michael Paquier,2023-03-03 08:46:11+09:00,Refactor more the regression tests of pg_stat_statements,2023,56
fbed4bc59e362e13fb0d0e0b08c995c18c7e4d5a,Andres Freund,2023-01-31 17:47:53-08:00,dblink: Fix variable confusion introduced in e4602483e95,2023,56
67c5b8840fcad07eeecd9af517b9b1ff09a3cf8e,David Rowley,2023-01-23 21:31:46+13:00,Harden new parallel string_agg/array_agg regression test,2023,56
ff9618e82a466fc9c635f9f087776e57b21e4f14,Jeff Davis,2023-01-14 00:16:23-08:00,Fix MAINTAIN privileges for toast tables and partitions.,2023,56
a7db71ed2787e7dbf2c41473a2b7df2fcb55abd0,Amit Kapila,2023-11-09 09:26:40+05:30,Fix uninitialized slot array access during the upgrade.,2023,55
b64c8b01c275f802372b6860793737219fe2fd62,Michael Paquier,2023-11-08 17:29:02+09:00,Fix use of OPENSSL in SSL tests if command is not found,2023,55
f0c409d9c7a6a92bb4a6b5812ffc5ef94b4c8ed0,David Rowley,2023-10-12 19:50:38+13:00,Fix incorrect step generation in HASH partition pruning,2023,55
e1f95ec8cf6ea75d90905b2c746e2e1e9f3c9fc1,Noah Misch,2023-10-01 12:20:55-07:00,Correct assertion and comments about XLogRecordMaxSize.,2023,55
b68e356a680ee1155b0dc612a89655e98320121a,Michael Paquier,2023-07-29 11:34:53+09:00,worker_spi: Fix race condition in newly-added TAP tests,2023,55
99e57663518b0eaf8fa69d20d0e796321bc8e558,Peter Eisentraut,2023-06-29 13:06:41+02:00,meson: Use a better error message in an impossible case,2023,55
b62381d9a23b4b96259cf560e411137656201704,Tom Lane,2023-05-21 11:21:19-04:00,Doc: fix some rendering problems in the PDF docs build.,2023,55
2fe7a6df94e69a20c57f71a0592133684cf612da,Daniel Gustafsson,2023-03-30 10:53:15+02:00,Fix pointer cast for seed calculation on 32-bit systems,2023,55
949e2e7c4f680ef86e93500ba4bee563ae4ce78e,Robert Haas,2023-03-23 13:03:03-04:00,amcheck: Fix a few bugs in new update chain validation.,2023,55
b48af6d174bb39bd688d52795aef2b9c10dd6e8c,Tom Lane,2023-03-22 16:37:41-04:00,Fix initdb's handling of min_wal_size and max_wal_size.,2023,55
7fee7871b4302e916577df130344060d0f9b8004,Tom Lane,2023-03-06 18:31:27-05:00,Fix some more cases of missed GENERATED-column updates.,2023,55
47c0accbe05b5774a8a30e42e56e8d6026c9a858,Thomas Munro,2023-03-06 15:07:15+13:00,Fix assert failures in parallel SERIALIZABLE READ ONLY.,2023,55
7da51590ed6cd46ff886e8e4d08e8703db9c2b5b,David Rowley,2023-02-13 20:38:37+13:00,Fix incorrect presorted DISTINCT aggregate if condition,2023,55
cad56920513e5b7ccdd3d41b0ea893eb3383f863,Tom Lane,2023-02-06 15:45:03-05:00,Fix up join removal's interaction with PlaceHolderVars.,2023,55
27f7f81e4c8d5d390ea212d13b65ada8e4a232cd,Michael Paquier,2023-12-20 08:39:54+09:00,basic_archive: Fix comments related to NO_INSTALLCHECK,2023,54
0a5c46a7a488f2f4260a90843bb9de6c584c7f4e,Tom Lane,2023-12-11 11:51:56-05:00,Be more wary about OpenSSL not setting errno on error.,2023,54
b2caf7c0e1ebada614b6aa3004d826080a07e7e4,Tomas Vondra,2023-11-26 21:35:32+01:00,Fix brin.c indentation issues introduced by c1ec02be1d,2023,54
83472de606db42a1e1f59ab2c3d0e5ae0b95e739,Tom Lane,2023-11-13 13:01:51-05:00,Improve readability and error detection of array_in().,2023,54
56b30e266eaa74f38bdda45067c9a5a63cd24c75,Bruce Momjian,2023-10-30 14:52:35-04:00,pgindent run to fix commits de64268561 and 5ae2087202a,2023,54
849172ff4883d44168f96f39d3fde96d0aa34c99,Dean Rasheed,2023-10-29 11:14:37+00:00,btree_gin: Fix calculation of leftmost interval value.,2023,54
05c821294e6c52609a999aefbe6c53f79f39c81e,Etsuro Fujita,2023-08-30 17:15:00+09:00,postgres_fdw: Fix test for parameterized foreign scan.,2023,54
37188cea0c16f3f27ec65b526ffe12f6469142fc,Jeff Davis,2023-08-22 12:50:01-07:00,Fix pg_dump assertion failure when dumping pg_catalog.,2023,54
da98d005cdbcd45af563d0c4ac86d0e9772cd15f,Michael Paquier,2023-07-07 13:59:41+09:00,Fix some comments in ./configure and meson setup files,2023,54
43af714defa00145981eb542cb71647836b3efa4,Tom Lane,2023-06-29 10:19:10-04:00,Fix order of operations in ExecEvalFieldStoreDeForm().,2023,54
cd115c3530bd59bb0305d62ccef1c9504207ff4c,Alexander Korotkov,2023-04-23 13:58:41+03:00,Fix custom validators call in build_local_reloptions(),2023,54
363e8f9115469fe3d30a80b694cd60e9db3b2537,Robert Haas,2023-04-18 11:23:34-04:00,Fix pg_basebackup with in-place tablespaces some more.,2023,54
a03b3b6b4a7275a66e38280f49fddb9aec8dff3d,Jeff Davis,2023-03-24 08:48:03-07:00,Avoid potential UCollator leak for older ICU versions.,2023,54
8d578b9b2e37a4d9d6f422ced5126acec62365a7,Thomas Munro,2023-03-21 14:29:34+13:00,"Fix race in parallel hash join batch cleanup, take II.",2023,54
16327240da29b70e41a65d49212b31da9a94e177,Andres Freund,2023-03-11 14:12:51-08:00,amcheck: Fix ordering bug in update_cached_xid_range(),2023,54
46d490ac19a7ca93a5c0f47e5a0e759b5385a8ae,Michael Paquier,2023-03-06 15:40:56+09:00,Improve the regression tests of VACUUM (PROCESS_TOAST),2023,54
8c58624df46222d4d09c5655d8350f3b037880c8,Amit Kapila,2023-02-08 07:58:25+05:30,Fix the logical replication timeout during large DDLs.,2023,54
e52e271b23005f27e997215617993c87629247f2,Daniel Gustafsson,2023-12-19 14:13:50+01:00,doc: Fix syntax in ALTER FOREIGN DATA WRAPPER example,2023,53
e5b8c4f68fa554b1db9951af579c70c2a4692e55,Michael Paquier,2023-12-08 10:36:23+09:00,Fix path of regress shared library in pg_upgrade test,2023,53
651030a3d7b44e0f448f860f6cccc1b0eff26ac6,Bruce Momjian,2023-12-07 19:36:52-05:00,"doc, intagg:  fix one-to-many mention to many-to-many",2023,53
c426f7c2b36a5efd9bcef2a2dfcc559f7879cd84,Michael Paquier,2023-12-07 08:31:02+09:00,Fix assertion failure with REINDEX and event triggers,2023,53
c6cf6d353c2865d82356ac86358622a101fde8ca,Tomas Vondra,2023-10-27 18:15:37+02:00,Fix minmax-multi distance for extreme interval values,2023,53
77db132637661f6e01497959128fb650330552b4,David Rowley,2023-10-09 15:53:16+13:00,Remove debug_print_rel and replace usages with pprint,2023,53
be8d4cb13cb477fe45db31acf74e97eced51dfce,Heikki Linnakangas,2023-10-02 11:46:25+03:00,Add regression tests for psql \g piped into a program,2023,53
bf094372d14bf00f1c04f70f6ec5790f8b2c8801,Heikki Linnakangas,2023-09-19 11:53:51+03:00,Fix GiST README's explanation of the NSN cross-check.,2023,53
a0d87bcd9b57d85ec99eb2b2a2150bc60e5ca842,Michael Paquier,2023-09-14 10:30:08+09:00,Improve error message on snapshot import in snapmgr.c,2023,53
b5934bfd6071fed3a38cea0cfaa93afda63d9c0c,Michael Paquier,2023-08-31 08:07:48+09:00,Fix some shadow variables in src/backend/replication/,2023,53
bf8bf6d0bddbbaa9dc6c27b383f026273064d2a2,Heikki Linnakangas,2023-08-23 18:12:41+03:00,Fix _bt_allequalimage() call within critical section.,2023,53
fdd79d8992d600d38eecfab568b27f6d04e4dfb3,David Rowley,2023-08-07 18:16:46+12:00,Fix misleading comment in paraminfo_get_equal_hashops,2023,53
cb0cca1880723b4c90c56cdcf3842489ef036800,Michael Paquier,2023-07-18 13:43:44+09:00,Fix recovery of 2PC transaction during crash recovery,2023,53
9e28b83ae6fabd8ae03eec7fa9533de018e9306e,Bruce Momjian,2023-05-29 13:49:05-04:00,"doc:  PG 16 relnotes, fix duplicate author and commit",2023,53
991a3df227e9e8b16d7399df3961dfaae4ae677c,Tom Lane,2023-05-25 10:28:33-04:00,"Fix filtering of ""cloned"" outer-join quals some more.",2023,53
0b5d1fb36adda612bd3d5d032463a6eeb0729237,Daniel Gustafsson,2023-04-19 12:54:58+02:00,Fix errormessage for missing system CA in OpenSSL 3.1,2023,53
d5d574146d71c362852748c82ba8b9c873f5bf24,Dean Rasheed,2023-03-14 09:17:36+00:00,Add support for the error functions erf() and erfc().,2023,53
d0d968328794a25c844dc57585d0289a08159bb5,Tom Lane,2023-01-11 12:22:47-05:00,Don't leave roles behind after core regression tests.,2023,53
b82557ecc2ebbf649142740a1c5ce8d19089f620,David Rowley,2023-01-05 12:56:17+13:00,Fix some compiler warnings in aset.c and generation.c,2023,53
cb943054f3f6d67c858dd63192afaa488f8cb51e,Michael Paquier,2023-09-20 09:26:15+09:00,"psql: Reset query buffer of \e, \ef and \ev on error",2023,52
39055cb4ccd5b521ceb802b6a8194de912a422cc,John Naylor,2023-07-31 14:46:21+07:00,Bring some MSVC asserts in line with other platforms,2023,52
eabb22525efc40ce0d83580584094a0248ac0682,Andres Freund,2023-05-21 09:53:49-07:00,Remove over-eager assertion in ExtendBufferedRelTo(),2023,52
0890f7d528c45bcfef7d3edd5618e121f0357250,Michael Paquier,2023-05-08 13:47:36+09:00,doc: Fix some markups in logical replication section,2023,52
a4c17c86176cfa712f541b81b2a026ae054b275e,Daniel Gustafsson,2023-04-26 11:40:01+02:00,Fix missing installation rules for BackgroundPsql.pm,2023,52
bfac8f8bc4a44c67c9f35b5266676278e4ba1217,Daniel Gustafsson,2023-04-25 13:54:10+02:00,Fix vacuum_cost_delay check for balance calculation.,2023,52
60ce452729239f10ebbd0803a0ecc460f7f9238a,Daniel Gustafsson,2023-04-21 10:23:38+02:00,Make libpq error messages consistent for translation,2023,52
eef231e8161eb8031a928fe48134ef25ab81fe5e,David Rowley,2023-04-18 14:03:49+12:00,Fix some typos and some incorrectly duplicated words,2023,52
ec5a010ab25bf40012fde78b34724971e38e08a4,David Rowley,2023-02-13 23:38:21+13:00,Fix pfree issue in presorted DISTINCT aggregate code,2023,52
783d8abc3b63267194ca21b679caf8d152b93358,Michael Paquier,2023-01-27 10:19:50+09:00,Fix behavior with pg_restore -l and compressed dumps,2023,52
6ba6306256a37524bbbc76402e69ef3d32d355fd,Michael Paquier,2023-01-19 10:01:53+09:00,Fix failure with perlcritic in psql's create_help.pl,2023,52
3161ae86ce3ced0a91c2d3cdbbdc602d6e19892d,Alexander Korotkov,2023-01-12 18:16:34+03:00,Fix jsonpath existense checking of missing variables,2023,52
a268a51de692c462e641a58ac842bbb0ac1e43ea,Andres Freund,2023-11-17 13:54:30-08:00,"docs: Fix standalone INSTALL, broken in 06c70849fb2",2023,51
7516056c584e3f7e04269f2e80835d1433e869c4,David Rowley,2023-08-04 13:27:19+12:00,Attempt to stabilize new window agg regression test,2023,51
328f492d2565cfbe383f13a69425d751fd79415f,Amit Langote,2023-07-13 22:26:10+09:00,Fix code indentation violation in commit b6e1157e7d,2023,51
8f5e42d3346924b5d6330208d62ec1b19fdbc110,Alvaro Herrera,2023-05-25 12:36:18+02:00,Fix pgbench in prepared mode with an empty pipeline,2023,51
8cb94344c3c7130a0cd5e21e83705739f552187e,Daniel Gustafsson,2023-05-16 10:49:48+02:00,Fix reported runtime for single tests in pg_regress,2023,51
81a6d57e33515958203938cb686bf0c255255cff,Jeff Davis,2023-03-25 11:08:32-07:00,Fix abbreviated keys bug introduced in d87d548cd03.,2023,51
eb2618a03c53695532eaad680522c60dca0d4061,Daniel Gustafsson,2023-03-23 21:35:26+01:00,doc: fix another case of missing productname markup,2023,51
b081fe4199b69dc561f7d31c6a82b3ad996f657f,Tom Lane,2023-03-14 19:17:31-04:00,Fix corner case bug in numeric to_char() some more.,2023,51
d3406d80360776bbcafa05d8b966806012f9594e,Daniel Gustafsson,2023-03-06 14:16:32+01:00,Fix handling of default option values in createuser,2023,51
b3e184a5d4fdbc43d2cb99865ea2e073c09b9584,Tom Lane,2023-02-21 18:48:15-05:00,Fix erroneous Valgrind markings in AllocSetRealloc.,2023,51
4f74f5641d53559ec44e74d5bf552e167fdd5d20,Michael Paquier,2023-01-19 14:00:23+09:00,doc: Fix some issues in logical replication section,2023,51
f745739697e49a38a31a755d7d36d6c97008dd9f,Amit Kapila,2023-01-10 08:53:47+05:30,Fix the display of lock information for specktoken.,2023,51
9d49837d7144e27ad8ea8918acb28f9872cb1585,Peter Eisentraut,2023-12-29 23:54:40+01:00,"Follow-up fixes for ""Make all Perl warnings fatal""",2023,50
a46972e30ca7e15b667a47b57b42c9dd78bfaab8,Tom Lane,2023-12-26 17:03:02-05:00,Fix mistaken file name in plpython's meson recipe.,2023,50
741fb0056eda5e7bd03deb0719121f88b4b9e34a,Daniel Gustafsson,2023-12-13 11:32:13+01:00,docs: Fix typo in pg_stat_statements documentation,2023,50
5abff2aaa1ab968cccbb76823e089b790912d21f,Masahiko Sawada,2023-11-30 11:23:00+09:00,Fix wrong description of BackgroundPsql's timeout.,2023,50
414e75540f058b23377219586abb3008507f7099,Bruce Momjian,2023-11-22 23:41:15-05:00,C comment:  fix typos with unnecessary apostrophes,2023,50
675fed4df5db4e78d40a0ce9cb785cfba9fa480f,Alexander Korotkov,2023-10-30 10:35:03+02:00,Fix indentation in contrib/amcheck/verify_nbtree.c,2023,50
5b2147d9fcc1f3d09701c548ebebf55cad0d403d,Michael Paquier,2023-10-30 17:19:24+09:00,Expand regression tests for pg_stat_reset_shared(),2023,50
8da86d62a11269e926765c0d6ef6f532b2b8b749,Tomas Vondra,2023-10-27 18:15:37+02:00,Fix minmax-multi on infinite date/timestamp values,2023,50
394d51731495794655f95b5580adb757d7a9bbe2,Tomas Vondra,2023-10-27 18:15:37+02:00,Fix calculation in brin_minmax_multi_distance_date,2023,50
714780dcddf01865aa4323fedec59ffbefc7e707,Peter Geoghegan,2023-09-28 16:29:37-07:00,Fix btmarkpos/btrestrpos array key wraparound bug.,2023,50
b635ac03e80237838bec8b224eb4dea97985fda3,David Rowley,2023-07-27 14:47:05+12:00,Fix performance problem with new COPY DEFAULT code,2023,50
a0363ab7aafda7d16ae59e72d86866c02ad3d657,Nathan Bossart,2023-07-13 21:13:45-07:00,Fix privilege check for SET SESSION AUTHORIZATION.,2023,50
bcc93a389ce3862c9a15ae2f079d87bbc6a2228f,Thomas Munro,2023-07-04 09:07:31+12:00,Fix race in SSI interaction with bitmap heap scan.,2023,50
4dbdb82513b65ab3a29e431f0233009c8a0fa890,Nathan Bossart,2023-06-22 15:48:20-07:00,Fix cache lookup hazards introduced by ff9618e82a.,2023,50
50547a3fae0ce62e74c1d2175c7949937f2c69fc,Peter Geoghegan,2023-04-19 10:42:39-07:00,Fix wal_consistency_checking enhanced desc output.,2023,50
6c3b697b19db6274da622cf0fe7a7ad32eeeced3,David Rowley,2023-03-31 12:13:05+13:00,Fix List memory issue in transformColumnDefinition,2023,50
38b7437b9088b4859e4489a1a1a9ab7066f5b320,Peter Eisentraut,2023-03-29 11:34:37+02:00,Fix some section numbers in information_schema.sql,2023,50
bc8cd50fefd369b217f80078585c486505aafb62,Tom Lane,2023-03-17 13:31:40-04:00,Fix pg_dump for hash partitioning on enum columns.,2023,50
de4d456b406bf502341ef526710d3f764b41e2c8,Peter Eisentraut,2023-03-17 10:33:09+01:00,Improve several permission-related error messages.,2023,50
80a48e0f21c51ed65fe647b18019ab6f8eab15cd,Dean Rasheed,2023-02-22 09:39:09+00:00,Fix MERGE command tag for cross-partition updates.,2023,50
5352ca22e0012d48055453ca9992a9515d811291,David Rowley,2023-02-15 21:21:59+13:00,Rename force_parallel_mode to debug_parallel_query,2023,50
49f2194ed5c1f6274ac807fb033880aee0b0d1c3,Robert Haas,2023-12-21 15:36:17-05:00,Fix numerous typos in incremental backup commits.,2023,49
aa210e0c121eb8f58c86d4fcc833a5a6fbb6f5a9,Peter Geoghegan,2023-12-08 15:37:53-08:00,Fix nbtree backward scan race condition comments.,2023,49
3850d4dec1d91c4fdce274f42986840444d5593e,Dean Rasheed,2023-11-09 12:10:14+00:00,Avoid integer overflow hazard in interval_time().,2023,49
38ea6aa90e615fc91c138fc1efbc981ef3b434f8,Michael Paquier,2023-07-14 10:12:48+09:00,Fix updates of indisvalid for partitioned indexes,2023,49
f0a94d81e4f7d3402d4b3a6b05b7b749ff23fe54,Andres Freund,2023-07-06 09:57:28-07:00,Fix type of iterator variable in SH_START_ITERATE,2023,49
3f1aaaa180689f2015e7f7bd01c9be6d7a993b42,Bruce Momjian,2023-06-05 14:00:37-04:00,"doc:  PG 16 relnotes, fix PREPARE/EXECUTE wording",2023,49
3ec8a3bfb5472ecf93aba416e9f384ea16d340d1,Tomas Vondra,2023-05-18 23:33:23+02:00,Fix handling of NULLs when merging BRIN summaries,2023,49
4d5105a684ba20bf6a98e6ae48224fe93382c040,Nathan Bossart,2023-05-12 14:16:56-07:00,Improve error message for pg_create_subscription.,2023,49
f75cec4fff877ef24e4932a628fc974f3116ed16,Alvaro Herrera,2023-05-04 19:55:56+02:00,Fix ExecCheckPermissions call in RI_Initial_Check,2023,49
5aae36dc9c6842e4269b4a713f7ac6583bd8a318,Peter Eisentraut,2023-03-29 09:48:18+02:00,meson: Change default buildtype to debugoptimized,2023,49
bcaa1fafc82f2fd124e0ed39e7c94a7918548224,Michael Paquier,2023-03-24 10:14:33+09:00,Rewrite error message related to sslmode in libpq,2023,49
8e0e0698f12bd77da38f6863ecdbe88a63ed49dc,Michael Paquier,2023-02-15 15:01:24+09:00,doc: Fix spelling of option -Dtap_tests for meson,2023,49
cb44a8345e7c248cf4158f2702fd9c9358399cfb,Tomas Vondra,2023-12-30 23:17:01+01:00,Fix parallel BRIN builds with synchronized scans,2023,48
bad0763a4d7be3005eae35d460c73ac4bc7ebaad,Tom Lane,2023-12-24 23:36:33-05:00,Fix erroneous -Werror=missing-braces on old GCC.,2023,48
8f4a1ab471e6a258881e3d7f5883705714cde7e1,Heikki Linnakangas,2023-11-09 01:33:14+02:00,Fix bug in the new ResourceOwner implementation.,2023,48
2f047203074c643ae458dcf51bbb8ae45dd7e13c,Tom Lane,2023-10-16 15:45:01-04:00,Add regression test coverage for timetz_izone().,2023,48
7fbc75b26ed8ec70c729c5e7f8233896c54c900f,Amit Langote,2023-10-02 11:52:28+09:00,Add soft error handling to some expression nodes,2023,48
becfbdd6c1c94fe03391368080029a6dd8523658,Thomas Munro,2023-09-26 10:53:38+13:00,Fix edge-case for xl_tot_len broken by bae868ca.,2023,48
fb56a181175bba03a6d4f82cd3c07ec5511ce545,Daniel Gustafsson,2023-09-25 16:03:17+02:00,vacuumdb: Fix excluding multiple schemas with -N,2023,48
ee3a551e96c465f96de04dd1faf4e7bff8d25342,David Rowley,2023-09-14 11:27:29+12:00,Fix incorrect logic in plan dependency recording,2023,48
4a8fef0d733965c1a1836022f8a42ab1e83a721f,Peter Eisentraut,2023-08-09 10:00:50+02:00,Fix last remaining uninitialized memory warnings,2023,48
4f4d73466d71976b58f29121bab9d9fef6f3436e,Heikki Linnakangas,2023-07-05 13:13:13+03:00,"Fix leak of LLVM ""fatal-on-oom"" section counter.",2023,48
96149a180d56162b0288e8c8ec5ee2c1f076e88b,Peter Geoghegan,2023-04-11 15:25:02-07:00,Fix Heap rmgr's desc output for infobits arrays.,2023,48
728015a47016dcd734c516e43f326ae491b6a3d2,Andres Freund,2023-04-07 14:02:46-07:00,Fix table name clash in recently introduced test,2023,48
f9054b7a7cd47b93d6a59f15994ce72c51fe1e04,Andres Freund,2023-03-30 10:26:10-07:00,Fix format code in fd.c debugging infrastructure,2023,48
09d465c397165f99c37e9002a4e7b281111d2580,Tom Lane,2023-01-17 17:13:20-05:00,Doc: fix a few oddly-spelled SGML ID attributes.,2023,48
e6c56f2a9d45d2ee636bb94c93a4268c39a1ad18,Daniel Gustafsson,2023-12-20 23:07:44+01:00,doc: Fix typo in pg_combinebackup documentation,2023,47
8d7d2197f31c1839db4726d1a12cb29016f4fa36,Amit Kapila,2023-12-11 08:50:43+05:30,Fix an undetected deadlock due to apply worker.,2023,47
cd7f19da34684b7b12fdc08511c5ce7bebb09419,Thomas Munro,2023-12-08 16:09:03+13:00,Fix potential pointer overflow in xlogreader.c.,2023,47
98e675ed7af95cb65a594ce730d42390e0118dcb,Daniel Gustafsson,2023-12-05 14:30:56+01:00,Fix incorrect error message for IDENTIFY_SYSTEM,2023,47
e9718b4bd3e4234ffd5a4907a903367fc483c843,Michael Paquier,2023-10-16 09:36:31+09:00,Fix code indentation violations in e83d1b0c40cc,2023,47
fc4089f3c65a5f1b413a3299ba02b66a8e5e37d0,David Rowley,2023-10-10 16:50:03+13:00,Fix possible crash in add_paths_to_append_rel(),2023,47
5f3aa309a880bb429c6a648d64e20fbd353fee8a,Daniel Gustafsson,2023-09-22 11:18:25+02:00,Avoid potential pfree on NULL on OpenSSL errors,2023,47
af5b3c3d1eae94e9584ad1955a20b5a7cd0083c1,Michael Paquier,2023-09-19 08:31:06+09:00,Fix assertion failure with PL/Python exceptions,2023,47
5e0c761d0a13c7b4f7c5de618ac38560d74d74d0,Peter Eisentraut,2023-08-10 16:55:07+02:00,Fix erroneous -Werror=missing-braces on old GCC,2023,47
126552c85c1cfb6ce6445159b8024cfa5631f33e,Thomas Munro,2023-07-04 09:07:31+12:00,Fix race in SSI interaction with gin fast path.,2023,47
74668cbf0fcc356faef271aa2fb42896e323f8b1,Peter Eisentraut,2023-06-29 13:05:05+02:00,meson: Fix some grammar usage in Meson comments,2023,47
08c45ae235660844167de8730da908d351f4352d,Michael Paquier,2023-05-15 16:02:07+09:00,doc: Fix incorrect version list for Windows SDK,2023,47
7d3d72b55edd1b7552a9a358991555994efab0e9,Thomas Munro,2023-04-20 13:20:14+12:00,Remove obsolete defense against strxfrm() bugs.,2023,47
589bb816499e98b60aa5c406c409fb27b42b0e39,Alvaro Herrera,2023-03-30 21:06:31+02:00,Fix setrefs.c code for adjusting partPruneInfos,2023,47
902ecd3bd4e733d273e69fd420df6fab4ffbe79b,David Rowley,2023-03-30 16:37:03+13:00,Fix outdated comments regarding TupleTableSlots,2023,47
579ee5df14dfcf5213e502bb096121d2249167c2,David Rowley,2023-03-20 13:28:47+13:00,Fix memory leak in Memoize cache key evaluation,2023,47
2010d8b75a6eb0f2ce90ae24cba99775c3d343e8,Peter Eisentraut,2023-02-03 09:04:35+01:00,doc: Fix XML formatting that psql cannot handle,2023,47
71a3e8c43ba8f3d026ae0cb2c2df27455ffdca76,Alexander Korotkov,2023-12-27 03:57:57+02:00,Add asserts to bimapset manipulation functions,2023,46
7e5f5177996150bf3845562d00d41d1e1847d7e3,Peter Eisentraut,2023-11-30 05:34:28+01:00,"Improve ""user mapping not found"" error message",2023,46
3650e7a3933166b40f7f9043bd91f45d3467c74d,Michael Paquier,2023-11-20 09:14:53+09:00,Prevent overflow for block number in buffile.c,2023,46
3f9b1f26ca0eee46affcf1b0fd83c4217dec40db,Michael Paquier,2023-10-18 18:23:25+09:00,pg_upgrade: Fix test name in 002_pg_upgrade.pl,2023,46
c68f78538f93803b5c4f879da12918762eb43482,Etsuro Fujita,2023-09-28 19:45:00+09:00,Fix typo in src/backend/access/transam/README.,2023,46
e221c0befb1b23130d87c26a1a2479019b9d565d,Michael Paquier,2023-09-26 09:29:47+09:00,"Fix behavior of ""force"" in pgstat_report_wal()",2023,46
ae10dbb0c5e09bff9e26412de7940271ef501164,Michael Paquier,2023-09-04 14:55:37+09:00,Fix out-of-bound read in gtsvector_picksplit(),2023,46
40fad96530caf190a3babf322ca705e744c393bb,Daniel Gustafsson,2023-07-20 16:04:27+02:00,Set fixed dates for test certificates validity,2023,46
f9b7fc651a99ea518650d8aca661652136b249fc,Thomas Munro,2023-07-04 09:07:31+12:00,Fix race in SSI interaction with empty btrees.,2023,46
b3f32a6c312c476beecb7864450f4f6c448cd1bc,Tom Lane,2023-06-04 11:22:05-04:00,Fix misuse of pg_log_info() for details/hints.,2023,46
3581cbdcd64f5aceb445f60df23141d08ed50617,Tomas Vondra,2023-05-19 01:29:44+02:00,Fix handling of empty ranges and NULLs in BRIN,2023,46
806fad7573e2b44de57888e3c04eab8eec4a69a8,Michael Paquier,2023-04-25 09:42:19+09:00,Fix buffer refcount leak with FDW bulk inserts,2023,46
cd7cdc550c2a00027d6ec1810d064ad636250b1f,Peter Geoghegan,2023-04-17 09:58:18-07:00,Fix incorrect comment about nbtree WAL record.,2023,46
e944063294fb9e85190f03948f5ce20331231e2f,Peter Geoghegan,2023-04-11 14:07:54-07:00,Fix xl_heap_lock WAL record field's data type.,2023,46
26e65ebdb295fc88988655dbbf30c9fd020e2e07,Peter Geoghegan,2023-04-10 17:55:23-07:00,Clarify nbtree posting list update desc issue.,2023,46
8b3eb0c584beabfc0deaad01aed66cbddb978dcd,Jeff Davis,2023-03-28 08:24:18-07:00,Fix error inconsistency in older ICU versions.,2023,46
727400994d5a27f2859361f82d0ec9ac2b23385c,Andres Freund,2023-03-13 14:44:43-07:00,meson: fix openssl detection issues in 6a30027,2023,46
128dd9f9eca0b633b51ffcd5b0f798fbc48ec4c0,Tom Lane,2023-02-28 18:06:45-05:00,Fix logic buglets in pg_dump's flagInhAttrs().,2023,46
f026c16a2c5a3ee5d7aa6f85333ec80c905913ba,Dean Rasheed,2023-01-10 14:17:47+00:00,Fix MERGE's test for unreachable WHEN clauses.,2023,46
211d80c065626d1a9188188d78ede85d799b93b1,Tomas Vondra,2023-01-06 14:47:23+01:00,Fix stale comment about sample_frac adjustment,2023,46
0a93f803f45f45f39473e2c61923c4b4777bc8a8,Alexander Korotkov,2023-12-25 01:33:34+02:00,Fix a comment for remove_self_joins_recurse(),2023,45
63c5df126abb7364b70dafe75fef576dd8eb0bbc,Amit Kapila,2023-12-05 09:10:06+05:30,Fix a random failure in 003_logical_slots.pl.,2023,45
01d56eecee4cfa0f796c4ee3e2e0ac615b9350bb,Noah Misch,2023-07-01 10:00:39-07:00,Fix test of pg_stat_io for wal_level=minimal.,2023,45
f69a7f08fd01aa7d6dcd2c34dbdc4eb154a5ec12,Michael Paquier,2023-06-23 17:49:07+09:00,Fix incorrect error message in libpq_pipeline,2023,45
ae66716bf3ef6fa9b33904eaf15441813a150320,Tatsuo Ishii,2023-06-14 11:02:50+09:00,Fix make_etags breakage on certain platforms.,2023,45
5df5bea29070b420452bdb257c3dec1cf0419fca,Tom Lane,2023-05-23 11:15:57-04:00,Fix the install rule for snowball_create.sql.,2023,45
f4001a553770b3114dd11846c6789ad6c34ef111,Nathan Bossart,2023-05-20 20:32:56-07:00,Fix remaining references to gss_accept_deleg.,2023,45
c9dc480a21f2746f5a96a8f68a22e633ba69c405,Jeff Davis,2023-05-18 11:04:30-07:00,Fix documentation build broken by 1e16af8ab5.,2023,45
63932a6d38e5dfa6df2a51a04b7314ec1e4d3de7,Thomas Munro,2023-05-15 11:19:54+12:00,Fix wal_writer_flush_after initializer value.,2023,45
6fd8ae6888847da842ee4810fcd83b013cbed27f,Michael Paquier,2023-05-02 11:40:46+09:00,"doc: Fix typo in pg_amcheck for term ""schema""",2023,45
7b7fa85130330128b404eddebd4f33c6739454b0,Daniel Gustafsson,2023-04-26 14:24:13+02:00,Fix stop condition for dumping GRANT commands,2023,45
e8583126833a53f4eebe28a8de45d128f01ff664,Tomas Vondra,2023-03-20 10:24:14+01:00,Fix netmask handling in inet_minmax_multi_ops,2023,45
be753639d35df72c1a7b42ec114393fd962f2b01,Michael Paquier,2023-03-02 14:03:02+09:00,pageinspect: Fix crash with gist_page_items(),2023,45
83a611a259d41e305364b8de58f6b33a63cbda66,John Naylor,2023-02-22 17:22:43+07:00,Remove newly added asserts from pg_bitutils.h,2023,45
8bf5af2ee6ea82a79817692de94347086da96b43,Michael Paquier,2023-02-22 14:22:13+09:00,Fix small memory leak in psql's \bind command,2023,45
8028e294b456bf1539649527fd98b3985fa4752a,Tom Lane,2023-02-20 17:26:25-05:00,Detect overflow in timestamp[tz] subtraction.,2023,45
c7468c73f7b6e842a53c12eaee5578a76a8fa7a6,Tom Lane,2023-02-13 12:19:58-05:00,Fix buggy recursion in flatten_rtes_walker().,2023,45
c2891175052772b603da6d0ae634e42b63b7f274,Thomas Munro,2023-02-01 14:40:25+13:00,"Try to fix pg_upgrade test on Windows, again.",2023,45
33ab0a2a527e3af5beee3a98fc07201e555d6e45,Michael Paquier,2023-01-03 16:26:14+09:00,"Fix typos in comments, code and documentation",2023,45
eeb0ebad79d9350305d9e111fbac76e20fa4b2fe,Amit Kapila,2023-11-22 11:44:14+05:30,Fix the initial sync tables with no columns.,2023,44
acc95f29efd4f8aa60eb72a838bfd3c979fb1c5b,Bruce Momjian,2023-11-13 12:53:03-05:00,Add error about the use of FREEZE in COPY TO,2023,44
7b8399819b9b1a409b11ebfb4027aed56747f923,Peter Eisentraut,2023-11-09 15:10:43+01:00,meson: Fix doc installation path computation,2023,44
b44a1708abe306831073cf88bb0ba6a11e68daee,Alexander Korotkov,2023-11-09 14:25:13+02:00,Fix the way SJE removes references from PHVs,2023,44
0174c2d213f69a4ba87932de706eedf3fbb5979e,Thomas Munro,2023-09-07 14:38:15+12:00,Fix instability in 031_recovery_conflict.pl.,2023,44
0125c4e21d7e9c8b3da95ffcd3e34c0f61c9b69a,Masahiko Sawada,2023-08-02 15:01:13+09:00,Fix ReorderBufferCheckMemoryLimit() comment.,2023,44
36ab831f9abc6f6b0ab74dd62e0faad75dbf42bf,Andres Freund,2023-08-01 14:10:04-07:00,Fix pg_stat_io buffer reuse test instability,2023,44
38df84c65ea4aa9110cbc797d07225fb0fac44f7,Tom Lane,2023-07-27 11:56:35-04:00,Eliminate fixed token-length limit in hba.c.,2023,44
bda97e47afaeaab6236f37993ce45bb369add3e5,Tom Lane,2023-07-22 10:32:52-04:00,Avoid compiler warning in non-assert builds.,2023,44
2ed16aacf1af1e1a26bffb121a19d1ad5f5177f0,Andres Freund,2023-04-07 22:25:46-07:00,Fix underspecified sort order in inherit.sql,2023,44
7023207cfdb6d5863bdcc9c29bff9918846dddc6,Tom Lane,2023-03-24 19:31:21-04:00,Doc: fix examples for pg_input_error_info().,2023,44
cf96907aadca454c4094819c2ecddee07eafe203,David Rowley,2023-03-07 14:33:28+13:00,Fix incorrect comment in pg_get_partkeydef(),2023,44
489ca33081c8f590a314d4a09d9bee56a81f1a85,Peter Eisentraut,2023-11-30 07:27:17+01:00,meson: Improve/fix Python version selection,2023,43
1f06b7fc6e2bc505bea046ca54a4555ca835d7c9,Amit Langote,2023-10-26 17:32:38+09:00,Avoid compiler warning in non-assert builds,2023,43
40ebc41576e8116b7df90d0181f1371669622ea6,Michael Paquier,2023-10-23 09:58:55+09:00,doc: Fix some grammar and inconsistent tags,2023,43
f234b8cd16a4ba6e12cc51a36c8e499661d535bb,Peter Eisentraut,2023-09-05 11:39:27+02:00,Unify gratuitously different error messages,2023,43
00e49233a94b8945c205e55959900ac741f10766,Michael Paquier,2023-08-18 08:11:10+09:00,Fix format if entry in wait_event_names.txt,2023,43
98640f960eb9ed80cf90de3ef5d2e829b785b3eb,Tomas Vondra,2023-07-02 20:03:30+02:00,Fix memory leak in Incremental Sort rescans,2023,43
913b3da6aeda3f887b8796d8098d7227d32580b9,Daniel Gustafsson,2023-05-25 12:49:26+02:00,doc: fix typo in language tag documentation,2023,43
5d6728e588c37a4e458db9d55b308c8a3832a944,Peter Geoghegan,2023-04-10 11:15:41-07:00,Fix nbtree posting list update desc output.,2023,43
32bc0d022dee250fac9fc787226abed96b8ff894,Alvaro Herrera,2023-04-07 20:30:04+02:00,Fix underspecified sort order in test query,2023,43
5499706bdf60235f787eae9d2b541444ef0b31b3,Tom Lane,2023-04-06 18:13:49-04:00,Stabilize just-added regression test cases.,2023,43
00d9dcf5bebbb355152a60f0e2120cdf7f9e7ddd,Tomas Vondra,2023-03-29 02:34:48+02:00,pg_dump: Fix gzip compression of empty data,2023,43
c15631f0f596b2e6c4b03f24c03289d06d008783,Peter Eisentraut,2023-03-27 09:11:08+02:00,meson: Fix support for empty darwin sysroot,2023,43
59bd34c2fa02b005dc33190245b2bffc6a08c0b9,Tom Lane,2023-12-15 13:55:05-05:00,Fix bugs in manipulation of large objects.,2023,42
b2d55447a563036579d6777f64a7483dceeab6ea,Dean Rasheed,2023-10-29 15:51:53+00:00,Guard against overflow in make_interval().,2023,42
e9d12a5e22e02bace45dc2ba0e0dcca5b5d4fc52,Jeff Davis,2023-10-25 13:26:11-07:00,Doc fix: Interfacing Extensions to Indexes,2023,42
9ba9c7074fa76787530ac0d50313e317ac7032b9,Alexander Korotkov,2023-10-25 14:53:14+03:00,Fix some regression tests for d3d55ce57136,2023,42
5b7b3824648d6324f649bc74713a6b35e53b91ac,Tom Lane,2023-10-01 13:16:47-04:00,Fix datalen calculation in tsvectorrecv().,2023,42
d3c25ca1bf59bc4ccf589942f94bc5b945b1f46f,Michael Paquier,2023-08-17 10:51:26+09:00,sepgsql: Adjust regression expected output,2023,42
c36b636096a1aac4fd5d7c8c5d11ed2bb6349d0f,Noah Misch,2023-08-12 14:37:05-07:00,Fix off-by-one in XLogRecordMaxSize check.,2023,42
47556a0013fa64d44add2760577d49cf2eca4cd0,Michael Paquier,2023-07-20 10:22:46+09:00,Fix pg_recvlogical upon signal termination,2023,42
137b131d6fbd29b4acf740aba3f74220faef2678,Tom Lane,2023-07-18 11:59:39-04:00,Doc: fix out-of-date example of SPI usage.,2023,42
68a59f9e99831cf05a746928a955781503232bbb,Masahiko Sawada,2023-07-05 14:49:46+09:00,pgstat: fix subscription stats entry leak.,2023,42
48efb2302bea3b2af8b4bb865edcc70132ee4250,Daniel Gustafsson,2023-07-04 17:36:13+02:00,Fix assertion failure in snapshot building,2023,42
5d42a97519581a31bdc1d3d4cf10c07ae18b8296,Peter Eisentraut,2023-05-05 07:09:52+02:00,Fix prove_installcheck when used with PGXS,2023,42
542b6347bf8876d89146097672c2c0128ad7c151,John Naylor,2023-04-05 14:26:03+07:00,doc: Update error messages in RLS examples,2023,42
36320cbc164a8bc069f7a2d3990f47f5629f2020,Jeff Davis,2023-04-04 15:43:18-07:00,Fix MSVC warning introduced in ea1db8ae70.,2023,42
326a33a289c7ba2dbf45f17e610b7be98dc11f67,Tom Lane,2023-03-28 11:39:24-04:00,Fix corner-case planner failure for MERGE.,2023,42
bf32ec225635cbdf15b11cbdc8553e3355cc52ba,Peter Eisentraut,2023-03-13 07:23:45+01:00,cirrus/ccache: Use G rather than GB suffix,2023,42
7fe1aa991b622feaabfac5ed9c918fe8a1d598c9,Tomas Vondra,2023-02-22 15:24:18+01:00,Fix snapshot handling in logicalmsg_decode,2023,42
0ae4e49fa66342b7c6294a6534db51284f5385b7,Peter Eisentraut,2023-02-06 14:01:16+01:00,doc: Fix description of SQL standard parts,2023,42
8c1cd726c5d997d5d170505ec15a2dc1dfe81d6a,Michael Paquier,2023-01-31 12:46:56+09:00,Remove recovery test 011_crash_recovery.pl,2023,42
e557db106ef69413edb75c362191084ee73a0f55,Peter Eisentraut,2023-12-21 11:42:12+01:00,Fix prologue of get_partition_ancestors(),2023,41
7636725b922c8cd68f21d040f3542d3bce9c68a4,Michael Paquier,2023-12-06 14:10:39+09:00,Fix compilation on Windows with WAL_DEBUG,2023,41
b8ba7344e9eb9bb505a92900b2a59257ef718135,Alvaro Herrera,2023-12-05 12:43:24+01:00,Fix handling of errors in libpq pipelines,2023,41
a8b330ffb6f71db8ef306a7110dade6ca64cf773,Heikki Linnakangas,2023-11-15 10:34:28+01:00,Fix dsa.c with different resource owners.,2023,41
dab889d60bac3fbf691973ca1770f2eb50547999,Thomas Munro,2023-10-22 10:04:55+13:00,Fix min_dynamic_shared_memory on Windows.,2023,41
1d5caec221d85b8950a1ee3d8bb6fad262549ea6,Dean Rasheed,2023-09-30 10:52:21+01:00,Fix EvalPlanQual rechecking during MERGE.,2023,41
83223f5f714482dd44883c68ecac2ae8c2d838e8,Nathan Bossart,2023-09-18 12:46:57-07:00,Fix MSVC build for changes to binaryheap.,2023,41
deae1657ee6dd6f7b3effab3d44429d5434f5bbf,David Rowley,2023-08-02 01:39:47+12:00,Fix overly strict Assert in jsonpath code,2023,41
e72910f8080185b6ade9ef7caa5c891dba3cb51c,Tomas Vondra,2023-02-19 01:46:58+01:00,Fix handling of multi-column BRIN indexes,2023,41
9a312562314abcec91ae9cff3a4af37196c3886e,Alvaro Herrera,2023-02-13 14:03:09+01:00,Fix object identity string for transforms,2023,41
b762fed6481e722a022ac2bea02151e080c31fa6,David Rowley,2023-01-24 12:30:30+13:00,Fix LATERAL join test in test memoize.sql,2023,41
24ea53dcfab7fe463c0cf56095e9fe5d23cdb748,Alvaro Herrera,2023-11-21 14:55:29+01:00,Avoid overflow in fe_utils' printTable(),2023,40
a72d613b4c91462d9405c4e1b05c42d33013c333,Michael Paquier,2023-08-09 08:56:05+09:00,Fix pg_dumpall with in-place tablespaces,2023,40
e9f15bc9db7564a29460d089c0917590bc13fffc,Andrew Dunstan,2023-07-08 12:34:25-04:00,Fix tmpdir issues with commit e213de8e78,2023,40
661bf96cd208238efb45c75e3af5ad400e5b0026,Daniel Gustafsson,2023-05-25 12:43:16+02:00,doc: Fix example query for pg_walinspect,2023,40
4a6603cd4650a335ee38d894d7bbb452b1bf822f,Daniel Gustafsson,2023-04-28 10:30:05+02:00,Fix assertion failure in heap_vacuum_rel,2023,40
0ecb87e1fa07a733494e35636e55807b0f3fc1ed,Michael Paquier,2023-04-21 07:21:50+09:00,Remove io prefix from pg_stat_io columns,2023,40
b0e9e4d76ca212d429d9cd615ae62ac73a9a89ba,Tom Lane,2023-03-30 11:27:36-04:00,Avoid overflow in width_bucket_float8().,2023,40
bade01cb4dd88f63bd9024cfdaec3d5001a805f3,Peter Geoghegan,2023-03-28 10:53:48-07:00,Fix recent pg_walinspect fpi_length bug.,2023,40
9321c79c86e6a6a4eac22e2235a21a8b68388723,Dean Rasheed,2023-03-13 10:22:22+00:00,Fix concurrent update issues with MERGE.,2023,40
1da569ca1f1fd08ae728ccde0952b688feff7d9c,Thomas Munro,2023-03-03 10:43:33+13:00,Don't leak descriptors into subprograms.,2023,40
8f6858064b1442f9ad057d289b0e4f018a2ad8aa,Peter Eisentraut,2023-01-27 11:57:11+01:00,meson: Fix installation path computation,2023,40
bc54ef4ec25a3c642f1706a49f979b7750a2817e,Andres Freund,2023-01-23 18:27:42-08:00,Fix error handling in libpqrcv_connect(),2023,40
3acd0599bd8e18ae831d1cc86b687453fdbd424a,Thomas Munro,2023-09-13 14:58:22+12:00,Fix exception safety bug in typcache.c.,2023,39
0da096d78e1e49645ff9baf6e425d3c47c5a5dc0,Thomas Munro,2023-09-07 12:39:24+12:00,Fix recovery conflict SIGUSR1 handling.,2023,39
f3bc5192889f6f02aa10ca9f24df4eab1f1493c1,Andres Freund,2023-07-24 19:07:52-07:00,Fix off-by-one in LimitAdditionalPins(),2023,39
e1c83e7b964f45aa39818134f8a2d46f2d03a38d,Peter Eisentraut,2023-07-13 13:21:43+02:00,Fix untranslatable log message assembly,2023,39
d6326ba8fe69ced797412ea9bb97b2f35588f791,Peter Eisentraut,2023-06-15 13:54:37+02:00,libpq: Fix up some error message coding,2023,39
b5c517379a40fa1af84c0852aa3730a5875a6482,Amit Kapila,2023-06-15 08:37:48+05:30,Fix possible crash in tablesync worker.,2023,39
e7e7da2f8d57bbe6c8fb463a9eec51486000ba2e,Robert Haas,2023-04-03 13:54:21-04:00,Fix possible logical replication crash.,2023,39
253432f42661fdd67d235252949e2838aa6421fd,Peter Eisentraut,2023-02-01 18:14:01+01:00,meson: Fix typo in pkgconfig generation,2023,39
ffcf6f4cfca5a4ce2ac7ff7e8fa17541a5a9caea,Thomas Munro,2023-01-26 14:52:19+13:00,Fix rare sharedtuplestore.c corruption.,2023,39
09d517773f606baef7958aa5bad25d3b3c30303e,Tom Lane,2023-01-09 20:30:25-05:00,Upgrade the random.sql regression test.,2023,39
30e54d5c5d8fceb7287162c116961fa0627544f5,Daniel Gustafsson,2023-12-20 22:37:28+01:00,Fix unchecked return value from strdup,2023,38
00498b718564cee3530b76d860b328718aed672b,Michael Paquier,2023-12-20 15:07:55+09:00,Fix generation of distribution tarball,2023,38
06be01eb266bdb24efd931ad10ee6a1de26271b4,Alexander Korotkov,2023-10-30 01:28:18+03:00,Fix instable 006_login_trigger.pl test,2023,38
bb9002257b2211c213ad5989446d83a61c6446d3,Michael Paquier,2023-08-28 17:09:12+09:00,Fix some typos in wait_event_names.txt,2023,38
375407f4940ba0922513666f00852c54943eb1a0,Peter Geoghegan,2023-05-10 10:49:50-07:00,Doc: Fix link to fillfactor reloption.,2023,38
de63f8dadee4afa152ce177fd3c562d47373a728,Amit Kapila,2023-05-03 10:17:49+05:30,Fix assertion failure in apply worker.,2023,38
08237056f84e3a9ed75e8a698428c669f4d35db4,Daniel Gustafsson,2023-05-02 13:15:29+02:00,Fix overridden callbacks in pg_rewind.,2023,38
dea4343535f9122c66f71944ed593b84e338b174,Michael Paquier,2023-04-19 13:59:52+09:00,Fix generation of distribution tarball,2023,38
b37d051b0e59e4324e346655a27509507813db79,Thomas Munro,2023-04-13 09:37:54+12:00,Remove overzealous assertion from PHJ.,2023,38
8da2ec31eee432d6e51c50c3d73f88e81dede193,Jeff Davis,2023-03-09 15:34:41-08:00,Fix test failure caused in 27b62377b4.,2023,38
62d56f6720cd9483ede8a410a1a2cd6a0202c091,Peter Eisentraut,2023-02-24 14:54:41+01:00,Fix comment indentation and whitespace,2023,38
1561612e3bf3264c31618b9455d0c1003b9271ec,Peter Eisentraut,2023-01-16 09:44:04+01:00,Fix some BufFileRead() error reporting,2023,38
f1821b58fc8deee49fba8397bd5baa4b40185110,Thomas Munro,2023-01-13 11:02:12+13:00,Fix WaitEventSetWait() buffer overrun.,2023,38
7e6fb5da41d8ee1bddcd5058b7204018ef68d193,Alexander Korotkov,2023-12-27 14:35:08+02:00,Improvements and fixes for e0b1ee17dc,2023,37
8a553f2aed8dfe6cb8cdd0fe78e01b19d4138b35,Alvaro Herrera,2023-11-27 19:18:03+01:00,Fix CREATE INDEX CONCURRENTLY example,2023,37
dda9f8e7bc2e1e5cc6c77b86ce54786e9df8e0c6,Nathan Bossart,2023-06-28 21:32:53-07:00,Fix psql \?'s entries for \dp and \z.,2023,37
046c8c5c8fe26fbce3ba773d49c81e6bbdf73db1,Peter Eisentraut,2023-06-28 19:30:26+02:00,Reword error messages for consistency,2023,37
d91d1635292a290191339b868bcc71ef42ca50ce,David Rowley,2023-04-21 10:46:08+12:00,Fix incorrect function name reference,2023,37
e35ded29566f679e52888a8d34468bb51bc78bed,David Rowley,2023-04-20 10:34:46+12:00,Fix list_copy_head() with empty Lists,2023,37
554841699f0ee5b56ef5eaf35402934f1e025eda,Tom Lane,2023-03-26 13:41:06-04:00,Fix oversights in array manipulation.,2023,37
5b140dc8f094e8a11fccab6bdee50d4c599e7444,Andres Freund,2023-03-24 09:39:35-07:00,meson: Fix oversight in install-quiet,2023,37
36a14afc076024ba48c399f2af2d4cd1b2c39348,Alvaro Herrera,2023-10-20 22:52:15+02:00,Make some error strings more generic,2023,36
9a2dbc614e6e47da3c49daacec106da32eba9467,Tom Lane,2023-06-08 17:10:04-04:00,Fix oversight in outer join removal.,2023,36
319bae9a8da66678d80d862440e54cebc7b1cc24,Thomas Munro,2023-05-15 10:31:14+12:00,Rename io_direct to debug_io_direct.,2023,36
c39f2f68e95a54e430c6a7b7d1e9f98cedff5aff,Alvaro Herrera,2023-05-10 18:26:10+02:00,Fix publication syntax error message,2023,36
b94c671648a6b2141f3309386023afd47f0bd886,David Rowley,2023-03-22 08:58:13+13:00,Fix incorrect comment in preptlist.c,2023,36
a740b213d4b4d3360ad0cac696e47e5ec0eb8864,Peter Eisentraut,2023-12-30 11:43:57+01:00,Add GUC backtrace_on_internal_error,2023,35
01529c7040088db2718628d0814058598152bd39,Thomas Munro,2023-10-16 13:32:41+13:00,Fix comment from commit 22655aa231.,2023,35
a899d07b24a6e519790041eeea5d96cc534f384e,Bruce Momjian,2023-09-05 13:05:28-04:00,doc: mention libpq regression tests,2023,35
4637a6ac0b40fef701ab850de1be547b927c3013,Thomas Munro,2023-07-03 11:16:27+12:00,"Silence ""missing contrecord"" error.",2023,35
58dc80acc5ebf12223be90db1a97dc0b31ca4e1f,Alvaro Herrera,2023-05-17 19:13:08+02:00,pg_dump: Error message improvements,2023,35
b1c4ed2f02b0c4cf1942e6eb2995bdbf8db5cccf,Peter Eisentraut,2023-05-05 07:50:08+02:00,Fix copy-and-pasto in error message,2023,35
d41a178b3a7ac0c2ca16f70129899ddabc2ce468,Thomas Munro,2023-03-15 13:24:47+13:00,Fix waitpid() emulation on Windows.,2023,35
4e633016abe9b82053aafb2fe9d3317add73f74d,Andres Freund,2023-03-11 13:24:40-08:00,meson: fix header path of ossp-uuid,2023,35
65e388d4182ae4eba5afe880471453d33a4097d8,Thomas Munro,2023-03-09 16:33:24+13:00,Fix race in SERIALIZABLE READ ONLY.,2023,35
ef7002dbe0b06e4e5b42c89becd4eb9be2e9aa89,Michael Paquier,2023-02-09 14:43:53+09:00,Fix various typos in code and tests,2023,35
d93d68aeeaeeda0e871825b461fd9ab68c7c0de3,Tom Lane,2023-01-11 22:19:55-05:00,Doc: fix silly thinko in 8bf6ec3ba.,2023,35
39a584dc90324b7323424d7450df8586ab2a0ca1,Peter Eisentraut,2023-06-29 09:14:55+02:00,Error message wording improvements,2023,34
9aee26a491ba9b7ceff40e6192183ab7200b6bfb,Nathan Bossart,2023-06-08 21:20:24-07:00,Fix missing word in nbtree/README.,2023,34
b23837dde48028f9e31983c765c32e3f42cb7ef2,David Rowley,2023-01-04 09:23:19+13:00,Fix typo in memutils_memorychunk.h,2023,34
2c321ceaa904eb2722050abd35bf4eaea434c8b5,Jeff Davis,2023-12-29 11:26:10-08:00,Fix collate.windows.win1252 test.,2023,33
390408ec08d338f36798ec063f81c5098596f8da,Peter Eisentraut,2023-12-27 17:39:10+01:00,Fix incorrect format placeholders,2023,33
b0ec61c9c27fb932ae6524f92a18e0d1fadbc144,Daniel Gustafsson,2023-09-14 11:17:33+02:00,Quote filenames in error messages,2023,33
d71e6055e45318b5cff2094025d641b954517fa9,Peter Eisentraut,2023-08-24 14:22:46+02:00,Fix lack of message pluralization,2023,33
ecb968e7e3da69a39d3efab69fa63fe6c8d04b5f,Michael Paquier,2023-05-25 16:26:08+09:00,Fix typo in TAP tests of vacuumdb,2023,33
a9781ae11ba2fdb44a3a72c9a7ebb727140b25c5,Daniel Gustafsson,2023-04-20 15:45:44+02:00,Fix autovacuum cost debug logging,2023,33
558c9d75fe3b38508296840e606737c664fc3b70,Thomas Munro,2023-04-14 11:02:38+12:00,Fix PHJ match bit initialization.,2023,33
5f38a2034e4f18ad3a57421f070ae01c32137ef1,Peter Eisentraut,2023-04-12 10:05:50+02:00,Fix incorrect format placeholders,2023,33
fb6fad6ef1bb94b5bfde01a83951ad7eda7764bc,Daniel Gustafsson,2023-04-05 09:06:32+02:00,Fix function reference in comment,2023,33
261cf8962b8ce92ce62c47148bd72a2c2e3351b0,Peter Eisentraut,2023-03-30 08:33:43+02:00,Fix incorrect format placeholders,2023,33
a9bc04b21182cb6030e248a4055dc793e901ef6d,Peter Eisentraut,2023-03-24 07:21:40+01:00,Fix incorrect format placeholders,2023,33
95a828378ed243a1b37cab6bda99746bfc0af509,Peter Eisentraut,2023-03-17 07:48:24+01:00,Fix incorrect format placeholders,2023,33
720de00af49d3d46cb5c9b4753b52215f5029ac9,Thomas Munro,2023-03-15 13:58:18+13:00,Fix fractional vacuum_cost_delay.,2023,33
470103697a17c4df516f9779fd3ff7f7c32d3cc5,Peter Eisentraut,2023-03-10 07:10:43+01:00,Fix incorrect format placeholders,2023,33
b1307b8b60111be8ddd8d6127701883c047bed15,Peter Eisentraut,2023-03-03 07:01:18+01:00,Fix incorrect format placeholders,2023,33
34ce11437497fbbdd44f26d6f1cc9d40f84da679,Tomas Vondra,2023-03-01 15:58:25+01:00,Fix condition in pg_dump TAP test,2023,33
318b1c0cc1660c51c06a716de5d36367afa2499e,Peter Eisentraut,2023-02-24 08:02:48+01:00,Fix incorrect format placeholders,2023,33
40d0b2d4153d903d41adee6a303428540389191b,Andrew Dunstan,2023-02-09 13:31:52-05:00,Fix help text spacing in pgindent,2023,33
8538519db107777a6b06b7277185e6605caf8d4c,Tom Lane,2023-02-04 15:19:54-05:00,Fix thinko in outer-join removal.,2023,33
3e36e48d8efecea9f2c991c0341e567af2eb363a,Amit Kapila,2023-11-30 09:31:21+05:30,Fix a test in 003_logical_slots.,2023,32
aea599cfc06b54426160a630e94ab7bdff7529c5,Peter Eisentraut,2023-10-03 08:30:20+02:00,Fix incorrect format placeholder,2023,32
876d17d62fe84d706058f2458f067f0e9049a230,Heikki Linnakangas,2023-06-27 10:12:25+03:00,Fix comment on clearing padding.,2023,32
f4a9422c0c37ba638adbab853b8badb98a53ce04,Jeff Davis,2023-05-25 17:05:50-07:00,Doc fixes for commit 1e16af8ab5.,2023,32
27debd05dcbdfe3db487ba82568f7f9ae25ddde2,Alvaro Herrera,2023-05-16 11:50:08+02:00,libpq: Error message improvement,2023,32
c91f3560835f76bd8c9f614bebaa8c634b98b451,Peter Eisentraut,2023-05-16 08:59:34+02:00,libpq: Error message improvement,2023,32
95f5a7a42c048ec01ba2650496296fe88aacd50f,Alvaro Herrera,2023-05-05 11:10:25+02:00,Fix sepgsql expected test output,2023,32
4fe2aa7656dce2bd31d4807a6843ff495b9deb80,Tom Lane,2023-03-22 14:28:45-04:00,Reduce memory leakage in initdb.,2023,32
7ab1bc2939f32aa995bdb81eaac3bb28f908e980,Daniel Gustafsson,2023-03-02 13:49:39+01:00,Fix outdated references to guc.c,2023,32
737668d9e320e452b4eeec6e5cec86284de67e0f,Michael Paquier,2023-02-28 08:37:37+09:00,Fix expected output of xml_2.out,2023,32
881a91781f49b6116ee6ce49b5bcc03da7200423,Peter Eisentraut,2023-02-17 14:10:48+01:00,Fix incorrect format placeholder,2023,32
f8ba1bf4e48369450cdc71b5bf12d8f7bdaf10f3,Peter Eisentraut,2023-02-10 12:00:51+01:00,Fix incorrect format placeholder,2023,32
9f452feeeb830534dc2ce743a2a14b109128326d,Tom Lane,2023-02-04 17:40:35-05:00,Fix thinko in qual distribution.,2023,32
62e1e28bf76910ffe47ddbc5c1fade41e1a65dac,Tom Lane,2023-01-23 13:50:49-05:00,Fix pgindent --show-diff option.,2023,32
a7ebd82b9e50960cac59868fa1dd3cbe12de8c7b,Peter Eisentraut,2023-12-27 17:15:26+01:00,Fix a warning in Perl test code,2023,31
b7f315c9d7d839dda847b10d170ffec7c3f4dbba,Alexander Korotkov,2023-11-10 22:46:46+02:00,Fix how SJE checks against PHVs,2023,31
8af917be6badf0b50759fd7d9ca4e3e7977dd486,Amit Kapila,2023-11-07 11:32:33+05:30,Fix the test 003_logical_slots.,2023,31
93c85db3b5b8d8d15b10b4c66a0e6961028470d4,Alexander Korotkov,2023-11-06 10:04:01+02:00,Fix allocation of UniqueRelInfo,2023,31
151ffcf6d8c1a527fa3abc27b1a13c0d43be494e,David Rowley,2023-11-04 15:41:16+13:00,Try again to fix the MSVC build,2023,31
cccfa08c39e194e7737d444974173e47a87b62c8,Michael Paquier,2023-10-25 09:40:55+09:00,doc: Fix some typos and grammar,2023,31
ef74c7197c04be4c34d1b2a426a9b1935a7f3a43,Jeff Davis,2023-10-10 11:01:13-07:00,Fix bug in GenericXLogFinish().,2023,31
0b053e78b5990cd01e7169ee5bd2bb8e4045deea,David Rowley,2023-10-05 20:30:47+13:00,Fix memory leak in Memoize code,2023,31
c1609cf3c014294937058d4ca2b3160ec1b5be8c,Daniel Gustafsson,2023-09-25 13:29:34+02:00,Fix typo in numutils.c comments,2023,31
d726897c571b4269096c2cd13af804d16d089669,Alvaro Herrera,2023-09-18 16:19:25+02:00,Fix psql's \? output for \watch,2023,31
a4cfeeca5a97f2b5969c31aa69ba775af95ee5a3,Tomas Vondra,2023-07-03 12:47:49+02:00,Fix code indentation violations,2023,31
92155e15d3cfe97758552484acb1583aaf71cda6,Peter Eisentraut,2023-05-15 07:11:22+02:00,Fix incorrect TAP test ordering,2023,31
644b848f50ef75430c0134654f86e8234691e390,Michael Paquier,2023-04-12 13:03:09+09:00,doc: Fix some typos and grammar,2023,31
cd82e5c79d145dddd7a30ed35e4d3b83945b56f3,Tom Lane,2023-04-07 10:35:11-04:00,Fix locale-dependent test case.,2023,31
c209d317e9b818e25b30703c60113875acb73008,Peter Eisentraut,2023-04-05 07:34:52+02:00,Fix minor signed/unsigned mixup,2023,31
82a7132f531b8b12e77d17476e9bfd599c3c30cf,Alexander Korotkov,2023-10-07 20:36:47+03:00,Fix another typo in e0b1ee17dc,2023,30
5da0a622e88907722ce456d30dbf0565ed7a222b,Heikki Linnakangas,2023-10-06 10:22:02+03:00,Fix crash on syslogger startup,2023,30
c2e08b04c9e71ac6aabdc7d9b3f8e785e164d770,Dean Rasheed,2023-08-07 09:28:47+01:00,Fix RLS policy usage in MERGE.,2023,30
1d70fb400c2c8312dac3ff19a1bb1cb5351047ce,Peter Eisentraut,2023-05-15 06:27:40+02:00,Fix whitespace inconsistencies,2023,30
87f21d2c68900ea4ccc6e20a9a3c941fafa9f94a,Tatsuo Ishii,2023-02-15 09:52:42+09:00,Fix make_etags failure on Mac.,2023,30
eae0e20deffb0a73f7cb0e94746f94a1347e71b1,Tom Lane,2023-01-31 11:57:47-05:00,Remove over-optimistic Assert.,2023,30
bfd2542001a4a792a82a09607524e9b78a02217c,Michael Paquier,2023-01-12 13:49:28+09:00,Fix incorrect comment in hba.h,2023,30
5f6401f81cb24bd3930e0dc589fc4aa8b5424cdc,Michael Paquier,2023-01-11 15:16:38+09:00,Fix typos in code and comments,2023,30
541e8f14a185495f814ae0a0876a0d0c4118833a,Peter Eisentraut,2023-12-28 17:25:47+01:00,Fix variable name and comment,2023,29
7d7ef075d2b3f3bac4db323c2a47fb15a4a9a817,John Naylor,2023-12-27 13:31:54+07:00,Fix typo and case in messages,2023,29
fe39f433528c7a5648a4b94bf11773f9c51e28ac,Peter Eisentraut,2023-08-30 16:21:21+02:00,Fix possible compiler warning,2023,29
8bf7db0285dfbc4b505c8be4c34ab7386eb6297f,Michael Paquier,2023-08-30 08:29:08+09:00,Fix comment of PQputCopyEnd(),2023,29
4e465aac36ce9a9533c68dbdc83e67579880e628,Michael Paquier,2023-07-18 14:04:31+09:00,Fix indentation in twophase.c,2023,29
1334b79a359fb842d2d3cfe5b61ad4ccff8b82a4,Tatsuo Ishii,2023-01-14 18:16:09+09:00,Doc: fix typo in backup.sgml.,2023,29
72aea955d49712a17c08748aa9abcbcf98c32fc5,Thomas Munro,2023-01-06 16:42:47+13:00,Fix pg_truncate() on Windows.,2023,29
b3efa270b5192f0c72dc26f0ea1bc795ad8516c3,Daniel Gustafsson,2023-11-30 10:56:53+01:00,Fix spelling and punctuation,2023,28
17935e1fdf0aff083347b4b2d6268d945041d188,Daniel Gustafsson,2023-11-30 10:56:48+01:00,Fix array subscript warnings,2023,28
0f852cccd96c6dafd7d23fb4ab073df8d370eb94,Daniel Gustafsson,2023-11-01 11:46:30+01:00,Fix function name in comment,2023,28
d0ec2ddbe088f6da35444fad688a62eae4fbd840,Alvaro Herrera,2023-09-01 19:49:20+02:00,Fix not-null constraint test,2023,28
e7814b40d02582238b14d838c2458825d9170178,Peter Eisentraut,2023-11-14 10:44:44+01:00,"Fix capitalization of ""Tcl""",2023,27
be6f7cd9bb4a80787a7ebd602e5cae23485e4fe2,Peter Eisentraut,2023-09-14 09:42:43+02:00,Fix indentation in SQL file,2023,27
b750e74e6ec324f4c9de82587cb6a07490f86cfe,Peter Eisentraut,2023-06-29 13:16:52+02:00,meson: Fix intl misspelling,2023,27
d0f952691ff532aa0c54e9d146fac8d590596646,Tom Lane,2023-05-19 15:24:07-04:00,Fix thinko in join removal.,2023,27
e39d512f3e9b1e34ffba77c8fe120c2675f6873b,Jeff Davis,2023-04-17 13:45:50-07:00,Comment fix for 60684dd834.,2023,27
3e623ebc7a22444ad3d15b36ffa3273c47283e18,Peter Eisentraut,2023-03-10 14:27:55+01:00,Fix tests for non-ICU build,2023,27
7ba09efe248fe5e15bd6d4c4d0612ea63b66a860,Peter Eisentraut,2023-02-06 17:54:10+01:00,doc: Fix SQL keywords lists,2023,27
6c6d6ba3ee2c160b53f727cf8e612014b316d6e4,Amit Kapila,2023-01-24 09:25:36+05:30,Fix the Drop Database hang.,2023,27
6475e663b3c67895aa76acac27fd931bf8a6c0f1,Nathan Bossart,2023-08-29 18:32:38-07:00,Fix misuse of PqMsg_Close.,2023,26
009bd237bf6db64ea1131df71f19a529b119fbef,Peter Eisentraut,2023-05-17 21:33:47+02:00,Fix error message wordings,2023,26
86a3fc7ec8a03bca7120894bababa7c734628b4c,Robert Haas,2023-04-05 09:50:08-04:00,Fix wrong word in comment.,2023,26
a04761ac77354930aebe7613b40bbdd749af5002,Daniel Gustafsson,2023-03-24 09:03:31+01:00,Fix typo in header comment,2023,26
1be0fdb9de559ce8daf6d5603f0329cbd056111a,Andres Freund,2023-03-07 10:08:38-08:00,Fix flakey pg_stat_io test,2023,26
6c14fb17e4be70e0f3c03d2f9f6c540b6d5bdcbe,Peter Eisentraut,2023-02-06 22:58:44+01:00,Fix more outdated comments,2023,26
8dd43894b1f5c0148dd36308fc607bfcc909e5bd,Peter Eisentraut,2023-01-23 21:46:30+01:00,Fix XLogPageRead() comment,2023,26
9972c7de1d078d30434c16081fe0624ee3d24a61,Michael Paquier,2023-10-24 08:05:29+09:00,Fix typos in wait_event.c,2023,25
dca20013ebab0f0176e610a36b846d899af1d451,Peter Eisentraut,2023-08-16 16:17:00+02:00,Unify some error messages,2023,25
3ad5f07c0fe9a734fb4e2484c7165f9280dbefa7,Peter Eisentraut,2023-06-23 16:36:17+02:00,Error message refactoring,2023,25
ae2ccf66a261caac9701986597e3f29188f890d6,Alexander Korotkov,2023-11-30 13:46:23+02:00,Fix typo in 5a1dfde8334b,2023,24
1f9e3a9be539f912babd3ad58d01a4ce6aa0b85b,Daniel Gustafsson,2023-09-23 09:56:38+02:00,Fix typo in test comment,2023,24
b2bd9a6796d60bae7bfc3d780b6727f76fca1a7d,Peter Eisentraut,2023-03-13 11:15:21+01:00,Fix expected test output,2023,24
9e8b694d819d96f65f8de33102858bd6bff4b54a,Michael Paquier,2023-02-10 15:37:41+09:00,Fix typo in parsenodes.h,2023,24
f5da3d85b95640ac754ee14c47aeb90003e6d7c0,Peter Eisentraut,2023-02-06 22:39:48+01:00,Fix up outdated comments,2023,24
e8c334c47abb6c8f648cb50241c2cd65c9e4e6dc,Alexander Korotkov,2023-10-07 11:55:55+03:00,Fix typos in e0b1ee17dc,2023,23
c868cbfef70a22bc02093cfd5e21d5ffd3ca5dd0,Michael Paquier,2023-09-20 10:02:12+09:00,Fix typos in pgoutput.c,2023,23
9efcf442b9a4035be2692525be81a23224288d1b,Peter Eisentraut,2023-08-24 10:25:51+02:00,Fix translation markers,2023,23
5cd1a5af4d17496a58678c8eb7ab792119c2d723,Jeff Davis,2023-04-21 13:11:18-07:00,Fix initdb --no-locale.,2023,23
27a36f79b6d15cb2b267d16084007aa9d6917aec,Daniel Gustafsson,2023-08-23 10:22:55+02:00,Fix wording in comment,2023,22
e70ed4b1b87d22b47955c2bdee567ef8424e6df8,Amit Kapila,2023-09-04 09:06:15+05:30,Fix typo in decode.c.,2023,21
8961cb9a0315fa23458587b3df547ca8d8e00f85,Michael Paquier,2023-05-02 12:23:08+09:00,Fix typos in comments,2023,21
525fb0a171a60ddea94c1953e24abef1da358888,Daniel Gustafsson,2023-04-03 10:50:17+02:00,Fix typo in CI README,2023,21
88199b9d5fda605360ac903dd9d3de0ca36f0b8c,Michael Paquier,2023-03-22 08:44:59+09:00,Fix a couple of typos,2023,21
2b16208753770318085b1201a6d101cab2697132,Andres Freund,2023-01-18 10:26:15-08:00,Fix ILIST_DEBUG build,2023,21
160c23b5fa0243d2f743cc70c96dac44d9932645,Amit Langote,2023-06-16 10:17:15+09:00,Fix typo in comment.,2023,20
4327f6c7480fea9348ea6825a9d38a71b2ef8785,Masahiko Sawada,2023-06-14 13:28:41+09:00,Fix typo in comment.,2023,20
4f985aba6963b8669325e1c58585d04257977fda,Amit Kapila,2023-01-17 10:39:11+05:30,Fix typo in comment.,2023,20
c5962ad21a6e3119c9f63b5fbfbcfe663413d551,Daniel Gustafsson,2023-12-12 12:16:38+01:00,Fix typo in comment,2023,19
03749325d16c4215ecd6d6a6fe117d93931d84aa,Daniel Gustafsson,2023-11-29 14:56:26+01:00,Fix typo in comment,2023,19
94f9c087421ccda6a615df2dda6c40fb99570fa9,Bruce Momjian,2023-08-14 14:03:29-04:00,pgtest: fix spacing,2023,19
4def50eba99e0a7e9b4c09fa3e33209d6d6fb834,Etsuro Fujita,2023-04-26 20:15:00+09:00,doc: Fix grammar.,2023,17
b4dbf3e924b2556acbe103dc61ac71f9985ff24f,David Rowley,2023-04-18 13:23:23+12:00,Fix various typos,2023,17
6ee01e25b7f79bdf835d12927b306ad922c55fd3,Peter Eisentraut,2023-07-08 17:27:18+02:00,Fix Perl warning,2023,16
4d0cf0b05defcee985d5af38cb0db2b9c2f8dbae,Daniel Gustafsson,2023-12-05 15:54:59+01:00,Fix indentation,2023,15
6631363a5992a81d7bbcecaba68886564ad701ba,Thomas Munro,2023-11-25 10:43:39+13:00,Fix whitespace.,2023,15
206b44bb24b3785bf6360361b757c1dae77ab0bb,Jeff Davis,2023-03-09 10:26:47-08:00,Fix 9637badd9f.,2023,15
43071777be134bb471f316fea66d928e6c40e37f,Peter Eisentraut,2023-11-14 10:41:17+01:00,Fix whitespace,2023,14
eb81e8e7902f63c4d292638edc8b7e92b766a692,Peter Eisentraut,2023-11-10 11:56:52+01:00,Fix whitespace,2023,14
12829058c424cba540ac8de33d129d02f8bd3449,Peter Eisentraut,2023-04-14 10:04:57+02:00,Fix whitespace,2023,14
c971a5b27ac946e7c94f7f655d321279512c7ee7,Peter Eisentraut,2023-01-11 14:41:52+01:00,Fix MSVC build,2023,14
0d93ce31a584ff454f39df9f94f84376756e074b,Peter Eisentraut,2023-12-01 17:58:18+01:00,pgindent fix,2023,12
a44d96add2eb377ab70055a54b713c5c78380383,Peter Eisentraut,2023-07-10 12:05:32+02:00,Fix pgindent,2023,12
0e917508b89dd21c5bcd9183e77585f01055a20d,Peter Eisentraut,2023-12-14 09:48:24+01:00,Fix typo,2023,8
cc1392d4aa5206d6b4dcc1b036f7a001bcac4197,Peter Eisentraut,2023-03-17 21:40:25+01:00,Fix typo,2023,8
4037c5e2fe9e2c7b083606435d29cdb25092f70f,Peter Eisentraut,2023-01-06 14:25:19+01:00,Fix typo,2023,8
d56cb42b54381d414f1f30929ca267e4768313c8,Peter Eisentraut,2024-03-19 07:09:31+01:00,Activate perlcritic InputOutput::RequireCheckedSyscalls and fix resulting warnings,2024,82
099ca50bd41c1a72fe5a086bb095858ea74c88de,Michael Paquier,2024-03-07 08:30:35+09:00,"Revert ""Fix parallel-safety check of expressions and predicate for index builds""",2024,80
818fefd8fd4412d45eb542155cb2833a2b864acc,Michael Paquier,2024-02-20 13:43:51+09:00,Fix race leading to incorrect conflict cause in InvalidatePossiblyObsoleteSlot(),2024,80
022564f60ca5cade8fd663906f3ee514573b4b5e,Amit Kapila,2024-10-07 15:38:45+05:30,Fix fetching default toast value during decoding of in-progress transactions.,2024,77
e5ed873b1b4a395b06a5599100383a95c9846e5b,Masahiko Sawada,2024-11-15 17:06:11-08:00,Fix a possibility of logical replication slot's restart_lsn going backwards.,2024,76
5bbdfa8a18dc56d3e64aa723a68e02e897cb5ec3,Michael Paquier,2024-09-09 13:49:36+09:00,Fix waits of REINDEX CONCURRENTLY for indexes with predicates or expressions,2024,76
49a23441ca7f314c25794a9a547011c0a858cfaa,Michael Paquier,2024-10-29 08:41:33+09:00,Fix dependency of partitioned table and table AM with CREATE TABLE .. USING,2024,75
a39297ec026c556b1bf2963dde766db31a2c3d2d,Fujii Masao,2024-10-08 18:23:43+09:00,Move check for binary mode and on_error option to the appropriate location.,2024,75
6f3d8d5e7cc2f2e2367cd6da6f8affe98d1f5729,Amit Kapila,2024-04-08 13:21:55+05:30,Fix the intermittent buildfarm failures in 040_standby_failover_slots_sync.,2024,75
cf765ff824b8fef31f3c6b5489d2f9985909f6a9,Amit Kapila,2024-01-29 12:13:39+05:30,Doc: Fix incorrect reference to conflicting column in pg_replication_slots.,2024,75
dddb5640c6d32f3d48994dac0f4e80d0f4567262,Dean Rasheed,2024-10-03 12:53:03+01:00,Fix incorrect non-strict join recheck in MERGE WHEN NOT MATCHED BY SOURCE.,2024,74
39a138fbef87803ab7fe494243c1ba36a093a0e8,Heikki Linnakangas,2024-08-06 22:15:46+03:00,"Revert ""Fix comments in instr_time.h and remove an unneeded cast to int64""",2024,74
77cf6a78de9fa48976d8c9152a48290beb06dc8b,Michael Paquier,2024-03-13 07:45:11+09:00,Add some asserts based on LWLockHeldByMe() for replication slot statistics,2024,74
0e162810df7657bac24ba4657460a87104523fc6,Noah Misch,2024-02-19 12:52:28-08:00,Fix test race between primary XLOG_RUNNING_XACTS and standby logical slot.,2024,74
089aac631b5ba53be0ecf8ea2e8d81388d69629c,Michael Paquier,2024-10-17 08:44:50+09:00,Fix validation of COPY FORCE_NOT_NULL/FORCE_NULL for the all-column cases,2024,73
64740853f07fd1a8314ad68c38298d7e5afe1acc,Noah Misch,2024-08-18 12:03:59-07:00,"Fix comments on wal_level=minimal, CREATE TABLESPACE and CREATE DATABASE.",2024,73
321c287351f707c38c1fa94c1ac89bcc3134ed59,Peter Eisentraut,2024-12-10 12:30:42+01:00,Improve internal logical replication error for missing equality strategy,2024,72
b1008c1f01ff5cd35d2394bde2532c40781e696f,Tom Lane,2024-11-04 14:36:11-05:00,"pg_basebackup, pg_receivewal: fix failure to find password in ~/.pgpass.",2024,72
d22d98c341713a260c1d821a62e83c19e27defa0,Peter Eisentraut,2024-01-16 08:57:35+01:00,Assert that partition inherits from only one parent in MergeAttributes(),2024,72
da99fedf8c1726326868d37a0e886caf9107d040,Michael Paquier,2024-12-09 10:45:28+09:00,Fix invalidation of local pgstats references for entry reinitialization,2024,71
c166454496876818216e222890ab1ae788551c42,Fujii Masao,2024-11-20 02:00:50+09:00,Improve error message for database object stats manipulation functions.,2024,71
341e9a05e7b4c4fb2a1e539a5073dfd0e5b46735,Michael Paquier,2024-09-05 14:36:57+09:00,Fix two NULL pointer dereferences when reading custom pgstats from file,2024,71
372700cf3067254317e7e8060662f8fac11500d5,Noah Misch,2024-05-16 14:11:00-07:00,Fix documentation about DROP DATABASE FORCE process termination rights.,2024,71
bb7f195ff78851e5fcee7230108a16d70be13579,Masahiko Sawada,2024-04-25 21:48:52+09:00,radixtree: Fix SIGSEGV at update of embeddable value to non-embeddable.,2024,71
97ce821e3e171ce99fa7c398889ac08432cd0264,Alexander Korotkov,2024-04-04 00:34:28+03:00,Fix the parameters order for TableAmRoutine.relation_copy_for_cluster(),2024,71
eae7be600be715b2f393b018fc4b98c5b89296da,Michael Paquier,2024-03-06 17:23:56+09:00,Fix parallel-safety check of expressions and predicate for index builds,2024,71
6743c5ae64e3c957ef8bd4f8a0daa2ba9959b0b3,Peter Eisentraut,2024-02-09 08:09:22+01:00,Fix propagation of persistence to sequences in ALTER TABLE / ADD COLUMN,2024,71
83eb244e419efd43959fdd544ff8c30e175565ef,Michael Paquier,2024-01-16 09:17:51+09:00,Fix a typo and some doc indentation related to libpq pipeline functions,2024,71
a62d90f2e5cb55d0c8998b63120d6db3c55df866,Thomas Munro,2024-11-27 23:20:10+13:00,"Revert ""Blind attempt to fix _configthreadlocale() failures on MinGW.""",2024,70
2eff9e678d350882f7a4b6ec6361927c9093051c,Michael Paquier,2024-08-05 11:43:33+09:00,Add helper routines to retrieve data for custom fixed-numbered pgstats,2024,70
571f7f70865cdaf1a49e7934208ad139575e3f03,Amit Kapila,2024-07-09 09:00:45+05:30,"To improve the code, move the error check in logical_read_xlog_page().",2024,70
f56a9def71bb1d2ccf4fa01a4d1e082c1063d921,Michael Paquier,2024-04-11 09:20:51+09:00,Fix inconsistency with replay of hash squeeze record for clean buffers,2024,70
801792e528d6cb5eeb3a70f5ceb10b15bf92f0c7,Amit Kapila,2024-02-22 11:17:00+05:30,Improve ERROR/LOG messages added by commits ddd5f4f54a and 7a424ece48.,2024,70
a3699daea2026de324ed7cc7115c36d3499010d3,Michael Paquier,2024-11-19 13:27:42+09:00,libpq: Improve error message when parsing URI parameters and keywords,2024,69
09620ea09121b66e9372e8e9244d8bb6b19b89d7,Michael Paquier,2024-09-27 09:40:09+09:00,Fix incorrect memory access in VACUUM FULL with invalid toast indexes,2024,69
fadff3fc94598db1d87e4242821964fb2850e19e,Tom Lane,2024-09-05 12:42:33-04:00,"Prevent mis-encoding of ""trailing junk after numeric literal"" errors.",2024,69
37c6923cf3d8ec1bd44924aab6f58f72754a0e7b,Peter Eisentraut,2024-07-25 10:40:04+02:00,Fix -Wmissing-variable-declarations warnings for float.c special case,2024,69
92c49d1062f7094f56b80c603233fa4a0ffe2f8b,Tom Lane,2024-06-17 14:30:59-04:00,Fix insertion of SP-GiST REDIRECT tuples during REINDEX CONCURRENTLY.,2024,69
f7ab71ba0c7bcf237403d40269aeea0a0f2551df,Michael Paquier,2024-05-23 13:47:12+09:00,Fix typo and comments related to the recent no-wait lock improvements,2024,69
f4083c49751018ae2140de8bf752b8d60485a6ca,Michael Paquier,2024-04-09 10:31:12+09:00,injection_points: Fix race condition with local injection point tests,2024,69
5eac8cef24543767015a9b248af08bbfa10b1b70,Tom Lane,2024-04-01 15:15:03-04:00,Avoid possible longjmp-induced logic error in PLy_trigger_build_args.,2024,69
41d3780d3d29acd7e0a7a6922f2757243e9186d0,Alexander Korotkov,2024-03-26 01:55:22+02:00,Improve error message for tts_(virtual|minimal)_is_current_xact_tuple,2024,69
d9e225f275b7d27e6d2b196f5c528f9ad8a39abf,Amit Kapila,2024-02-16 10:13:51+05:30,Change the LOG level in 040_standby_failover_slots_sync.pl to DEBUG2.,2024,69
7e125b20eed65e61b07e2e9ef6901467e4f14272,Michael Paquier,2024-12-30 09:58:02+09:00,Fix failures with incorrect epoch handling for 2PC files at recovery,2024,68
b69bdcee9c9cfd8550c4e847d035f441fcee7d01,Tom Lane,2024-11-15 18:23:38-05:00,Avoid assertion due to disconnected NFA sub-graphs in regex parsing.,2024,68
1fe0466cf2cbb909b6553061620b6a6779319406,Heikki Linnakangas,2024-11-04 15:31:46+02:00,Fix comment in LockReleaseAll() on when locallock->nLock can be zero,2024,68
259a0a99fe3d45dcf624788c1724d9989f3382dc,Dean Rasheed,2024-10-03 13:48:32+01:00,Fix wrong varnullingrels error for MERGE WHEN NOT MATCHED BY SOURCE.,2024,68
1591b38d17c55015403f6e3c9461538ffcf704e7,Tom Lane,2024-09-24 17:21:38-04:00,Fix psql describe commands' handling of ACL columns for old servers.,2024,68
f96c2c72788cab3005c8bc6b4934b4928b34a529,Tom Lane,2024-07-14 13:49:46-04:00,Avoid unhelpful internal error for incorrect recursive-WITH queries.,2024,68
2dc1deaea0354ce8427abd8c6b11f9c004a65f24,Tom Lane,2024-06-07 13:27:26-04:00,Fix behavior of stable functions called from a CALL's argument list.,2024,68
3a82c689fd1be9bdf9d60135e5db7d352c051269,Alexander Korotkov,2024-05-23 02:21:00+03:00,Fix the name collision detection in MERGE/SPLIT partition operations,2024,68
5278668d7a460d0fac3578d494c039dbc1fc5e89,Tom Lane,2024-05-22 17:54:17-04:00,Fix handling of extended expression statistics in CREATE TABLE LIKE.,2024,68
2af75e1174786a02fc35755c0cb98c522d72a065,Alexander Korotkov,2024-04-08 08:51:07+03:00,Fix the value of or_to_any_transform_limit in postgresql.conf.sample,2024,68
096a761d687f1f60dc581f388f8e5b11d648b290,Tom Lane,2024-04-04 15:31:53-04:00,Fix ecpg's mechanism for detecting unsupported cases in the grammar.,2024,68
d75c4027b6f260f2045b162017567aeeb909b056,Robert Haas,2024-03-04 13:33:28-05:00,Fix incremental backup interaction with XLOG_DBASE_CREATE_FILE_COPY.,2024,68
57b440ec115f57ff6e6a3f0df26063822e3123d2,Tom Lane,2024-01-18 16:11:16-05:00,Fix plpgsql to allow new-style SQL CREATE FUNCTION as a SQL command.,2024,68
b6612aedc53a6bf069eba5e356a8421ad6426486,David Rowley,2024-11-29 15:56:24+13:00,Fix typo in header comment for set_operation_ordered_results_useful,2024,67
b8df690492568d7852b799b4eff3274fbbd91e78,Tom Lane,2024-11-08 13:42:10-05:00,Improve fix for not entering parallel mode when holding interrupts.,2024,67
b2be5cb2ab671073ec0fc69357c3c11e25bb41cc,Tom Lane,2024-08-11 12:24:56-04:00,Suppress Coverity warnings about Asserts in get_name_for_var_field.,2024,67
e56ccc8e4204d9faf86f3bd2e435a0788b3d0429,Noah Misch,2024-08-07 11:43:08-07:00,"Fix names of ""Visual Studio"" and Meson in a documentation sentence.",2024,67
5d6c64d290978dab76c00460ba809156874be035,Tom Lane,2024-06-27 14:44:02-04:00,Avoid crashing when a JIT-inlined backend function throws an error.,2024,67
3482bab5e30a0cc7fba4c904ba21b4957b2876bd,Peter Eisentraut,2024-06-07 09:36:26+02:00,meson: Restore implicit warning/debug/optimize flags for extensions,2024,67
7515982636902ad1e945b4606b02ee706dadb83e,Tom Lane,2024-06-06 15:16:56-04:00,Fix failure with SQL-procedure polymorphic output arguments in v12.,2024,67
97e5b0026fc276ab1bcde58ae98ae1fcd9c3acc3,Alexander Korotkov,2024-05-23 02:13:43+03:00,amcheck: Report an error when the next page to a leaf is not a leaf,2024,67
a767cdc84c9a4cba1f92854de55fb8b5f2de4598,Tom Lane,2024-03-27 13:39:03-04:00,Fix unnecessary use of moving-aggregate mode with non-moving frame.,2024,67
2b520860c08ac946ec5e570065ede1c467e45618,Nathan Bossart,2024-03-20 11:34:00-05:00,"Revert ""Temporary patch to help debug pg_walsummary test failures.""",2024,67
a189ed49d6292979be1478292246be61c4563043,Michael Paquier,2024-03-13 14:19:21+09:00,Add tests for more row patterns with COPY FROM .. (ON_ERROR ignore),2024,67
f5a465f1a07474f380b54073a518602b342a188b,Tom Lane,2024-02-25 16:15:07-05:00,Promote assertion about !ReindexIsProcessingIndex to runtime error.,2024,67
c01f6ef46c8f0ab3faa54e8f040da6e9ddc7fe5b,Alexander Korotkov,2024-02-09 12:56:54+02:00,Fix usage of aggregate pathkeys in group_keys_reorder_by_pathkeys(),2024,67
9cd0d77dfcdf847cc42e0401d406c501b3baccbb,Michael Paquier,2024-01-05 20:08:34+09:00,Fix corruption of local buffer state during extend of temp relation,2024,67
0b1765d959508050dba023099e36325cfeec3ff9,Robert Haas,2024-11-04 10:11:05-05:00,pg_combinebackup: Error if incremental file exists in full backup.,2024,66
e9339782a631eeef01281bc7e1633dd6b970106e,Tom Lane,2024-09-29 13:40:03-04:00,"In passwordFromFile, don't leak the open file after stat failures.",2024,66
dd8bea88abf4794d99270ced884a8bc1e387255d,Amit Langote,2024-09-09 13:46:58+09:00,SQL/JSON: Avoid initializing unnecessary ON ERROR / ON EMPTY steps,2024,66
3a97460970f344660971ee75d7f5a181bf87f633,Amit Langote,2024-09-06 12:05:40+09:00,SQL/JSON: Avoid initializing unnecessary ON ERROR / ON EMPTY steps,2024,66
43f2e7634d838b39fd3fa3aaddb6964392d98312,Tom Lane,2024-08-29 13:24:17-04:00,Fix mis-deparsing of ORDER BY lists when there is a name conflict.,2024,66
0fb0f689331cb0c00348aab752dced30493a6672,Jeff Davis,2024-08-20 12:25:06-07:00,Improve configure error for ICU libraries if pkg-config is absent.,2024,66
bd06cc338d82fd0c56de6421fe5ef143ec79cf6e,Michael Paquier,2024-08-19 12:34:18+09:00,Fix more holes with SLRU code in need of int64 for segment numbers,2024,66
c899c6839f5de596a316da7fb94e4f917a242b04,Alvaro Herrera,2024-08-12 18:17:56-04:00,Fix creation of partition descriptor during concurrent detach+drop,2024,66
c9e24573905bef7fc3e4efb02bdb4d0cc8e43c51,Michael Paquier,2024-07-27 07:16:52+09:00,Fix more holes with SLRU code in need of int64 for segment numbers,2024,66
b9e5249c29354186576d8fc00609fe7eaf7c8d25,Heikki Linnakangas,2024-07-26 15:11:50+03:00,Fix using injection points at backend startup in EXEC_BACKEND mode,2024,66
4e5d6c40914e2b890c4780d33de8ad07b1d79689,Fujii Masao,2024-07-15 14:11:13+09:00,Fix unstable tests in partition_merge.sql and partition_split.sql.,2024,66
c2d93c3802b205d135d1ae1d7ac167d74e08a274,Amit Langote,2024-06-28 21:48:44+09:00,SQL/JSON: Fix coercion of constructor outputs to types with typmod,2024,66
945ec4c4bca1e1c4347cd3f93135e96770ac1b4c,Alexander Korotkov,2024-05-26 07:14:12+03:00,amcheck: Fixes for right page check during unique constraint check,2024,66
8559252095e17c3cf25a28921a6ef8a14e769519,David Rowley,2024-05-23 15:24:54+12:00,Fix a couple of outdated comments now that we have MERGE RETURNING,2024,66
a9a7c2c3e15ede7a4f6b44d72a32b105b9113f02,Tom Lane,2024-05-22 18:22:58-04:00,"Fix input of ISO ""extended"" time format for types time and timetz.",2024,66
509199587df73f06eda898ae13284292f4ae573a,Peter Eisentraut,2024-05-07 22:50:00+02:00,Fix assorted bugs related to identity column in partitioned tables,2024,66
91e7115b177b0523f9757574b8a329ebe10c0af7,Tom Lane,2024-05-02 17:36:31-04:00,Throw a more on-point error for publications depending on columns.,2024,66
5c9f35fc48ea99e59300a267e090e3eafd1b3b0e,Heikki Linnakangas,2024-04-28 22:39:35+03:00,Fix documentation and comments on what happens after GSS rejection,2024,66
beabea6c2063e583628c59d03102dba996975b4a,Alexander Korotkov,2024-04-08 01:38:37+03:00,Fix usage of same ListCell transform_or_to_any()'s in nested loops,2024,66
0960ae1967d0569be4d118c20e51a2ed98d76f65,Heikki Linnakangas,2024-03-18 14:03:58+02:00,Fix EXPLAIN Bitmap heap scan to count pages with no visible tuples,2024,66
6ee3261e9bb6f0aa30ec74896c57f69b0636bfdd,Tom Lane,2024-03-12 18:16:25-04:00,Fix confusion about the return rowtype of SQL-language procedures.,2024,66
2a6b47cb50eb9b62b050de2cddd03a9ac267e61f,Tom Lane,2024-02-28 16:05:28-05:00,Improve plpgsql's error messages for incorrect %TYPE and %ROWTYPE.,2024,66
4c2369ac5d0a108df4d65a2886657efa010d67ca,David Rowley,2024-02-20 12:49:37+13:00,Fix incorrect pruning of NULL partition for boolean IS NOT clauses,2024,66
5ebc9c90173f32cffe373a80835f157b9ebfa3bd,Tom Lane,2024-02-13 15:58:40-05:00,Catch overflow when rounding intervals in AdjustIntervalForTypmod.,2024,66
6a1ea02c491d16474a6214603dce40b5b122d4d1,Heikki Linnakangas,2024-01-29 13:46:22+02:00,Fix locking when fixing an incomplete split of a GIN internal page,2024,66
31acee4b66f9f88ad5c19c1276252688bdaa95c9,Michael Paquier,2024-01-15 09:30:16+09:00,Reduce dependency to money data type in main regression test suite,2024,66
e116b703f0b9b551cb413c8f2cfe231a9ce73f42,Michael Paquier,2024-12-17 09:23:49+09:00,pg_combinebackup: Fix PITR comparison test in 002_compare_backups,2024,65
5a2fed911a85ed6d8a015a6bafe3a0d9a69334ae,Tom Lane,2024-11-11 10:29:54-05:00,Fix improper interactions between session_authorization and role.,2024,65
68ad9816c189958a0731d8d5ead7545878fdf15d,Tom Lane,2024-10-21 15:08:22-04:00,"Fix wrong assertion and poor error messages in ""COPY (query) TO"".",2024,65
147bbc90f75794e5522dcbadaf2bbe1af3ce574a,Tom Lane,2024-09-26 11:02:31-04:00,"Modernize to_char's Roman-numeral code, fixing overflow problems.",2024,65
3dcb09de7bb21c75d4df48263561af324fd099a4,Heikki Linnakangas,2024-08-06 14:28:02+03:00,Fix comments in instr_time.h and remove an unneeded cast to int64,2024,65
ca1ba50fcb6f85ac603aecbc184c7c59886c2a7c,Michael Paquier,2024-07-30 15:08:21+09:00,Add more debugging information when failing to read pgstats files,2024,65
c95d2159c1dd3f269383a9bd830e1c804dba34c8,Heikki Linnakangas,2024-07-26 15:00:36+03:00,Fix fallback behavior when server sends an ERROR early at startup,2024,65
734c057a8935fca10ff67173c8b969ef799ea7d2,Michael Paquier,2024-07-12 15:09:53+09:00,Add assertion in pgstat_write_statsfile() about processes allowed,2024,65
9e4664d950c125a1ff7bb29cd1593ca37f8b0c01,Michael Paquier,2024-07-11 16:12:44+09:00,Add a new 'F' entry type for fixed-numbered stats in pgstats file,2024,65
01aa88f71208c2af143b044553b89df4438de33e,Tom Lane,2024-06-14 15:29:09-04:00,Fix misc_sanity test to accept SHARED_DEPENDENCY_INITACL entries.,2024,65
00ac25a3c365004821e819653c3307acd3294818,Tom Lane,2024-06-07 16:45:56-04:00,"Tighten test_predtest's input checks, and improve error messages.",2024,65
cd2624fd97b0c36b68da278abc5362647f69b07d,Dean Rasheed,2024-06-04 11:48:01+01:00,Fix PL/pgSQL's handling of integer ranges containing underscores.,2024,65
855517307db8efd397d49163d65a4fd3bdcc41bc,Michael Paquier,2024-05-09 12:45:37+09:00,Fix overread in JSON parsing errors for incomplete byte sequences,2024,65
aa79bde725650b4cfdce05bcc119008709590af6,Amit Kapila,2024-04-25 10:40:52+05:30,Fix the missing table sync due to improper invalidation handling.,2024,65
b29cbd3da4e37db17026b9fe58fb46fe83f467bf,Amit Kapila,2024-04-23 12:22:30+05:30,Fix the handling of the failover option in subscription commands.,2024,65
1b00fe30a67774e55c5fc776096a3c96f1a147d2,Andrew Dunstan,2024-04-04 11:36:26-04:00,Fix warnings re typedef redefinition in ea7b4e9a2a and 3311ea86ed,2024,65
235c09efbb306d6263e904e484abdf44866beb5e,Michael Paquier,2024-02-01 17:12:50+09:00,Fix stats_fetch_consistency with stats for fixed-numbered objects,2024,65
371b07e8944983261a0f73c3b52dbbf0fd076a96,Robert Haas,2024-01-02 13:17:23-05:00,Remove Lock suffix from WALSummarizerLock in wait_event_names.txt,2024,65
c431986de16cc7e7af8ba3af45d846f279606fd3,Tom Lane,2024-12-23 15:14:30-05:00,postgres_fdw: re-issue cancel requests a few times if necessary.,2024,64
ea15816928c1bbcab749205a263d82daea28a3e0,Michael Paquier,2024-11-22 14:04:21+09:00,psql: Fix category of \parse in output of --help=commands and \?,2024,64
2d5fe514052ad82e46612e4c572f1c999be56a71,Álvaro Herrera,2024-10-30 10:54:03+01:00,Fix some more bugs in foreign keys connecting partitioned tables,2024,64
cf4401fe6cf56811343edcad29c96086c2c66481,Michael Paquier,2024-10-01 15:44:03+09:00,Fix race condition in COMMIT PREPARED causing orphaned 2PC files,2024,64
dbf3f974ee04d24547690268b1fc2b7eb12b4ebc,Noah Misch,2024-09-24 15:25:18-07:00,"Warn if LOCKTAG_TUPLE is held at commit, under debug_assertions.",2024,64
5d1d8b3c82c2a796bf7d89f2a5785ce9424acab1,Tom Lane,2024-07-26 12:39:45-04:00,Clarify error message and documentation related to typed tables.,2024,64
bb19b70081e2248f242cd00227abff5b1e105eb6,Masahiko Sawada,2024-07-11 22:48:23+09:00,Fix possibility of logical decoding partial transaction changes.,2024,64
e6d0d16adf7fb7e715314d5068db4b875c3edf00,Tom Lane,2024-06-20 14:21:36-04:00,Don't throw an error if a queued AFTER trigger no longer exists.,2024,64
d92573adcb02564439086d1c257d7821606a3115,Michael Paquier,2024-06-07 18:46:13+09:00,Add more debugging information when dropping twice pgstats entry,2024,64
3cb2f13ac500983c9c6b1eef3b3c2091c26f3040,Nathan Bossart,2024-05-13 15:53:50-05:00,Fix pg_sequence_last_value() for unlogged sequences on standbys.,2024,64
534287403914cc9760db98f7320ac4e92f5d416e,Tom Lane,2024-04-29 19:26:19-04:00,Fix failure to track role dependencies of pg_init_privs entries.,2024,64
661ab4e185784db79c194b5758555b1db3f30483,Andrew Dunstan,2024-04-12 10:32:30-04:00,Fix some memory leaks associated with parsing json and manifests,2024,64
fad3b5b5acb154725b0265010642ee95fa37c5d7,Tom Lane,2024-03-26 15:28:31-04:00,Fix failure of ALTER FOREIGN TABLE SET SCHEMA to move sequences.,2024,64
2c8118ee5d980e11f73683fcda2329c323aa381e,Michael Paquier,2024-03-12 10:02:54+09:00,Use printf's %m format instead of strerror(errno) in more places,2024,64
f500ba07fa9d00eaa2d26ea66401e62f950163ae,Michael Paquier,2024-03-11 09:08:05+09:00,Add some checkpoint and redo LSNs to a couple of recovery errors,2024,64
fce2ce797c412df8b794b8a92c5a586db5e1bedc,Tom Lane,2024-03-04 12:00:48-05:00,Fix initdb's -c option to treat the GUC name case-insensitively.,2024,64
498f130756914e1bc3125ddfc7e5c86f38ded8e8,Bruce Momjian,2024-12-03 18:27:41-05:00,Fix Makefile so invalid characters warning preserves error code,2024,63
2d8bff603c9ee7b284b85016fd1a8849ee36368d,Tom Lane,2024-10-31 16:09:27-04:00,Make all ereport() calls within gram.y provide error locations.,2024,63
49dc191bd1ae30180597c33e7f75a9950b896ccc,Heikki Linnakangas,2024-08-08 10:20:25+03:00,Fix pg_rewind debug output to print the source timeline history,2024,63
97f2bc5aa531e32e91c7f27aeaeb87a07e13e822,Fujii Masao,2024-07-24 20:54:51+09:00,pg_stat_statements: Add regression test for privilege handling.,2024,63
f2a0d5808c246e556efbe3df0fb2be7841e3c988,Andrew Dunstan,2024-07-17 10:44:20-04:00,Avoid error in recovery test if history file is not yet present,2024,63
b0ea16528cda1f3a993bbfeb2b93eed9762af4e6,Alvaro Herrera,2024-06-24 17:20:21+02:00,"Revert ""Fix partition pruning setup during DETACH CONCURRENTLY""",2024,63
8285b484a47d829a29fbe0ebe65cdc9f9dfb179d,Michael Paquier,2024-05-26 20:58:27+09:00,Fix potential NULL pointer dereference in getIdentitySequence(),2024,63
42b041243c00fb20023c983357e7f1ffd3710fff,Tom Lane,2024-04-28 14:34:21-04:00,Throw a more on-point error for functions depending on columns.,2024,63
e0df80828abc0c01fcde123389032370b98f2015,Tom Lane,2024-04-15 12:56:56-04:00,"Fix type-checking of RECORD-returning functions in FROM, redux.",2024,63
a0e22ef9114b016827118cb5316af2f02d3ff4b0,Masahiko Sawada,2024-03-26 13:13:26+09:00,Fix inconsistent function prototypes with function definitions.,2024,63
cb6945dc8061d03e6ec670a6856228f12e94264c,Tom Lane,2024-03-04 13:10:30-05:00,Further further fix pg_upgrade crossversion test for adminpack.,2024,63
fbf9a7ac4d300bbadbffe11c58cb54fcbe15601f,Heikki Linnakangas,2024-02-13 21:23:41+02:00,Fix 'mmap' DSM implementation with allocations larger than 4 GB,2024,63
a86cfcae7c58049c7a3a60118ef3f53afd92b3fa,Michael Paquier,2024-12-26 12:53:55+09:00,Fix typo in comment of compute_return_type() in functioncmds.c,2024,62
76fd342496612c8432ef8f6c71794c935497d3c9,Nathan Bossart,2024-12-04 15:04:15-06:00,Provide a better error message for misplaced dispatch options.,2024,62
84a67725cd11ffbd5c0e142b067ae90dc3e57270,Peter Eisentraut,2024-12-03 14:32:45+01:00,Fix handling of CREATE DOMAIN with GENERATED constraint syntax,2024,62
0e6060790d6533847084770845c84e81862bff47,Tom Lane,2024-11-27 12:50:23-05:00,ecpg: fix some memory leakage of data-type-related structures.,2024,62
6a5bcf7f7dd1e3c1c669912d82591397dbe24a10,Andres Freund,2024-11-27 11:17:23-05:00,postmaster: Reduce verbosity of environment dump debug message,2024,62
631db1d4b251a500e22743fc3eec9fb8724baf67,Fujii Masao,2024-11-27 23:40:11+09:00,file_fdw: Add regression tests for ON_ERROR and other options.,2024,62
94131cd53c1552efe85c3e8120356c22cd658163,Tom Lane,2024-11-20 12:03:47-05:00,Avoid assertion failure if a setop leaf query contains setops.,2024,62
19567b3eb4074c39b48f5557f268c3fb21dfa0f6,Michael Paquier,2024-10-18 13:49:58+09:00,Fix description of PostgreSQL::Test::Cluster::wait_for_event(),2024,62
1fed234f9faf1071d925434c5e9c14688fb4c77e,Tom Lane,2024-10-17 15:28:32-04:00,ecpg: fix more minor mishandling of bad input in preprocessor.,2024,62
9b4bf5169064044ff082c61bf0783c4a65c08734,Tom Lane,2024-10-16 12:25:00-04:00,ecpg: fix some minor mishandling of bad input in preprocessor.,2024,62
c1ff2d8bc5be55e302731a16aaff563b7f03ed7c,Noah Misch,2024-09-27 15:28:56-07:00,Avoid 037_invalid_database.pl hang under debug_discard_caches.,2024,62
ef4c35b4166e3c99558eba1bc324b2fde61d6ed5,Heikki Linnakangas,2024-08-01 23:23:47+03:00,Fix outdated comment; all running bgworkers are in BackendList,2024,62
7f56eaff2fb0f3541c5c6ef8c1099e7f0618b461,Amit Langote,2024-07-30 10:34:17+09:00,SQL/JSON: Fix casting for integer EXISTS columns in JSON_TABLE,2024,62
915de706d28c433283e9dc63701e8f978488a2b9,Tom Lane,2024-06-11 17:57:46-04:00,Fix infer_arbiter_indexes() to not assume resultRelation is 1.,2024,62
b631d014987b9411ed0eeb7dcba9e0a8599bc3cf,Tom Lane,2024-06-04 18:02:13-04:00,Fix pl/tcl's handling of errors from Tcl_ListObjGetElements().,2024,62
ec1a405adc24bc20523eef83ccc85232ec23eaa9,David Rowley,2024-05-14 12:39:30+12:00,"Revert ""Temporarily install debugging in partition_prune test""",2024,62
4a65e1c21290f15a1b5996eeb4700af034844ebd,Peter Eisentraut,2024-05-02 08:21:18+02:00,doc: Fix description of deterministic flag of CREATE COLLATION,2024,62
d12b4ba1bd3eedd862064cf1dad5ff107c5cba90,Tom Lane,2024-04-30 10:45:14-04:00,Fix one more portability shortcoming in new test_pg_dump test.,2024,62
e51c2a46b54ee294c699499bedf76940ce2f392c,Tom Lane,2024-04-24 10:18:16-04:00,Doc: fix minor oversight in ALTER DEFAULT PRIVILEGES ref page.,2024,62
df64c81ca9cba7b0fcb0ded5f735e99e676671c1,Alexander Korotkov,2024-04-08 14:39:41+03:00,Fix some grammer errors from error messages and codes comments,2024,62
cc0e7ebd304a24815c0531000a4c3693878cd96c,Alexander Korotkov,2024-03-25 11:40:25+02:00,reindexdb: Fix warning about uninitialized indices_tables_cell,2024,62
2af07e2f749a9208ca1ed84fa1d8fe0e75833288,Jeff Davis,2024-03-04 17:31:38-08:00,Fix search_path to a safe value during maintenance operations.,2024,62
92d2ab7554f92b841ea71bcc72eaa8ab11aae662,Andrew Dunstan,2024-02-27 02:07:22-05:00,Rationalize and improve error messages for some jsonpath items,2024,62
9bc1eee988c31e66a27e007d41020664df490214,Amit Kapila,2024-02-15 10:37:28+05:30,Another try to fix BF failure introduced in commit ddd5f4f54a.,2024,62
c717525035d36e10d27ca045887bbfcc57e98e9e,Michael Paquier,2024-02-04 10:51:53+09:00,pg_basebackup: Fix check for MINIMUM_VERSION_FOR_WAL_SUMMARIES,2024,62
4372adfa24f2f5ddc587317d634b5389bd764106,Nathan Bossart,2024-01-22 20:44:38-06:00,Fix possible NULL pointer dereference in GetNamedDSMSegment().,2024,62
9034a2d5123498104ef1e515c0b56d70d98d0ce2,Tom Lane,2024-01-07 15:19:50-05:00,Fix integer-overflow problem in intarray's g_int_decompress().,2024,62
8b9cbf4922756d912309567f83f81e41f1737ac7,Noah Misch,2024-12-10 13:51:59-08:00,Fix elog(FATAL) before PostmasterMain() or just after fork().,2024,61
0a27c3d0f733c132a4c5122e749a619d02937a8a,Nathan Bossart,2024-12-09 13:47:23-06:00,Fix various overflow hazards in date and timestamp functions.,2024,61
e4c8865196f6ad6bb3473bcad1d2ad51147e4513,Bruce Momjian,2024-12-02 21:25:12-05:00,doc Makefile: issue warning about chars that cannot be output,2024,61
7b88529f4363994450bd4cd3c172006a8a77e222,Noah Misch,2024-11-15 20:39:56-08:00,Fix per-session activation of ALTER {ROLE|DATABASE} SET role.,2024,61
0704aed0d851abe9ec297dbd009951f0feeb12aa,Tom Lane,2024-11-04 18:08:48-05:00,Use portable diff options in pg_bsd_indent's regression test.,2024,61
4200fea80e79851994b8eb5a64a3d4420456c977,Bruce Momjian,2024-11-01 13:54:28-04:00,doc:  fix ALTER DOMAIN domain_constraint to spell out options,2024,61
cf590c568d0535785d594f79dcdaafdfeb46ac2f,Tom Lane,2024-11-01 12:50:01-04:00,Update contrib/sepgsql regression tests for commit 89e51abcb.,2024,61
de5afddc3ba4aa41f341f62347ce40bb9ea9d78b,Heikki Linnakangas,2024-10-28 14:07:38+02:00,Fix overflow in bsearch_arg() with more than INT_MAX elements,2024,61
a1c4c8a9e1e3a53996dafa1f4ee6d4f7de2c58b2,Fujii Masao,2024-10-03 15:57:32+09:00,file_fdw: Add on_error and log_verbosity options to file_fdw.,2024,61
54562c9cfa2281b6303cdea1aff9596c4a5de4b2,Tom Lane,2024-09-20 16:37:55-04:00,Improve Asserts checking relation matching in parallel scans.,2024,61
7829f85a6285b3703a53ba5963a4df2e768014df,Jeff Davis,2024-09-05 12:10:08-07:00,Be more careful with error paths in pg_set_regex_collation().,2024,61
b919a97a6cd204cbd9b77d12c9e60ad59eea04a4,Tom Lane,2024-08-09 11:21:39-04:00,"Fix ""failed to find plan for subquery/CTE"" errors in EXPLAIN.",2024,61
03b08c8f5f3e30c97e5908f3d3d76872dab8a9dc,Amit Kapila,2024-07-30 14:01:01+05:30,pg_createsubscriber: Fix an unpredictable recovery wait time.,2024,61
ff34ae368bdb11f9f66e22a4d79e2a179b3a6f0e,Heikki Linnakangas,2024-07-27 13:53:14+03:00,Support absolute bindir/libdir in regression tests with meson,2024,61
63e6c5f4a2eeb22e0dd446a62c2b4b417d2b51f0,Amit Langote,2024-07-26 16:00:06+09:00,SQL/JSON: Fix error-handling of some JsonBehavior expressions,2024,61
0ffc0acaf3bf301ba8fd43dc0e004b8b7c9ecd3a,Richard Guo,2024-07-08 10:11:46+09:00,Fix right-anti-joins when the inner relation is proven unique,2024,61
c2fab70248d8b9f129d2333c91b7a6e279a591e3,Alvaro Herrera,2024-06-11 11:38:45+02:00,Fix creation of partition descriptor during concurrent detach,2024,61
779ac2c74bd15744aa92b588f70606a1a95256d2,Tom Lane,2024-05-18 14:26:13-04:00,Add test case showing that commit d0d44049d fixed a live bug.,2024,61
96c7381c4ceee2ef7c0a7327beb71dec47cf855e,Alexander Korotkov,2024-04-30 12:00:39+03:00,Fix error message in check_partition_bounds_for_split_range(),2024,61
f463de59d90c10f3d0daf2d5b132ca58e4111a08,Tom Lane,2024-04-08 17:00:07-04:00,"In psql, avoid leaking a PGresult after a query is cancelled.",2024,61
b987be39c3c790821e462a64151b890dd3bcdd98,Amit Kapila,2024-02-16 11:34:11+05:30,Fix the incorrect format specifier used in commit 7a424ece48.,2024,61
b96115acb8a0e08a46877c2b8ef2a7b5560b371b,Heikki Linnakangas,2024-02-05 11:01:30+02:00,Fix assertion if index is dropped during REFRESH CONCURRENTLY,2024,61
4b885d01f9676f62d8b8156e45282c631181369f,Alexander Korotkov,2024-01-17 23:16:53+02:00,Remove the flaky check in event_trigger_login regression test,2024,61
e3584258154fac40e16f757fadd3361688a166d2,Michael Paquier,2024-12-30 08:06:07+09:00,Fix handling of orphaned 2PC files in the future at recovery,2024,60
546371599e767340599cdff3e276728016e560cc,Michael Paquier,2024-12-20 19:00:18+09:00,Relax regression test for fsync check of backend-level stats,2024,60
ffe003cae1ff28b698f1769e46e3dc14b5516070,Jeff Davis,2024-12-06 09:59:12-08:00,"Comment fix: ""buffer context lock"" to ""buffer content lock"".",2024,60
09d09d4297b9acbc2848ec35e8bf030d6c1fae18,Álvaro Herrera,2024-11-27 13:50:27+01:00,Fix pg_get_constraintdef for NOT NULL constraints on domains,2024,60
d4d11940df94ee13166dda70271ff3b97e43bc9b,Alexander Korotkov,2024-11-25 09:07:30+02:00,Remove the wrong assertion from match_orclause_to_indexcol(),2024,60
5a4416192d220410779a4ef6d433e067ba7a7043,Tom Lane,2024-10-09 17:07:53-04:00,Avoid crash in estimate_array_length with null root pointer.,2024,60
9d90e2bdafbdeba037aa4fee3febe9f48201bf74,Amit Kapila,2024-08-29 08:56:52+05:30,Doc: Fix the ambiguity in the description of failover slots.,2024,60
9b282a9359a12831c087eba7f0f5f0b1dba7b7eb,Richard Guo,2024-07-30 15:51:54+09:00,Fix partitionwise join with partially-redundant join clauses,2024,60
231b7d670b218d6a5cde0574cf160c8157ab91fb,Amit Langote,2024-07-26 16:00:56+09:00,SQL/JSON: Improve error-handling of JsonBehavior expressions,2024,60
07fbecb87b16bd52b5bfe6e0ab8a1960734eb04d,Amit Kapila,2024-07-24 14:24:45+05:30,Doc: Fix the mistakes in the subscription's failover option.,2024,60
5c5bccef211cfc98e0d6c4bc1af40a33c8ac2488,Dean Rasheed,2024-06-04 09:29:42+01:00,Fix another couple of outdated comments for MERGE RETURNING.,2024,60
8cb653b2457c75d58c4dba578570ba52301c8b78,David Rowley,2024-05-15 15:01:21+12:00,Fix incorrect year in some copyright notices added this year,2024,60
f535f350c1f9b5a9c4f10583992576c3af505275,Tom Lane,2024-05-14 20:19:20-04:00,Fix handling of polymorphic output arguments for procedures.,2024,60
521a7156ab47623e299855dd04a2a4ea3ad71afe,Nathan Bossart,2024-05-06 09:00:00-05:00,Fix privilege checks in pg_stats_ext and pg_stats_ext_exprs.,2024,60
0a5f2291891ffca96ccd3ef29c9c1541a9277970,Heikki Linnakangas,2024-04-12 19:52:28+03:00,Fix libpq_encryption tests when compiled without SSL support,2024,60
5392dd3d2ad5a371c95e648442fd121d8a8a5c42,Tom Lane,2024-04-10 15:45:58-04:00,Fix plpgsql's handling of -- comments following expressions.,2024,60
91cbb4b492cbea889e8392a85e246c1778ca2a45,Tom Lane,2024-04-01 13:47:49-04:00,Fix assorted resource leaks in new pg_createsubscriber code.,2024,60
76904eda25500dd4c6969f3a2a7c0f00146fd763,Tom Lane,2024-03-09 15:48:21-05:00,Improve wrong-tuple-type error reports in contrib/tablefunc.,2024,60
6d9751fa8fd40c988541c9c72ac7a2095ba73c19,John Naylor,2024-03-08 11:09:15+07:00,"Revert ""Fix link error for test_radixtree module on Windows""",2024,60
bb812ab0917e153f11bf449d7cb996815c07e387,Michael Paquier,2024-01-24 14:20:01+09:00,Fix ALTER TABLE .. ADD COLUMN with complex inheritance trees,2024,60
36d0229b8ff5907ccff782e9425d1647401b7e99,David Rowley,2024-12-10 09:24:43+13:00,Doc: fix incorrect EXPLAIN ANALYZE output for bloom indexes,2024,59
2d0152d6147bb7d12eb120b7e749a323bf91aa6e,Amit Kapila,2024-12-09 09:11:45+05:30,Improve the error message introduced in commit 87ce27de696.,2024,59
8fcd80258bcf43dab93d877a5de0ce3f4d2bd471,Amit Kapila,2024-11-27 09:09:20+05:30,Improve error message for replication of generated columns.,2024,59
67bab53d64428e4d43386be0e077cd662bc9cad3,Noah Misch,2024-10-24 09:16:38-07:00,Fix parallel worker tracking of new catalog relfilenumbers.,2024,59
1a43de5e0a591b66ef3d92f3fac5aefcc2dc02fe,Heikki Linnakangas,2024-10-21 09:49:21+03:00,Fix race condition in committing a serializable transaction,2024,59
eecd9138a0ef565366427a88866d0651530f7da4,Jeff Davis,2024-10-17 14:56:44-07:00,Improve ThrowErrorData() comments for use with soft errors.,2024,59
03bf0d9a4ba0fb7a908b5a79eb80e0c983b51e87,Michael Paquier,2024-10-17 07:21:35+09:00,Rewrite some regression queries for option checks with COPY,2024,59
53abb1e0ebc38818f31f2ddb15a06feba8e19e6c,David Rowley,2024-07-05 16:56:16+12:00,Fix newly introduced issue in EXPLAIN for Materialize nodes,2024,59
56a8296212b68267dc2bddeb1fb40a893b1aadb3,Tom Lane,2024-06-13 20:35:02-04:00,Fix parsing of ignored operators in websearch_to_tsquery().,2024,59
f6a2529920cff76cb6e37ea840122574404dde8b,Amit Langote,2024-04-08 16:14:12+09:00,Fix JsonExpr deparsing to emit QUOTES and WRAPPER correctly,2024,59
beb012b42f5c32f578661fc1b033ca25905b27d6,Tom Lane,2024-04-06 21:49:24-04:00,Disable parallel query in psql error-with-FETCH_COUNT test.,2024,59
d5d2205c8ddc6670fa87474e172fdfab162b7a73,David Rowley,2024-04-02 12:15:45+13:00,Fix assert failure when planning setop subqueries with CTEs,2024,59
0b84f5c419a300dc1b1a70cf63b9907208e52643,Amit Kapila,2024-03-13 08:33:26+05:30,Fix a random failure in 038_save_logical_slots_shutdown.pl.,2024,59
a37a3e2b36d7de965f974b8caca0c295833708f2,David Rowley,2024-03-05 16:17:02+13:00,"Fix incorrectly reported stats kind in ""can't happen"" ERROR",2024,59
b6df0798a5e2480d28cceee7df3f58650cf6fa7a,Amit Kapila,2024-02-22 12:06:44+05:30,Fix the intermittent buildfarm failures in 031_column_list.,2024,59
e77a1c58e338a1aebf00e3ae82d282f8bd32fe17,Michael Paquier,2024-02-19 11:38:18+09:00,ecpg: Fix zero-termination of string generated by intoasc(),2024,59
7ac744e72c842f528bfbb303e615560f0689619b,Bruce Momjian,2024-11-04 09:24:58-05:00,doc:  fix typo in mvcc clarification in commit 2fa255ce9b9,2024,58
0fe173680e148984a150326b80c322a91ffa899d,Daniel Gustafsson,2024-10-25 14:00:13+02:00,doc: Fix typo in pg_restore_*_stats function documentation,2024,58
cd838e200880c6f52c5b5e30887e5ff584876bef,Tom Lane,2024-09-24 12:59:56-04:00,Neaten up our choices of SQLSTATEs for XML-related errors.,2024,58
da4017a694de0610bd5b3a54adda311e46e26300,Tom Lane,2024-07-27 15:38:54-04:00,Doc: fix text's description of regexp_replace's arguments.,2024,58
c0868966253218d83caeeac4bfd92ca6f4994537,Fujii Masao,2024-07-15 13:11:51+09:00,Fix tablespace handling in MERGE/SPLIT partition commands.,2024,58
e7192486dded0ca82824fef95eb88b4231bdd4d2,Tom Lane,2024-07-09 15:01:13-04:00,"Suppress ""chunk is not well balanced"" errors from libxml2.",2024,58
d5f788b41dc2cbdde6e7694c70dda54d829a5ed5,Noah Misch,2024-06-27 19:21:05-07:00,Expand comments and add an assertion in nodeModifyTable.c.,2024,58
fbff304c574971d15981a080cea8d5a710b81d4d,Michael Paquier,2024-06-05 19:56:51+09:00,doc: Fix example with database regexp in HBA documentation,2024,58
0162a9bde267a0dc88f35a8d286514c059e1e0e2,Tom Lane,2024-05-23 15:52:06-04:00,Remove race conditions between ECPGdebug() and ecpg_log().,2024,58
3af7040985b6df504a72cd307aad5d69ac5f5384,David Rowley,2024-04-12 20:07:53+12:00,Fix IS [NOT] NULL qual optimization for inheritance tables,2024,58
3e60e956b0017ae9d329bf242e76c4487fb39b4d,Heikki Linnakangas,2024-04-08 05:03:17+03:00,Fix check for 'outlen' return from SSL_select_next_proto(),2024,58
818861eb578663a0d4d8d7dc4e18c96a148b3c75,Alexander Korotkov,2024-03-27 11:47:41+02:00,Fix some typos and grammar issues from commit 87985cc92522,2024,58
d802ff06d0216d59aab3ddba6cb158d1f4b014db,Heikki Linnakangas,2024-03-15 17:55:12+02:00,Fix backstop in gin test if injection point is not reached,2024,58
f17529b710977c6ae89a1bc141cd1fb587953cc3,Amit Kapila,2024-02-19 10:36:05+05:30,Fix 004_subscription.pl to allow its usage in --link mode.,2024,58
5ddf9973477729cf161b4ad0a1efd52f4fea9c88,Robert Haas,2024-01-26 13:25:19-05:00,Temporary patch to help debug pg_walsummary test failures.,2024,58
dd0a0cfc81fecacf2aed41b9eb138f850e43aab6,John Naylor,2024-01-19 13:26:18+07:00,Fixed misspelled byteswap function for big endian machines,2024,58
2b53a462cff0074f5bf1675ad58ca95190c4bcd0,Heikki Linnakangas,2024-01-17 15:44:10+02:00,Fix incorrect comment on how BackendStatusArray is indexed,2024,58
544bcb5a5e778e8ef8d784de611c5f85bc33433c,Magnus Hagander,2024-01-11 14:55:43+01:00,Clarify which xml tools are missing in meson error message,2024,58
ae69c4fcf1337af399a788ab8d96af540bd1cd8e,David Rowley,2024-01-04 20:38:25+13:00,Fix use of incorrect TupleTableSlot in DISTINCT aggregates,2024,58
c1b9e1e56d8c11a00869766a02de537d349586cd,Peter Eisentraut,2024-01-03 10:05:35+01:00,Add numeric_int8_opt_error() to optionally suppress errors,2024,58
530f89e648da3a5505920322dcd4e00e15559f66,Tom Lane,2024-12-15 14:14:14-05:00,pgbench: fix misprocessing of some nested \if constructs.,2024,57
3220ceaf774a2a11f86b33425d836e7072aed677,Tom Lane,2024-12-07 13:12:32-05:00,Fix is_digit labeling of to_timestamp's FFn format codes.,2024,57
9f34cae1426fe5ab915c95b7e26b1efffbb2ca0f,Michael Paquier,2024-10-14 12:27:51+09:00,psql: Fix \watch when using interval values less than 1ms,2024,57
5deb56387e3a1d08e1e62bed031258db267a0ab5,Michael Paquier,2024-10-01 08:56:21+09:00,Expand assertion check for query ID reporting in executor,2024,57
6be39d77a70df52d5a0f2eb414ef9901ccf17e5a,Tom Lane,2024-08-16 12:35:53-04:00,Fix extraction of week and quarter fields from intervals.,2024,57
e2ed7e32271a82179c3f8c7c93ce52ff93c6dd3c,Alexander Korotkov,2024-08-16 00:18:55+03:00,Fix GetStrictOldestNonRemovableTransactionId() on standby,2024,57
840b3b5b4ee90ce8b692519e534dfb015d89fe8f,Noah Misch,2024-07-23 05:32:03-07:00,Fix private struct field name to match the code using it.,2024,57
5c571a34d0e99bb7df7aedd26b90ff490cd6d9ee,Etsuro Fujita,2024-07-19 13:15:00+09:00,"postgres_fdw: Avoid ""cursor can only scan forward"" error.",2024,57
cc68ca6d420e750fd90e76bafb64dd19e51823ac,Heikki Linnakangas,2024-07-08 12:44:45+03:00,Fix outdated comment after removal of direct SSL fallback,2024,57
768f0c3e21b31f92ebb510a7e4d0c2cd1c1ecb97,Alvaro Herrera,2024-07-04 13:25:31+02:00,Remove bogus assertion in pg_atomic_monotonic_advance_u64,2024,57
b81a71aa05f294705e1b1d4fe24548f175f9bfe9,Michael Paquier,2024-07-04 09:48:40+09:00,Assign error codes where missing for user-facing failures,2024,57
dd087e1c13bf5f2bcfdc189976aa4e44ed431739,Michael Paquier,2024-05-23 13:02:57+09:00,doc: Fix column_name parameter in ALTER MATERIALIZED VIEW,2024,57
286eea5d3ae33a8c22d46a051f8ac6069c8b779d,Peter Eisentraut,2024-04-24 09:19:59+02:00,doc: Fix order of options on pg_createsubscriber man page,2024,57
561b74ddb8781f8c0511f6473c51fb51c8c6b087,Amit Langote,2024-04-08 16:02:29+09:00,Fix restriction on specifying KEEP QUOTES in JSON_QUERY(),2024,57
55a5ee30cd65886ff0a2e7ffef4ec2816fbec273,Robert Haas,2024-04-05 13:41:19-04:00,Fix incorrect calculation in BlockRefTableEntryGetBlocks.,2024,57
e2a235767180941eef8887240ddace1a021f04e3,Jeff Davis,2024-04-04 16:10:12-07:00,Fix test failures when language environment is not UTF-8.,2024,57
d63d486d6c393817810d0477569fc657c388bfb2,Heikki Linnakangas,2024-03-20 09:14:51+02:00,Remove assertions that some compiler say are tautological,2024,57
7a424ece4828fa107f36e1c77985eabdbe69e50b,Amit Kapila,2024-02-16 09:02:54+05:30,Add more LOG and DEBUG messages for slot synchronization.,2024,57
d0071f922808981e2371351c46da5bb3c49554b2,Michael Paquier,2024-02-14 08:59:05+09:00,pgcrypto: Fix incorrect argument vs PG_GETARG*() mappings,2024,57
25cd2d64021ae081cbcef1592e0ee04ddda2e975,Tom Lane,2024-01-26 13:39:45-05:00,Detect Julian-date overflow in timestamp[tz]_pl_interval.,2024,57
3f06324705aeb5a4c67b6c08f2016c4c3c756723,Tom Lane,2024-12-17 22:31:26-05:00,Fix memory leak in pg_restore with zstd-compressed data.,2024,56
15afb7d61c142a9254a6612c6774aff4f358fb69,Michael Paquier,2024-11-20 14:20:52+09:00,doc: Fix section of functions age(xid) and mxid_age(xid),2024,56
8c3548613d7e2a7c010360e6f55fa6db849eeef9,Nathan Bossart,2024-08-09 10:52:37-05:00,"doc: Fix name of CRC algorithm in ""Reliability"" section.",2024,56
97651b0139cfa511eaf063b60c900c2ba81b8ba2,David Rowley,2024-07-06 13:59:34+12:00,Fix incorrect sentinel byte logic in GenerationRealloc(),2024,56
cbfbda78413a5b2f4807e029407dcc98a0e63162,Heikki Linnakangas,2024-06-27 21:09:58+03:00,Fix MVCC bug with prepared xact with subxacts on standby,2024,56
441ef5e1badcc3695de4a865cffb30f0e5057893,Heikki Linnakangas,2024-06-21 17:13:10+03:00,Fix relcache invalidation when relfilelocator is updated,2024,56
f6ab942f5de003f37b88580154ebb614655d7e11,Michael Paquier,2024-04-30 19:24:12+09:00,doc: Remove one example related to pg_input_error_info(),2024,56
87d2801d4b247b85b70553e43b7e6db0a1e9e7cb,Heikki Linnakangas,2024-04-29 18:12:21+03:00,libpq: Fix error messages when server rejects SSL or GSS,2024,56
3741f2a09d5205ec32bd8af5d1f397e08995932b,Amit Kapila,2024-04-12 15:10:41+05:30,Fix the review comments and a bug in the slot sync code.,2024,56
b453a7a16a7ed2ba96522e521143bc652b74875f,Alexander Korotkov,2024-04-08 08:59:27+03:00,Fix the wording of or_to_any_transform_limit description,2024,56
b2d6b4c728a282f9bbe9ff4fac02a872bef074dd,Daniel Gustafsson,2024-03-25 14:18:36+01:00,ecpg: Fix return code for overflow in numeric conversion,2024,56
7e65ad197f9dff7466cea7986450f9573adb4448,Daniel Gustafsson,2024-03-21 23:31:57+01:00,Fix dumping role comments when using --no-role-passwords,2024,56
453c46873774219243501b8efc16b2b5a5e9d194,Tom Lane,2024-03-07 19:38:17-05:00,Cope with a deficiency in OpenSSL 3.x's error reporting.,2024,56
2ed8f9a01e74bfc63a56b2108f44237bc5eab9f5,Tom Lane,2024-03-06 14:41:13-05:00,Fix type-checking of RECORD-returning functions in FROM.,2024,56
0a9118ccc0eb2e6a31201b2443a2eb1078e34894,Michael Paquier,2024-02-19 09:05:51+09:00,ecpg: Fix error handling on OOMs when parsing timestamps,2024,56
c9b3d4909bbfcaa8cc2ed434d12a562fb30fe422,Michael Paquier,2024-12-30 13:33:09+09:00,Fix memory leak in pgoutput with relation attribute map,2024,55
94bb6c4410d81ccc019bb60d8aedb73dbc85df76,Melanie Plageman,2024-12-20 09:43:44-05:00,"Fix overflow danger in SampleHeapTupleVisible(), take 2",2024,55
89988ac5891b3d41725472a65e50ae4e192313aa,David Rowley,2024-12-12 09:50:00+13:00,Fix further fallout from EXPLAIN ANALYZE BUFFERS change,2024,55
9fa1aaa6525af044385dbcefe9d9abb5d57578cd,David Rowley,2024-12-11 22:56:36+13:00,Add missing BUFFERS OFF in select_into regression tests,2024,55
f0c569d7151532fbc9c016b01af49f04a9fb5278,Michael Paquier,2024-12-09 16:41:46+09:00,Fix memory leak in pgoutput with publication list cache,2024,55
e3fa2b037c6f0f435838e99200050dc54c306085,Jeff Davis,2024-12-02 21:59:02-08:00,Fix unintentional behavior change in commit e9931bfb75.,2024,55
5b8728cd7f9d3d93b6ff9b48887084fdf0a46e4f,Tom Lane,2024-11-25 18:09:09-05:00,Fix NULLIF()'s handling of read-write expanded objects.,2024,55
818119afccd342823e5b638be51f64ba36221318,Michael Paquier,2024-11-15 11:31:58+09:00,Fix race conditions with drop of reused pgstats entries,2024,55
6cfebfe88b9a753152862b83d42d1103125b01bd,Alexander Korotkov,2024-10-24 14:38:06+03:00,Make WaitForLSNReplay() issue FATAL on postmaster death,2024,55
babb3993dbe9c805c1d29fa275a5e8f4c2b40922,Amit Langote,2024-10-03 11:59:09+09:00,Fix expression list handling in ATExecAttachPartition(),2024,55
b8ea0f675f35c3f0c2cf62175517ba0dacad4abd,Tom Lane,2024-09-14 17:55:02-04:00,Run regression tests with timezone America/Los_Angeles.,2024,55
bccca780eef904002512a1a0b5ce617bcb63507b,Tom Lane,2024-09-10 16:20:31-04:00,Fix some whitespace issues in XMLSERIALIZE(... INDENT).,2024,55
80ffcb842748f0b8ccf8b24c5c3b2500755d2dcd,David Rowley,2024-08-15 13:10:25+12:00,Improve ALTER PUBLICATION validation and error messages,2024,55
2bb969f3998489e5dc4fe9f2a61185b43581975d,Alvaro Herrera,2024-08-07 11:30:36-04:00,Refactor/reword some error messages to avoid duplicates,2024,55
74c96699be3f53c058c8794c07952221b9625b4f,Amit Langote,2024-07-30 10:34:17+09:00,SQL/JSON: Some fixes to JsonBehavior expression casting,2024,55
a3e6c6f929912f928fa405909d17bcbf0c1b03ee,Melanie Plageman,2024-05-16 11:00:43-04:00,BitmapHeapScan: Remove incorrect assert and reset field,2024,55
c8a61e350db40f81e088f2333fd30cc7f96a8b35,Tom Lane,2024-03-04 11:31:32-05:00,Further fix pg_upgrade crossversion test for adminpack.,2024,55
6782709df81f6c68450172605907fa9ff2b7f2b1,Michael Paquier,2024-03-04 09:49:03+09:00,Add regression test for restart points during promotion,2024,55
1e013746544bd1f9df70f5547894fd72719c4b85,Thomas Munro,2024-03-03 08:40:41+13:00,Fix overflow in Windows replacement pg_pread/pg_pwrite.,2024,55
57b28c08305a7696375eae9a0a26532f8fb84d1b,Tom Lane,2024-02-25 15:29:09-05:00,Doc: fix minor typos in two ECPG function descriptions.,2024,55
3e91dba8b079c02dc5204108c7e797b402c75779,Michael Paquier,2024-01-31 13:15:21+09:00,Fix various issues with ALTER TEXT SEARCH CONFIGURATION,2024,55
4b310636439da432c473e0e85de661b3342bb745,David Rowley,2024-01-19 10:44:36+13:00,Fix broken Bitmapset optimization in DiscreteKnapsack(),2024,55
6d94cc6ca1b775335f58527ece6c12d74ec41bde,Alexander Korotkov,2024-01-08 20:00:20+02:00,Fix indentation in ExecParallelHashIncreaseNumBatches(),2024,55
6f3820f37aba94232468365bae7ba5de697fe993,David Rowley,2024-12-24 14:54:24+13:00,Fix race condition in TupleDescCompactAttr assert code,2024,54
7b8cb9cd6a76b1b6a77032a1c352b258b6abfd39,Tom Lane,2024-12-13 14:21:36-05:00,Fix possible crash in pg_dump with identity sequences.,2024,54
0e033f5b6de569e712d5f94b77878b8ffacf6397,Daniel Gustafsson,2024-12-11 12:48:22+01:00,Fix a memory leak in dumping functions with TRANSFORMs,2024,54
24c1c6338719e4de1dd5f045418e64957781c595,Bruce Momjian,2024-12-04 14:37:24-05:00,Return actual error code from FOP failure in PDF build,2024,54
ccc8194e4275d0be557a9b94126a12b389520593,John Naylor,2024-12-04 16:58:25+07:00,Fix use-after-free in parallel_vacuum_reset_dead_items,2024,54
2ff7c913d92d8540e8b00c54746ce2f565521256,Michael Paquier,2024-11-25 09:15:25+09:00,doc: Fix example with __next__() in PL/Python function,2024,54
79b575d3bc09cc67a7b5c2da454aeb35f4beccc5,Peter Eisentraut,2024-11-21 13:50:18+01:00,Fix ALTER TABLE / REPLICA IDENTITY for temporal tables,2024,54
87f81a55632107006e5006a2d0bc5272ebaeca64,David Rowley,2024-11-06 09:16:00+13:00,Fix hypothetical bug in ExprState building for hashing,2024,54
774171c4f640853b1cf8747a4762631d2f5d25be,Tom Lane,2024-10-22 11:31:45-04:00,Improve reporting of errors in extension script files.,2024,54
75240f65e700d7d157be27653c70fe75108f25c1,Tom Lane,2024-09-23 12:30:51-04:00,jsonapi: fix memory leakage during OOM error recovery.,2024,54
d891c49286bb138dcd70df1dff83e22fa757fc84,Bruce Momjian,2024-09-16 14:23:39-04:00,doc PG relnotes:  fix SGML markup for new commit links,2024,54
e6c45d85dc168fb05b5ee5596a4de5167c9fe01f,Amit Langote,2024-09-12 09:39:56+09:00,SQL/JSON: Fix JSON_QUERY(... WITH CONDITIONAL WRAPPER),2024,54
fc415edf8ca883b38cf8186f0d4b794d4a738cd5,Michael Paquier,2024-09-09 11:12:29+09:00,Add callbacks to control flush of fixed-numbered stats,2024,54
bbd4c058a89b1e756eb646af89a4ef90f0df144e,Amit Langote,2024-09-06 13:25:53+09:00,SQL/JSON: Fix default ON ERROR behavior for JSON_TABLE,2024,54
565caaa79af9a6b3853b161b0652527e716326b8,Amit Langote,2024-09-06 10:14:01+09:00,SQL/JSON: Fix default ON ERROR behavior for JSON_TABLE,2024,54
8bda213ec1628737b500b6b04ec164aec354eb04,Heikki Linnakangas,2024-07-29 16:23:30+03:00,Fix compiler warning/error about typedef redefinitions,2024,54
b68b29bc8feca0eb340cb857ff1d28d4099c7878,Michael Paquier,2024-07-09 10:27:12+09:00,Use pgstat_kind_infos to write fixed shared statistics,2024,54
c8d5d6c78af4a55c5c36e2fa8e73d1f2b2e9d777,Fujii Masao,2024-07-09 09:26:54+09:00,Fix limit block handling in pg_wal_summary_contents().,2024,54
dbca3469ebf8ac523f401dd0c2eaffd9df64078f,Alvaro Herrera,2024-06-26 13:40:26+02:00,Fix partition pruning setup during DETACH CONCURRENTLY,2024,54
27162a64b386a1f639a4f2b96c7cc3b1db192d92,Alvaro Herrera,2024-06-24 15:56:32+02:00,Fix partition pruning setup during DETACH CONCURRENTLY,2024,54
144c2ce0cc75ff99c66749b0ca5235d037df7c09,Peter Eisentraut,2024-05-10 14:55:31+02:00,Fix ON CONFLICT DO NOTHING/UPDATE for temporal indexes,2024,54
1713e3d6cd393fcc1d4873e75c7fa1f6c7023d75,Robert Haas,2024-04-26 08:42:42-04:00,Minor fixes to pg_combinebackup and its documentation.,2024,54
68174679fea2d514e9281fddd826abaccfac5bf7,Daniel Gustafsson,2024-03-25 14:18:39+01:00,doc: Document error handling in PGTYPESnumeric_to_long,2024,54
1edb3b491bee373bdfcbfc1c2707b5428c2023b9,Amit Langote,2024-01-24 15:04:33+09:00,Adjust populate_record_field() to handle errors softly,2024,54
7cfa154d15c4a98bea0cfe26b2c78094a094650f,Daniel Gustafsson,2024-01-17 11:24:11+01:00,Close socket in case of errors in setting non-blocking,2024,54
ff09129bec28028c57eb263cbca2836f42c2256c,Robert Haas,2024-01-02 12:27:09-05:00,"libpq: fix typo ""occurences"" -> ""occurrences"" in tests",2024,54
1acf10549e64c6a52ced570d712fcba1a2f5d1ec,Peter Eisentraut,2024-12-03 09:04:20+01:00,Fix temporary memory leak in system table index scans,2024,53
2f696453d2b39fea800d5f7d8e5d3e1a2266de24,Tom Lane,2024-12-01 14:15:37-05:00,Fix broken list-munging in ecpg's remove_variables().,2024,53
6e80951f49f3bc18b5bdfb7e87bc2e0bcfb4af00,Bruce Momjian,2024-11-26 13:08:13-05:00,"Fix commit 641a5b7a144 for ""nbsp"" output in SVG files",2024,53
ee937f0409d5c75855861bf31f88eeb77623b411,Heikki Linnakangas,2024-11-22 16:28:24+02:00,Fix data loss when restarting the bulk_write facility,2024,53
b82c877e76e2398409e823773413079668cf1881,Heikki Linnakangas,2024-10-31 18:24:48+02:00,Fix refreshing physical relfilenumber on shared index,2024,53
17b4aa77c3a161a9d0e7b08bd9931fe9fd051540,Daniel Gustafsson,2024-10-23 14:58:17+02:00,doc: Fix INSERT statement syntax for identity columns,2024,53
2e7c4abe5a88a1528236a13c9ef2e351a97fa022,Michael Paquier,2024-10-07 12:36:00+09:00,"Use camel case for ""DateStyle"" in some error messages",2024,53
fc1b2ce0ee9c9745c5c562b692e021344a3f719a,Robert Haas,2024-10-01 08:36:54-04:00,Fix some pg_verifybackup issues reported by Coverity.,2024,53
a68159ff2b32f290b1136e2940470d50b8491301,Michael Paquier,2024-09-04 14:53:18+09:00,Unify some error messages to ease work of translators,2024,53
b181062aa5727a013c96b64476f884c992b5068d,David Rowley,2024-07-28 22:22:52+12:00,Fix incorrect return value for pg_size_pretty(bigint),2024,53
884d791b213d6bc55f7f9b70d951f395e3ee29bb,Amit Langote,2024-07-16 14:10:58+09:00,SQL/JSON: Fix a paragraph in JSON_TABLE documentation,2024,53
d5e6891502ca9e359aa5f5a381d904fe9d606338,Noah Misch,2024-07-13 08:09:33-07:00,Fix new assertion for MERGE view_name ... DO NOTHING.,2024,53
9004abf6206e815d25b7b763c756cf97b457f3cd,Michael Paquier,2024-07-01 14:26:25+09:00,Use pgstat_kind_infos to read fixed shared statistics,2024,53
f3bfa029911c02470bcd8dcc8d707aef52f77de7,Bruce Momjian,2024-05-25 23:50:20-04:00,"doc PG 17 relnotes:  fix ""pg_stat_slru_reset"" wording",2024,53
bac44bc29a64d882e9717672ff788f19e3d2eb1d,Bruce Momjian,2024-05-22 18:50:33-04:00,doc PG 17 relnotes:  fix pg_stat_reset_shared quoting,2024,53
7d2c7f08d9c5ad02101c0fb47cd8e859dd89083b,David Rowley,2024-05-05 12:54:46+12:00,Fix query pullup issue with WindowClause runCondition,2024,53
c0fc0751862d4e9b7ca9d51f2cd79344690ec873,Amit Langote,2024-04-18 14:46:35+09:00,SQL/JSON: Fix issues with DEFAULT .. ON ERROR / EMPTY,2024,53
e57fe3824ee7a9cb551ca1cae5aa0394216ef7b8,Robert Haas,2024-04-04 16:22:11-04:00,"Fix old, misleading comment for PGRES_POLLING_ACTIVE.",2024,53
1db689715d44276407dc4d6fadbc11da8d391bd9,David Rowley,2024-03-21 21:21:05+13:00,Temporarily install debugging in partition_prune test,2024,53
6b80394781c8de17fe7cae6996476088af3c319f,Nathan Bossart,2024-02-16 13:37:02-06:00,Introduce overflow-safe integer comparison functions.,2024,53
d212957254de85aad934e2601e5a07661db268fb,Heikki Linnakangas,2024-02-02 21:12:30+02:00,Fix bug in bulk extending temp relation after failure,2024,53
0eb23285a2579591c09a591e5a52829f65665341,Heikki Linnakangas,2024-01-22 20:55:45+02:00,Fix two memcpy() bugs in the new injection point code,2024,53
ba2d2784f3f83277de6f9c17505229fa3f2f6d5c,Magnus Hagander,2024-01-11 14:27:10+01:00,Fix omission in partitioning limitation documentation,2024,53
30b4955a4668887044568743debef804b14418ca,Alexander Korotkov,2024-01-09 00:09:06+02:00,Fix misuse of RelOptInfo.unique_for_rels cache by SJE,2024,53
2a67b5a60ee68892bb028587ddc6de7650822480,Alexander Korotkov,2024-01-07 09:10:19+02:00,Fix oversized memory allocation in Parallel Hash Join,2024,53
2364f61488ec1b4bc40d3a73dba4385e8ede65a0,Amit Kapila,2024-12-17 15:08:29+05:30,Doc: Fix the wrong link on pg_createsubscriber page.,2024,52
d37e856410d0856cb851e11b2e0191edf6cde527,Michael Paquier,2024-12-10 13:02:21+09:00,Fix comments of GUC hooks for timezone_abbreviations,2024,52
c259b1578e006b2f808595fac4d8e45c5cce9d73,Amit Langote,2024-10-16 20:37:02+09:00,Fix typo in comment of transformJsonAggConstructor(),2024,52
a07e03fd8fa7daf4d1356f7cb501ffe784ea6257,Noah Misch,2024-09-24 15:25:18-07:00,Fix data loss at inplace update after heap_update().,2024,52
85837b8037ada19d319fa4d3ba99c72205868199,Daniel Gustafsson,2024-09-05 15:32:22+02:00,Fix handling of NULL return value in typarray lookup,2024,52
a36aa223ec447276bf7050ab9ec6d974cafdf6c4,Noah Misch,2024-08-22 00:07:04-07:00,Fix attach of a previously-detached injection point.,2024,52
f68cd847fa40ead44a786b9c34aff9ccc048004b,Michael Paquier,2024-08-05 12:29:22+09:00,injection_points: Add some fixed-numbered statistics,2024,52
c7301c3b6fe2feaf96d52cbf35a85ac6b95374dc,Tom Lane,2024-07-25 19:52:08-04:00,Doc: fix misleading syntax synopses for targetlists.,2024,52
f92fd1830715ac2039443756475169a45cae2874,Bruce Momjian,2024-06-26 15:08:06-04:00,doc PG 17 relnotes:  fix system catalog name mistake,2024,52
ab4346ebbfef44db857321d74bc0c31e03a72514,Peter Eisentraut,2024-06-20 11:49:01+02:00,pg_combinebackup: Fix small mistake in --help output,2024,52
199012a3d844c6283e0ab4b1139440840a91433d,Alexander Korotkov,2024-06-06 13:41:34+03:00,Fix asymmetry in setting EquivalenceClass.ec_sortref,2024,52
597f66942d0b18f2f15b478346bc74ae6fdb793b,Michael Paquier,2024-05-06 09:45:46+09:00,injection_points: Fix incorrect spinlock acquisition,2024,52
b53d58097d7d5712d819d06e0416dec0a7db2479,Peter Eisentraut,2024-04-24 12:26:19+02:00,doc: Fix up spacing around verbatim DocBook elements,2024,52
cd64dc42d1e1b03e57e6ba3d316e4f9dec52a78d,Robert Haas,2024-04-19 13:30:42-04:00,pg_combinebackup: Fix incorrect tablespace handling.,2024,52
d9f686a72ee91f6773e5d2bc52994db8d7157a8e,Alvaro Herrera,2024-04-18 15:35:15+02:00,Fix restore of not-null constraints with inheritance,2024,52
084cae55131f71f32e15a6b2b7897aa1c7382c0a,Heikki Linnakangas,2024-04-12 19:52:34+03:00,Fix compilation with --with-gssapi --without-openssl,2024,52
9e7386924e837aef8d48895cf72a6a0b7f78cbe9,Andres Freund,2024-04-05 14:27:45-07:00,Fix headerscheck violation introduced in f8ce4ed78ca,2024,52
be2f0731006300876b008fd78a265471984cbcd9,Alvaro Herrera,2024-04-03 17:49:44+02:00,Fix zeroing of pg_serial page without SLRU bank lock,2024,52
80d5d4937c168af46c976feebe24765ad76eb540,Masahiko Sawada,2024-03-25 12:06:41+09:00,Fix potential integer handling issue in radixtree.h.,2024,52
61f352ece9e7eb89c7154da178d0c3bc69fc72c9,Jeff Davis,2024-03-18 09:15:47-07:00,Fix unreachable code warning from commit 2d819a08a1.,2024,52
e629846472255c7a636c453a522755ef05489c90,David Rowley,2024-03-11 18:19:56+13:00,Fix incorrect accessing of pfree'd memory in Memoize,2024,52
d163fdbfea82a5a578de5bc6392ae84c590bb454,Tom Lane,2024-02-28 14:00:30-05:00,Fix mis-rounding and overflow hazards in date_bin().,2024,52
3e8235ba4f9cc3375b061fb5d3f3575434539b5f,Tom Lane,2024-02-14 11:30:39-05:00,Fix multiranges to behave more like dependent types.,2024,52
5ef34a8fc3899a306fbc907a762fee0ba3782462,Alexander Korotkov,2024-01-06 14:10:00+02:00,Fix the issue that SJE mistakenly omits qual clauses,2024,52
7bc9a8bdd2d6f6da664572456f226c54e9c9e3dd,Thomas Munro,2024-12-15 00:41:27+13:00,Fix warnings about declaration of environ on MinGW.,2024,51
9df2a4b9316fae76477187bb2b64197169f5c346,David Rowley,2024-12-11 23:16:44+13:00,"Add missing BUFFERS OFF in regression tests, take 2",2024,51
492e6b54c604c39ecf5ebc812849185b20c4b1b6,Peter Geoghegan,2024-10-30 15:53:26-04:00,nbtree: assert no scheduled primscan between pages.,2024,51
129a2f6679fd8891384016b6e2cde6cefda22a7d,Tom Lane,2024-09-06 11:57:57-04:00,Fix incorrect pg_stat_io output on 32-bit machines.,2024,51
08b9b9e043bb42c12f5cd7439b9c19833fe877d0,Michael Paquier,2024-09-04 10:21:17+09:00,"Fix inconsistent LWLock tranche name ""CommitTsSLRU""",2024,51
8de5ca1dc9fa809102acd1983ee19159d0bc469f,Heikki Linnakangas,2024-08-12 10:57:03+03:00,Fix bad indentation introduced in commit f011e82c2c,2024,51
ef7fa900fb587cbaac9f3e943f789155b97aa02b,Heikki Linnakangas,2024-07-26 15:12:23+03:00,Add tests for errors during SSL or GSSAPI handshake,2024,51
55e56c84da99fe7becda2194563f48bb3083c2d1,Amit Langote,2024-06-28 14:01:43+09:00,SQL/JSON: Validate values in ON ERROR/EMPTY clauses,2024,51
3cb19f45a3f58fb482999be5fae6ecad74f7fa27,Richard Guo,2024-06-10 13:05:20+09:00,Fix comment about cross-checking the varnullingrels,2024,51
8f0a97dfffc5b5f48f609fb894befcdf761dd576,Peter Eisentraut,2024-05-03 11:10:40+02:00,Fix segmentation fault in MergeInheritedAttribute(),2024,51
9c1d1bde4487a40e963a9571ee44c90deea71f82,Peter Eisentraut,2024-05-02 07:55:53+02:00,doc: Fix description of configure --with-icu option,2024,51
449cdcd486bfc6864e4fa6784cc1526a94fe69db,Alexander Korotkov,2024-04-30 12:12:43+03:00,Stabilize regression tests introduced by 259c96fa8f,2024,51
4019285c064028fbf613f0e43766416a63b826db,Tom Lane,2024-04-28 13:42:13-04:00,Detect more overflows in timestamp[tz]_pl_interval.,2024,51
f22e17f76cf569a797c45268081feadc8ebd68c7,Peter Geoghegan,2024-04-18 11:48:41-04:00,Don't try to fix eliminated nbtree array scan keys.,2024,51
d8f5acbdb9b22106db583e3cbb177d34e6b18eeb,Thomas Munro,2024-04-11 13:23:45+12:00,Fix potential stack overflow in incremental backup.,2024,51
4c2eda67f55a8a263820d12aaeaa7e1dfe7406ee,Alexander Korotkov,2024-03-15 14:38:22+02:00,Fix race condition in transaction timeout TAP tests,2024,51
ab6ae6260372074de71805cb7fd54d55d2da994d,John Naylor,2024-03-08 10:57:40+07:00,Fix link error for test_radixtree module on Windows,2024,51
9552e3ace317ac8bb0a80613c0e5cd6536c96dc8,John Naylor,2024-03-08 10:25:23+07:00,Fix link error for test_radixtree module on Windows,2024,51
6a6b7f5de3ff0dad46aab9e8e17a3747370199a3,Daniel Gustafsson,2024-02-28 22:57:00+01:00,Fix documentation comments for test CA config files,2024,51
3b42bdb47169c617cb79123c407a19d16458b49a,Nathan Bossart,2024-02-16 14:05:36-06:00,Use new overflow-safe integer comparison functions.,2024,51
6f97ef05d62a9c4ed5c53e98ac8a44cf3e0a2780,Amit Kapila,2024-01-11 08:56:27+05:30,Fix an intermetant BF failure in 003_logical_slots.,2024,51
8f4ee962691ed36302be3333c65422ed9e082743,David Rowley,2024-12-19 13:11:39+13:00,Fix Assert failure in WITH RECURSIVE UNION queries,2024,50
0172b4c9449e92a3988f669d9e7e9000454d16ce,Michael Paquier,2024-12-12 11:16:45+09:00,Add some regression tests for missing DDL patterns,2024,50
63e10988f8705cc56ac242fa21ec42dd87e99cbf,Peter Eisentraut,2024-11-27 10:55:35+01:00,Improve slightly misleading internal error message,2024,50
38c18710b37a2d0e343a8d6b6333cff31498459b,Álvaro Herrera,2024-11-13 11:06:44+01:00,Fix pg_upgrade's cross-version tests when old < 18,2024,50
763d65ae254569e0bdbe2cbb27b184112765f24f,Peter Geoghegan,2024-10-30 10:57:19-04:00,Fix bug in nbtree array primitive scan scheduling.,2024,50
c00c54a9ac1e0c52ace8051a30805ca74ae53212,Peter Geoghegan,2024-09-20 14:06:32-04:00,Fix nbtree pgstats accounting with parallel scans.,2024,50
a094e8b9e43e350798ea0c95b8967b8caf64bcbd,Alexander Korotkov,2024-09-19 14:34:00+03:00,Fix order of includes in src/bin/pg_upgrade/info.c,2024,50
a79ed10e6c6b43cc43a51a5f5bcc29252b4bb6dc,Heikki Linnakangas,2024-08-10 00:06:19+03:00,Fix comment on processes being kept over a restart,2024,50
8d148bb8b8529ed8edeee4332e8eb41bac0fc193,Tom Lane,2024-08-07 12:54:39-04:00,Fix edge case in plpgsql's make_callstmt_target().,2024,50
1ff39f4ff2b68625cdc37076e5c8281a4eab7f4f,Dean Rasheed,2024-07-08 17:48:45+01:00,Fix scale clamping in numeric round() and trunc().,2024,50
aa901a37cf8aaf36b0dabaaea42ea3d068fe3448,David Rowley,2024-06-19 10:20:24+12:00,Fix possible Assert failure in cost_memoize_rescan,2024,50
b362d14816699ed05c47355dcb20bbe46f350b86,Daniel Gustafsson,2024-05-14 10:41:32+02:00,Fix memory leaks in error reporting with LOG level,2024,50
d727c543176c32205372991d3e036e5349fb719d,Tom Lane,2024-05-09 13:16:34-04:00,Fix recursive RECORD-returning plpython functions.,2024,50
db08e8c6fa89ba9d2e80616448abe53316ceeef8,Amit Kapila,2024-04-25 14:01:44+05:30,Post-commit review fixes for slot synchronization.,2024,50
ba3e6e2bca97df14920375b0a1ebf4eab95b78b5,Andrew Dunstan,2024-04-23 15:32:06-04:00,Post review fixes for test_json_parser test module,2024,50
480bc6e3ed3a5719cdec076d4943b119890e8171,Peter Geoghegan,2024-04-22 13:58:06-04:00,Remove unneeded nbtree array preprocessing assert.,2024,50
a6d0fa5ef840bc98e14cb34ecf672e6e2e245517,Masahiko Sawada,2024-04-17 11:31:27+09:00,Disallow specifying ON_ERROR option without value.,2024,50
c3709100be73ad5af7ff536476d4d713bca41b1a,Alvaro Herrera,2024-04-15 12:20:56+02:00,Fix propagating attnotnull in multiple inheritance,2024,50
226261f387fd8b44420ad03298ef09d83571f9b1,Daniel Gustafsson,2024-04-03 09:19:25+02:00,Add error codes to some PANIC/FATAL errors reports,2024,50
c627d944e6c2620fb3b28f2e4b27e19212f84045,Nathan Bossart,2024-04-02 22:28:11-05:00,Add built-in ERROR handling for archive callbacks.,2024,50
995e0fbc1c57c9b705c57de456d25c6e448bc5dd,Tom Lane,2024-03-20 18:02:50-04:00,Un-break genbki.pl's error reporting capabilities.,2024,50
a3a836fb5e51183eae624d43225279306c2285b8,David Rowley,2024-01-27 11:17:35+13:00,Attempt to fix newly added Memoize regression test,2024,50
06a66d87dbc7e06581af6765131ea250063fb4ac,Andrew Dunstan,2024-01-25 16:25:11-05:00,Clean up a bug in sql/json items commit 66ea94e8e6,2024,50
add673b897c3d76767cec5ac1619fad6b1eb7582,Tom Lane,2024-01-10 13:51:36-05:00,Fix Asserts in calc_non_nestloop_required_outer().,2024,50
d96d1d5152f30d15678e08e75b42756101b7cab6,David Rowley,2024-12-18 12:05:55+13:00,Fix incorrect slot type in BuildTupleHashTableExt,2024,49
bf8835ea9717df50230c12133cff1b486dcc57be,Michael Paquier,2024-11-11 10:19:52+09:00,libpq: Bail out during SSL/GSS negotiation errors,2024,49
9044fc1d45a0212fd123bd8f364eac058f60fed7,Thomas Munro,2024-11-06 23:17:18+13:00,Monkey-patch LLVM code to fix ARM relocation bug.,2024,49
11c87216d134a606938531e52edab6189bce6c2d,Amit Langote,2024-10-20 12:20:55+09:00,SQL/JSON: Fix some oversights in commit b6e1157e7,2024,49
98c7c7152d2d4670a349c0fe48f05cf95c0b1185,Thomas Munro,2024-10-17 22:11:59+13:00,Fix extreme skew detection in Parallel Hash Join.,2024,49
fd64ed60b62697984bb69a09a3ae19fbe2905eb6,Álvaro Herrera,2024-10-10 17:41:01+02:00,Unbreak overflow test for attinhcount/coninhcount,2024,49
17cc5f666f6aada21eb3237974c50681ba4814ea,Fujii Masao,2024-10-02 11:17:47+09:00,Fix inconsistent reporting of checkpointer stats.,2024,49
842265631dfd9e5583d934e2ae328b09bc4b2f8b,Tomas Vondra,2024-09-11 13:21:10+02:00,Fix unique key checks in JSON object constructors,2024,49
454aab4b738e53a5dbfca9251a7807a2ad21f87e,Fujii Masao,2024-07-27 03:58:48+09:00,postgres_fdw: Fix bug in connection status check.,2024,49
ae395f0f7edbbf8e9ebe92e2ed3a471192789f0c,Amit Kapila,2024-07-03 15:04:59+05:30,Fix the testcase introduced in commit 81d20fbf7a.,2024,49
7c655a04a2dc84b59ed6dce97bd38b79e734ecca,Andrew Dunstan,2024-05-26 17:34:45-04:00,Fix meson uuid header check so it works with MSVC,2024,49
ac8c85d04b133509071b1de60a027ebe00654696,Michael Paquier,2024-05-24 11:21:21+09:00,Improve stability of subscription/029_on_error.pl,2024,49
2c7cea5a8e741b7f7f9f12700d59b49b376301a1,Amit Langote,2024-04-18 17:28:12+09:00,Fix object name clash in recently introduced test,2024,49
3b08133cd13c4ac985a94222280160282ba35838,Peter Geoghegan,2024-04-07 22:13:28-04:00,Remove redundant nbtree preprocessing assertions.,2024,49
6f38c43eb135f5d6b873924180562d8334d6e31d,Alexander Korotkov,2024-03-08 13:18:30+02:00,Avoid stack overflow in ShowTransactionStateRec(),2024,49
6d470211e54f7a617783b99b27c9d8056a890a57,Peter Eisentraut,2024-03-07 12:13:09+01:00,Fix description and grouping of RangeTblEntry.inh,2024,49
55cdba2647ed6bbe1126c6b6d8f53e8602ec05a1,Heikki Linnakangas,2024-03-05 09:15:02+02:00,Fix a leftover reference to backend_id in comment,2024,49
e1b7fde418f2c0ba4ab0d9fbfa801ef62d96397b,Alexander Korotkov,2024-02-19 14:11:50+02:00,Get rid of pg_class usage in SJE regression tests,2024,49
b725b7eec431f7394d63abe621170efe3fcdcda4,Alexander Korotkov,2024-01-19 15:15:51+02:00,Rename COPY option from SAVE_ERROR_TO to ON_ERROR,2024,49
2b41de4a5b429c53ae5fb5ff92b2e9822fd2cd9a,Tom Lane,2024-11-27 12:50:23-05:00,ecpg: clean up some other assorted memory leaks.,2024,48
db22b900244d3c51918acce44cbe5bb6f6507d32,Alexander Korotkov,2024-11-12 01:44:20+02:00,Fix arrays comparison in CompareOpclassOptions(),2024,48
aa1e898dea666629bb5314fd25445545b9eb7b27,Alexander Korotkov,2024-10-25 13:12:16+03:00,Fix concurrrently in typcache_rel_type_cache.sql,2024,48
4dd308730029f5d90bd188f181c2dd9d7630ea69,Michael Paquier,2024-10-04 12:51:17+09:00,Remove assertion checking query ID in execMain.c,2024,48
bd8fe12ef3f727ed3658daf9b26beaf2b891e9bc,David Rowley,2024-08-17 10:36:23+12:00,Relocate a badly placed Assert in COPY FROM code,2024,48
12d6c727ca6988462651c525e197601c4c0f8745,Alvaro Herrera,2024-08-12 18:42:18-04:00,Fix nls.mk to reflect astreamer files relocation,2024,48
b3bd18294ee471c5a6f1db69be57f08c1e00f1a6,Jeff Davis,2024-07-09 12:37:05-07:00,Fix missing invalidations for search_path cache.,2024,48
d0155ba41e4204c331486cd9f4564c13987702eb,Bruce Momjian,2024-05-22 18:48:16-04:00,doc PG 17 relnotes:  fix pg_stat_statements typo,2024,48
c37267162e889fe783786b9e28d1b65b82365a00,Robert Haas,2024-05-21 12:54:09-04:00,Fix generate_union_paths for non-sortable types.,2024,48
eff6a757fde3ba072a03dd06edc2eafeac5e602d,Peter Geoghegan,2024-04-21 22:51:56-04:00,Remove overzealous array element type assertion.,2024,48
c399248b3b44bd6cece1ada47eee346b67a88a0a,David Rowley,2024-03-11 12:27:11+13:00,Fix deparsing of Consts in postgres_fdw ORDER BY,2024,48
8545b28679a2ec2aa66ad2ec81f17019dab5d780,Dean Rasheed,2024-03-04 10:48:40+00:00,Fix doc omission for MERGE into updatable views.,2024,48
6fd144e3a9664ea545d10008c48dceb6c4e9d38a,Daniel Gustafsson,2024-02-29 12:19:52+01:00,Fix integer underflow in shared memory debugging,2024,48
e8aecc5c2ce1d3b2b1b01bd770c14f5214c2a369,Tom Lane,2024-02-28 17:47:25-05:00,Fix cross-version upgrade tests after f0827b443.,2024,48
aaaf9449ec6be62cb0d30ed3588dc384f56274bf,Amit Langote,2024-01-24 15:04:33+09:00,Add soft error handling to some expression nodes,2024,48
686db12de3a01222de6bce56f40f4fb9259f7b37,Peter Eisentraut,2024-01-18 08:46:42+01:00,Fix an issue in PostgreSQL::Test::Cluster:psql(),2024,48
45da69371ebfc4d6982695e58791989660c1cc33,Jeff Davis,2024-01-12 21:40:23-08:00,Fix memory leak in connection string validation.,2024,48
0d9937d1185629a94bf43dd0768c8f4eb835c9f0,Robert Haas,2024-01-02 12:05:41-05:00,Fix typos in comments and in one isolation test.,2024,48
754c610e13b820370db4c02010a4c8c5dbd1edbd,Melanie Plageman,2024-12-19 11:55:03-05:00,Fix bitmap table scan crash on iterator release,2024,47
28328ec87b45725f62bed1104d99c8b3220d1675,Melanie Plageman,2024-12-18 18:16:43-05:00,Fix overflow danger in SampleHeapTupleVisible(),2024,47
1e5ef3a2a17974f574b90b86f491d74e32615987,Álvaro Herrera,2024-12-03 15:50:03+01:00,"Drop ""Lock"" suffix from LWLock wait event names",2024,47
262283d5eec3d582a8645692fede2e8f5e6029bd,Andres Freund,2024-11-27 11:51:54-05:00,ci: Fix cached MacPorts installation management,2024,47
caca6d8d276ce57473e97050d19dfe84e59482c8,Peter Geoghegan,2024-11-08 16:34:41-05:00,Assert consistency of currPage that ended scan.,2024,47
e546989a269d5d73d283901aadcfda8c6d98e87b,Alexander Korotkov,2024-10-24 15:02:21+03:00,Add 'no_error' argument to pg_wal_replay_wait(),2024,47
4b096c67e0eed81e287094b9692fff72b9ea3eef,Jeff Davis,2024-10-23 16:16:39-07:00,Improve pg_set_attribute_stats() error message.,2024,47
a0bff38d133ac95fb56bbd868a128bba95ec46c9,Michael Paquier,2024-10-23 08:33:54+09:00,ecpg: Fix out-of-bound read in DecodeDateTime(),2024,47
a7f2f6adc240a2823c2344b89e90bb630dea8803,Jeff Davis,2024-10-16 12:21:13-07:00,Whitespace fixup from generated unicode tables.,2024,47
98c5b191e74b65b74149bb436b057d7007d401a7,Jeff Davis,2024-10-11 16:59:29-07:00,Fix missed case for builtin collation provider.,2024,47
05d1b9b5c286424dea2a91cf906c49c9d22ff4bf,Heikki Linnakangas,2024-10-08 15:47:51+03:00,Fix typo and run pgperltidy on newly-added test,2024,47
c34eabfbbfd3d3799bc7bc61f22b1fe730c53fe8,Nathan Bossart,2024-09-16 16:10:33-05:00,pg_upgrade: Parallelize postfix operator check.,2024,47
3beb945da9d72a9803180deb1752cf8feeb66883,Amit Kapila,2024-09-11 09:18:23+05:30,Improve assertion in FindReplTupleInLocalRel().,2024,47
4236825197e8b7f26f8fd2ce0ac287a696e7264e,Michael Paquier,2024-09-03 14:49:04+09:00,Fix typos and grammar in code comments and docs,2024,47
4effd0844daf41a962c05188b719df75ca8ced93,Thomas Munro,2024-08-31 17:28:02+12:00,Fix unfairness in all-cached parallel seq scan.,2024,47
83917791385a601bfe8afe95f250cb2ae6c1fde7,Alvaro Herrera,2024-07-12 12:54:01+02:00,Fix ALTER TABLE DETACH for inconsistent indexes,2024,47
d35cd061998434747c0d1c0f6f2aa1f736f0edb4,Peter Eisentraut,2024-07-02 09:29:26+02:00,Fix overflow in parsing of positional parameter,2024,47
d872e1b4730b793c9d72c80b65feb988269104e2,Michael Paquier,2024-06-14 09:28:11+09:00,doc: Fix description WAL summarizer in glossary,2024,47
7562a9bd7100702ce7878a17f4aaac1df08a8e09,Jeff Davis,2024-04-30 17:32:03-07:00,Fix locale options checking in CREATE DATABASE.,2024,47
bb3ca232398658291d4b1eaae12cd6e88dfc96a3,Tom Lane,2024-04-23 11:52:44-04:00,"Improve ""out of range"" error messages for GUCs.",2024,47
91fe092a966e6c08c0ead80388f474ac989dc9a3,Michael Paquier,2024-04-17 14:56:31+09:00,Fix typos with function name in event_trigger.c,2024,47
158f5819236806b7c9cab323658c231e9371c458,Thomas Munro,2024-04-07 14:51:33+12:00,Fix if/while thinko in read_stream.c edge case.,2024,47
b670b93a66fc554714e0fe8e51a944912bb9fd68,Alexander Korotkov,2024-03-22 15:25:53+02:00,Fix an oversight in refactoring in 06b10f80ba4.,2024,47
80686761c49d5194d224b344e968c26981611726,Nathan Bossart,2024-03-20 13:31:58-05:00,Avoid overflow in MaybeRemoveOldWalSummaries().,2024,47
33ee2550d30bebb938238846369b2aae10e7f00f,Jeff Davis,2024-03-08 16:00:46-08:00,Fix type signedness error in commit 5c40364dd6.,2024,47
def0ce3370689b939c6d7a3c3eb824d69989ef6e,Amit Kapila,2024-03-01 10:25:36+05:30,Fix BF failure introduced by commit b3f6b14cf4.,2024,47
40bbc8cf0a753f08f0c26e6c2f8c959f3b9ef8c0,Alexander Korotkov,2024-02-03 01:49:51+02:00,Improve documentation for COPY ... ON_ERROR ...,2024,47
c03d91d9be378975bcdbfa3e5d40e17288e6f13f,Alexander Korotkov,2024-01-21 23:27:29+02:00,Fix table name collision in tests in 0452b461bc,2024,47
7f97b4734f937db6f8dab1bbf8bbaab349e6c9b1,Michael Paquier,2024-12-23 14:46:49+09:00,Fix some comments related to library unloading,2024,46
38c579b08988e6f1a5bd74241d0a1001421d8015,Thomas Munro,2024-12-20 23:57:02+13:00,Fix corruption when relation truncation fails.,2024,46
1fe5a347e36f9f5f288b3574597d4e279fc72a65,David Rowley,2024-12-09 14:23:21+13:00,Fix possible crash during WindowAgg evaluation,2024,46
086c84b23d99c2ad268f97508cd840efc1fdfd79,Peter Eisentraut,2024-12-02 08:22:34+01:00,Fix error code for referential action RESTRICT,2024,46
b5be29ecafe1653ec53f49cbc4789b9683648bc0,Álvaro Herrera,2024-11-21 17:04:26+01:00,Fix newly introduced 010_keep_recycled_wals.pl,2024,46
ea792bfd93ab8ad4ef4e3d1a741b8595db143677,Michael Paquier,2024-11-21 15:14:02+09:00,Fix memory leak in pgoutput for the WAL sender,2024,46
f762d99c8783f5ca99d5a6ab0f8245e164a954ce,Michael Paquier,2024-09-27 07:26:29+09:00,Fix catalog data of new LO privilege functions,2024,46
280423300b361eb9deff5ea40d4b0e6fab00211b,Magnus Hagander,2024-09-11 16:30:17+02:00,pg_createsubscriber: minor documentation fixes,2024,46
1c61fd8b527954f0ec522e5e60a11ce82628b681,Noah Misch,2024-09-03 12:44:54-07:00,Fix stack variable scope from previous commit.,2024,46
2befd22790ef32bbe3cbfc8b4b826e8a1286afbd,Peter Eisentraut,2024-09-02 17:40:32+02:00,Fix rarely-run test for message wording change,2024,46
4fdb6558c2709c799643d26f3f956395ae72a8ef,Daniel Gustafsson,2024-08-19 12:55:11+02:00,Fix regression in TLS session ticket disabling,2024,46
0f92b230f88b98c34b9804c4b4226e0d1822dc53,Tomas Vondra,2024-08-19 00:04:48+02:00,Fix DROP DATABASE for databases with many ACLs,2024,46
581df2148737fdb0ba6f2d8fda5ceb9d1e6302e6,Richard Guo,2024-07-23 10:33:26+09:00,Fix rowcount estimate for gather (merge) paths,2024,46
486c2ea25c5e7e248c31b2dbb5db8ebcd3c7d813,Peter Geoghegan,2024-06-26 10:45:52-04:00,Fix nbtree array unsatisfied inequality check.,2024,46
d1ffcc7fa3c54de8b2a677a3e503fc808c7b419c,Amit Kapila,2024-06-11 10:51:34+05:30,Fix an assert in CheckPointReplicationSlots().,2024,46
4364e0126ec7663363cf2dff86a0f6da949fc002,Etsuro Fujita,2024-05-08 16:15:00+09:00,Fix typo in src/backend/utils/resowner/README.,2024,46
f46bee346c3b6aab0a0f3f39dc734732b79ce1ed,Michael Paquier,2024-04-22 15:15:36+09:00,Fix dumps of partitioned tables with table AMs,2024,46
ef744ebb7340d42361ebd88d068b27b17e69de18,Amit Langote,2024-04-18 14:46:43+09:00,SQL/JSON: Miscellaneous fixes and improvements,2024,46
f6f8ac8e75c9af5a599fa658d9125875f16ab08c,Masahiko Sawada,2024-04-17 16:10:18+09:00,doc: Fix COPY ON_ERROR option syntax synopsis.,2024,46
c62d2ebd9e6f94758f5ed3a28cf08861229ae421,Peter Geoghegan,2024-04-16 12:04:20-04:00,"Fix nbtree ""deduce NOT NULL"" scan key comment.",2024,46
cd4b6af620975bb9802c464a06d2289d2f97cbf4,Tomas Vondra,2024-04-14 20:37:49+02:00,Fix unnecessary padding in incremental backups,2024,46
53c8d6c9f157f2bc8211b8de02417e55fefddbc7,Thomas Munro,2024-04-10 12:13:46+12:00,Fix illegal attribute propagation in LLVM JIT.,2024,46
60769c62dc85680ee357aec92461fe97c715aebb,Jeff Davis,2024-03-18 15:34:43-07:00,"Fix another warning, introduced by 846311051e.",2024,46
29ef1dd19b4f3eb54569b2eece4a8a65034a2216,Dean Rasheed,2024-03-07 09:57:02+00:00,Fix handling of self-modified tuples in MERGE.,2024,46
ef4cfdce0ef8b926803b0d5ffafef1c42b15bbfb,Heikki Linnakangas,2024-03-05 18:23:58+02:00,Fix references to renamed function in comments,2024,46
084cff7899d62c142f5c5190ef6924a0ffe93893,Daniel Gustafsson,2024-03-04 15:09:59+01:00,Fix crossversion test for unsupported versions,2024,46
e1724af42c7b0bddad2785f8f7a15c4c123862b2,Nathan Bossart,2024-02-27 09:44:59-06:00,Fix comments for the dshash_parameters struct.,2024,46
165d921c9a883814a35e8161fc692793e9c945a4,Alexander Korotkov,2024-02-08 12:45:26+02:00,Fix wrong logic in TransactionIdInRecentPast(),2024,46
5869aef9a15d5dc0b4de3d63d1ae360a6f34afb4,Peter Eisentraut,2024-02-08 11:38:46+01:00,Fix documentation build with older docbook-xsl,2024,46
1aa67a5ea6870d42410cc2a3a0f9dcf6bd6bc1f5,Masahiko Sawada,2024-02-08 17:03:59+09:00,Fix meson installation of xid_wraparound test.,2024,46
50b797dc99ec3bf97ea5d0955a3b42d356c1522d,Michael Paquier,2024-01-29 08:05:59+09:00,Fix DROP ROLE when specifying duplicated roles,2024,46
5bc7b33b4e16d02fc21b493649939e438b071850,Robert Haas,2024-01-02 12:27:38-05:00,"jsonpath_exec: fix typo ""absense"" -> ""absence""",2024,46
3c5f9f12c807760f6d512957a863113b07a79dcb,Álvaro Herrera,2024-12-03 17:50:57+01:00,Fix synchronized_standby_slots GUC check hook,2024,45
9d7aa406d04ce51da38eb5b6402079f60a601aec,Amit Kapila,2024-11-27 14:54:26+05:30,Fix buildfarm failure from commit 8fcd80258b.,2024,45
3293b718a01310c8ce765ace3cb15efcb956a84e,Bruce Momjian,2024-11-04 15:08:01-05:00,doc:  use more accurate URL for bug reporting,2024,45
4b652692e97923298d0c7b9c1c303fc648984d92,Peter Eisentraut,2024-10-18 11:29:20+02:00,Fix memory leaks from incorrect strsep() uses,2024,45
70d1c664f4376fd3499e3b0c6888cf39b65d722b,Nathan Bossart,2024-09-13 10:16:40-05:00,Fix contrib/pageinspect's test for sequences.,2024,45
a3c6aa42ee0d625a55e73e17230db3eaeed3566c,Jeff Davis,2024-08-14 19:07:09-07:00,Fix doc typo: unicode_assigned() return type.,2024,45
ffabb56c9460b8e2a3fffeea6263a61590ba006d,David Rowley,2024-08-12 23:27:09+12:00,Fix a series of typos and outdated references,2024,45
498ee9ee2f4bc7d79f2d91cdd817b2a8f14a664f,Alvaro Herrera,2024-08-08 15:17:11-04:00,Refactor error messages to reduce duplication,2024,45
028b4b21df26fee67b3ce75c6f14fcfd3c7cf2ee,Michael Paquier,2024-08-04 03:07:20+09:00,Fix incorrect format placeholders in pgstat.c,2024,45
3cffe7946c268be91a340ec9a27081cb93d67d35,Noah Misch,2024-08-02 12:49:56-07:00,"Fix name of ""Visual Studio"" in documentation.",2024,45
a83f3088b8f409aaee7a939c2847157d97006193,Alvaro Herrera,2024-08-02 12:05:38-04:00,Fix NLS file reference in pg_createsubscriber,2024,45
991f8cf8abe244547093ddffcc4b9209076f3525,Nathan Bossart,2024-07-23 21:59:02-05:00,Detect integer overflow in array_set_slice().,2024,45
47ecbfdfcc71e41d7dcc35f0be04f8adbe88397f,Andres Freund,2024-07-15 15:17:04-07:00,Fix bad indentation introduced in 43cd30bcd1c,2024,45
9fd8b331dfe151b7c833e2c8fa17ce753830b891,Amit Kapila,2024-07-12 09:29:21+05:30,Fix unstable test in 040_pg_createsubscriber.,2024,45
7467939ea226ebc5608285486501b136b642c02b,Michael Paquier,2024-06-27 09:44:47+09:00,Fix overflow with pgstats DSA reference count,2024,45
aea79883c57a522f0234d135fe0a3de19178a964,Peter Eisentraut,2024-06-21 09:29:34+02:00,Remove redundant newlines from error messages,2024,45
2ea4b29277222efe59dc25ed8385c8bcb1a3ed0f,David Rowley,2024-05-01 17:04:52+12:00,Fix typos and incorrect type in read_stream.c,2024,45
5bcbe9813bf91bcf14ef3a580162f1600dd3d1d4,Heikki Linnakangas,2024-04-30 08:22:24+03:00,Fix compilation on OpenSSL 1.0.2 and LibreSSL,2024,45
598e0114a3b16bb7edcaba6784b3794f816889ae,Nathan Bossart,2024-04-23 10:54:04-05:00,Fix code for probing availability of AVX-512.,2024,45
9dfcac8e15acc3b4d4d5bc02383a56ccb07229fe,Alexander Korotkov,2024-04-15 16:00:02+03:00,Grammar fixes for split/merge partitions code,2024,45
7e85d1c75f299b0772fbeb145706e019629530bd,Amit Kapila,2024-04-10 08:44:17+05:30,Fix a test in failover slots regression test.,2024,45
503c0ad976f5e4ada2d1b47ae05aa7133351b645,Jeff Davis,2024-03-24 16:28:34-07:00,"Fix convert_case(), introduced in 5c40364dd6.",2024,45
bb5604ba9e53e3a0fb9967f960e36cff4d36b0ab,Jeff Davis,2024-03-18 17:13:18-07:00,Fix documentation oversights from 2d819a08a1.,2024,45
d360e3cc60e37d6d41ee78acf7bd5cb313b978c1,Heikki Linnakangas,2024-02-23 17:39:27+02:00,Fix compiler warning on typedef redeclaration,2024,45
1fe66680c09b6cc1ed20236c84f0913a7b786bbc,David Rowley,2024-02-16 15:01:29+13:00,Attempt to stabilize flapping regression test,2024,45
1ae5ace7558ea949d2f94af2fd5eb145d5558659,Peter Eisentraut,2024-02-05 15:45:29+01:00,Fix meson installation of new generated files,2024,45
400928b83bd254d20f0790d467f221bb52707e6e,Tom Lane,2024-01-29 12:06:13-05:00,Fix incompatibilities with libxml2 >= 2.12.0.,2024,45
44ad5129ce19d22afe757a6b56e41eaa91304869,Michael Paquier,2024-01-17 17:03:02+09:00,Fix description of DecodeInsert() in decode.c,2024,45
8ad1f7db87f0375cfd7c6ae24aa13bdbdff2477a,Alexander Korotkov,2024-01-17 00:59:44+02:00,Fix format specifier for NOTICE in copyfrom.c,2024,45
7786af4d74182ddd32e00f694bba741ee5d33efa,Peter Eisentraut,2024-01-11 22:23:44+01:00,Fix some inconsistent whitespace in Perl file,2024,45
398d3e3b5b8f4c81795e07655f28036839cc0550,Masahiko Sawada,2024-12-11 10:35:57-08:00,Unmark gen_random_uuid() function leakproof.,2024,44
7b2690a5713e66c64313cea1cf881da3dcaaae2a,Michael Paquier,2024-12-10 12:54:09+09:00,Fix outdated comment of scram_build_secret(),2024,44
f00ab1fd156ea9c6283ffa0be5cddaafecfb0a35,Richard Guo,2024-11-08 11:21:11+09:00,Fix inconsistent RestrictInfo serial numbers,2024,44
665785d85f8b9a7250802d7fadd84841bb0aafa1,Peter Eisentraut,2024-10-17 08:36:48+02:00,Fix unnecessary casts of copyObject() result,2024,44
3b2f668b785c9b7970d86e7f72a717751d1ddfc2,Alvaro Herrera,2024-08-02 12:01:10-04:00,pg_createsubscriber: Fix bogus error message,2024,44
8583b1f99340f4de24661dc50ab63ec6965f6759,Thomas Munro,2024-07-15 21:48:48+12:00,Run LLVM verify pass on IR in assert builds.,2024,44
c5c82123d3050c3a5eef0f51e9783f1cc5004ba0,Peter Eisentraut,2024-06-21 09:40:44+02:00,pg_combinebackup: Error message improvements,2024,44
3639d08e2f36f76e9a626c60b534c7fe204f329c,Peter Eisentraut,2024-06-20 11:36:38+02:00,pg_dump: Fix weird error message composition,2024,44
7b71e5bbccd6c86bc12ba0124e7282cfb3aa3226,David Rowley,2024-06-05 21:31:28+12:00,Fix some grammatical errors in some comments,2024,44
6a126d91cd042e708e101acafe23100ffb574251,Bruce Momjian,2024-05-09 16:37:51-04:00,doc PG 17 relnotes:  fix author of LLVM item,2024,44
592a2283721f7143999364ef487f2b4993f5161d,Peter Eisentraut,2024-04-29 10:49:42+02:00,"Revert ""Add GUC backtrace_on_internal_error""",2024,44
310cd8ab386ca44213b62b1c36162110d46bfc7a,David Rowley,2024-04-28 20:03:34+12:00,Fix duplicated consecutive words in comments,2024,44
9d353639c3b37efea7a29b63027cef81a7c7e335,Daniel Gustafsson,2024-04-24 13:09:50+02:00,Doc: fix prompt in psql crosstabview example,2024,44
6f0cef9353fcef50e74c31bb06c96c40207fd535,Tom Lane,2024-04-16 12:31:42-04:00,Fix assorted bugs in ecpg's macro mechanism.,2024,44
8225c2fd40cd9f7d60a826affeacdd8bf0de7bee,Tomas Vondra,2024-04-14 18:58:32+02:00,Add regression test for BRIN parallel builds,2024,44
b9ecefecc7aaad117e0255b56b759f524f0f4363,David Rowley,2024-04-12 23:15:52+12:00,Fix recently introduced typo in code comment,2024,44
690805ca75463a5511ddd5fa02d73928393e6c96,Daniel Gustafsson,2024-02-21 09:08:28+01:00,doc: Fix link to pg_ident_file_mappings view,2024,44
65f438471b769f6b9706a386028f81df065d0a25,Thomas Munro,2024-02-12 11:14:21+13:00,Fix gai_strerror() thread-safety on Windows.,2024,44
a7097ca630a25dd2248229f21ebce4968d85d10a,Robert Haas,2024-01-11 15:01:51-05:00,Try to fix pg_walsummary buildfarm failures.,2024,44
d97ef756afcadeeb040c3f11e764d6a7179d441e,Nathan Bossart,2024-01-09 11:35:10-06:00,Fix documentation for wal_summary_keep_time.,2024,44
0f23dedc91760271aefe9e3c52d677c079bb7bce,Michael Paquier,2024-12-17 09:44:06+09:00,Print out error position for some more DDLs,2024,43
3be30d007514d504b1d0554a20527ee5ba7a6cfb,Peter Geoghegan,2024-11-12 22:09:00-05:00,Fix obsolete nbtree page reuse FSM comment.,2024,43
87b6c3c0b703c3a71bc640f456a24937744ff30b,Richard Guo,2024-09-09 12:58:31+09:00,Fix order of parameters in a cost_sort call,2024,43
ee75a03f37fc27c7f07a21dc22edf4511e31a4a1,Amit Langote,2024-09-06 13:25:47+09:00,SQL/JSON: Fix JSON_TABLE() column deparsing,2024,43
68222851d5a8d2ca152a97ee69fe18a95970ed20,Amit Langote,2024-09-06 10:13:57+09:00,SQL/JSON: Fix JSON_TABLE() column deparsing,2024,43
52f1d6730bf7132a175b9b612029812859218927,Masahiko Sawada,2024-08-26 11:00:07-07:00,Fix memory counter update in ReorderBuffer.,2024,43
a5f4ff6c806d359b3d2c28cf902047c830acc132,Michael Paquier,2024-08-19 07:53:47+09:00,doc: Fix typo in section for custom pgstats,2024,43
2d8ef5e24fd3d38ffc2379ca32eaeef8c9eee1a7,Michael Paquier,2024-07-22 09:28:01+09:00,"Add new error code for ""file name too long""",2024,43
3c992361cda184ff635a516832dcc54c569ea6ec,Michael Paquier,2024-06-14 09:26:32+09:00,doc: Fix description WAL writer in glossary,2024,43
a8f87d5d21c2f3ddd644c9cb313ecd43290a446e,Daniel Gustafsson,2024-05-15 22:48:51+02:00,Fix query result leak during binary upgrade,2024,43
2a679ae94e46ea2fa1ff5461c9d0767faecc6c8c,Alexander Korotkov,2024-05-13 13:26:34+03:00,Fix regression tests conflict in 3ca43dbbb6,2024,43
c34d7df6ad5394c790941a8a4f1a1c71573b47f9,Daniel Gustafsson,2024-05-05 09:47:35+02:00,Fix comment regarding LibreSSL availability,2024,43
5cd72cc0c5017a9d4de8b5d465a75946da5abd1d,Masahiko Sawada,2024-05-01 12:34:06+09:00,Fix parallel vacuum buffer usage reporting.,2024,43
ed52df3b19ee77cca7cb5f202950704f6b12feb9,John Naylor,2024-04-27 14:42:01+07:00,Small cosmetic fixes in radix tree template,2024,43
927332b95e778c0d15a9fbf96e3efeab0d3d937c,Alexander Korotkov,2024-03-16 23:49:10+02:00,psql: fix variable existence tab completion,2024,43
fe4750effd61f5a37d18c48caa53892dbdcfb96d,David Rowley,2024-03-13 09:34:11+13:00,Fix incorrect filename reference in comment,2024,43
6929e133b309d5d4568b5ed25b136935f63be618,Daniel Gustafsson,2024-03-08 22:50:20+01:00,Replace perror with custom postgres logging,2024,43
dd3ca8cbb0141f158545e9ecdd12c89279942e36,Jeff Davis,2024-01-18 14:59:59-08:00,Fix buildfarm error from commit 5c31669058.,2024,43
dffde5bf16a590543a35bedffc936a33686651d4,Robert Haas,2024-01-03 09:59:46-05:00,Fix defects in PrepareForIncrementalBackup.,2024,43
591cf626e71b460c53bef23347b93a0cfbd91f0f,Robert Haas,2024-01-02 12:23:36-05:00,"tsquery: fix typo ""rewrited"" -> ""rewritten""",2024,43
39240bcad56dc51a7896d04a1e066efcf988b58f,Michael Paquier,2024-12-16 14:52:11+09:00,Print out error position for CREATE DOMAIN,2024,42
1319997df92447d9b473a538b109b2d1d560c637,Thomas Munro,2024-12-06 12:44:30+13:00,Fix printf format string warning on MinGW.,2024,42
24a36f91e32d6cbb8182c4cc6529d6e47587c988,Peter Eisentraut,2024-10-18 11:15:54+02:00,Fix strsep() use for SCRAM secrets parsing,2024,42
03e9b958eef44046c0092f1f34da4b2de0f9071d,Bruce Momjian,2024-08-16 22:50:54-04:00,docs:  fix incorrect plpgsql error message,2024,42
9f21482fe189c3b6193e9a7c3c50518a8a805165,Alvaro Herrera,2024-07-24 14:13:55+02:00,Fix a missing article in the documentation,2024,42
5603e119f4bd4818f8fa432ffc177c3caf9efeb6,Peter Eisentraut,2024-06-18 14:58:39+02:00,Fix incorrect punctuation in error message,2024,42
a6685c5e362eab5d04b8ffe65fff7cfbd21b6034,Andres Freund,2024-06-17 11:53:07-07:00,doc PG 17 relnotes: Fix sslnegotation typo,2024,42
4ebe51a5fbc3e08861db85fe3868c31c6bc8ed59,Nathan Bossart,2024-06-03 12:10:43-05:00,Fix documentation for System V semaphores.,2024,42
e9b7aee27283e65bd8819cd7a081dbe79eb1c1a3,Peter Eisentraut,2024-05-17 13:48:31+02:00,A few follow-up fixes for GUC name quoting,2024,42
0de37b51065bc5b5848d65a9bb6f932ef392374f,David Rowley,2024-05-16 12:50:16+12:00,Fix some inconsistencies in EXPLAIN output,2024,42
6ee26c6a4bafabbd22a85f575d2446fd5ec6ad0d,Andrew Dunstan,2024-01-30 17:09:44-05:00,Fix 003_extrafiles.pl test for the Windows,2024,42
3ada0d2cae4d9d3e045c72e3ee0b37ccb6e13902,Michael Paquier,2024-01-19 13:20:49+09:00,Fix incorrect placeholder in walreceiver.c,2024,42
9b254895c367a3b962bcdd3e35f8590005106e8a,Peter Geoghegan,2024-12-24 14:06:16-05:00,Fix nbtree symbol name comment reference.,2024,41
33b2fbe0504bd349c3bb86e8711f5531c8ca84b7,Peter Geoghegan,2024-10-27 10:38:24-04:00,Fix obsolete nbtree split buffer comment.,2024,41
940f7a562731084f7cb23c0a56e46056340ab664,Daniel Gustafsson,2024-10-23 16:13:28+02:00,Fix incorrect struct reference in comment,2024,41
2724ff381a161eb030a1fcd2a6346679d74db420,Thomas Munro,2024-08-19 22:12:55+12:00,Fix harmless LC_COLLATE[_MASK] confusion.,2024,41
56d23855c864b7384970724f3ad93fb0fc319e51,Heikki Linnakangas,2024-08-19 09:48:25+03:00,Fix garbled process name on backend crash,2024,41
d426718d8d6f42467ab8888d8e7837dcfa452e20,Thomas Munro,2024-08-19 07:59:30+12:00,Fix cpluspluscheck for pg_verifybackup.h.,2024,41
0868d7ae70e57f4eeba43792db92ce2d9fe4340d,Alexander Korotkov,2024-08-10 21:43:14+03:00,Add tests for pg_wal_replay_wait() errors,2024,41
a54d4ed183927f15e1853b83106acebeeeee11c8,Heikki Linnakangas,2024-08-06 22:15:55+03:00,Fix datatypes in comments in instr_time.h,2024,41
8036d73ae3d4014a9dde21b0746dc1ac139d4dc1,Alexander Korotkov,2024-08-04 20:26:48+03:00,pg_wal_replay_wait(): Fix typo in the doc,2024,41
1e666fd7c6d3bff658cdbad02b4e7bb77dde391d,Peter Eisentraut,2024-07-28 09:23:24+02:00,libpq: Use strerror_r instead of strerror,2024,41
20e0e7da9bc0089433c70b2b53ddf6a340ab5df3,Heikki Linnakangas,2024-07-26 15:12:21+03:00,Add test for early backend startup errors,2024,41
629520be5f9da9d0192c7f6c8796bfddb4746760,Fujii Masao,2024-07-09 21:30:18+09:00,Fix comment in libpqrcv_check_conninfo().,2024,41
1029bdec2d641f378eaa59f00a93b136f191f3c7,David Rowley,2024-07-01 12:11:10+12:00,Improve enlargeStringInfo's ERROR message,2024,41
c61c0cb3a99285db36806b592bd8c540c98757e5,Peter Eisentraut,2024-06-20 09:08:36+02:00,meson: Fix import library name in Windows,2024,41
a41106dab72cbcaa02fce8bda8965d04e85f2d3a,Peter Eisentraut,2024-06-13 11:52:35+02:00,Fix documentation of initdb --show option,2024,41
9c58bf1507bee00b8cda837a232401fec21e6873,Daniel Gustafsson,2024-04-19 09:58:00+02:00,Fix incorrect parameter name in prototype,2024,41
705ec0565371033082e7b1c278afcb42aa5a7421,David Rowley,2024-04-08 11:06:31+12:00,Fix incorrect KeeperBlock macro in bump.c,2024,41
33e729c5148c3a697abc552621b34bdc5fd497ed,Dean Rasheed,2024-03-17 10:17:11+00:00,Fix EXPLAIN output for subplans in MERGE.,2024,41
196eeb6b2f7cf5f95293259efe0e5d73e8d0025d,Daniel Gustafsson,2024-03-15 17:02:07+01:00,Fix handling of expecteddir in pg_regress,2024,41
6b41ef03306f50602f68593d562cd73d5e39a9b9,Daniel Gustafsson,2024-03-14 09:23:37+01:00,Fix documentation comment for pg_md5_hash,2024,41
be41a9b0380778a07386208afbf3f41ba7286cf3,Daniel Gustafsson,2024-03-08 22:53:06+01:00,Fix errorhandling for reading from a pipe,2024,41
de7c6fe8347ab726c80ebbfcdb57f4b714d5243d,John Naylor,2024-03-06 15:55:55+07:00,Fix signedness error in 9f225e992 for gcc,2024,41
0cf79a7f6801d3e69de6450d585e385a4064b057,Daniel Gustafsson,2024-03-04 10:52:19+01:00,doc: Fix datatype for postgres_fdw option,2024,41
7f2718532401cfcf5ad2d5d6e7feb15a91b6aa03,Tom Lane,2024-02-19 14:17:11-05:00,Doc: fix typo in SECURITY LABEL synopsis.,2024,41
4c48c0fe561c2b07831c2a296da637401cb953c6,Peter Eisentraut,2024-01-30 09:11:41+01:00,Fix incorrect format placeholders for Oid,2024,41
a9a47fb6d99785d5d272b408d251dca28b0879e3,Amit Kapila,2024-01-29 10:12:58+05:30,Fix comments in ReplicationSlotAcquire().,2024,41
7ec4b9ff80d92fee3c41eb1a069cc32d0ec11da1,David Rowley,2024-12-23 19:41:49+13:00,Fix incorrect source filename references,2024,40
5668a857de4f3f12066b2bbc626b77be4fc95ee5,Richard Guo,2024-12-09 20:36:23+09:00,Fix right-semi-joins in HashJoin rescans,2024,40
5d39becf8ba0080c98fee4b63575552f6800b012,Peter Eisentraut,2024-11-29 11:33:21+01:00,Small indenting fixes in jsonpath_scan.l,2024,40
e468ec0fddcd93e282da6685b75d5687c2a87f2a,Peter Eisentraut,2024-11-15 08:52:43+01:00,Add an assertion in get_object_address(),2024,40
0fa688406595091c4fb6d65f2d409366cc11394e,Nathan Bossart,2024-11-08 16:11:08-06:00,Fix sign-compare warnings in pg_iovec.h.,2024,40
0bada39c83a150079567a6e97b1a25a198f30ea3,Noah Misch,2024-11-02 09:04:56-07:00,Fix inplace update buffer self-deadlock.,2024,40
c3b80a7e98456904a2bf8f06a0cbf10f8dae1e83,Nathan Bossart,2024-10-07 17:17:39-05:00,Fix test for password hash length limit.,2024,40
31a98934d1699007b50aefaedd68ab4d6b42e3b4,Daniel Gustafsson,2024-09-03 11:33:38+02:00,Fix typos in code comments and test data,2024,40
7cac6307a43c1fcbd050724d3995a489da62e852,Dean Rasheed,2024-08-26 11:00:20+01:00,Fix compiler warning in mul_var_short().,2024,40
5ff9b6b4d981a59236a89d33dea8bc253257ce2a,Nathan Bossart,2024-08-20 13:43:20-05:00,Fix a couple of wait event descriptions.,2024,40
7e187a7386cc922c8f770c0460bfc43f4806bd15,Richard Guo,2024-07-22 11:29:21+09:00,Fix unstable test in select_parallel.sql,2024,40
3497c87b05a6ba31e8d760591900d550b2ef98bc,Alvaro Herrera,2024-07-01 13:58:22+02:00,Fix copy-paste mistake in PQcancelCreate,2024,40
18404ea60141a2e2eaf58a5ebbd2b99f7a0cd442,Masahiko Sawada,2024-06-12 09:56:13+09:00,Fix segmentation fault in test_tidstore.,2024,40
8461424fd717877ead0706984ef9b6440b2a97ad,David Rowley,2024-04-10 11:53:32+12:00,Fixup various StringInfo function usages,2024,40
e444ebcb85c0b55b1ccf7bcb785ad2708090a2a2,John Naylor,2024-03-07 14:26:52+07:00,Fix incorrect format specifier for int64,2024,40
9321d2fdf808e93095c4f86565dc8c8178675841,Peter Eisentraut,2024-11-15 14:55:54+01:00,Fix collation handling for foreign keys,2024,39
41b98ddb77bf49433f174f03383533dd09bdefec,Nathan Bossart,2024-11-07 15:27:32-06:00,Fix __attribute__((target(...))) usage.,2024,39
6159331acfbe2d08361947324e09e446138c7bc1,Tom Lane,2024-07-17 15:17:52-04:00,Doc: fix minor syntax error in example.,2024,39
43cd30bcd1cd4f03bce207938f69a9dc190f1c48,Andres Freund,2024-07-15 09:26:01-07:00,Fix type confusion in guc_var_compare(),2024,39
6c1af5482e6943a5f29b7f4ca773c720ec8202b0,Alexander Korotkov,2024-07-04 02:05:27+03:00,Fix typo in GetRunningTransactionData(),2024,39
db0c96cc18aec417101e37e59fcc53d4bf647915,Noah Misch,2024-06-28 11:17:50-07:00,Fix .gitignore for new injection suite.,2024,39
8111e80c5d39451c0cbff91d5a6b69fd87c3928c,Nathan Bossart,2024-06-05 15:32:47-05:00,Fix documentation for POSIX semaphores.,2024,39
d82ab9fc31aa62d94c26d7df98e65c6ceaadb01f,Bruce Momjian,2024-05-09 11:43:03-04:00,doc PG 17 relnotes:  Fixes from jian he,2024,39
a27ccc235d5fd313d79ee16d45ba9bf0b0d80f5f,Daniel Gustafsson,2024-05-02 10:38:28+02:00,doc: Fix incorrectly spelled structname,2024,39
677a45c4ae165f86b4a7b8562795f19f1ed480cf,Amit Kapila,2024-03-27 14:15:03+05:30,Fix random failure in 004_subscription.,2024,39
32dd2c1eff540e454d50a1d59d2d90ab6e70e0b6,Jeff Davis,2024-03-12 15:24:03-07:00,Fix version check in 002_pg_upgrade.pl.,2024,39
59825d16399699e2f99016b9add46cb2d4916f82,Jeff Davis,2024-03-04 19:42:16-08:00,Fix buildfarm failures from 2af07e2f74.,2024,39
bd8fc1677b88ed80e4e00e0e46401ec537952482,Amit Kapila,2024-02-14 16:16:08+05:30,Fix BF introduced in commit ddd5f4f54a.,2024,39
ae6bc39317f59dff5eb549e77d3f7e330e9ba075,Tom Lane,2024-01-02 14:57:21-05:00,Minor fixes for search path cache code.,2024,39
215f7af27d622162a1e33883f71697af374b98cf,Masahiko Sawada,2024-11-04 10:21:59-08:00,Fix typo in comment of gistdoinsert().,2024,38
d7fe02fb9e6eee16b61874bc8964b0e2d4c5b2ad,Peter Eisentraut,2024-08-29 08:22:28+02:00,Fixup for prefetching support on macOS,2024,38
a8395677840c37f6988d7d6420d551d0b744e6bd,Jeff Davis,2024-08-21 09:19:21-07:00,Fix obsolete comments in varstr_cmp().,2024,38
151da217a37d793020f8daeea45c142571c0fbe4,Bruce Momjian,2024-08-16 21:12:18-04:00,C comment:  fix for commit b5a9b18cd0b,2024,38
93660d1c27b1b85e84621326c0e2c89e00c3fc6f,Peter Eisentraut,2024-08-13 10:01:49+02:00,Use errmsg_internal for debug messages,2024,38
19de089cdc23373e2f36916017a1e23e8ff4c2f8,Heikki Linnakangas,2024-07-29 14:23:23+03:00,Fix outdated comment in smgrtruncate(),2024,38
e89f4c66182e409b6643b1e8426371011dc25217,Alvaro Herrera,2024-05-13 10:32:33+02:00,Fix test case to do what it intends to,2024,38
d6a6957d53e3de9982b076b6ddd703be3d0ae30a,David Rowley,2024-03-28 00:13:48+13:00,Fix unstable aggregate regression test,2024,38
1f42337be535243e665f85916ce21b2d85d9f2b3,Nathan Bossart,2024-03-26 20:27:46-05:00,Fix compiler warning for pg_lfind32().,2024,38
4edb37e322a64b1c9edd7f0da6fa7cda4541a67c,Masahiko Sawada,2024-03-26 13:06:06+09:00,Fix a calculation in TidStoreCreate().,2024,38
bf82f43790a675dd1b9522a7799357e61e7aa635,Alexander Korotkov,2024-02-16 03:36:38+02:00,Followup fixes for transaction_timeout,2024,38
cdd863480c27b406ac14e94f1fe122b98ea562b4,Michael Paquier,2024-01-23 10:45:00+09:00,Fix ERROR message in injection_point.c,2024,38
793ecff7df80c5ffe598e431a6c2aca1d4c64eff,Michael Paquier,2024-01-04 08:47:34+09:00,"doc: fix typo ""vertexes"" -> ""vertices""",2024,38
e62e73f3a2f2af765a3c69486ed78a5bc451367e,Robert Haas,2024-01-02 12:24:28-05:00,"gist: fix typo ""split(t)ed"" -> ""split""",2024,38
62b7a9a7784eb8b3871368726fc3b8df17d87f32,Álvaro Herrera,2024-12-14 12:55:00+01:00,Refactor some SQL/JSON error messages,2024,37
a9ed7d944965865e5c6b44e58602f621cd185856,Jeff Davis,2024-10-07 17:51:14-07:00,Fix search_path cache initialization.,2024,37
a7e5237f268ea378c514635d65a55aa47621958a,Tomas Vondra,2024-09-23 11:37:12+02:00,Fix asserts in fast-path locking code,2024,37
161c73462bf2b9845371d785eac21e32f8fdcae0,Daniel Gustafsson,2024-07-26 16:25:28+02:00,Fix macro placement in pg_config.h.in,2024,37
63909da9783a4736b01911fe3ee829651ff3c7d8,Amit Kapila,2024-07-12 10:20:59+05:30,Fix a typo in logicalrep_write_typ().,2024,37
3a8a1f3254b2e3e981a91cb021ea0e9fdb5c3b9c,Amit Langote,2024-07-04 16:05:35+09:00,SQL/JSON: Fix some obsolete comments.,2024,37
4331a11c62eca7426ad4472be051fe512a04fc80,David Rowley,2024-07-04 09:44:34+12:00,Remove incorrect Asserts in buffile.c,2024,37
21ac38f498b33f0231842238b83847ec63dfe07b,Alvaro Herrera,2024-05-09 13:31:22+02:00,Fix inconsistencies in error messages,2024,37
b4fad46b6bc8a9bf46ff689bcb1bd4edf8f267af,Amit Langote,2024-04-18 14:45:48+09:00,SQL/JSON: Improve some error messages,2024,37
75a47b6a0dc4a235307e1acd1a6b3845cb881e55,Daniel Gustafsson,2024-04-08 00:24:20+02:00,Change debug printing to log filename,2024,37
8c4f2d5475b9f0411baf38590c054ba1fb566780,Peter Eisentraut,2024-03-26 08:22:46+01:00,Message fixes for pg_createsubscriber,2024,37
3ff01b2b6e7e8627b191a2c8c2690c8ea2f0820d,Nathan Bossart,2024-03-25 11:08:53-05:00,Adjust pgbench option for debug mode.,2024,37
c20d90a41ca869f9c6dd4058ad1c7f5c9ee9d912,Alexander Korotkov,2024-03-14 13:38:44+02:00,Fix contrib/pg_visibility/meson.build,2024,37
fe093994db4dc5dcc239f8839b094c0b75de00cf,Alexander Korotkov,2024-01-15 17:45:16+02:00,Fix 'negative bitmapset member' error,2024,37
eb53ff5517e50018539747d75a02d493abc2d232,David Rowley,2024-12-29 23:57:43+13:00,Fix overly large values/nulls arrays,2024,36
73a392d236965f14b84c0d09f011bda2cba6f8ca,Daniel Gustafsson,2024-12-09 20:58:23+01:00,Fix small memory leaks in GUC checks,2024,36
57a36e890d3d60e6408bf6805e91c82f7b370873,Michael Paquier,2024-10-21 11:25:29+09:00,Fix grammar of a comment in bufmgr.c,2024,36
4af123ad45bd5e91221983da1152033e6153498c,Peter Eisentraut,2024-09-05 15:19:00+02:00,Fix misleading error message context,2024,36
c0ef1234dfb68bb0b5c926c0eafd82881ad78374,Jeff Davis,2024-07-28 13:34:52-07:00,Fix whitespace in commit 005c6b833f.,2024,36
92aff003d7f20810d7c8fbe13cbe5fb041cc6242,Tatsuo Ishii,2024-06-16 16:21:46+09:00,doc: fix typo in create role manual.,2024,36
3470391e169ed46fa646ea39ade4b9b6898adb17,Amit Kapila,2024-06-11 09:39:52+05:30,Doc: Fix ambuiguity in column lists.,2024,36
d13ff82319ccaacb04d77b77a010ea7a1717564f,Amit Kapila,2024-02-22 18:26:40+05:30,Fix BF failure in commit 93db6cbda0.,2024,36
5fce30e77fe133e1404167c13caaf7e0d1369295,Alexander Korotkov,2024-02-12 00:52:25+02:00,Fix some typos in event trigger docs,2024,36
d7a2b5bd8718a6207fb364318d7f7cccdf6219c3,Peter Eisentraut,2024-11-07 11:13:06+01:00,Clarify a foreign key error message,2024,35
c0490b0ef773d8694d1a9bfbf4116a102c07458d,Peter Geoghegan,2024-10-16 17:38:38-04:00,nbtree: fix read page recheck typo.,2024,35
b360d1762b55c3ff36e8b14c6a2286e5d4f61974,Jeff Davis,2024-10-16 12:13:40-07:00,Fix #include order from e839c8ecc9.,2024,35
82b07eba9e8b863cc05adb7e53a86ff02b51d888,Peter Eisentraut,2024-09-04 14:45:31+02:00,Remove a couple of strerror() calls,2024,35
0dcea330babd46402f6ca3ea3a552829c99bbe5e,Amit Kapila,2024-07-31 08:53:55+05:30,Fix random failure in 021_twophase.,2024,35
a8458f508a7a441242e148f008293128676df003,Thomas Munro,2024-07-13 14:59:46+12:00,Fix lost Windows socket EOF events.,2024,35
1f1d73a8b83fb6de929af36eb9d3cd590875daf5,John Naylor,2024-03-07 17:01:07+07:00,Blind attempt to fix ODR violations,2024,35
9ecbf54075a91ed155cc779fcc1870de0fff5fef,Jeff Davis,2024-02-16 10:35:42-08:00,Add assert to WALReadFromBuffers().,2024,35
b527ebc1d37aa82b771dc9c76111bed1bce35a05,Daniel Gustafsson,2024-01-30 11:15:46+01:00,pgcrypto: Fix check for buffer size,2024,35
6eb6086faa3842c2a38a1ee2f97bf9a42ce27610,Peter Eisentraut,2024-01-23 16:33:26+01:00,Fix makefiles for newly added files,2024,35
71cb352904c1833fe067d6f191269710fe2ca06f,Thomas Munro,2024-12-05 14:31:39+13:00,Fix header inclusion order in c.h.,2024,34
33152358453cc46f986483e9f82418fb8ba8eaef,Dean Rasheed,2024-12-02 11:34:26+00:00,Fix #include order in timestamp.c.,2024,34
7300ff1bd8fa64c0feab1d490b709d553e9a438e,Álvaro Herrera,2024-11-21 16:54:36+01:00,Fix outdated bit in README.tuplock,2024,34
35a015a60045c2daa532c7a9545818856f09d57a,Jeff Davis,2024-10-13 13:44:23-07:00,Fixup for pg_set_relation_stats().,2024,34
682512dca870f46cf2c0b9e227702dffc5de5ef0,Daniel Gustafsson,2024-10-11 10:04:23+02:00,Fix typo in connection limits test,2024,34
5d6187d2a28326b3414c394ec4c28c51bb513c44,Nathan Bossart,2024-10-07 13:51:03-05:00,Fix Y2038 issues with MyStartTime.,2024,34
09a8407dbfd848301cd2c9801c3b4d75adc6cabc,Peter Geoghegan,2024-08-26 11:29:15-04:00,Fix nbtree lookahead overflow bug.,2024,34
22b0ccd65d275d227a7d911aede12d34e1b5dfc9,Nathan Bossart,2024-07-19 11:52:32-05:00,Add overflow checks to money type.,2024,34
53785d2a2aaa7899eb82fb4eba9af6da83680c8d,Michael Paquier,2024-05-24 13:40:36+09:00,Fix comment in 024_add_drop_pub.pl,2024,34
78e4841c1bbc4ed4cbd3ae7eb8aac5672190d985,Bruce Momjian,2024-05-14 20:42:55-04:00,doc PG 17 relnotes:  wording fixes,2024,34
45ea5b0a2732849ef8bfb695808943d0d940abeb,Bruce Momjian,2024-05-09 11:19:56-04:00,doc PG 17 relnotes:  various fixes,2024,34
aa1def44c301ce7fae9ae33f0a95bc01efa297a3,Peter Geoghegan,2024-04-16 11:14:36-04:00,Fix nbtree page recycling comment.,2024,34
6d4f062714953ed0ec865ff96d5af122b8c3e77f,Tom Lane,2024-04-11 11:09:00-04:00,Doc: fix bogus to_date() examples.,2024,34
e85662df44ff47acdf5d2d413339445d60a9c30c,Alexander Korotkov,2024-03-14 13:12:05+02:00,Fix false reports in pg_visibility,2024,34
5ba8b70debb119813f241069bf359c00e4a784f0,Jeff Davis,2024-03-09 11:50:04-08:00,Fix cross-version pg_upgrade test.,2024,34
86232a49a4373013056e8d38118339b8e7675ea0,Peter Eisentraut,2024-01-25 07:25:10+01:00,Fix comment on gist_stratnum_btree,2024,34
448a3331d9ab3094183cea59f601b6f2f7f7c48a,Alexander Korotkov,2024-01-19 18:17:13+02:00,Fix name collision in c64086b79dba,2024,34
d5a7bd5670c4a59bea506f5999101a8e40ef256c,Heikki Linnakangas,2024-12-20 19:36:33+02:00,Fix variable reference in comment,2024,33
67846550dc6d7d90db4d98cdd8a8440725ef5c65,Peter Eisentraut,2024-10-16 08:28:12+02:00,doc: Fix initdb option xreflabels,2024,33
8410f738ad2fd94fc068ce0189e1ae04ef3c12e3,Fujii Masao,2024-09-27 10:20:22+09:00,Fix typo in pg_walsummary/nls.mk.,2024,33
dc26ff2f228174efed9bf285ee8f8065ea295799,Peter Eisentraut,2024-08-27 16:15:28+02:00,Fix misplaced translator comments,2024,33
e882bcae032d5e89777e2a1f3d78dfb77c17c192,Peter Eisentraut,2024-08-16 06:41:17+02:00,libpq: Fix minor TOCTOU violation,2024,33
2ef575c7803a55101352c0f6cb8f745af063a66c,Alvaro Herrera,2024-07-04 13:57:47+02:00,Fix copy/paste mistake in comment,2024,33
da32f5c4bca7f3447b869de2afbbfa0b74443d45,Peter Eisentraut,2024-05-23 09:22:28+02:00,jsonapi: Some message style fixes,2024,33
27074bce08e994daf6b8fe9a84877ac257210fdd,Peter Eisentraut,2024-04-09 14:33:06+02:00,Fix incorrect format placeholders,2024,33
9301308bd196f614696e0e9492cf0c52f7857f83,Daniel Gustafsson,2024-04-03 09:44:47+02:00,Fix indentation from cafe1056558f,2024,33
7a65cc079e717c5d87f1920929affe7138c31eee,Alexander Korotkov,2024-03-15 14:38:22+02:00,Fix wordings in timeouts TAP test,2024,33
6612185883c6a43979693358423ee647421ff621,Peter Eisentraut,2024-03-13 06:40:32+01:00,Fix incorrect format placeholders,2024,33
0293f8579c4d2e9219faa06e5cb8c8d31cf06fbc,Daniel Gustafsson,2024-02-01 09:36:34+01:00,doc: Fix incorrect openssl option,2024,33
9e2d8701194fa1d280b73c024759950c74c1c637,Alexander Korotkov,2024-01-16 23:08:53+02:00,Add new COPY option SAVE_ERROR_TO,2024,33
d74b590983d18b7c5bdc1679ce85b1600871d874,Michael Paquier,2024-11-13 13:58:09+09:00,Fix comment in injection_point.c,2024,32
c4252c9ef0afea48a59402901c16fc970d838721,Tom Lane,2024-11-11 13:57:21-05:00,Fix cross-version upgrade tests.,2024,32
846cfe0dcc0281fd9064798ac3539e20379b9b91,Peter Geoghegan,2024-11-04 12:43:54-05:00,Fix obsolete _bt_first comments.,2024,32
f5a1311fccd2ed24a9fb42aa47a17d1df7126039,Peter Eisentraut,2024-08-10 08:22:31+02:00,Fix inappropriate uses of atol(),2024,32
b1ffe3ff0b7ed87b34ae0fc6eba71bf032e41b59,Heikki Linnakangas,2024-06-26 23:02:06+03:00,Fix bugs in MultiXact truncation,2024,32
16a3415440ecf2f5cd02848fc05cbfe040ce14c2,Peter Eisentraut,2024-06-20 11:17:21+02:00,Fix redundancy in error messages,2024,32
ae482a7ec521e09bb0dbfc261da6e6170a5ac29f,Michael Paquier,2024-06-18 12:51:36+09:00,Fix typo in 029_stats_restart.pl,2024,32
2b065fc549ed60249f211a7f37f383ff621973ea,Bruce Momjian,2024-05-14 20:48:11-04:00,doc PG 17 relnotes:  wording fix,2024,32
6d716adf8569b734eb8849094e9b3edab084c7f8,Peter Eisentraut,2024-05-08 08:37:46+02:00,Fix incorrect format placeholder,2024,32
f6987041557f2b2b96f116c1f3150f9ed9a77c89,Peter Geoghegan,2024-04-16 11:20:41-04:00,Fix nbtree posting list comment.,2024,32
9895b35cb88edc30b836661dbc26d7665716b5a0,Peter Eisentraut,2024-04-15 08:34:45+02:00,Fix ALTER DOMAIN NOT NULL syntax,2024,32
2f6e78b0619a0ee2ca170e0073659581847ee73d,Amit Langote,2024-04-04 20:53:23+09:00,Fix typo introduced in 6185c9737,2024,32
17a3f79f812cf196063c4146d64c6479e974a5c5,Michael Paquier,2024-02-27 08:19:39+09:00,Fix comment thinko in sequence.c,2024,32
025f0a6f9113efe89bb65b9efe0cb96a5d7c7ad1,Peter Eisentraut,2024-02-26 07:16:31+01:00,Fix incorrect format placeholder,2024,32
e612384fc78d35c3d3a8b3d27cef5181dca8430b,Peter Eisentraut,2024-02-23 14:43:44+01:00,Fix mistake in SQL features list,2024,32
35bc310c04a477376778f437a56f0fcfb504c9c3,Peter Eisentraut,2024-01-11 21:49:00+01:00,Fix incorrect format placeholder,2024,32
da94e871e8877d1f1054277b24b604bf1c0036a6,Álvaro Herrera,2024-11-21 10:54:30+01:00,Unify repetitive error messages,2024,31
4b8791743e0e2c7134ac915ad2aa01ecf6b6571e,Peter Eisentraut,2024-06-07 08:02:15+02:00,doc: Fix copy-and-paste mistake,2024,31
f04d1c1db01199f02b0914a7ca2962c531935717,Michael Paquier,2024-06-04 07:15:10+09:00,Improve assertion in mdwritev(),2024,31
4013a5ada25241ead6a3265d6edf9aadb654dc00,Daniel Gustafsson,2024-05-27 19:37:17+02:00,Fix check for memory allocation,2024,31
95d14b7ae26db5ed85d9945e29121bb0e9b59863,Tomas Vondra,2024-04-19 15:43:17+02:00,Fix a couple typos in BRIN code,2024,31
0ea51bac3802dca9dcf5cbaaf7a19a1c1ae4781a,John Naylor,2024-04-08 10:40:20+07:00,Fix alignment of stack variable,2024,31
a9d6c3868451a494641b498a15f9ee1c151949a7,Peter Eisentraut,2024-04-04 12:58:57+02:00,pg_upgrade: Fix typo in message,2024,31
0393f542d72c6182271c392d9a83d0fc775113c7,Heikki Linnakangas,2024-07-29 18:17:33+03:00,Fix double-release of spinlock,2024,30
8ba34c698d19450ccae9a5aea59a6d0bc8b75c0e,Jeff Davis,2024-06-06 16:40:03-07:00,Collation documentation fixes.,2024,30
64e401b62b1559d617db5c1e1070d7a05e794c27,Daniel Gustafsson,2024-03-25 14:18:33+01:00,Fix indentation from a11f330b5,2024,30
25799850867292efecf34da73db4ea1ad1aad573,John Naylor,2024-02-08 10:07:26+07:00,Fix warnings in cpluspluscheck,2024,30
402388946fb3ac54f0fd5944d7e177ef7737eab2,Alvaro Herrera,2024-01-31 23:11:53+01:00,Fix copy&paste typo in comment,2024,30
9d1a5354f58cf61d9be6733d5ad0b36936af5af3,David Rowley,2024-02-01 09:48:26+13:00,Fix costing bug in MergeAppend,2024,30
c7e5e994b2eb07cd0f3d5f0bb320e981bf1aae6e,David Rowley,2024-01-17 09:30:21+13:00,Fix REALLOCATE_BITMAPSETS code,2024,30
278972f5933679e06e7d71d2060c1867f5aa4ebe,Michael Paquier,2024-01-12 13:40:58+09:00,Fix pg_walsummary's .gitignore,2024,30
9d9ece4c16dbbaf3b9d60c2fe201b8e99a407be3,Tom Lane,2024-04-29 20:23:26-04:00,Fix test case from b0c5b215d.,2024,29
950d4a2cb1d5f427dbccf70dbad510479cc4d8e6,Daniel Gustafsson,2024-04-18 21:28:07+02:00,Fix typos and duplicate words,2024,29
9c40db3b02a41e978ebeb2c61930498a36812bbf,Amit Kapila,2024-03-14 12:12:55+05:30,Fix typos in reorderbuffer.c.,2024,29
b3f6b14cf48ffa81084072f1fdeee2fe9df20746,Amit Kapila,2024-02-29 09:45:20+05:30,Fixups for commit 93db6cbda0.,2024,29
d596736a499858de800cabb241c0107c978f1b95,Tatsuo Ishii,2024-01-09 19:43:19+09:00,Doc: fix character_sets view.,2024,29
e15e56713702c45402d2728f3d7d68df96b2fbbe,Richard Guo,2024-11-26 11:12:57+09:00,Fix test case from a8ccf4e93,2024,28
0a3f9838218f6f7ff825bb0af00177681fef83ce,Jeff Davis,2024-10-23 10:28:31-07:00,Another documentation fixup.,2024,28
52475b4d30984e377542f964951bea57b0b26e92,Tom Lane,2024-10-19 11:44:14-04:00,Fix comment about pg_authid.,2024,28
1bbf1e2f1a077905037272cd4767e952f34c02b3,Nathan Bossart,2024-09-16 16:33:50-05:00,Fix redefinition of typedef.,2024,28
832dc19ea681a54c153228a96112bea68dbff022,Nathan Bossart,2024-06-19 16:12:18-05:00,Fix comment in pg_upgrade.h.,2024,28
ac234e6377dd8bccc83f256fce043bf4ecf9d1f7,John Naylor,2024-03-07 14:11:49+07:00,Fix redefinition of typedefs,2024,28
ed1e0a65127a61f7c9497aac6016324f250bc0e9,Peter Eisentraut,2024-01-18 09:35:12+01:00,Error message capitalisation,2024,28
196799d6765706697ff9417ae85929085774b8f4,Noah Misch,2024-01-08 11:39:56-08:00,Fix missing word in comment.,2024,28
526b54ece3f6b0bc474c0498d94780a38a6648a2,Michael Paquier,2024-06-28 13:30:47+09:00,Fix comments in heaptuple.c,2024,27
cb9663e20dc2ddc904660d12638f6c82af7b420e,Heikki Linnakangas,2024-03-12 15:31:02+02:00,Fix copying SockAddr struct,2024,27
49e7c6f78ed608c5d5454080ae19c0e7f1b09a04,Michael Paquier,2024-02-09 11:05:01+09:00,Fix indentation of copyto.c,2024,27
8212625e53f28ce2fb9f779f9fa5c003dba904d4,Tom Lane,2024-07-05 17:32:55-04:00,"Fix placement of ""static"".",2024,26
a42fc1c903b54ba94374e5e0c08905b9a1479f19,David Rowley,2024-05-04 02:33:25+12:00,Fix an assortment of typos,2024,26
d1cf5319e9ae16435e5ca416c06c2290bfca000e,Bruce Momjian,2024-03-27 17:58:11-04:00,doc:  fix CREATE ROLE typo,2024,26
342fb8a332007fb64fb1450e28194c36e9da3d6b,Peter Eisentraut,2024-10-17 08:14:45+02:00,Fix unusual include style,2024,25
95b44bb025b5d13c673662af68a218bd1873861f,Peter Eisentraut,2024-06-20 11:10:26+02:00,Unify some error messages,2024,25
f376996bb7fe621ac53279a81d475b214e492018,Peter Eisentraut,2024-06-12 04:48:39+02:00,Fix typo in error message,2024,25
baa82b78dc97459b6d2a5843cc77fcf755809269,Heikki Linnakangas,2024-04-09 08:06:31+03:00,libpq error message fixes,2024,25
4b968e2027ba46b31be0a648486f86a2cadc707d,John Naylor,2024-04-06 12:20:40+07:00,Fix incorrect return type,2024,25
0d3a71d0c8a762247cf558cf41847e599a1f5539,Alvaro Herrera,2024-03-05 12:13:12+01:00,Fix misspelled assertions,2024,25
bcd5b4bcbefc8b99be3678cf9c6c990a0c28f68e,Nathan Bossart,2024-01-23 14:20:14-06:00,Fix crash in autoprewarm.,2024,25
141752bbb0308a40bdbef3ab0a2ba31162813412,Peter Eisentraut,2024-01-02 10:18:47+01:00,Fix typos in simplehash.h,2024,25
d2b4b4c2259e21ceaf05e393769b69728bfbee99,Peter Eisentraut,2024-10-22 08:17:42+02:00,Fix C23 compiler warning,2024,24
77761ee5dddc0518235a51c533893e81e5f375b9,Tom Lane,2024-09-11 11:41:47-04:00,Remove incorrect Assert.,2024,24
d43b8bb6b8f56cda59d14b5040496e266b0d9d25,Amit Kapila,2024-08-21 16:45:36+05:30,Fix typos in 9758174e2e.,2024,24
4a044b9497093f349605fb9912446c5f1bcf228c,Peter Eisentraut,2024-05-03 15:11:41+02:00,Fix expected test output,2024,24
7b8b8dddd68aca184ae12e01d2f12d1d338e8f90,Masahiko Sawada,2024-10-23 15:37:00-07:00,Fix typo in tidstore.h.,2024,23
a2dff271ebe2a0547d46e90dcb02c088cf2f031c,Alvaro Herrera,2024-06-27 19:51:47+02:00,Fix thinkos in comments,2024,23
58445651dbc6182e1ff4100f6428ba6a261407f9,Peter Eisentraut,2024-06-21 08:17:23+02:00,Fix make build on MinGW,2024,23
49b579f92dc6add10d1f03ba2cea6eab597a2f2f,Peter Eisentraut,2024-03-19 10:55:51+01:00,Fix misleading comments,2024,23
7eb9a8201890f3b208fd4c109a5b08bf139b692a,Dean Rasheed,2024-03-17 14:48:39+00:00,Fix PDF doc generation.,2024,23
46778187f5373f6072b58d5e4c298b775333a37c,Alvaro Herrera,2024-01-25 11:17:33+01:00,Fix s_lock_test compile,2024,23
0c01f509a38f5b1f5fab26d98ae55d796541c2e4,Daniel Gustafsson,2024-11-28 15:17:49+01:00,Fix wording in comment,2024,22
b5df24e52044abfa6fe20a568ed8bfcb9761a090,Amit Kapila,2024-08-05 14:38:00+05:30,Fix typo in bufpage.h.,2024,22
e656657f2b93a96b83fd4038ec5120c5ec9845e5,Thomas Munro,2024-06-10 12:32:59+12:00,Fix RBM_ZERO_AND_LOCK.,2024,22
bbbf71d9a68103e00f73dae02fa6de6d60c3b86a,Jeff Davis,2024-03-11 14:09:07-07:00,Fix 002_pg_upgrade.pl.,2024,22
bd5760df38c0032bb94eb73df8a18ef74c4eff57,Michael Paquier,2024-01-26 14:08:04+09:00,Fix comment in index.c,2024,22
58fbbc9d683cc7a79a790fe9f17dd374c56445cc,Alexander Korotkov,2024-01-17 22:59:09+02:00,Fix spelling in notice,2024,22
56b1e88c804b0c7e32f77b4e2bd3cc42ebdfcc3f,Jeff Davis,2024-10-23 10:24:17-07:00,Fix compiler warning.,2024,21
313df8f5adde186b0052d7d634a6d0ae41852de0,David Rowley,2024-08-12 23:41:13+12:00,Fix outdated comments,2024,21
d859fdb36fcdf7cf01fcda0c9ea87865e13ddc1f,Alexander Korotkov,2024-02-08 21:59:28+02:00,Fix gcc >= 10 warning,2024,21
e3aa802e6f843fc8df793d2dccdafecc32fe2cfc,Peter Eisentraut,2024-01-14 07:29:45+01:00,Remove useless Assert,2024,21
07d00692c8da83fe2835900b2294e8966c2be247,Jeff Davis,2024-10-23 09:44:36-07:00,Documentation fixup.,2024,20
dd7ea37c435e10f9c5aa3fb257a05c08814a4ad2,Robert Haas,2024-03-04 14:37:35-05:00,Fix pgindent damage.,2024,20
18dd9d2ed978547ecc4c9195e2f5d3b80cc79bde,Heikki Linnakangas,2024-02-03 00:18:21+02:00,Fix typo in comments,2024,20
8a98822bcc37c03baf44ec39d8e88d9c24647b9d,Peter Eisentraut,2024-10-28 17:44:18+01:00,Fix WAL_DEBUG build,2024,19
2b03cfeea47834913ff769124f4deba88140f662,Robert Haas,2024-08-21 09:58:11-04:00,Fix pgindent damage,2024,19
b8528fe026b18976b5d5b4fcb066a8a55def3375,Daniel Gustafsson,2024-03-25 14:49:17+01:00,Fix typo in comment,2024,19
7175ef870e24763a561821685160c5e35b2e8989,Tatsuo Ishii,2024-10-25 15:06:16+09:00,pgbench: Fix typo.,2024,18
c883453cb29cb40c1e59c3c54d159c5e744da8a9,Robert Haas,2024-07-26 12:00:04-04:00,Fix indentation.,2024,16
e9f29233fd67bd6b6667b61c88aa1f37f61f353a,Heikki Linnakangas,2024-04-09 08:04:20+03:00,Fix typo in docs,2024,16
7229ebe011dff3f418251a4836f6d098923aa1e1,Masahiko Sawada,2024-08-26 16:16:12-07:00,Fix identation.,2024,15
6234a9ce0ef188d73caca1fe0f2ce79d2029009c,Peter Eisentraut,2024-10-17 08:43:08+02:00,Fix whitespace,2024,14
43a9cab4844b9c933f1a24e24a38311ee24deefd,Peter Eisentraut,2024-04-09 11:32:48+02:00,Fix whitespace,2024,14
b199eb89c67d737ced55721590f7fc8ff585e837,Michael Paquier,2024-01-22 13:55:25+09:00,Fix some typos,2024,14
359a3c586d7f2fdcb7d919bcc8822993b47ada1c,Michael Paquier,2024-01-03 14:22:54+09:00,Fix some typos,2024,14
dfbb092cff70ee4d4084b7e4e57228a89ff4f9f8,Peter Eisentraut,2024-12-04 16:44:40+01:00,Fix dead code,2024,13
49ae9fd8b7081c075b74889449b29d47fd80eaf3,Peter Eisentraut,2024-11-30 08:43:46+01:00,doc: Fix typo,2024,13
942219996c632ae9e66c2c4a759e93abc92014ff,Thomas Munro,2024-04-11 14:35:42+12:00,Fix grammar.,2024,12
3d47b75546d1ef70145f58e162a96f7e0c649389,Peter Eisentraut,2024-02-22 08:00:58+01:00,pgindent fix,2024,12
237d01139b8a2ad26036d9025ae8e8e99b53e08c,Robert Haas,2024-01-15 11:50:44-05:00,Fix typos.,2024,10
882887e9b458f533b301c36951c93dfdd37dccfc,Robert Haas,2024-01-12 09:46:46-05:00,Fix typo.,2024,9
c72ca3ddec15b73d9f9dc3e21b8db5d958b0dad7,John Naylor,2024-12-14 09:52:08+07:00,Fix typo,2024,8
41272784b9383910de737937f1987dd00246f728,Peter Eisentraut,2024-11-27 11:20:46+01:00,Fix typo,2024,8
519d710720159046c90c08095e70fdb486d38053,Amit Langote,2024-07-08 22:12:55+09:00,Typo fix,2024,8
11c1984cccad1d41f461d3bb00f9e662332d002b,Alvaro Herrera,2024-05-13 13:13:25+02:00,Fix typo,2024,8
ed345c2728b3ebc160d8335464765679a08031b9,Alvaro Herrera,2024-02-21 11:32:28+01:00,Fix typo,2024,8
dfd8e6c73eeaa8a4d53851ba01e8d7b1c0bef0e3,Masahiko Sawada,2025-02-21 10:27:39-08:00,Fix an issue with index scan using pg_trgm due to char signedness on different architectures.,2025,93
d87d07b7ad3b782cb74566cd771ecdb2823adf6a,Masahiko Sawada,2025-06-16 17:36:01-07:00,Fix re-distributing previously distributed invalidation messages during logical decoding.,2025,89
38506f55fd4ac5ee4fe6b21bc2a380a14e7b2089,Peter Eisentraut,2025-10-30 08:35:18+01:00,formatting.c cleanup: Remove unnecessary extra line breaks in error message literals,2025,84
f4290f20dd4d6f75e01fbb87304c3b8f31d1cfea,Masahiko Sawada,2025-03-18 16:37:02-07:00,Fix assertion failure in parallel vacuum with minimal maintenance_work_mem setting.,2025,83
883a95646a8e67a2d316f230712ed82b8ba58e28,Fujii Masao,2025-10-22 11:27:15+09:00,Fix stalled lag columns in pg_stat_replication when replay LSN stops advancing.,2025,79
12efa48978c6dba5eca1b95758127181783fb217,Fujii Masao,2025-08-03 10:49:03+09:00,Fix assertion failure in pgbench when handling multiple pipeline sync messages.,2025,79
086b9a33aafeeeaa0af0c806410ea6228f2f63f4,Fujii Masao,2025-07-24 11:43:20+09:00,doc: Add missing index entries and fix title formatting in pg_buffercache docs.,2025,79
ff0bcb248e6ef337902cb26266606c1ab4ea4048,Fujii Masao,2025-07-15 18:51:17+09:00,psql: Fix tab-completion after GRANT/REVOKE on LARGE OBJECT and FOREIGN SERVER.,2025,79
f68597ee777d0a177e84cf86b8386ea51c66b52e,Michael Paquier,2025-12-08 10:23:48+09:00,Improve error messages of input functions for pg_dependencies and pg_ndistinct,2025,78
84914e964b447a63c5208ca2ec11ec3abfda0879,Fujii Masao,2025-06-12 23:25:21+09:00,"pg_restore: Fix wrong descriptions of --with-{schema,data,statistics} options.",2025,78
45f50c995fb658bee11bf26b8c6f4983eaa223c0,Fujii Masao,2025-09-18 11:09:15+09:00,pg_restore: Fix security label handling with --no-publications/subscriptions.,2025,77
b54e8dbfe3b17648770a60c1a1bf99479bb766ce,Fujii Masao,2025-09-16 10:35:12+09:00,pg_restore: Fix comment handling with --no-publications / --no-subscriptions.,2025,77
b57d707708181f988fd1fa697976059510fc4f76,Fujii Masao,2025-06-19 09:07:19+09:00,doc: Fix incorrect description of INCLUDING COMMENTS in CREATE FOREIGN TABLE.,2025,77
2dd506b859cfacf8afaae81256ddec8cca0c0d6f,Nathan Bossart,2025-11-26 11:37:21-06:00,"Revert ""Teach DSM registry to ERROR if attaching to an uninitialized entry.""",2025,76
4aa0ac05765edf6b5f0c13e18ac677287ce78206,Fujii Masao,2025-11-14 22:40:39+09:00,pgbench: Fix assertion failure with multiple \syncpipeline in pipeline mode.,2025,76
8e5b92928d2847f556f9fd75edf619935dc87010,Fujii Masao,2025-09-16 16:44:58+09:00,pg_dump: Fix dumping of security labels on subscriptions and event triggers.,2025,76
b8a1bdc458e3e81898a1fe3d26188bc1dcbac965,Tom Lane,2025-08-28 13:49:23-04:00,"Fix ""variable not found in subplan target lists"" in semijoin de-duplication.",2025,76
4c08ecd1618e3c5da664ba24a4aa7052772c4616,Masahiko Sawada,2025-05-27 11:42:36-07:00,Fix assertion when decrementing eager scanning success and failure counters.,2025,76
65f4976189b6cbe9aa93fc5f4b1eb7a2040b6301,Michael Paquier,2025-11-04 13:14:46+09:00,Add assertion check for WAL receiver state during stream-archive transition,2025,75
0839fbe400d7807196d1442f4c781f9234ac2a4c,Noah Misch,2025-12-15 12:19:49-08:00,"Correct comments of ""Fix data loss at inplace update after heap_update()"".",2025,74
706cbed351037fb5e886815506515d1281e62d40,Fujii Masao,2025-04-21 14:53:25+09:00,doc: Fix memory context level in pg_log_backend_memory_contexts() example.,2025,74
991974bb48886201948cd8d3f4ea7bce2c6bda4b,Amit Kapila,2025-01-22 15:27:37+05:30,Fix \dRp+ output when describing publications with a lower server version.,2025,74
615ff828e1cb8eaa2a987d4390c5c9970fc1a3e6,Álvaro Herrera,2025-10-18 18:18:19+02:00,"Fix determination of not-null constraint ""locality"" for inherited columns",2025,73
f4b2a62ae3147ab262eaa21f8be76e569ffd8dfa,Peter Eisentraut,2025-03-25 13:40:24+01:00,Small fixes for Add ALTER TABLE ... ALTER CONSTRAINT ... SET [NO] INHERIT,2025,73
d5221c49a302ee7f3964449cbc730b01ce4e7d40,Peter Eisentraut,2025-01-15 23:11:08+01:00,"Fix cpluspluscheck for ""Change gist stratnum function to use CompareType""",2025,73
17b2d5ec759c0d26b29def7e57f51d0515ddca1f,Michael Paquier,2025-11-04 10:47:38+09:00,Fix unconditional WAL receiver shutdown during stream-archive transition,2025,72
abc2b71383b4c49c2fbda74c281d50f3936551b8,Fujii Masao,2025-10-23 13:24:56+09:00,Add comments explaining overflow entries in the replication lag tracker.,2025,72
1c05fe11abb6a1588b158e3f39b668053e24cdae,Michael Paquier,2025-10-14 08:30:54+09:00,Fix version number calculation for data folder flush in pg_combinebackup,2025,72
3cc689f833b1c9c5b52f1fe07c0e0fd817e23c8b,Michael Paquier,2025-09-30 09:02:09+09:00,injection_points: Add proper locking when reporting fixed-variable stats,2025,72
c9a5860f7a56cc639d6a73519b8b2a00d26d960c,Amit Kapila,2025-08-05 09:34:22+00:00,Throw ERROR when publish_generated_columns is specified without a value.,2025,72
09fcc652fefdb58e9cb729e8a604607d8805140c,Fujii Masao,2025-07-16 08:32:52+09:00,doc: Fix confusing description of streaming option in START_REPLICATION.,2025,72
c754bdd8a2e5ae388d48dc2a219f9f6b65e3ca3a,Fujii Masao,2025-04-04 13:09:06+09:00,Fix logical decoding regression tests to correctly check slot existence.,2025,72
71f17823ba010296da9946bd906bb8bcad6325bc,Michael Paquier,2025-02-20 10:42:20+09:00,Fix FATAL message for invalid recovery timeline at beginning of recovery,2025,72
1772d554b089c4779eaa13ae1487721e3080d119,Peter Eisentraut,2025-01-21 14:39:24+01:00,Fix NO ACTION temporal foreign keys when the referenced endpoints change,2025,72
8b18ed6dfbb8b3e4483801b513fea6b429140569,Noah Misch,2025-11-03 12:57:09-08:00,Doc: cover index CONCURRENTLY causing errors in INSERT ... ON CONFLICT.,2025,71
c819d1017ddb349d92ab323d2631bc1f10bb4e86,Andres Freund,2025-10-09 19:17:13-04:00,bufmgr: Fix valgrind checking for buffers pinned in StrategyGetBuffer(),2025,71
83a56419457ec0eff2eddfed8eb3aba86bede9cc,Tom Lane,2025-09-16 12:17:02-04:00,Provide more-specific error details/hints for function lookup failures.,2025,71
1f2e51e3c7c2042e4cb184b9a9030c1353de298e,Michael Paquier,2025-08-20 15:00:04+09:00,Fix assertion failure with replication slot release in single-user mode,2025,71
1dbe6f76677c26096518998fdc72dab771a98913,Michael Paquier,2025-07-16 11:59:22+09:00,Refactor non-supported compression error message in toast_compression.c,2025,71
9b21f203dd879a6a7eb3b8629f3d8cae0c1381a5,Álvaro Herrera,2025-01-21 14:53:46+01:00,Fix detach of a partition that has a toplevel FK to a partitioned table,2025,71
6cf1647d87e7cd423d71525a8759b75c4e4a47ec,Michael Paquier,2025-01-20 09:29:42+09:00,Fix header check for continuation records where standbys could be stuck,2025,71
8eeb4a0f7c061ece7a8836e738ea8b7764617d3b,Heikki Linnakangas,2025-11-12 20:59:36+02:00,Fix bug where we truncated CLOG that was still needed by LISTEN/NOTIFY,2025,70
2fc31079624e16d6b1a8508958dbf81e8edce057,Michael Paquier,2025-11-05 10:41:50+09:00,Add assertions checking for the startup process in WAL replay routines,2025,70
8bb174295e8920fe202e2fb4c8d271e4546b9e98,Fujii Masao,2025-09-26 21:23:43+09:00,pgbench: Fix assertion failure with retriable errors in pipeline mode.,2025,70
1b1960c8c9e81171efabdd9e3393b4eec1ffc477,Tom Lane,2025-09-02 13:50:56-04:00,Improve error message for duplicate labels when creating an enum type.,2025,70
b136db07c651e5048d44add0a01d5fc01b6fe0dc,David Rowley,2025-04-02 11:56:29+13:00,Fix planner's failure to identify multiple hashable ScalarArrayOpExprs,2025,70
17d8bba6dad12e14a7cafca9ef5eef21e577e9c3,Michael Paquier,2025-03-19 08:52:10+09:00,Fix copy-paste error related to the autovacuum launcher in pgstat_io.c,2025,70
48796a98d5aed68e349118d4e05ac26b76c765b0,Masahiko Sawada,2025-02-24 14:03:04-08:00,Fix assertion when decoding XLOG_PARAMETER_CHANGE on promoted primary.,2025,70
36b8f4974a884a7206df97f37ea62d2adc0b77f0,Michael Paquier,2025-12-27 17:23:30+09:00,Fix pg_stat_get_backend_activity() to use multi-byte truncated result,2025,69
1b92fe7bb9d8b8977bf7e48912b12f97f128ec1d,Dean Rasheed,2025-11-16 22:14:06+00:00,Fix Assert failure in EXPLAIN ANALYZE MERGE with a concurrent update.,2025,69
d5845aa8adb25fda30cb2ad44aa2c5b0a59baa27,Álvaro Herrera,2025-10-28 19:13:32+01:00,Don't error out when dropping constraint if relchecks is already zero,2025,69
3b3fa949009393541e552b8ae42cc2b03be25549,Michael Paquier,2025-08-02 17:08:45+09:00,Fix use-after-free with INSERT ON CONFLICT changes in reorderbuffer.c,2025,69
793928c2d5ac8e60e1e4054fa3b986369777896d,Michael Paquier,2025-07-28 08:15:11+09:00,Fix performance regression with flush of pending fixed-numbered stats,2025,69
1e9b5140c44b447c203c764dcf366472b4bec500,Michael Paquier,2025-07-19 15:03:14+09:00,Check status of nodes after regression test run in 027_stream_regress,2025,69
0836683a8977cac07d8cbdd0462f8a3e7e32565f,Tom Lane,2025-06-30 17:06:39-04:00,Improve error report for PL/pgSQL reserved word used as a field name.,2025,69
d5d85f1881615f8fb9ee9ecfed4d77f550ec1c75,Fujii Masao,2025-04-04 13:32:46+09:00,Fix logical decoding test to correctly check slot removal on standby.,2025,69
44890442398cf3a65230d53167e61905d2b0d348,Tom Lane,2025-03-16 13:45:48-04:00,"contrib/isn: Make weak mode a GUC setting, and fix related functions.",2025,69
9de2cc455eb9c60dda979c32985df967522a8ab2,Tom Lane,2025-02-24 11:16:04-05:00,Fix confusion about data type of pg_class.relpages and relallvisible.,2025,69
d239c1a8e5b6ac467b3479bf3840e3d297a40bef,Andres Freund,2025-01-24 17:00:10-05:00,postmaster: Don't open-code TerminateChildren() in HandleChildCrash(),2025,69
a93e2a1e25a6d5410abb1446637c4d9a4f24e35d,Dean Rasheed,2025-01-12 13:35:12+00:00,Fix JsonExpr deparsing to quote variable names in the PASSING clause.,2025,69
d1b35952da0fa94329b66f8a7768c61a416c6271,Fujii Masao,2025-12-24 23:45:19+09:00,Fix CREATE SUBSCRIPTION failure when the publisher runs on pre-PG19.,2025,68
d03668ea0566b53522cf2628ab7aa630247640a4,Michael Paquier,2025-12-01 15:22:20+09:00,Switch some date/timestamp functions to use the soft error reporting,2025,68
705601c5aeab56aef62dd69ac2b7acf662f08e9c,Fujii Masao,2025-11-13 08:44:33+09:00,Fix incorrect assignment of InvalidXLogRecPtr to a non-LSN variable.,2025,68
040a39ed25bf8480bbd1947a2edeb0167f1e0789,Michael Paquier,2025-11-12 20:24:10+09:00,Fix comments of output routines for pg_ndistinct and pg_dependencies,2025,68
02c171f63fca870d55c4b184a4b7c0cebb06faa1,Michael Paquier,2025-10-16 11:39:45+09:00,"Override log_error_verbosity to ""default"" in test 009_log_temp_files",2025,68
fe8192a95e6c7159d639e341740e32966c9cf385,Tom Lane,2025-10-13 13:01:45-04:00,Fix poor buffering logic in pg_dump's lz4 and zstd compression code.,2025,68
5ec8b01c30e7ea34bb42592ad9d34d4b02ea593d,Tom Lane,2025-04-21 11:34:36-04:00,MemoryContextCreate: assert parent is valid and different from node.,2025,68
b73e6d71a89f92436c71467acda1d47552f568a0,Tom Lane,2025-04-07 13:31:37-04:00,Fix erroneous construction of functions' dependencies on transforms.,2025,68
bd65cb3cd48a7a5ce48b26f8031ad3968efed87e,Masahiko Sawada,2025-03-11 09:56:40-07:00,pg_logicalinspect: Fix possible crash when passing a directory path.,2025,68
eef4a33f62f7300765b5ffa8c966fa2fba50d176,Michael Paquier,2025-01-23 16:03:48+09:00,Add error pattern checks for some TAP tests for non-existing objects,2025,68
2355e51110e7c687c125a5958f12a462931de996,Dean Rasheed,2025-01-14 13:23:24+00:00,"psql: Add leakproof indicator to \df+, \do+, \dAo+, and \dC+ output.",2025,68
1165a933aab1355757a43cfd9193b6cce06f573b,Nathan Bossart,2025-11-12 14:30:11-06:00,Teach DSM registry to ERROR if attaching to an uninitialized entry.,2025,67
797e9ea6e54b06c3e6c79b468dab89fdbf6be179,Heikki Linnakangas,2025-11-12 20:59:44+02:00,Fix remaining race condition with CLOG truncation and LISTEN/NOTIFY,2025,67
f33e60a53a9ca89b5078df49416acae20affe1f5,Fujii Masao,2025-10-22 20:09:43+09:00,Make invalid primary_slot_name follow standard GUC error reporting.,2025,67
12609fbacb007698ec91101b6464436506518346,Etsuro Fujita,2025-10-15 17:15:00+09:00,Fix EvalPlanQual handling of foreign/custom joins in ExecScanFetch.,2025,67
ef5e60a9d352a97791af632e0d26a572bc88e921,Amit Langote,2025-10-09 01:07:59-04:00,Fix internal error from CollateExpr in SQL/JSON DEFAULT expressions,2025,67
293a3286d764df15d834fe5ac3bac4dc513817e7,Michael Paquier,2025-09-22 08:03:23+09:00,Fix meson build with -Duuid=ossp when using version older than 0.60,2025,67
85ccd7e30a6dd378e025a918916f7b1d72004001,Fujii Masao,2025-08-08 14:36:39+09:00,pg_dump: Fix incorrect parsing of object types in pg_dump --filter.,2025,67
80c758a2e1d720a942610f2f889448d69ce2ce95,Tom Lane,2025-08-05 16:51:10-04:00,Fix incorrect return value in brin_minmax_multi_distance_numeric().,2025,67
b5d084c5353f29e2e217dfa86f327e14d02998c1,Fujii Masao,2025-07-25 18:38:36+09:00,Fix background worker not restarting after crash-and-restart cycle.,2025,67
74a3fc36f3141677a94d1f6fbfaee4cb3896a35a,Michael Paquier,2025-07-17 14:08:55+09:00,Split regression tests for TOAST compression methods into two files,2025,67
35a428f30b15a3ab0c9a0cc26ade3b4cc3e47d8e,Michael Paquier,2025-05-29 11:26:03+09:00,pg_stat_statements: Fix parameter number gaps in normalized queries,2025,67
0d9114b7040d7503096e2897f4c856b17d461f6a,Andres Freund,2025-04-25 13:31:13-04:00,aio: Fix crash potential for pg_aios views due to late state update,2025,67
e0f373ee42a40a41bdfc025a1641d351580991c4,Tom Lane,2025-04-22 15:10:50-04:00,"Re-enable SSL connect_fails tests, and fix related race conditions.",2025,67
f4ece891fc2f3f96f0571720a1ae30db8030681b,Noah Misch,2025-04-17 05:00:30-07:00,Assert lack of hazardous buffer locks before possible catalog read.,2025,67
7c872849407730fa01e2c13b2d47483bc3ff6e7e,Tom Lane,2025-04-15 12:08:34-04:00,Fix failure for generated column with a not-null domain constraint.,2025,67
b1720fe63f344adeb8a75b22e8f31b127c814f35,Tom Lane,2025-04-08 19:12:03-04:00,Move contrib/spi testing from core regression tests to contrib/spi.,2025,67
f0d0083f52f994989b1bb6723e7bd0fad9f586cd,Nathan Bossart,2025-04-04 21:05:30-05:00,pg_dump: Fix query for gathering attribute stats on older versions.,2025,67
00066aa1733d84109f7569a7202c3915d8289d3a,Andres Freund,2025-04-01 13:50:39-04:00,md: Add comment & assert to buffer-zeroing path in md[start]readv(),2025,67
dee80024688c32fc259a3cff040b609b837a35ec,Andres Freund,2025-03-29 13:38:35-04:00,Fix mis-attribution of checksum failure stats to the wrong database,2025,67
7fe312f6092f47724a29e30fb2992bd2bc287687,Tom Lane,2025-03-21 11:30:42-04:00,Fix plpgsql's handling of simple expressions in scrollable cursors.,2025,67
5b94e2753439b699b78aacbb53e89bf0e814becc,Michael Paquier,2025-02-12 17:11:43+09:00,Fix some inconsistencies with memory freeing in pg_createsubscriber,2025,67
8edd8c77c88e75822334ccb8376d2c151d6e5615,Andres Freund,2025-01-24 17:00:10-05:00,postmaster: Move code to switch into FatalError state into function,2025,67
bf826ea062979da02395fb2e8961feeef47604da,Tom Lane,2025-01-16 20:40:07-05:00,Fix setrefs.c's failure to do expression processing on prune steps.,2025,67
2a5225b99d7659b4e641f5397ca9e7ad625e6726,Masahiko Sawada,2025-12-30 10:56:30-08:00,Fix a race condition in updating procArray->replication_slot_xmin.,2025,66
6d969ca687b4b2d4387d318c3fbcf3fc606ea55b,Tom Lane,2025-11-17 15:24:34-05:00,Fix pg_crc32c_armv8_choose.c to build with ancient glibc releases.,2025,66
6e1535308c843dc7413a02c83a41f70449c58fb3,Michael Paquier,2025-11-12 10:18:50+09:00,Report better object limits in error messages for injection points,2025,66
89d57c1fb35522590ec1f70b123c853cf5a9acb2,Tom Lane,2025-10-09 15:37:42-04:00,Clean up memory leakage that occurs in context callback functions.,2025,66
7fcb32ad023a434e07b7214c1c762ecd410b6969,Fujii Masao,2025-09-25 00:51:59+09:00,Fix incorrect and inconsistent comments in tableam.h and heapam.c.,2025,66
f727b63e810724c7187f38b2580b2915bdbc3c9c,Tom Lane,2025-08-29 15:43:34-04:00,Provide error context when an error is thrown within WaitOnLock().,2025,66
b63952a7811319a6525a9ea23afa294a900fa895,Nathan Bossart,2025-08-22 11:11:28-05:00,vacuumdb: Fix --missing-stats-only with virtual generated columns.,2025,66
0059bbe1ecaa5f7f19a8b3aae059f352c02e1d88,Tom Lane,2025-07-03 16:17:08-04:00,Break out xxx2yyy_opt_overflow APIs for more datetime conversions.,2025,66
b87163e5f3847730ee5f59718d215c6e63e13bff,Michael Paquier,2025-06-05 09:39:24+09:00,Fix copy-pasto with process count calculation in method_io_uring.c,2025,66
5bbc596391aeaf9042536cc25ce71f1e4fce6db8,Noah Misch,2025-04-09 07:23:39-07:00,Fix test races between syscache-update-pruned.spec and autovacuum.,2025,66
088f8e2d568eaa963fe68a15287002081314fad8,Nathan Bossart,2025-03-07 15:23:09-06:00,Assert that wrapper_handler()'s argument is within expected range.,2025,66
e596e077bbb3b512bbc80610d64dc007a5761ce6,Tom Lane,2025-02-19 16:45:12-05:00,Assert that ExecOpenIndices and ExecCloseIndices are not repeated.,2025,66
b9aa4166fa3823d4f1f76286ca21fcfa991ce036,Tom Lane,2025-01-30 15:36:44-05:00,Avoid integer overflow while testing wal_skip_threshold condition.,2025,66
572c40ba94ef6350c8dd51539ac7d932c1d1a12a,Tom Lane,2025-11-23 15:02:55-05:00,Issue a NOTICE if a created function depends on any temp objects.,2025,65
99780da7209605bf9f226eac3eac30ab2bc9427c,Fujii Masao,2025-11-20 09:14:02+09:00,Add HINT listing valid encodings to encode() and decode() errors.,2025,65
fce13424b9c56abf8693684ab41d8fca864c1e79,Michael Paquier,2025-11-18 14:17:54+09:00,doc: Fix style of description for pg_buffercache_numa.os_page_num,2025,65
a4fd971c6f534aff96a1b3aab61d8a498b6b4ac5,Michael Paquier,2025-11-05 16:48:19+09:00,Fix timing-dependent failure in recovery test 004_timeline_switch,2025,65
2d7b247cb414ccbc052c485fd82a841477a7e1ff,Tatsuo Ishii,2025-10-22 12:06:33+09:00,Fix multi WinGetFuncArgInFrame/Partition calls with IGNORE NULLS.,2025,65
4246a977bad6e76c4276a0d52def8a3dced154bb,Michael Paquier,2025-09-05 13:53:47+09:00,Switch some numeric-related functions to use soft error reporting,2025,65
db01c90b2f024298b08dca8aed6b43a2347dee0e,Tom Lane,2025-08-02 21:59:46-04:00,Silence Valgrind leakage complaints in more-or-less-hackish ways.,2025,65
3c4d7557e03ba1ca988a2d1a2518a4ad93976f86,Fujii Masao,2025-05-29 17:50:32+09:00,Fix assertion failure in pg_prewarm() on objects without storage.,2025,65
691836405f1ecae2368a0f2fdbfee3b2cb53375b,Tom Lane,2025-04-05 15:01:48-04:00,Fix parse_cte.c's failure to examine sub-WITHs in DML statements.,2025,65
b96d3c389755fc5d20f4a5b9ded58b68541b8ba3,Andres Freund,2025-03-30 16:12:04-04:00,pgstat: Allow checksum errors to be reported in critical sections,2025,65
de65c4dade0a36026f3d0745dc8134186dab49cf,Robert Haas,2025-03-26 14:22:45-04:00,Fix oversights in commit 8d5ceb113e3f7ddb627bd40b26438a9d2fa05512,2025,65
4618045bee4a6d3efcb489c319649d8dd9aaa738,Tom Lane,2025-03-13 16:07:55-04:00,Fix ARRAY_SUBLINK and ARRAY[] for int2vector and oidvector input.,2025,65
8b532771a09975f274b35823aa355d8ca90c77db,Michael Paquier,2025-03-08 12:22:41+09:00,Add regression test listing all the possible tuples in pg_stat_io,2025,65
34c3c5ce1c0b2a27de212076c2e5aaa8e82fac31,Tom Lane,2025-03-07 13:24:20-05:00,Include column name in build_attrmap_by_position's error reports.,2025,65
e9443a55265fbf3726f7ba4d961399b7dff3ea9f,Dean Rasheed,2025-12-09 10:49:16+00:00,doc: Fix statement about ON CONFLICT and deferrable constraints.,2025,64
11144915e101eff94556192f5f18f6ac133da43e,Álvaro Herrera,2025-10-31 17:43:15+01:00,pg_createsubscriber: Fix error complaining about the wrong thing,2025,64
16edc1b94fc2db6e6a376471e280b50a418907c2,Álvaro Herrera,2025-10-29 12:35:02+01:00,pg_stat_statements: Fix handling of duplicate constant locations,2025,64
e557c82759a3362d8fb618c798ca99ee90be96c5,Tom Lane,2025-10-23 14:23:26-04:00,Avoid memory leak in validation of a PL/Python trigger function.,2025,64
530cfa8eb50ca5a2151dfc50a6a5999ec8aff148,Nathan Bossart,2025-09-09 14:09:36-05:00,test_slru: Fix LWLock tranche allocation in EXEC_BACKEND builds.,2025,64
0f9d4d7c12dcebe951061763ca23ee3b6477e7ca,Tom Lane,2025-07-25 16:37:29-04:00,Silence leakage complaint about postgres_fdw's InitPgFdwOptions.,2025,64
7195c804bd12f47a9f1b2df9c2e1794bb04c5987,Alexander Korotkov,2025-06-27 11:49:00+03:00,Fix CheckPointReplicationSlots() with max_replication_slots == 0,2025,64
166b4f4560d68e2bcf0f82eb898ac5ee15147b82,Tom Lane,2025-06-08 17:06:39-04:00,pg_restore: fix incompatibility with old directory-format dumps.,2025,64
3d3a81fc24b07f04df81d898f6b4e85c553ef604,Alexander Korotkov,2025-05-18 23:49:50+03:00,Fix tuple_fraction calculation in generate_orderedappend_paths(),2025,64
500b61769fa27e9f00a03c3f544f70da3bf3d679,Andres Freund,2025-04-25 13:31:24-04:00,Fix bug allowing io_combine_limit > io_max_combine_combine limit,2025,64
fa6af9b25e4b449e6e006d9b3434315c0e8e4402,Andres Freund,2025-03-15 22:07:48-04:00,localbuf: Fix dangerous coding pattern in GetLocalVictimBuffer(),2025,64
f4694e0f35b218238cbc87bcf8f8f5c6639bb1d4,Michael Paquier,2025-03-05 10:17:39+09:00,Fix some gaps in pg_stat_io with WAL receiver and WAL summarizer,2025,64
b47c50e5667b489bec3affb55ecdf4e9c306ca2d,Amit Kapila,2025-12-18 05:06:55+00:00,Fix intermittent BF failure in 040_standby_failover_slots_sync.,2025,63
ef5f559b95e2883c32d20d309d316f0572fd84b5,Tom Lane,2025-12-13 16:18:29-05:00,Fix jsonb_object_agg crash after eliminating null-valued pairs.,2025,63
713d9a847e6409a2a722aed90975eef6d75dc701,Michael Paquier,2025-12-02 09:30:23+09:00,Update some timestamp[tz] functions to use soft-error reporting,2025,63
3e83bdd35a5f38511b396a40f060cbc49b62e74d,Tom Lane,2025-11-18 16:16:46-05:00,Fix pg_popcount_aarch64.c to build with ancient glibc releases.,2025,63
d3111cb753e81a64c1a4417ed6de98a90a04432a,Michael Paquier,2025-10-29 09:13:31+09:00,Fix correctness issue with computation of FPI size in WAL stats,2025,63
688dc6299a5bda3221db99fdd957ac9edf11c8a6,Nathan Bossart,2025-10-15 12:47:33-05:00,"Fix lookups in pg_{clear,restore}_{attribute,relation}_stats().",2025,63
39f67d9b554fcd6dfb6c4f02a4af757eecd1fecf,Michael Paquier,2025-09-17 10:15:13+09:00,injection_points: Fix incrementation of variable-numbered stats,2025,63
c044b50d199cf592eba2ac84f48cf0fcb5fb65f8,Noah Misch,2025-09-16 09:40:44-07:00,Fix pg_dump COMMENT dependency for separate domain constraints.,2025,63
0c6d572c11730913c8207462c5231982e6ca16cc,Bruce Momjian,2025-08-30 18:26:08-04:00,add_commit_links.pl:  error out if missing major version number,2025,63
ed0736172170bdae800b28e3555241b82854f09f,Tom Lane,2025-08-14 11:39:19-04:00,Don't leak memory during failure exit from SelectConfigFiles().,2025,63
225ebfe30a1ae9fda74f3d8f98ea6fa511b60624,Michael Paquier,2025-08-06 17:22:03+09:00,Add regression test for short varlenas saved in TOAST relations,2025,63
4fbfdde58e4cd091f88737dffa241b08c23d8829,Tom Lane,2025-08-02 21:59:46-04:00,Avoid leakage of zero-length arrays in partition_bounds_copy().,2025,63
74e121c8dc5184318478dee587cf7d8303ab1357,Tom Lane,2025-07-29 10:35:01-04:00,Split up pgfdw_report_error so that we can mark it pg_noreturn.,2025,63
7d8f5957792421ec3bb9d1b9b6ca25d689d974b7,Tom Lane,2025-07-25 16:30:00-04:00,Create infrastructure to reliably prevent leakage of PGresults.,2025,63
0c2b7174c362d3092eb7eabf0117a8d47c64ce0e,Nathan Bossart,2025-07-02 13:26:33-05:00,Fix cross-version upgrade test breakage from commit fe07100e82.,2025,63
3811ca3600a31f999e4709de4a9c64c789992e14,Masahiko Sawada,2025-07-01 23:25:20-07:00,Fix missing FSM vacuum opportunities on tables without indexes.,2025,63
dc9a2d54fd2571c21c074103cc8ddd93e840b985,Álvaro Herrera,2025-05-11 09:22:12-04:00,relcache: Avoid memory leak on tables with no CHECK constraints,2025,63
1f7878c33cab8b741ecb0d145809cdd3000677be,Michael Paquier,2025-04-23 13:53:29+09:00,Remove assertion based on pending_since in pgstat_report_stat(),2025,63
eaf582806c0d6b19c081c5afecd9ddb7003e6f80,Tom Lane,2025-04-22 13:56:31-04:00,gen_node_support.pl: improve error message for unclosed struct.,2025,63
218ab682751dfe75667456019364187758d4871a,Tom Lane,2025-04-06 16:27:39-04:00,"Doc: fix PDF ""contents ... exceed the available area"" warnings.",2025,63
8076c00592e40e8dbd1fce7a98b20d4bf075e4ba,Heikki Linnakangas,2025-03-11 23:20:34+02:00,Assert that a snapshot is active or registered before it's used,2025,63
f011acdd61fc296ec8822ca4edc18e32b6bd2b56,Peter Eisentraut,2025-03-04 09:18:32+01:00,Fix ALTER TABLE ADD VIRTUAL GENERATED COLUMN when table rewrite,2025,63
6ea0734e41de4f7f39c0df05736c1714aa004b61,Bruce Momjian,2025-02-21 12:15:53-05:00,"doc: remove non-breaking space in SGML files, causes make error",2025,63
8b886a4e34886bf2d1dd4f5e7d95f4ddadc3afa8,Andres Freund,2025-02-19 10:45:48-05:00,tests: BackgroundPsql: Fix potential for lost errors on windows,2025,63
65281391a937293db7fa747be218def0e9794550,Michael Paquier,2025-01-27 13:51:23+09:00,Print out error position for some ALTER TABLE ALTER COLUMN type,2025,63
d673eefd410cd7f5f95e418990146189f44811af,Dean Rasheed,2025-01-12 12:54:32+00:00,Fix XMLTABLE() deparsing to quote namespace names if necessary.,2025,63
795e94c70cf13f60b2cb4010f29a1bca542d2031,Peter Eisentraut,2025-12-11 09:56:57+01:00,Make <assert.h> consistently available in frontend and backend,2025,62
fa44b8b7fbb7eb0f13546aa13976f9919a4ca201,Heikki Linnakangas,2025-12-10 11:43:16+02:00,Fix some near-bugs related to ResourceOwner function arguments,2025,62
cd38b7e77315c729ea1e52ca7b8bb0d7c20d2a3b,Melanie Plageman,2025-11-25 16:41:29-05:00,Assert that cutoffs are provided if freezing will be attempted,2025,62
df53fa1c1ebf9bb3e8c17217f7cc1435107067fb,Fujii Masao,2025-11-12 13:37:58+09:00,doc: Fix incorrect synopsis for ALTER PUBLICATION ... DROP ...,2025,62
0758111f5d35b64dd5ddbc716bd05806b52ea183,Tom Lane,2025-10-23 17:47:10-04:00,Update expected output for contrib/sepgsql's regression tests.,2025,62
6911f80379d48744c70e7ea7731b783c8fec01d2,David Rowley,2025-10-23 13:11:02+13:00,Fix incorrect zero extension of Datum in JIT tuple deform code,2025,62
29b039e9166d5ad70b39375faceec2167343d355,Michael Paquier,2025-10-21 08:05:28+09:00,"Fix POSIX compliance in pgwin32_unsetenv() for ""name"" argument",2025,62
d3ba50db48e66be8804b9edf093b0f921d625425,Magnus Hagander,2025-10-13 15:31:25+02:00,docs: Fix protocol version 3.2 message format of CancelRequest,2025,62
8191e0c16a0373f851a9f5a8112e3aec105b5276,Michael Paquier,2025-09-08 15:52:23+09:00,Fix corruption of pgstats shared hashtable due to OOM failures,2025,62
2242b26ce472db9ac69dc71008c566ea9cd3a5fd,Michael Paquier,2025-08-07 11:02:04+09:00,Fix incorrect Datum conversion in timestamptz_trunc_internal(),2025,62
2ab2d6f970584b7ca60cfdf6569336903aa88db5,Amit Kapila,2025-08-01 07:58:48+00:00,Fix a deadlock during ALTER SUBSCRIPTION ... DROP PUBLICATION.,2025,62
cc321b1d1c55fe208a394b0f8e0e99c5fb91742c,Fujii Masao,2025-07-29 19:43:10+09:00,Add regression test for background worker restart after crash.,2025,62
71c0921b649d7a800eb2d6f93539890eaa14d979,Tom Lane,2025-07-28 16:50:41-04:00,Avoid regression in the size of XML input that we will accept.,2025,62
d5b9b2d40262f57f58322ad49f8928fd4a492adb,Robert Haas,2025-07-28 11:15:47-04:00,"Remove misleading hint for ""unexpected data beyond EOF"" error.",2025,62
daf9bdc47d11822da8a1269bd73fb23258b24f80,Tom Lane,2025-07-17 12:46:57-04:00,Fix PQport to never return NULL unless the connection is NULL.,2025,62
0cb5145a32c1a867a157e18493e24930338f5d6f,Fujii Masao,2025-06-24 14:21:10+09:00,doc: Fix incorrect UUID index entry in function documentation.,2025,62
5b40feab594c3019fd6b09e46f97f5b367050cf9,Jeff Davis,2025-06-06 15:28:51-07:00,Improve CREATE DATABASE error message for invalid libc locale.,2025,62
47d90b741d097f2881b258de3aedcef2876b3f17,Fujii Masao,2025-05-26 12:47:33+09:00,doc: Fix documenation for snapshot export in logical decoding.,2025,62
acad909321a4742a78b83cf7e975e627e786af5c,Andres Freund,2025-05-19 21:07:06-04:00,aio: Fix possible state confusions due to interrupt processing,2025,62
27ee6ede6bc9ee287f321d396c5c777083d40ecd,Michael Paquier,2025-03-26 09:06:36+09:00,Fix two issues with custom_query_jumble in gen_node_support.pl,2025,62
2817525f0d56075e1f3a14c0dc6a180b337d8aed,Heikki Linnakangas,2025-03-23 20:41:16+02:00,"Fix rare assertion failure in standby, if primary is restarted",2025,62
f52345995d3691de7b0a888903b6cfed1497c672,Masahiko Sawada,2025-03-04 11:16:12-08:00,pg_upgrade: Check for the expected error message in TAP tests.,2025,62
91ecb5e0bc7f8373ec9ff7d188bfd0d45f13a333,Fujii Masao,2025-03-04 23:56:49+09:00,Add regression tests for pg_stat_progress_copy.tuples_skipped.,2025,62
773c51dd39ada5f107a3656377a9611ff89132f1,Michael Paquier,2025-02-13 16:30:58+09:00,Fix MakeTransitionCaptureState() to return a consistent result,2025,62
14793f47192b5eb02197cd03afb88559d7514b76,Michael Paquier,2025-01-27 08:00:19+09:00,pg_amcheck: Fix test failure on Windows with non-existing role,2025,62
4f15759bdcddd23e874526a6b2c0ff86e0beb042,Tom Lane,2025-01-23 14:23:04-05:00,Don't ask for bug reports about pthread_is_threaded_np() != 0.,2025,62
0de5f0d869d1e06f172f10adf441e504174cf2fe,Masahiko Sawada,2025-12-24 10:48:27-08:00,Fix regression test failure when wal_level is set to minimal.,2025,61
5e813edb55ed16f3b5540f099319bcca7ca1b816,Fujii Masao,2025-12-24 23:25:00+09:00,Fix version check for retain_dead_tuples subscription option.,2025,61
c5d162435ab7a6d8f992009810dfe869cfdb9dd6,Fujii Masao,2025-12-22 17:56:28+09:00,doc: Fix incorrect reference in pg_overexplain documentation.,2025,61
b65f1ad9b12767dbd45d9588ce8ed2e593dbddbf,Heikki Linnakangas,2025-12-11 15:57:11+02:00,Fix comment on how temp files and subtransactions are handled,2025,61
e0dc4bbfb88546cbbe53cfc7f8e9aca8e256adff,Amit Kapila,2025-10-27 06:48:32+00:00,Fix GUC check_hook validation for synchronized_standby_slots.,2025,61
5c0a20003b4396930a354105ccf47402ca5047d2,David Rowley,2025-10-18 16:07:04+13:00,Fix reset of incorrect hash iterator in GROUPING SETS queries,2025,61
7504d2be9eb45207b48476919e4539d93c389d86,Tom Lane,2025-09-27 14:29:41-04:00,Fix missed copying of groupDistinct in transformPLAssignStmt.,2025,61
e633fa6351bd7e7bc10a5e74168eed4c15992851,Tom Lane,2025-09-16 14:36:51-04:00,Add regression expected-files for older OpenSSL in FIPS mode.,2025,61
c7b0cb367d3c6b007122457ad5deb659fe8cc266,Tom Lane,2025-09-16 10:09:49-04:00,Add regression expected-files for older OpenSSL in FIPS mode.,2025,61
b102c8c4733cf76ff0635dc440ee8dd11487ed95,Tom Lane,2025-08-02 21:59:46-04:00,Silence complaints about leaks in PlanCacheComputeResultDesc.,2025,61
d3917d8f13e725a3ae3be8a1c051e677ac6e3334,Alexander Korotkov,2025-07-19 13:45:51+03:00,Fix infinite wait when reading a partially written WAL record,2025,61
a3df0d43d93789777fd06bb7ffa8cdc1f06d63c3,Michael Paquier,2025-07-01 09:41:42+09:00,Fix typo in system_views.sql's definition of pg_stat_activity,2025,61
0bd762e81f6c73679b4f3072d9d9f359d47e43ab,Fujii Masao,2025-05-21 11:55:14+09:00,Fix incorrect WAL description for PREPARE TRANSACTION record.,2025,61
06450c7b8c70120cebe91e4b6ed3cec9d7051d0a,Michael Paquier,2025-05-21 10:22:12+09:00,Fix regression with location calculation of nested statements,2025,61
bc19f63f80109737e2610c81f65d33fc93246b2e,Tom Lane,2025-04-23 16:04:55-04:00,Avoid possibly-theoretical OOM crash hazard in hash_create().,2025,61
e4b0f86e1fe38147b0bcf6e50862d0899a31201c,Fujii Masao,2025-04-17 09:52:47+09:00,pg_dump: Fix incorrect archive format shown in error message.,2025,61
2fd3e2fa5c908d05ac4d8b6c2c80fd50c506f32e,Tom Lane,2025-03-31 12:16:32-04:00,Fix accidentally-harmless thinko in psqlscan_test_variable().,2025,61
2a943afcff444bade64ad5209f8b248d8d449383,Heikki Linnakangas,2025-03-09 19:47:55+02:00,Fix test name and username used in failed connection attempts,2025,61
21f653cc0024100f8ecc279162631f2b1ba8c46c,Michael Paquier,2025-03-08 13:39:57+09:00,Use stricter ordering in regression test query for pg_stat_io,2025,61
71d1ed6fe129935ce2764c5d34924512ed046f69,Andres Freund,2025-03-07 13:09:16-05:00,tests: Fix race condition in postmaster/002_connection_limits,2025,61
29d75b25b567e5c91b895a6148211399c9c97554,Tom Lane,2025-02-21 13:37:15-05:00,Fix pg_dumpall to cope with dangling OIDs in pg_auth_members.,2025,61
8e0d32a4a1bfbae7f8340679c3586626b5fe3a08,Michael Paquier,2025-12-23 14:32:14+09:00,Fix orphaned origin in shared memory after DROP SUBSCRIPTION,2025,60
167cb26718e3eae4fef470900b4cd1d434f15649,Michael Paquier,2025-12-18 07:33:40+09:00,Fix const correctness in pgstat data serialization callbacks,2025,60
c925ad30b047ec1388247539e86729d584c34b8d,Richard Guo,2025-12-09 16:56:26+09:00,Fix const-simplification for index expressions and predicate,2025,60
2b75c38b707a070922231de667a0bd08ee71b268,Michael Paquier,2025-10-22 09:55:17+09:00,"Add error_on_null(), checking if the input is the null value",2025,60
1f8062dd9668572d66549fc798a7d2057aa34ee1,Tom Lane,2025-10-13 13:17:45-04:00,Fix serious performance problems in LZ4Stream_read_internal.,2025,60
8741e48e5ddaab1148419ad8a4cd00098de57efc,Amit Langote,2025-09-19 11:38:29+09:00,Fix EPQ crash from missing partition pruning state in EState,2025,60
5386bfb9c1f566887d084e4ea2e350e7efd188c1,Dean Rasheed,2025-09-04 11:27:53+01:00,Fix replica identity check for INSERT ON CONFLICT DO UPDATE.,2025,60
6304256e79c70f6446e840023fbf1cbee47fb08e,Michael Paquier,2025-08-14 16:21:50+09:00,Fix compilation warning with SerializeClientConnectionInfo(),2025,60
e1c3654839e464957675344a1e949489d98b103b,Amit Kapila,2025-07-24 09:05:32+00:00,Fix duplicate transaction replay during pg_createsubscriber.,2025,60
88a658a42e1b3e6b1a6d4e8322d731ddc3fe9b97,Fujii Masao,2025-07-14 20:05:10+09:00,amcheck: Improve error message for partitioned index target.,2025,60
e03c95287764158941d317972a332565729b6af2,Tom Lane,2025-07-08 12:50:33-04:00,Fix low-probability memory leak in XMLSERIALIZE(... INDENT).,2025,60
82015fd9bdc0827c33245a0eef620f854d53b720,Fujii Masao,2025-06-25 09:02:31+09:00,doc: Fix type description of io_workers GUC for consistency.,2025,60
232d8caeaaa6ef7e7dfdc1a349ac956690949076,Tom Lane,2025-05-30 13:45:41-04:00,Fix memory leakage in postgres_fdw's DirectModify code path.,2025,60
0064020680c1293ec6ce9fe2588e33d6aebdb015,Peter Eisentraut,2025-05-01 22:23:52+02:00,"doc: Flesh out extension docs for the ""prefix"" make variable",2025,60
2d5350cfbdc6e61124214d68713295bb060bc541,Noah Misch,2025-04-20 08:28:48-07:00,Avoid ERROR at ON COMMIT DELETE ROWS after relhassubclass=f.,2025,60
5dc1e42b4fa6a4434afa7d7cdcf0291351a7b873,Andres Freund,2025-02-10 10:03:37-05:00,Fix handling of invalidly encoded data in escaping functions,2025,60
af8cd1639ab298ba8fae62cd9583f1c10a5068e1,Heikki Linnakangas,2025-01-14 14:28:49+02:00,Fix catcache invalidation of a list entry that's being built,2025,60
34c6e652425fde42c2746f749e31d196fc0d5538,David Rowley,2025-01-11 13:45:54+13:00,Make verify_compact_attribute available in non-assert builds,2025,60
955f5506863dce0a3416e3fae7c3297dbbaa946d,Heikki Linnakangas,2025-12-23 13:37:16+02:00,Fix bug in following update chain when locking a heap tuple,2025,59
f7fbd02d32c46ee1cada6c3faf94414657b7a19a,Jacob Champion,2025-12-15 13:22:04-08:00,libpq: Align oauth_json_set_error() with other NLS patterns,2025,59
8c498479d70f963533d57d8bb1b3a58e00fe0d03,Tom Lane,2025-12-14 11:55:18-05:00,Add a regression test to verify that NLS translation works.,2025,59
47da198934e9a764ad3c60c5e573ab13b4e2d591,Michael Paquier,2025-12-06 14:41:29+09:00,Improve error reporting of recovery test 027_stream_regress,2025,59
6dfce8420e99d8cf41ffb7da698caee57fd73eb7,Tom Lane,2025-12-05 20:10:33-05:00,Fix text substring search for non-deterministic collations.,2025,59
694b4ab33b24dfe1f9cc00fbbd5326f0feadee4a,Michael Paquier,2025-11-18 15:46:43+09:00,pg_buffercache: Fix incorrect result cast for relforknumber,2025,59
39dcfda2d23ac39f14ecf4b83e01eae85d07d9e5,David Rowley,2025-10-26 10:59:50+13:00,Fix incorrect logic for caching ResultRelInfos for triggers,2025,59
9f9a04368f8055c1851f5071add393b380d1cc52,Tom Lane,2025-10-23 12:32:06-04:00,Fix off-by-one Asserts in FreePageBtreeInsertInternal/Leaf.,2025,59
d10866f1fdf1fbf66605b47e8303848b6c7d950b,Nathan Bossart,2025-10-22 16:47:38-05:00,Fix type of infomask parameter in htup_details.h functions.,2025,59
f14ea34d6e563374cd71b4e7b91cf8d2f60aabb3,Tom Lane,2025-09-12 17:43:17-04:00,Fix oversights in pg_event_trigger_dropped_objects() fixes.,2025,59
da9f9f75e5ce27a45878ffa262156d18f0046188,David Rowley,2025-08-30 00:50:50+12:00,Fix possible use after free in expand_partitioned_rtentry(),2025,59
9eb6068fb64c36889102a09c030d1d9f4d832821,Nathan Bossart,2025-08-01 16:52:11-05:00,Allow resetting unknown custom GUCs with reserved prefixes.,2025,59
80aa9848befc13c188d2775a859deaf172fdd3a2,Tom Lane,2025-07-25 16:31:43-04:00,Reap the benefits of not having to avoid leaking PGresults.,2025,59
1b8bbee05d70deae34d0f7484afde03518c07e42,Michael Paquier,2025-07-22 14:00:00+09:00,ecpg: Fix NULL pointer dereference during connection lookup,2025,59
c3e28e9fd936b83dbb6dfb5003b6221d98f8469c,Andrew Dunstan,2025-06-30 09:49:50-04:00,Avoid uninitialized value error in TAP tests' Cluster->psql,2025,59
5ba00e175a4eaefa4dc38ea14c667bbeb13af305,Michael Paquier,2025-06-30 13:56:31+09:00,Align log_line_prefix in CI and TAP tests with pg_regress.c,2025,59
4aad2cb7707dfb239eaaad29a8a7155027d8e8b8,Tom Lane,2025-04-17 16:33:21-04:00,Portability fix: isdigit() must be passed an unsigned char.,2025,59
a6285b150ad308fbba3ca832fccd199ba38fac60,Andres Freund,2025-04-02 07:57:11-04:00,tests: Fix incompatibility of test_aio with *_FORCE_RELEASE,2025,59
b53b88109f94bd81ed0ac580035a936000bc2865,Fujii Masao,2025-04-02 15:13:01+09:00,Improve error message when standby does accept connections.,2025,59
8b6a0e2392b9fc3f9b821da705797bb54c982dc1,Dean Rasheed,2025-03-29 09:58:40+00:00,Fix MERGE with DO NOTHING actions into a partitioned table.,2025,59
ca3067cc573d7c1ed617cfb959ae8507be17f1aa,Andres Freund,2025-03-22 17:30:44-04:00,aio: Change prefix of PgAioResultStatus values to PGAIO_RS_,2025,59
499faf9063a4c5a9985d7ac657b86e8e34e02199,Andres Freund,2025-03-18 14:04:44-04:00,smgr: Make SMgrRelation initialization safer against errors,2025,59
aef6f907f63106437d059e1a0a2b696b067fb0af,Michael Paquier,2025-02-19 09:45:42+09:00,test_escape: Fix handling of short options in getopt_long(),2025,59
ff1975ddd0270703306dee56601b17742d0934b6,Alexander Korotkov,2025-02-05 00:45:49+02:00,pg_controldata: Fix possible errors on corrupted pg_control,2025,59
6c05ef5729c04d47400660cd994305bc44a3c757,Heikki Linnakangas,2025-12-02 21:10:51+02:00,Fix amcheck's handling of incomplete root splits in B-tree,2025,58
246ec4a51c16f27133a293f63aa8bc86ca4fe630,Fujii Masao,2025-11-27 23:29:57+09:00,doc: Fix misleading synopsis for CREATE/ALTER PUBLICATION.,2025,58
bc32a12e0db2df203a9cb2315461578e08568b9c,Álvaro Herrera,2025-11-24 17:17:29+01:00,Fix infer_arbiter_index during concurrent index operations,2025,58
3760d278dc4165d5eef7435fc62d8ebe13b8e793,David Rowley,2025-09-26 11:04:15+12:00,Fix misleading comment in pg_get_statisticsobjdef_string(),2025,58
2c7b4ad24dda86a73d80df063e9a56c3ecb1e4bb,Tom Lane,2025-08-02 21:59:46-04:00,Suppress complaints about leaks in function cache loading.,2025,58
9e9190154ef204a4e814dcc99f763398f7094667,Tom Lane,2025-08-02 21:59:46-04:00,Fix MemoryContextAllocAligned's interaction with Valgrind.,2025,58
49fe1c83ecf3474776ea9d0db47ae5644d29b67b,Peter Eisentraut,2025-06-24 11:31:26+02:00,Fix virtual generated column type checking for ALTER TABLE,2025,58
70d8a91f82f19d270facd25bb6292a949773dfce,Alexander Korotkov,2025-06-23 21:27:42+03:00,Remove excess assert from InvalidatePossiblyObsoleteSlot(),2025,58
c6f7f11d8f4cd28a83c638c3bc3758c1c091657b,Tom Lane,2025-06-01 14:48:35-04:00,Fix edge-case resource leaks in PL/Python error reporting.,2025,58
d46911e584d48ee01d5bf75699a77fbf635c865d,Michael Paquier,2025-05-28 08:58:40+09:00,Fix conversion of SIMILAR TO regexes for character classes,2025,58
837cc73af29cd9c63515a6f2a36f54dd703a3a3f,Tom Lane,2025-04-09 12:28:34-04:00,Fix performance issue in deadlock-parallel isolation test.,2025,58
8ce79483dc47df11159f506cf51bacec9f874055,Andres Freund,2025-04-07 09:45:00-04:00,read_stream: Fix overflow hazard with large shared buffers,2025,58
de48056ec7d237e6a48dce907804ac26c87311ec,Nathan Bossart,2025-04-06 15:11:41-05:00,pg_upgrade: Fix memory leak in check_for_unicode_update().,2025,58
e2809e3a1015697832ee4d37b75ba1cd0caac0f0,John Naylor,2025-03-31 13:17:21+07:00,Inline CRC computation for small fixed-length input on x86,2025,58
9ff68679b50f291d1c38e09748721a9732439508,Tom Lane,2025-02-19 16:35:15-05:00,Fix crash in brininsertcleanup during logical replication.,2025,58
efdadeb2238f5b5f0f32df2f3e7d277d1faf1c4f,Andres Freund,2025-02-14 18:09:19-05:00,Fix PQescapeLiteral()/PQescapeIdentifier() length handling,2025,58
fb056564ec5bc1c18dd670c963c893cdb6de927e,Tom Lane,2025-02-07 13:41:42-05:00,Fix pgbench performance issue induced by commit af35fe501.,2025,58
e0c3d5122e6a4114af3092b7938c9b43d619e62c,Michael Paquier,2025-01-08 13:16:43+09:00,pg_freespacemap: Fix declaration of pg_freespace(regclass),2025,58
2bc7e886fc1baaeee3987a141bff3ac490037d12,Álvaro Herrera,2025-12-01 17:34:13+01:00,Fix ON CONFLICT ON CONSTRAINT during REINDEX CONCURRENTLY,2025,57
ede6acef49673df0a880edae405ca69393bb48d0,Alexander Korotkov,2025-11-15 12:27:42+02:00,Fix WaitLSNWakeup() fast-path check for InvalidXLogRecPtr,2025,57
fdda78e361f136ec2b8de579b366c1e66bba1199,David Rowley,2025-11-05 11:48:09+13:00,Fix possible usage of incorrect UPPERREL_SETOP RelOptInfo,2025,57
02c4bc88302a750a2aed20e6f17885bda872d228,Tom Lane,2025-09-25 17:02:15-04:00,Try to avoid floating-point roundoff error in pg_sleep().,2025,57
b4632883d44eae892e28dafbf674e6ac3dfd824d,David Rowley,2025-08-15 16:33:07+12:00,Add Asserts to validate prevbit values in bms_prev_member,2025,57
fd2ab03fea23ad6183fe694e750c901c6ff38479,Peter Eisentraut,2025-08-08 12:06:06+02:00,Fix incorrect lack of Datum conversion in _int_matchsel(),2025,57
7f6ededa764b287ba593a2bb7fd566df8053213e,Tom Lane,2025-08-02 21:59:46-04:00,Suppress complaints about leaks in TS dictionary loading.,2025,57
dcc9820a3526eb8d89c5da75dad32b8ef4bf8545,Robert Haas,2025-07-28 10:35:05-04:00,Avoid throwing away the error message in syncrep_yyerror.,2025,57
641f20d4c433b66df2928408fb2b44bd165c2329,Michael Paquier,2025-07-25 16:17:13+09:00,Fix assertion failure with latch wait in single-user mode,2025,57
e6dfd068ed453b8690551dac700d57fbf32ba187,Tom Lane,2025-07-23 15:44:29-04:00,Fix build breakage on Solaris-alikes with late-model GCC.,2025,57
4c5159a2d8c01e6f08ce20a51bb2dcaa9c8be526,Alexander Korotkov,2025-07-18 18:40:07+03:00,Fix a typo in the deparseArrayCoerceExpr() header comment,2025,57
5022ff250eeba2367fb4e74fed8ee65bcddb6c99,Dean Rasheed,2025-07-18 09:55:43+01:00,Fix concurrent update trigger issues with MERGE in a CTE.,2025,57
0858f0f96ebb891c8960994f023ed5a17b758a38,Álvaro Herrera,2025-07-16 19:22:53+02:00,Fix dumping of comments on invalid constraints on domains,2025,57
ecc5161a0bd3cba8dda7ece98e0848856b97b7a1,Nathan Bossart,2025-07-16 11:50:34-05:00,psql: Fix note on project naming in output of \copyright.,2025,57
fb6c860bbd1f798dc637c8aa8972570b84f01ad2,Nathan Bossart,2025-07-10 15:52:41-05:00,pg_dump: Fix object-type sort priority for large objects.,2025,57
33b06a20016d8dd8dbdc1f6d6a9d79477c1104c5,David Rowley,2025-06-17 10:49:36+12:00,Fix possible Assert failure in verify_compact_attribute(),2025,57
0e164eb9f43626dc9e31f4bae26eeb3e8422584a,Noah Misch,2025-06-03 11:18:52-07:00,Fix a pg_dump scenario for platforms where SEEK_CUR != 1.,2025,57
6da2ba1d8a031984eb016fed6741bb2ac945f19d,Tom Lane,2025-04-01 16:50:09-04:00,Fix detection and handling of strchrnul() for macOS 15.4.,2025,57
116e851db5b3e51c962cc3468ba3055291cd8697,Andres Freund,2025-03-29 10:48:59-04:00,"Fix ""‘static’ is not at beginning of declaration"" warning",2025,57
8d5ceb113e3f7ddb627bd40b26438a9d2fa05512,Robert Haas,2025-03-26 13:52:21-04:00,pg_overexplain: Additional EXPLAIN options for debugging.,2025,57
682c5be25c28192c56e9d5e2a9ca14673a2fcf4b,Alexander Korotkov,2025-03-16 13:29:15+02:00,reindexdb: Fix the index-level REINDEX with multiple jobs,2025,57
f0b7ab7251390544c5e79d1d9c96da254181fc4f,Andres Freund,2025-01-24 17:00:10-05:00,postmaster: Don't repeatedly transition to crashing state,2025,57
90eae926abbbcedbbea2ad5302722185e8652dca,Álvaro Herrera,2025-12-02 13:51:53+01:00,Fix ON CONFLICT with REINDEX CONCURRENTLY and partitions,2025,56
c32e32f763b4c70cb0a85af9f12ee6badd9c860b,Fujii Masao,2025-11-07 14:54:36+09:00,doc: Fix descriptions of some PGC_POSTMASTER parameters.,2025,56
d1b80a31ed6dc185108af74f363bd6baad98104f,Michael Paquier,2025-10-17 13:06:04+09:00,Fix matching check in recovery test 042_low_level_backup,2025,56
905e932f0922a837bb3e4e482089c7c2e98bea67,Amit Langote,2025-10-16 14:01:44+09:00,Fix EPQ crash from missing partition directory in EState,2025,56
db9405493b489c6a348c97f532753290eea8adbd,Michael Paquier,2025-09-03 12:54:23+09:00,libpq: Fix PQtrace() format for non-printable characters,2025,56
783cbb6d5e8bdf87d321286f210983c177ead967,Michael Paquier,2025-08-13 13:11:19+09:00,postgres_fdw: Fix tests with ANALYZE and remote sampling,2025,56
22424953cded3f83f0382383773eaf36eb1abda9,Dean Rasheed,2025-08-11 09:03:11+01:00,Fix security checks in selectivity estimation functions.,2025,56
9e63f83a7e7f8211581bfe9e9d05b72695261f4f,Etsuro Fujita,2025-08-08 17:35:00+09:00,Fix oversight in FindTriggerIncompatibleWithInheritance.,2025,56
e78d1d6d47dc7f04fb59fddfc38bab73ec8f1e82,Tom Lane,2025-08-02 21:59:46-04:00,Fix assorted pretty-trivial memory leaks in the backend.,2025,56
c5c4fbb4d482b87c2a6c90337f3b657b2d0002ca,Daniel Gustafsson,2025-06-30 10:12:31+02:00,doc: Fix typo in pg_sync_replication_slots documentation,2025,56
d0d1bcb1e8b2e324bc243d69ccfce55b25a79f8c,Bruce Momjian,2025-06-18 16:48:26-04:00,"doc:  fix for commit 09f7d36ba16 in changing ""_"" to ""-"".",2025,56
52a1df85f29b7955e33e5ce69bc8b46ee499dbfd,Michael Paquier,2025-05-26 17:28:37+09:00,Fix race condition in subscription TAP test 021_twophase,2025,56
3ff2a1f0c9e8d016f3288f4da3962eb1f1592cd8,Amit Kapila,2025-04-29 12:52:05+05:30,Fix assertion failure during decoding from synced slots.,2025,56
0e13b13d26e870cb18fe6ecf9f8697ddfcf2c740,Álvaro Herrera,2025-04-28 16:25:06+02:00,Fix pg_dump for inherited validated not-null constraints,2025,56
d47f922246b54f0290811951e0b73a3d6110437c,David Rowley,2025-04-20 22:12:07+12:00,Fix issue with ORDER BY / DISTINCT aggregates and FILTER,2025,56
f840f8ee304cb756638fd82254e3d00150a9b409,Fujii Masao,2025-04-15 23:15:06+09:00,doc: Fix missing whitespace in pg_restore documentation.,2025,56
12eece5fd54c2aa3dbdefb6de7f18566f5c00357,Amit Kapila,2025-04-08 15:35:42+05:30,Fix uninitialized index information access during apply.,2025,56
3191a593d6dea56def460d06adc779f2aca44976,Michael Paquier,2025-04-07 09:51:40+09:00,Fix use-after-free in pgstat_fetch_stat_backend_by_pid(),2025,56
6549a02a51e88960cccb938999a43203e335d0cc,Peter Eisentraut,2025-01-05 11:34:28+01:00,meson: Fix missing name arguments of cc.compiles() calls,2025,56
493eb0da31be4520252e1af723342dc7ead0c3e5,Peter Eisentraut,2025-12-12 10:06:40+01:00,Replace most StaticAssertStmt() with StaticAssertDecl(),2025,55
f231a4e8c7f2ce93203cedea7a02ef3eeb744647,Heikki Linnakangas,2025-12-09 14:05:13+02:00,Fix warning about wrong format specifier for off_t type,2025,55
4d936c3fff1ac8dead2cc240ba3da2ed6337257c,Heikki Linnakangas,2025-12-05 11:32:38+02:00,Fix setting next multixid's offset at offset wraparound,2025,55
1b4699090eaf54d35caf13024957fb5fdefde630,Heikki Linnakangas,2025-11-12 20:59:28+02:00,Escalate ERRORs during async notify processing to FATAL,2025,55
c1777f2d6d43adf9bc65da3e44a3a5ad2cbfa86d,Richard Guo,2025-11-05 18:09:21+09:00,Fix assertion failure in generate_orderedappend_paths(),2025,55
59dec6c0b09f717e4ce78d54f578d56ef93bcc53,Richard Guo,2025-11-05 12:29:31+09:00,Fix comments for ChangeVarNodes() and related functions,2025,55
798b19d27b28e6dec3ae5134d396882d3197dfe8,Tom Lane,2025-10-23 11:47:46-04:00,"Fix resource leaks in PL/Python error reporting, redux.",2025,55
2a2e1b470b9b4e9c7d76bc227db02a2efbb57473,Andres Freund,2025-10-08 14:34:30-04:00,bufmgr: Fix signedness of mask variable in BufferSync(),2025,55
01d793698f5921547a7b5e1e003722c17f552574,Amit Kapila,2025-09-11 09:33:48+00:00,Fix intermittent test failure introduced in 6456c6e2c4.,2025,55
ae453120085f7da8f4082bb912e9668410cdccab,Michael Paquier,2025-09-05 12:59:29+09:00,Change pg_lsn_in_internal() to use soft error reporting,2025,55
87251e114967d668c8f90ed9fb8c8a8834c2d288,Álvaro Herrera,2025-07-03 11:25:39+02:00,Fix bogus grammar for a CREATE CONSTRAINT TRIGGER error,2025,55
112e40b867b3351ecc49b86a4fa07ec182b82e65,Magnus Hagander,2025-06-05 09:54:16+02:00,psql: fix order of join clauses when listing extensions,2025,55
5ee7bd944ee812e988a7dee52613ee1c80c13579,Michael Paquier,2025-04-20 08:15:39+09:00,psql: Fix incorrect status code returned by \getresults,2025,55
e708ffe79df07fe26801869f391f4c227615dd42,Tom Lane,2025-04-12 12:28:02-04:00,Fix GIN's shimTriConsistentFn to not corrupt its input.,2025,55
887160d1beaec607187261ab1a9411040da3d7b5,Amit Langote,2025-04-04 10:45:05+09:00,Add assertion to verify derived clause has constant RHS,2025,55
16a3ae504e2030583851c8f45cbed14b0c546d6e,Tom Lane,2025-03-21 15:55:06-04:00,Revert inappropriate weakening of an Assert in plpgsql.,2025,55
7c99dc587a010a0c40d72a0e435111ca7a371c02,Amit Kapila,2025-03-14 08:57:40+05:30,Fix ALTER SUBSCRIPTION ... SET PUBLICATION ... command.,2025,55
62ec3e1f6786181431210643a2d427b9a98b8af8,Michael Paquier,2025-02-27 09:43:06+09:00,Fix possible double-release of spinlock in procsignal.c,2025,55
665cafe8a4bd23b4f14194b0671d3ef09dc55864,Michael Paquier,2025-02-21 20:37:31+09:00,Fix cross-version upgrades with XMLSERIALIZE(NO INDENT),2025,55
75dfde13639a57513e23e58c961a69c5bbf017b6,Amit Langote,2025-02-17 16:12:03+09:00,Fix an oversight in cbc127917 to handle MERGE correctly,2025,55
f41d8468ddea34170fe19fdc17b5a247e7d3ac78,Amit Kapila,2025-01-31 10:27:35+05:30,Raise an error while trying to acquire an invalid slot.,2025,55
c5ae07a90a0f3594e5053a26f3c99b041df427d3,Alexander Korotkov,2025-12-14 16:10:25+02:00,Fix usage of palloc() in MERGE/SPLIT PARTITION(s) code,2025,54
5b3ef3055d8ec22610af399715128361a65c845f,Michael Paquier,2025-12-14 11:21:01+09:00,doc: Fix incorrect documentation for test_custom_stats,2025,54
81f773895321ac69d3d71fe9d203e09d072f9c36,Andres Freund,2025-11-24 18:10:48-05:00,"lwlock: Fix, currently harmless, bug in LWLockWakeup()",2025,54
a3ea5330fcf47390c8ab420bbf433a97a54505d6,Peter Eisentraut,2025-11-07 10:14:25+01:00,"Fix ""inconsistent DLL linkage"" warning on Windows MSVC",2025,54
19d4f9ffc207c66b4755ffdf2dbd84b47e31460a,Fujii Masao,2025-09-30 23:52:28+09:00,pgbench: Fix error reporting in readCommandResponse().,2025,54
803ef0ed49eec57990053da1091f9e3b5a7fb839,Robert Haas,2025-09-25 11:43:52-04:00,Fix array allocation bugs in SetExplainExtensionState.,2025,54
c3cc2ab87d72a1ce17a7f574756158479ef32f20,Nathan Bossart,2025-09-18 09:55:39-05:00,Fix re-initialization of LWLock-related shared memory.,2025,54
6f22a82a401d267e4bf1fcbcff8d6adb24e14d58,Michael Paquier,2025-07-27 17:48:47+09:00,Add assertions for all the required index AM callbacks,2025,54
21c9756db6458f859e6579a6754c78154321cb39,Etsuro Fujita,2025-07-06 17:15:00+09:00,postgres_fdw: Add Assert to estimate_path_cost_size().,2025,54
8ede692de512750ecb6930213e6d78ed90ef06d0,Amit Kapila,2025-05-13 09:54:29+05:30,Fix the race condition in the test added by 7c99dc587.,2025,54
4a4ee0c2c1e53401924101945ac3d517c0a8a559,Noah Misch,2025-05-10 07:36:27-07:00,Remove GLOBALTABLESPACE_OID assert for locked buffers.,2025,54
50b8ad30f7541ff48f50a42be9d6bd59b8ce4074,Amit Kapila,2025-04-25 12:46:02+05:30,Fix typo in test file name added in commit 4909b38af0.,2025,54
945126234bbc03a5a8f40e46383f550c08fce08e,Jeff Davis,2025-04-03 11:04:37-07:00,Fix unintentional 'NULL' string literal in pg_upgrade.,2025,54
7c82b4f711877b175142bb2b2a6e2c2ee2429441,Richard Guo,2025-03-26 17:46:51+09:00,Fix integer-overflow problem in scram_SaltedPassword(),2025,54
3943f5cff6a66639d295a6f1922e54b79d2ab16f,Michael Paquier,2025-03-17 14:07:12+09:00,Fix inconsistent quoting for some options in TAP tests,2025,54
40d3f8274499cb1dd349f60f2e5915f907acce6e,Michael Paquier,2025-03-04 10:53:10+09:00,Add more assertions in palloc0() and palloc_extended(),2025,54
95f650674d2ceea1ba6440a9b0ae89ed3867fd7e,Tom Lane,2025-03-03 12:43:44-05:00,Fix broken handling of domains in atthasmissing logic.,2025,54
5b8f2ccc0a93375acb64a457817e61f400404a1f,Amit Kapila,2025-02-25 09:42:07+05:30,Doc: Fix pg_copy_logical_replication_slot description.,2025,54
cbb9086c9ef64b020cb9036f50afc14644bbf734,Amit Langote,2025-02-25 09:24:42+09:00,Fix bug in cbc127917 to handle nested Append correctly,2025,54
527f8fec220b4c3b84d353543e9741b76d396a11,Nathan Bossart,2025-02-06 11:59:12-06:00,Fix autovacuum_vacuum_max_threshold's GUC description.,2025,54
b35434b134b1e1a306649a8c63c5c46afdcf7b1e,Amit Kapila,2025-01-23 17:47:15+05:30,Fix buildfarm failure introduced by commit e65dbc9927.,2025,54
f00484c170f56199c3eeacc82bd72f8c1e3baf6b,Richard Guo,2025-12-09 17:09:27+09:00,Fix distinctness check for queries with grouping sets,2025,53
d167c19295da46be1998dd474841f94170e32597,David Rowley,2025-11-28 12:40:50+13:00,Fix possibly uninitialized HeapScanDesc.rs_startblock,2025,53
519fa0433b37701b357753a568080bee2c47d238,Amit Langote,2025-11-27 12:07:01+09:00,Fix error reporting for SQL/JSON path type mismatches,2025,53
2519fa836235d371a6d7f5c2eb3a8f379120a988,Michael Paquier,2025-10-22 10:08:47+09:00,Bump catalog version for new function error_on_null(),2025,53
92cf557ffae436235cfa3bbba1265b5807a68ef2,Tom Lane,2025-10-19 18:28:46-04:00,Add static assertion that RELSEG_SIZE fits in an int.,2025,53
b46efe90482bc1105a17955fce02cb3708230f0e,Masahiko Sawada,2025-10-09 10:59:27-07:00,Fix access-to-already-freed-memory issue in pgoutput.,2025,53
33eec809402bfbf3eb0d01ad5b023d3d05fcb3bc,Peter Eisentraut,2025-09-10 13:25:58+02:00,Fix CREATE TABLE LIKE with not-valid check constraint,2025,53
990c8db1827c0c96fb20cb4fbfcc9690e9b45e15,Peter Eisentraut,2025-08-27 15:49:58+02:00,Fix: Don't strip $libdir from nested module_pathnames,2025,53
1a5212775e46fd573e74c9213392177920f0efd6,Michael Paquier,2025-07-30 11:55:42+09:00,Fix ./configure checks with __cpuidex() and __cpuid(),2025,53
66e9df9f6ef50719b25ca63b60aad934e14f4a1c,Tom Lane,2025-06-29 15:04:32-04:00,Fix some new issues with planning of PlaceHolderVars.,2025,53
0cf205e122ae0fe9333ccf843c2269f13ddc32fc,Tomas Vondra,2025-06-17 16:48:11+02:00,amcheck: Fix posting tree checks in gin_index_check(),2025,53
a6060f1cbec39575634043baeeaeb11e86042fa6,Nathan Bossart,2025-05-20 16:31:00-05:00,pg_dump: Fix array literals in fetchAttributeStats().,2025,53
d438515c29c3cc539c79292c040335804183ca3e,Amit Kapila,2025-04-10 10:30:05+05:30,Cosmetic fixes for pg_createsubscriber's -all option.,2025,53
2c7bd2ba507e273f2d7fe1b2f6d30775ed4f3c09,Michael Paquier,2025-04-07 12:55:09+09:00,libpq: Fix some issues in TAP tests for service files,2025,53
4868c96bc8c60145958f1a83bbe9409718a696cb,Amit Kapila,2025-04-03 12:26:54+05:30,Fix slot synchronization for two_phase enabled slots.,2025,53
4623d71443de40781135a7040079ab4538974a6f,Tom Lane,2025-03-27 13:20:23-04:00,Prevent assertion failure in contrib/pg_freespacemap.,2025,53
f7c566a1a276c5f228891c7599df1c0b8878eb35,Heikki Linnakangas,2025-03-10 18:58:10+02:00,Fix a few more redundant calls of GetLatestSnapshot(),2025,53
23675031774c1644c32ff052a1c3e9fb87261023,Heikki Linnakangas,2025-03-10 17:07:38+02:00,Fix snapshot used in logical replication index lookup,2025,53
54d23601b978d2552696fb7fe35ae5d6102ea2cb,Michael Paquier,2025-03-05 07:56:03+09:00,psql: Fix memory leak with \gx used within a pipeline,2025,53
560a842d639f28497ab6df08ac0305240be79803,Michael Paquier,2025-02-25 15:53:32+09:00,Fix untranslatable string concatenation in pg_upgrade,2025,53
6998db59c2959c4f280a9088054e6dbf7178efe0,Peter Eisentraut,2025-02-11 11:12:05+01:00,Replace AssertMacro() with Assert() when not in macro,2025,53
8108674f0e5639baebcf03b54b7ccf9e9a8662a2,Tom Lane,2025-01-20 15:47:53-05:00,Avoid using timezone Asia/Manila in regression tests.,2025,53
43830ecb8a9b6a1bc322298a77a5e0d87c2e83d4,Dean Rasheed,2025-01-17 10:35:07+00:00,Fix parsing of qualified relation names in RETURNING.,2025,53
2214a207ee8170afce79478df3b37114a94d976e,Bruce Momjian,2025-12-23 20:36:11-05:00,"C comment:  fix psql ""pstdout"" duplicate to ""pstdin""",2025,52
6bd469d26aca6ea413b35bfcb611dfa3a8f5ea45,Álvaro Herrera,2025-12-04 18:12:08+01:00,amcheck: Fix snapshot usage in bt_index_parent_check,2025,52
f6a4c498dcf6f05b4ef79051e95de12cc48bdeee,Amit Kapila,2025-11-07 08:05:08+00:00,Add seq_sync_error_count to subscription statistics.,2025,52
da2052ab9a256277391a361715abb66c9b7956c4,Peter Eisentraut,2025-10-31 08:06:46+01:00,formatting.c cleanup: Rename DCH_S_* to DCH_SUFFIX_*,2025,52
66dabc06b1b0aaadfd5be640a2e3efbeea0fcaf5,Fujii Masao,2025-09-16 11:54:23+09:00,pg_restore: Fix comment handling with --no-policies.,2025,52
a67d4847a4319ddee8a8ee7d8945c07301ada66e,Tom Lane,2025-08-20 16:09:18-04:00,Fix re-execution of a failed SQLFunctionCache entry.,2025,52
9f18fa9995628fef752d704d874eeed0bab815e5,Tom Lane,2025-08-02 21:59:46-04:00,Reduce leakage during PL/pgSQL function compilation.,2025,52
a493e741d32b7580abe4d0dcc444fcedd8feec6e,Michael Paquier,2025-07-17 09:30:26+09:00,Fix inconsistent LWLock tranche names for MultiXact*,2025,52
144ad723a4484927266a316d1c9550d56745ff67,Álvaro Herrera,2025-07-04 21:30:05+02:00,Fix new pg_upgrade query not to rely on regnamespace,2025,52
c989affb527d330898e92e6223e2218e702176ed,Álvaro Herrera,2025-07-02 17:02:27+02:00,Fix error message for ALTER CONSTRAINT ... NOT VALID,2025,52
304862973e9a77c31cbf05d10b8b71c1a2870e59,Nathan Bossart,2025-06-06 11:40:52-05:00,Fixed signed/unsigned mismatch in test_dsm_registry.,2025,52
470273da0ff766d098c5bc4d0acf3991451b755b,Tom Lane,2025-05-29 10:39:55-04:00,Avoid resource leaks when a dblink connection fails.,2025,52
89372d0aaa4a6f0e560acdf9014c5ad66fdde1b1,Bruce Momjian,2025-05-09 14:16:17-04:00,doc PG 18 relnotes:  fix missing parens for crc32c(),2025,52
a2c6d84acd72d6c43ab7361fb34fa4f758da7a41,Peter Eisentraut,2025-05-07 08:23:44+02:00,doc: Fix up spacing around verbatim DocBook elements,2025,52
3fae25cbb35aa885c411fb51f55a64bb80dc5844,David Rowley,2025-04-17 11:37:55+12:00,Fixup various new-to-v18 usages of appendPQExpBuffer,2025,52
0f1433f05356e8de7c4125e5192a54355e12359d,Heikki Linnakangas,2025-04-09 13:11:42+03:00,Fix a few oversights in the longer cancel keys patch,2025,52
54a3615f15b9b2e1433bc47cfb150317885d7c1f,Melanie Plageman,2025-04-03 18:22:37-04:00,Remove misleading read stream asserts in a few users,2025,52
172259afb563d35001410dc6daad78b250924038,Álvaro Herrera,2025-04-01 18:50:40+02:00,Verify roundtrip dump/restore of regression database,2025,52
8d9d5843b55f47d24031165f99b07d41715b93e9,Thomas Munro,2025-03-19 16:45:01+13:00,oauth: Use IPv4-only issuer in oauth_validator tests,2025,52
9f25b9f7392267c5628af09f498086ad9f33ccbd,Fujii Masao,2025-03-06 08:22:30+09:00,ecpg: Fix compiler warning in ecpg build with Meson.,2025,52
5ee75e32fa734e8ae85ff096f1523be8e16e1b8d,Andres Freund,2025-02-24 06:23:41-05:00,Add static asserts for MAX_BACKENDS limiting factors,2025,52
0fc68c8421b656f2ad03e788d97ff0c59da60e6f,Michael Paquier,2025-02-12 17:58:25+09:00,Fix issue in recovery test 041_checkpoint_at_promote,2025,52
27a1f8d108114ec463101a812f83542c257f8169,Daniel Gustafsson,2025-01-10 22:02:58+01:00,Fix missing ldapscheme option in pg_hba_file_rules(),2025,52
9c8de1596912b36a8b22d880766ac660b66d03c7,Jeff Davis,2025-12-15 10:24:47-08:00,Use multibyte-aware extraction of pattern prefixes.,2025,51
06817fc8a4b739cc2d1aa87071d9e20d483fd678,Michael Paquier,2025-12-10 11:56:42+09:00,Fix two issues with recently-introduced nbtree test,2025,51
94939c5f3ab0a390e52c0802c7141c42673a48b4,Heikki Linnakangas,2025-11-12 12:20:16+02:00,Fix pg_upgrade around multixid and mxoff wraparound,2025,51
eaa159632d034a59ede1695f4b86098b1a372b48,David Rowley,2025-11-06 16:34:55+13:00,Fix UNION planner estimate_num_groups with varno==0,2025,51
861af9261035cec7408040d646cba92959ba6f13,Michael Paquier,2025-11-04 20:12:48+09:00,libpq: Improve error handling in passwordFromFile(),2025,51
ff8aba65d463b144db7c081181b5ccf6eaaf1af4,Tom Lane,2025-11-01 13:25:42-04:00,Fix contrib/ltree's subpath() with negative offset.,2025,51
9224c3025243a3daeb49fa58b948c6e1fdf99501,Tom Lane,2025-10-22 13:38:40-04:00,Fix memory leaks in pg_combinebackup/reconstruct.c.,2025,51
9fd29d7ff476f3f1c1a22d6d6f730e813eddd960,David Rowley,2025-10-21 20:46:14+13:00,Fix BRIN 32-bit counter wrap issue with huge tables,2025,51
d372888ade9e7f4796882d3e15b0d78ae329d0cb,Michael Paquier,2025-10-17 13:01:14+09:00,pg_createsubscriber: Fix matching check in TAP test,2025,51
2273fa32bce7c1fb856c726d01d8cdaaba36f849,Tatsuo Ishii,2025-10-08 09:26:49+09:00,Fix Coverity issues reported in commit 25a30bbd423.,2025,51
9ec0b29976b6d73cc08880842caa0db286e46bd4,Peter Eisentraut,2025-09-15 11:43:34+02:00,CREATE STATISTICS: improve misleading error message,2025,51
26eadf4d2b14a8a8d110b214dbb7ef952fbf8e93,Michael Paquier,2025-09-11 17:17:04+09:00,Fix description of WAL record blocks in hash_xlog.h,2025,51
8ec97e78a7713a1ebf4976b55c19f6c9bc2716d9,Melanie Plageman,2025-09-08 17:13:31-04:00,Add error codes when vacuum discovers VM corruption,2025,51
f225473cbae2cca5e1fde376aa4217a6b3a3f770,Álvaro Herrera,2025-08-29 14:43:47+02:00,CREATE STATISTICS: improve misleading error message,2025,51
37265ca01f0f361a3aff23e27dfc81b66057a039,Masahiko Sawada,2025-08-15 11:58:53-07:00,Fix constant when extracting timestamp from UUIDv7.,2025,51
6551a05d9cf8ea75c0db232b661dadd16e595854,Melanie Plageman,2025-08-04 15:07:32-04:00,Minor test fixes in 035_standby_logical_decoding.pl,2025,51
be86ca103a41224e091a0d9aaf30605a935546ec,Tom Lane,2025-05-28 13:29:45-04:00,Fix memory leakage when function compilation fails.,2025,51
8fcc6487809efa5508a4b70049402236a53be84d,Daniel Gustafsson,2025-05-08 13:53:16+02:00,doc: Fix title markup for AT TIME ZONE and AT LOCAL,2025,51
969ab9d4f5d141ac25db092a0e5cd004d3d60a60,Tom Lane,2025-04-07 14:14:28-04:00,Follow-up fixes for SHA-2 patch (commit 749a9e20c).,2025,51
058b5152f02ef86c98a795c14dbd6a8e195f4fd1,Daniel Gustafsson,2025-03-27 22:57:34+01:00,Fix guc_malloc calls for consistency and OOM checks,2025,51
cb36f8ec2124b0c495da057a2f55735fe858be0e,Tom Lane,2025-03-25 20:03:56-04:00,Fix order of -I switches for building pg_regress.o.,2025,51
aea916fe555a351fe20bf31d56f5f0d027d9db61,Melanie Plageman,2025-03-24 16:40:59-04:00,Fix bitmapheapscan incorrect recheck of NULL tuples,2025,51
8709dccc793da0c0c6619cafa182c8e67a871154,Amit Kapila,2025-02-27 09:47:04+05:30,Fix the race condition in ReplicationSlotAcquire().,2025,51
2a8a00674e973dec4d7d74d5e16c7d7cdedf2be5,Thomas Munro,2025-02-15 13:14:03+13:00,Fix explicit valgrind interaction in read_stream.c.,2025,51
b6463ea6ef3e46b32be96a23f3a9f47357847ce4,Peter Eisentraut,2025-01-15 16:58:44+01:00,Downgrade error in object_aclmask_ext() to internal,2025,51
de9037d0d085f25d3c220a45bfbb7abc5794a0c8,Peter Eisentraut,2025-01-15 16:58:44+01:00,Downgrade errors in object_ownercheck() to internal,2025,51
c4782c44101ef9e50daa9e1d69821d98f58057fd,Thomas Munro,2025-01-08 07:19:46+13:00,Fix meson detection of a couple of 64 bit builtins.,2025,51
c5c808f9b30b098421ad9f255954c4b16d121ab4,Masahiko Sawada,2025-12-24 13:55:29-08:00,psql: Fix tab completion for VACUUM option values.,2025,50
9f7565c6c2d45df9705556c60f41394a8356cdf9,Tom Lane,2025-12-23 21:38:43-05:00,Fix another case of indirectly casting away const.,2025,50
801b4ee7fae1caa962b789e72be11dcead79dcbf,Michael Paquier,2025-12-10 08:10:28+09:00,Fix meson warning due to missing declaration of NM,2025,50
c252d37d8ca8f254fa715ec24fcb23a035a88993,Amit Kapila,2025-12-03 03:31:31+00:00,Fix shadow variable warning in subscriptioncmds.c.,2025,50
371a302eecdc82274b0ae2967d18fd726a0aa6a1,Jeff Davis,2025-10-26 12:31:50-07:00,Comment typo fixes: pg_wchar_t should be pg_wchar.,2025,50
dd766a441d69d16d1c8ab0d3a41a10649702d202,Tatsuo Ishii,2025-10-19 09:29:26+09:00,Fix Coverity issue reported in commit 2273fa32bce.,2025,50
03bf7a12c5a44ced377352c8f9bf6e9f4b863885,Tom Lane,2025-10-13 17:56:45-04:00,Fix incorrect message-printing in win32security.c.,2025,50
18cdf5932a279a2c035d44460e1e0cbb659471f2,Nathan Bossart,2025-09-19 09:19:03-05:00,Fix obsolete references to postgres.h in comments.,2025,50
2d756ebbe857e3d395d18350bf232300ebd23981,Richard Guo,2025-09-12 11:12:19+09:00,Fix misuse of Relids for storing attribute numbers,2025,50
317c117d6d23cff98c1259701495422bc952a7dd,Richard Guo,2025-08-31 08:59:48+09:00,Fix const-simplification for constraints and stats,2025,50
b421223172a28db2e724d5e35304097fe68a1e38,Thomas Munro,2025-08-09 13:04:38+12:00,Fix rare bug in read_stream.c's split IO handling.,2025,50
811633105a38bc40ff2f75879a4b9a1113bb0347,Dean Rasheed,2025-08-06 10:16:14+01:00,Fix printf format specfiers in test_int128 module.,2025,50
5457ea46d181f8b8dbe1ae482720b23bff4029de,Tom Lane,2025-07-25 10:56:55-04:00,"Fix dynahash's HASH_FIXED_SIZE (""isfixed"") option.",2025,50
a6eabec6808cb1b8f20974ad57275b14fc079e3b,Michael Paquier,2025-07-23 08:18:36+09:00,ecpg: Improve error detection around ecpg_strdup(),2025,50
aa39b4e35ac65d4c1672ba2a29707008a754ddf5,Álvaro Herrera,2025-07-08 18:38:47+02:00,Fix a couple more places in docs for pg_lsn change,2025,50
3369a3b49b0bc0a4205062e45623af297240c8c6,Michael Paquier,2025-07-02 13:48:36+09:00,Fix bug in archive streamer with LZ4 decompression,2025,50
cdd1a431f21dbd2b7b675a9db1c24b97d713f38b,Tomas Vondra,2025-06-17 15:46:29+02:00,amcheck: Fix parent key check in gin_index_check(),2025,50
0b54b392334b255abeac7c2718de7071600444ad,Tomas Vondra,2025-06-17 14:55:29+02:00,amcheck: Fix checks of entry order for GIN indexes,2025,50
aaf9e95e8764093ab55baf27c35705f406f592f9,Amit Kapila,2025-04-28 11:35:54+05:30,Fix xmin advancement during fast_forward decoding.,2025,50
90260e2ec6bbfc3dfa9d9501ab75c535de52f677,Jeff Davis,2025-04-21 12:34:58-07:00,Fix INITCAP() word boundaries for PG_UNICODE_FAST.,2025,50
7ae13170ba556e51a8e89f1b8a16535a857263ab,Daniel Gustafsson,2025-04-15 15:27:08+02:00,pg_combinebackup: Fix incorrect code documentation,2025,50
2e57790836c636d579871b13de13850e013f511c,Michael Paquier,2025-04-11 10:00:21+09:00,Fix race with synchronous_standby_names at startup,2025,50
8ae0a37932d81082ec7e4b10eb304a83c561408e,Daniel Gustafsson,2025-04-03 20:37:52+02:00,oauth: Fix build on platforms without epoll/kqueue,2025,50
cc4331605ad81ad3040704470ff56904624eef75,Amit Kapila,2025-03-25 09:39:53+05:30,Fix the typo in the test case added in 73eba5004a.,2025,50
76aa615943049c04efd36ab4765c06eda89cdfea,Amit Langote,2025-01-31 16:44:24+09:00,Fix bad indentation introduced in commit d47cbf474,2025,50
c44c2d2759876463dcbab2eb608e33ed2e772d12,Álvaro Herrera,2025-01-24 12:54:46+01:00,Fix instability in recently added regression tests,2025,50
b237f5422bc0667754f986f9d5bfc34a13401bc1,Nathan Bossart,2025-12-09 11:01:38-06:00,doc: Fix titles of some pg_buffercache functions.,2025,49
0fc33b00536cf395b44260b6fc76b6b1d6fc0bcb,Peter Eisentraut,2025-11-19 08:48:21+01:00,Fix NLS for incorrect GUC enum value hint message,2025,49
208927e656929df4ecc1efe8443dbcdbbcb23e38,Nathan Bossart,2025-10-17 11:36:50-05:00,Fix privilege checks for pg_prewarm() on indexes.,2025,49
59c2f03d1ece7b9b215751a508b3a84728419246,David Rowley,2025-09-27 22:41:04+12:00,Teach MSVC that elog/ereport ERROR doesn't return,2025,49
cdf7feb96562071f15ceb070272d7e84246d943d,Tom Lane,2025-09-13 16:55:51-04:00,Amend recent fix for SIMILAR TO regex conversion.,2025,49
f2dbc83501d441a98f7799863e1b6f18af8e8fbe,Amit Kapila,2025-09-03 06:31:05+00:00,Fix use-after-free issue in slot synchronization.,2025,49
97b0f36bde9a08bc6f004438ff8fc0afbcb418c0,Richard Guo,2025-08-29 13:14:12+09:00,Fix semijoin unique-ification for child relations,2025,49
05fcb9667c371fda93830b87269c01d74ca247e5,David Rowley,2025-08-19 10:57:44+12:00,Use elog(DEBUG4) for dynahash.c statistics output,2025,49
bca9a1900c87df86dd10d227910050cf85000c53,David Rowley,2025-08-04 17:43:22+12:00,Fix incorrect comment regarding mod_since_analyze,2025,49
bb049a79d3447e97c0d4fa220600c423c4474bf9,Tom Lane,2025-08-02 21:59:46-04:00,Improve our support for Valgrind's leak tracking.,2025,49
039bfc457e436dc5c6b1d6ef996048ae19ff480d,Andres Freund,2025-04-25 13:31:25-04:00,aio: Improve debug logging around waiting for IOs,2025,49
46b4ba533cee9f64a60714d91607e74362abf67f,Bruce Momjian,2025-04-07 21:33:42-04:00,Fix PG 17 [NOT] NULL optimization bug for domains,2025,49
3516ea768c92ad0abc16dc4dd97e5eef6eab4237,Tom Lane,2025-04-07 11:06:05-04:00,"Add local-address escape ""%L"" to log_line_prefix.",2025,49
2ef57908067ab29c22ae13f7775fe2afc330e8f6,Andrew Dunstan,2025-04-04 17:07:45-04:00,Fix a couple of error messages and tests for them,2025,49
d4f79865d4207bd93fa00f521638c289f036e276,Amit Langote,2025-03-13 09:56:36+09:00,Fix copy-paste error in datum_to_jsonb_internal(),2025,49
0f21db36d663fcf0789290902c84cc460ef0df8b,Tom Lane,2025-03-06 11:54:31-05:00,Fix some performance issues in GIN query startup.,2025,49
39de4f157d3ac0b889bb276c2487fe160578f967,Heikki Linnakangas,2025-03-06 03:10:22+02:00,Fix compiler warnings about typedef redefinitions,2025,49
0a2f5df88168e3d8c50e3a26bf1ca45c61f9d6f2,Andres Freund,2025-03-05 13:19:28-05:00,ci: freebsd: Specify debug_parallel_query=regress,2025,49
720e529840d5a1087a34db445f624c5ece46eb38,Michael Paquier,2025-01-14 15:12:56+09:00,Fix potential integer overflow in bringetbitmap(),2025,49
915711c8a4e60f606a8417ad033cea5385364c07,Thomas Munro,2025-12-31 14:50:23+13:00,jit: Fix jit_profiling_support when unavailable.,2025,48
abb331da0a3454aebdb416fd19baf289063c254b,Peter Eisentraut,2025-12-13 16:56:07+01:00,Fix out-of-date comment on makeRangeConstructors,2025,48
1d7b00dc14b8efd22f6e971756c2d9c052863234,Michael Paquier,2025-12-10 12:46:45+09:00,Fix failures with cross-version pg_upgrade tests,2025,48
8f1791c61836d213acbf85d368c8762705ad9d51,Tom Lane,2025-12-05 11:17:23-05:00,Fix some cases of indirectly casting away const.,2025,48
cbe04e5d729f292bcf9b06f5d774884b4511b18a,Heikki Linnakangas,2025-12-02 21:11:15+02:00,Fix amcheck's handling of half-dead B-tree pages,2025,48
51364113d5a00e53f9447de1f7056c440e0892d5,Peter Eisentraut,2025-11-21 17:36:25+01:00,Fix typo in documentation about application time,2025,48
07961ef86625be91e243f1dff8911cb1d70e443f,Daniel Gustafsson,2025-11-07 15:10:50+01:00,doc: Fix incorrect wording for --file in pg_dump,2025,48
b30da2d233fed10c0f0e90d95171bc927404b2b1,David Rowley,2025-10-23 13:38:39+13:00,Fix some misplaced comments in parallel_schedule,2025,48
e41d954da6aa04f0a4453e566d3bcc064512d457,Amit Kapila,2025-09-24 04:11:53+00:00,Fix LOCK_TIMEOUT handling during parallel apply.,2025,48
5ac3c1ac22cb325844d0bee37f79f2c11931b32e,Amit Kapila,2025-09-09 03:18:22+00:00,Fix Coverity issue reported in commit a850be2fe.,2025,48
ca09ef3a6aa69a1250bc83e6d9517f28a2ff181c,Tomas Vondra,2025-07-31 16:04:21+02:00,Fix tab completion for ALTER ROLE|USER ... RESET,2025,48
90a85fce5e9b9ea63ec7e1b3001e0f39d4c8b7d4,Álvaro Herrera,2025-07-04 18:31:35+02:00,pg_upgrade: Add missing newline in error message,2025,48
2e947217474c15c7fd9011d1ab2b0d4657b3eae2,Michael Paquier,2025-07-01 08:57:05+09:00,Improve error handling of libxml2 calls in xml.c,2025,48
b006bcd5310eb2dad0828a286b79babce4953143,Dean Rasheed,2025-05-31 12:12:58+01:00,Fix MERGE into a plain inheritance parent table.,2025,48
6aa33afe6da1ce5e6a9c68900727db4621f899cd,Tom Lane,2025-05-23 11:47:33-04:00,Fix AlignedAllocRealloc to cope sanely with OOM.,2025,48
d4a7e4e179f946e12708f758d30a07f931fd5a84,Tom Lane,2025-05-10 20:22:39-04:00,"Fix incorrect ""return NULL"" in BumpAllocLarge().",2025,48
f8c115a6cb6531ca86e7b0febd02698135827337,Daniel Gustafsson,2025-04-30 11:10:27+02:00,Typo and doc fixups for memory context reporting,2025,48
1bd08f6ba56ac9b23dc46ab634d82327395e882e,David Rowley,2025-04-18 12:15:08+12:00,Fixup various older misuses of appendPQExpBuffer,2025,48
fdb69dd582427e4976897d544867e65a0e767002,Michael Paquier,2025-04-12 13:09:48+09:00,Fix instability with WAL fsync test in stats.sql,2025,48
a13d49014dea39bbe436fd6c28fc65f927038ed7,Masahiko Sawada,2025-04-07 12:13:08-07:00,doc: Fix a typo in pg_recvlogical documentation.,2025,48
a5419bc72e22337a16655aa28e2e20ecb65f65c3,Masahiko Sawada,2025-03-28 09:39:11-07:00,Fix timestamp overflow in UUIDv7 implementation.,2025,48
d2028e9bbc1af94d2ac390146293f02b548c95c9,Peter Eisentraut,2025-03-26 07:00:00+01:00,postgres_fdw: Fix tests on some Windows variants,2025,48
a19db082749662a933d0bf72722982b1ee2c4725,Daniel Gustafsson,2025-03-25 17:24:23+01:00,pg_basebackup: Add missing PQclear in error path,2025,48
75da2bece670059f3c1a3628dfbc3d24cc9638b8,Thomas Munro,2025-03-13 15:43:34+13:00,Fix read_stream.c for changing io_combine_limit.,2025,48
b64d83115cba32b3baf7bd985fc628efbc2dbc3b,Andres Freund,2025-02-12 08:15:53-05:00,meson: Fix failure to detect bsd_auth.h presence,2025,48
db19a5061ce954320f47a65c169081cbb2d920f8,Álvaro Herrera,2025-01-21 15:24:49+01:00,"Reword recent error messages: ""should"" -> ""must""",2025,48
6a9b2a631aa3dbac5b351cd0c45631cbc6e8d19e,Nathan Bossart,2025-01-17 15:23:14-06:00,vacuumdb: Fix comment for vacuum_one_database().,2025,48
4cb560b53f8f9e9a94d593f9416c107ed8202110,Dean Rasheed,2025-01-14 13:50:54+00:00,"Consistently spell ""leakproof"" without a hyphen.",2025,48
11012c503759f8018d8831bc6eb1f998eba7ad25,David Rowley,2025-01-02 12:42:01+13:00,Fix an assortment of spelling mistakes and typos,2025,48
4877391ce894e5b964a69e94e1750cde9df04a07,Melanie Plageman,2025-12-16 11:00:05-05:00,Fix const qualification in prune_freeze_setup(),2025,47
820343bab30852142ddc50db3aa81ef58d7cb676,Heikki Linnakangas,2025-12-10 19:38:07+02:00,Fix bogus extra arguments to query_safe in test,2025,47
7742f99a02ed1679eb6baeb35491ea3cf8a3a36e,Alexander Korotkov,2025-11-07 23:34:50+02:00,Fix checking for recovery state in WaitForLSN(),2025,47
a239c4a0c22627a45c0a91d2f4d9755bbc5be7be,Tom Lane,2025-10-13 12:44:20-04:00,Fix issue with reading zero bytes in Gzip_read.,2025,47
1b073cba4993b31fbf820504f297efce5d951c00,David Rowley,2025-10-10 09:25:23+13:00,Cleanup VACUUM option processing error messages,2025,47
54ab74865147c0051357d23af63314ff5e7332f4,John Naylor,2025-10-03 16:05:02+07:00,Fix reuse-after-free hazard in dead_items_reset,2025,47
85e0ff62b68224b3354e47fb71b78d309063d06c,Michael Paquier,2025-09-26 08:41:06+09:00,Improve stability of btree page split on ERRORs,2025,47
0110e2ec5c0f230beb439885bd1f8505e783e742,Andres Freund,2025-09-17 20:28:43-04:00,Mark shared buffer lookup table HASH_FIXED_SIZE,2025,47
0951942bba25f85ad29a4f096ed51a356652b5a2,Thomas Munro,2025-09-17 13:38:35+12:00,jit: Fix type used for Datum values in LLVM IR.,2025,47
e3d5ddb7ca91e5982e9d4cff9eef210d97e4f47e,Melanie Plageman,2025-09-05 09:33:36-04:00,Add assert and log message to visibilitymap_set,2025,47
15d33eb1924c1093102b8ce142ede4cb3912e85e,Nathan Bossart,2025-07-24 10:13:45-05:00,Fix return value of visibilitymap_get_status().,2025,47
64840e46243a5f672b9e2fcb8d93c63daec4bc9a,Tom Lane,2025-07-11 18:50:13-04:00,Fix inconsistent quoting of role names in ACLs.,2025,47
917c00d761fa9ba3b2bc365804ef38fc60ec023e,Daniel Gustafsson,2025-06-17 22:42:38+02:00,Fix allocation check to test the right variable,2025,47
29f7ce6fe78e3f8d520764b5870453d791a3ca65,Heikki Linnakangas,2025-05-19 18:50:26+03:00,Fix deparsing FETCH FIRST <expr> ROWS WITH TIES,2025,47
3631612eae9c2def99151c4f36b1b3771f53cba7,Michael Paquier,2025-04-24 12:22:53+09:00,psql: Fix assertion failures with pipeline mode,2025,47
51a0382e8d8793b5cc89b69285e5ecdffe03c2bf,Heikki Linnakangas,2025-03-28 20:19:17+02:00,Fix crash if LockErrorCleanup() is called twice,2025,47
434dbf6907ec8fafa6862a0f00385f293e63ac0e,Thomas Munro,2025-03-19 16:45:01+13:00,oauth: Fix postcondition for set_timer on macOS,2025,47
2a083ab807db6d9e2e0e3aa82ee8f6ff9fc44c8d,Michael Paquier,2025-02-28 10:15:29+09:00,pg_upgrade: Fix inconsistency in memory freeing,2025,47
48e4ae9a0707b22cf874a4e8e531a07077318424,Michael Paquier,2025-02-27 14:05:51+09:00,pg_amcheck: Fix inconsistency in memory freeing,2025,47
e7563e3c75a83898eff495533b4736093c73778a,Amit Langote,2025-02-19 15:08:17+09:00,doc: Fix some issues with JSON_TABLE() examples,2025,47
117f9f328e0f146a4b6de517501f4d5d994040a9,Amit Kapila,2025-01-24 08:11:29+05:30,Doc: Fix column name in pg_publication catalog.,2025,47
901bd4a65ab9bc0025be0fc8fe1fce3c69e7b78e,Peter Geoghegan,2025-01-16 11:26:41-05:00,Fix nbtree contradictory array element comment.,2025,47
39e3bcae44868734504c3decbb6708c36a5a84b2,Nathan Bossart,2025-01-09 17:10:13-06:00,Fix an ALTER GROUP ... DROP USER error message.,2025,47
970b97eeb8f036e534abe183fd41604671f7674d,Thomas Munro,2025-01-09 16:04:23+13:00,Fix off_t overflow in pg_basebackup on Windows.,2025,47
81f72115cf189b0a428d3efca2e4beb02b825111,Álvaro Herrera,2025-12-11 20:56:37+01:00,Fix infer_arbiter_index for partitioned tables,2025,46
9e8fa05d3412d6adea453a8ec24d9a794498f4cf,Álvaro Herrera,2025-11-27 13:10:56+01:00,Fix new test for CATCACHE_FORCE_RELEASE builds,2025,46
ab805989b2ee500cfa060ea36a9133b355bb4f0f,Daniel Gustafsson,2025-11-17 13:37:25+01:00,Fix typos in logical replication code comments,2025,46
e8bfad4ca842733b957c01e732ec009778f952cd,Bruce Momjian,2025-11-07 22:19:09-05:00,docs:  fix text by adding/removing parentheses,2025,46
c5d34f4a550f26583a0b92e294eff7d001e318d3,Thomas Munro,2025-11-08 12:26:43+13:00,Fix generic read and write barriers for Clang.,2025,46
e4e496e88c9a0940abe1ade44337577b26f032a0,Michael Paquier,2025-10-21 16:12:30+09:00,Fix comment in pg_get_shmem_allocations_numa(),2025,46
4921a5972a345fd3118f47a9e425ec862d8a8333,Álvaro Herrera,2025-10-18 17:50:10+02:00,Fix pg_dump sorting of foreign key constraints,2025,46
158c48303e8ae0248d7d95b60b56dd67e7033c48,Michael Paquier,2025-09-17 09:33:32+09:00,Fix shared memory calculation size of PgAioCtl,2025,46
0f42206531b3646f5bcda2bd35bb53fb0488eb00,Amit Kapila,2025-09-16 06:25:55+00:00,Fix intermittent BF failures in 035_conflicts.,2025,46
8c8f7b199d9095dbc2e101a4614043b5ae13bde3,Michael Paquier,2025-09-10 07:23:05+09:00,Fix leak with SMgrRelations in startup process,2025,46
aba8f61c30911cbac1a310b7d21777e04711c66e,Richard Guo,2025-09-03 16:00:38+09:00,Fix planner error when estimating SubPlan cost,2025,46
66fa3b5eef6e4764a3beb097ecc9e04b6d956bc9,Tom Lane,2025-08-29 12:05:58-04:00,Fix .gitignore for src/interfaces/libpq-oauth.,2025,46
df335618ed87eecdef44a95e453e345a55a14ad8,Amit Kapila,2025-07-24 03:51:55+00:00,Fix cfbot failure caused by commit 228c370868.,2025,46
f5a987c0e5f6bbf0cc0420228dc57e7aae4d7e8f,Masahiko Sawada,2025-07-09 05:45:34-07:00,Fix tab-completion for COPY and \copy options.,2025,46
2e640a0fa224e4233220252b360efd33c98b3e90,Peter Eisentraut,2025-06-30 10:38:43+02:00,doc: Some copy-editing around prefix operators,2025,46
02502c1bca544e25cc891d8ea596f6d89c540bcf,Tom Lane,2025-05-23 14:43:43-04:00,Fix per-relation memory leakage in autovacuum.,2025,46
9d924dbb37103b647c72a5252ad20770b8bae3a1,Peter Geoghegan,2025-04-30 23:15:51-04:00,Adjust overstrong nbtree skip array assertion.,2025,46
ce72e7e02e1c9075f8dd492f55281398d0721eb8,Peter Geoghegan,2025-04-28 12:49:17-04:00,Fix obsolete nbtree array advancement comment.,2025,46
7afca7edef751b8d7c0f5b6402ffcefc11c67fdd,Heikki Linnakangas,2025-04-04 13:49:00+03:00,Relax assertion in finding correct GiST parent,2025,46
3dbdf86c6364d6b8470fa4067096062cea62405a,David Rowley,2025-04-01 10:52:25+13:00,Fix failing regression test on x86-32 machines,2025,46
e33969abc1934cc7fd92d539e51a2b8ae46d6a33,Andrew Dunstan,2025-03-06 10:24:03-05:00,Further fix for json_strip_nulls documentation,2025,46
73f6b9a3b0fe161cd3d35b1e3109cd47864a4b33,Thomas Munro,2025-01-20 16:43:29+13:00,Fix latch event policy that hid socket events.,2025,46
ceb2855522940d5aaae4c6e5eed493d60e3196ce,Jeff Davis,2025-01-10 17:45:27-08:00,Fix redefinition of type in commit e0ece2a981.,2025,46
325808cac9b379869099f47fe4f8198ddd7805c0,Richard Guo,2025-12-25 12:12:52+09:00,Fix planner error with SRFs and grouping sets,2025,45
3f83de20ba2e1d4bd557d92b3436ca04b7c947a8,Michael Paquier,2025-12-11 14:11:06+09:00,pg_buffercache: Fix memory allocation formula,2025,45
04396eacd3faeaa4fa3d084a6749e4e384bdf0db,Amit Kapila,2025-12-09 07:25:20+00:00,Fix LOCK_TIMEOUT handling in slotsync worker.,2025,45
c004d68c9395812bfcff82c2d7c4e56d36e72f1c,Tom Lane,2025-12-08 19:06:36-05:00,Fix minor portability issue in pg_resetwal.c.,2025,45
d6ef8ee3ee29ffa404bcd920e02fb4b196e07b0d,Alexander Korotkov,2025-12-04 10:38:12+02:00,Fix incorrect assertion bound in WaitForLSN(),2025,45
e3e787ca023449127ac370e13a3887fe03eed0f4,Amit Kapila,2025-11-26 03:26:57+00:00,Fix test failure caused by commit 76b78721ca.,2025,45
3df4df53b06df2a2af56a77bf44cffa6393534fe,Amit Kapila,2025-11-25 08:49:46+00:00,Fix a BF failure caused by commit 76b78721ca.,2025,45
2d83d729d5a1a6cc5c62bf3a932fdb508ce3d1ac,Andres Freund,2025-11-04 20:03:53-05:00,jit: Fix accidentally-harmless type confusion,2025,45
ff47f9c16c2f626d828a473d63c90d03f18a34a3,Álvaro Herrera,2025-10-11 16:39:22+02:00,dbase_redo: Fix Valgrind-reported memory leak,2025,45
1469e312977c8a5baeb1f9cb4222d171faf285b3,Peter Eisentraut,2025-08-05 10:53:49+02:00,Fix mixups of FooGetDatum() vs. DatumGetFoo(),2025,45
3151c264d460c0be09131ce90529073631d70ae8,Michael Paquier,2025-07-28 08:38:24+09:00,ecpg: Fix memory leaks in ecpg_auto_prepare(),2025,45
732061150b004385810e522f8629f5bf91d977b7,Michael Paquier,2025-07-01 15:48:32+09:00,xml2: Improve error handling of libxml2 calls,2025,45
1fc3403626d4aa99a81996435549e47c56c16897,Tom Lane,2025-04-16 13:31:59-04:00,Fix pg_dump --clean with partitioned indexes.,2025,45
128897b101e0a7bc8621abac746ea99d444d83ae,John Naylor,2025-01-29 14:39:14+07:00,"Fix grammatical typos around possessive ""its""",2025,45
5b14ec0a48cca3addfc7262c86e60475b7d84c02,Peter Geoghegan,2025-01-10 15:42:17-05:00,Fix obsolete nbtree README left link remarks.,2025,45
229e7793d96954739d3fb9b37e2ccf77c2803f07,Jeff Davis,2025-01-08 15:25:05-08:00,Fix duplicate typedef from commit a2f17f004d.,2025,45
301a1dcf00c82350aad642b872d263730cd87f8f,Jacob Champion,2025-12-15 13:21:00-08:00,libpq-oauth: Don't translate internal errors,2025,44
c507ba55f5bfae900baa94f1c657e1d99da5c6dc,Thomas Munro,2025-12-10 09:01:35+13:00,Fix O_CLOEXEC flag handling in Windows port.,2025,44
b4e32a076c95877031f34ed0f0fa5dd3a6f06421,Daniel Gustafsson,2025-11-12 13:51:53+01:00,Fix range for commit_siblings in sample conf,2025,44
dae00f333bdd98d094275080dba248cc80d4ca04,Andres Freund,2025-11-04 20:03:53-05:00,aio: Improve assertions related to io_method,2025,44
0a3d27bfe0fb229253aa95feccd0360530b7edd8,Álvaro Herrera,2025-11-04 20:31:43+01:00,Fix snapshot handling bug in recent BRIN fix,2025,44
d432094689062b6a0b7b2504b289d34defca8888,Michael Paquier,2025-10-30 13:13:28+09:00,Fix regression with slot invalidation checks,2025,44
3a36543d7d08eef6496fe3511f4cf04cba14f572,Michael Paquier,2025-10-10 11:51:45+09:00,Fix two typos in xlogstats.h and xlogstats.c,2025,44
91df0465a69ddd249a548a63ee9d4aef6f984bf0,David Rowley,2025-10-01 00:23:38+13:00,Fix typo in pgstat_relation.c header comment,2025,44
a95393ecdb23563bd47eeb2c943640c88592d82b,Noah Misch,2025-09-29 11:15:44-07:00,Fix StatisticsObjIsVisibleExt() for pg_temp.,2025,44
5e8f05cd70a6a5446801b4c733874bd6603eba7b,Tom Lane,2025-08-18 14:54:59-04:00,"Fix missing ""use Test::More"" in Kerberos.pm.",2025,44
296cba276081192a18c484c0716bf290c16bf362,David Rowley,2025-08-15 18:05:44+12:00,Fix invalid format string in HASH_DEBUG code,2025,44
b8e1f2d96bb99ad3528d035861bd311b9f8eb5a9,Thomas Munro,2025-07-12 16:33:02+12:00,aio: Fix configuration reload in IO workers.,2025,44
72e6c08fea7cf59f5166e138aab927ad87570aa4,Amit Kapila,2025-07-11 10:46:43+05:30,Fix the handling of two GUCs during upgrade.,2025,44
93001888d85c21a5b9ab1fe8dabfecb673fc007c,Tom Lane,2025-07-08 17:00:34-04:00,"Fix up misuse of ""volatile"" in contrib/xml2.",2025,44
f24605e2dc1687917766f43775f0dcde2cf678a0,Tom Lane,2025-05-22 13:52:46-04:00,Fix memory leak in XMLSERIALIZE(... INDENT).,2025,44
2c6469d4cd8175349abfe8da89dd642bca68fcfa,Michael Paquier,2025-05-19 09:46:52+09:00,Fix incorrect year in some copyright notices,2025,44
6e289f2d5da02b450f00fb57f0facc60bd73c0d1,Daniel Gustafsson,2025-05-13 07:29:14-04:00,Fix order of parameters in POD documentation,2025,44
3bd5271729c5496e3712c9ffbb002a6bef99a4c3,Bruce Momjian,2025-05-07 16:39:49-04:00,doc PG 18 relnotes:  mention GROUP SET fixes,2025,44
c893245ec388499426ac609812ab76a416343c7a,Peter Eisentraut,2025-04-29 09:09:00+02:00,test_slru: Fix incorrect format placeholders,2025,44
05883bd6e556bb4d86c7ece4c37080d00cdb0d34,Tatsuo Ishii,2025-04-18 09:38:46+09:00,Doc: fix missing comma at the end of a line.,2025,44
6d5417e634b3841dcc44bdb43f5586bcde33ddb4,Andrew Dunstan,2025-04-06 09:09:25-04:00,Fix a couple of memory leaks in pg_restore.c,2025,44
898c131b58a0b62833e10f3556f993d0d385f941,Amit Kapila,2025-04-04 10:58:59+05:30,pg_createsubscriber: Improve error messages.,2025,44
f31aad9b07b7a6ef693d7059830bd2f1504976ae,David Rowley,2025-03-27 18:23:00+13:00,Fix query jumbling to account for NULL nodes,2025,44
00d61a08c5fadca869c66a988b722e543d8e7100,Tom Lane,2025-03-01 14:22:56-05:00,Fix pg_strtof() to not crash on NULL endptr.,2025,44
51d3e279c3e1f6548794d5e7b5206ad1e080568f,Robert Haas,2025-02-28 13:04:12-05:00,Fix missing space in EXPLAIN ANALYZE output.,2025,44
03366b61dfe596796a19368f851859a4764229b9,Daniel Gustafsson,2025-02-24 22:20:29+01:00,oauth: Fix incorrect const markers in struct,2025,44
cb45dc3afb05ce5e5267b1a9be4725d0be7ee33c,Jeff Davis,2025-02-22 10:03:11-08:00,Documentation fixups for dumping statistics.,2025,44
b4e0d0c53fabe7d19b6a081d6c2b98aa4df55295,Amit Kapila,2025-02-21 14:34:40+05:30,Fix a WARNING for data origin discrepancies.,2025,44
f11674f8dfe811390dfeaf6f3c3a554dbeb790e1,Michael Paquier,2025-02-20 14:22:00+09:00,"doc: Fix typo in section ""WAL configuration""",2025,44
84d5efa7e3ebcf04694d312b0f14ceb35dcdfb8e,Jeff Davis,2025-12-16 10:35:40-08:00,Fix multibyte issue in ltree_strncasecmp().,2025,43
600086f471a3bb57ff4953accf1d3f8d2efe0201,Jacob Champion,2025-11-10 06:20:33-08:00,libpq: Prevent some overflows of int/size_t,2025,43
843e50208a31b9e17e9ab530c93a158425cfb8ba,Peter Geoghegan,2025-10-10 14:52:25-04:00,Remove overzealous _bt_killitems assertion.,2025,43
605bfb7dbe5d952b91b92d8b7b98cef549dab36c,Richard Guo,2025-10-03 16:34:42+09:00,Fix incorrect function reference in comment,2025,43
2bbbb2eca9303df590cc79be74b13cad259124a5,Dean Rasheed,2025-09-11 09:49:39+01:00,doc: Fix indentation in func-datetime.sgml.,2025,43
aa21e49225a1b4f8465dee5a9410e52b5a889f90,Amit Kapila,2025-08-19 05:33:17+00:00,Fix self-deadlock during DROP SUBSCRIPTION.,2025,43
bb25276205b45b60b5a1ddb7db3b66f501a02164,Peter Eisentraut,2025-03-13 15:17:08+01:00,Fix copy-and-paste mistake in error message,2025,43
03f8e9a7fee0ad4d87bfe48cb22dbca08fd8e6c4,Heikki Linnakangas,2025-03-09 20:40:45+02:00,Fix incorrect assertion in libpqwalreceiver,2025,43
e2080261cc8c1a962708843dc4c806e19fb2c44e,Michael Paquier,2025-03-07 08:12:45+09:00,Fix race condition in TAP test 007_pre_auth,2025,43
f0ee648527e54c465e398d993db892af61a228da,Nathan Bossart,2025-01-22 14:11:37-06:00,Fix comment about AVX-512 popcount support.,2025,43
72ceb21b029433dd82f29182894dce63e639b4d4,Tatsuo Ishii,2025-01-11 15:52:37+09:00,Fix a compiler warning in initStringInfo().,2025,43
45d92b76dc4ac31d44e46ca38bee12d5d8fac1f5,Thomas Munro,2025-12-29 15:47:31+13:00,Fix Mkvcbuild.pm builds of test_cloexec.c.,2025,42
33980eaa6df0b1358ba2e70edbe9efd56dbd7fa6,Michael Paquier,2025-12-15 10:34:18+09:00,test_custom_stats: Fix compilation warning,2025,42
e2ceff13d83a85c634dc358b8291c7ae301e95e1,Jacob Champion,2025-11-24 09:59:54-08:00,"postgres: Use pg_{add,mul}_size_overflow()",2025,42
50eb4e11815664bfcee883e92f4bf238ac23ec12,David Rowley,2025-10-30 14:48:10+13:00,"Fix bogus use of ""long"" in AllocSetCheck()",2025,42
e686010c5b47f2e7f7e4e8d31ef69efadbbc4d72,Daniel Gustafsson,2025-08-29 19:28:46+02:00,pg_dump: Fix compression API errorhandling,2025,42
78eda9e2648ab3f8c0df0d4aca53eb0ad6399c59,David Rowley,2025-04-21 13:50:50+12:00,Fix a few more duplicate words in comments,2025,42
3b35f9a4c5e0ed85c367b1397dac02fe7bd5b8a8,Richard Guo,2025-04-16 10:55:44+09:00,Fix an incorrect check in get_memoize_path,2025,42
d6f118444db320d13b70e7fbb8eac3ab2113b93d,Michael Paquier,2025-04-07 15:37:34+09:00,Fix grammar in log message of pg_restore.c,2025,42
9e088f7dd8cd1f14813d0919a68564d55cbff18a,Masahiko Sawada,2025-03-12 14:23:56-07:00,Fix compiler warning in pg_logicalinspect.,2025,42
8b49392b270b4ac0b9f5c210e2a503546841e832,Tom Lane,2025-02-28 15:20:24-05:00,Tweak regex to avoid a bug in Perl 5.16.3.,2025,42
945a9e3832c3ede20e2c575b796a4f16687a1949,Masahiko Sawada,2025-02-26 11:10:03-08:00,Fix a typo in 005_char_signedness.pl test.,2025,42
9d9a71002a1c1a04005c40d9cd5a6d3db50d32b0,Daniel Gustafsson,2025-02-20 16:25:47+01:00,cirrus: Temporarily fix libcurl link error,2025,42
c39392ebaeeff7dafbc255844bcc605aaef01d7d,Richard Guo,2025-02-19 10:02:32+09:00,Fix freeing a child join's SpecialJoinInfo,2025,42
43a15eb9400dba2b0b97be72d1a3745a6a6f7136,Tom Lane,2025-02-02 22:37:13-05:00,Fix incorrect range in pg_regress comment.,2025,42
d93bb8163c9cdbaa922ce6b1f3d044fc589d0fa6,David Rowley,2025-01-02 22:04:09+13:00,Fix outdated CHUNKHDRSZ value in nodeAgg.c,2025,42
5cf03552fbb43b2d2d11369d779f9b168ea9b87a,Michael Paquier,2025-12-18 11:01:43+09:00,btree_gist: Fix memory allocation formula,2025,41
52382feb782b76c42552e96f0bc382a87fd7c1e4,David Rowley,2025-12-09 14:41:30+13:00,Doc: fix typo in hash index documentation,2025,41
7c2061bdfba7c738dac1e2c14db51faeef3f34b1,Heikki Linnakangas,2025-12-05 23:39:01+02:00,Fix test to work with non-8kB block sizes,2025,41
07d1dc3aebe4391a2711e951c69df2bb56447f8a,David Rowley,2025-11-24 17:00:01+13:00,Fix incorrect IndexOptInfo header comment,2025,41
d4baa327a1c9c6a6e0b8f8d0ea410d19bf5dde33,Tom Lane,2025-11-05 11:09:45-05:00,Avoid possible crash within libsanitizer.,2025,41
18d2614093481cb7ae89e1f5b72f3ddf5fb49b4c,Richard Guo,2025-10-21 12:35:36+09:00,Fix pushdown of degenerate HAVING clauses,2025,41
0fba25eb720a6a20b8f3c9597dd0417a0d20fc94,Daniel Gustafsson,2025-09-24 14:58:18+02:00,Fix incorrect option name in usage screen,2025,41
9fc7f6ab7226d7c9dbe4ff333130c82f92749f69,David Rowley,2025-09-22 13:33:17+12:00,Fix various incorrect filename references,2025,41
d96c854dfc634212193007ca58f8978bc272d457,Nathan Bossart,2025-09-09 14:35:30-05:00,Fix documentation for shmem_startup_hook.,2025,41
09119238a18191dea3deed635a2b2a6ffe904932,Michael Paquier,2025-09-04 08:34:51+09:00,Fix incorrect comment in pgstat_backend.c,2025,41
466c5435fd45209546c502bd1e8ee5b76b1cc0a1,Alexander Korotkov,2025-08-07 14:29:02+03:00,Fix checkpointer shared memory allocation,2025,41
40e105042a4bec83ad8bc39e54edde2caf68d6a8,Thomas Munro,2025-07-12 13:11:47+12:00,Fix stale idle flag when IO workers exit.,2025,41
6531f36283f05219464dd2084a17aab5747f7de8,Amit Kapila,2025-06-24 09:51:07+05:30,Fix missing comment update in 1462aad2e4.,2025,41
3ba2cdaa45416196fadc7163998cda7b4e07e7d7,Tom Lane,2025-04-04 11:57:26-04:00,Stabilize regression test from c0962a113.,2025,41
ea3f9b6da34a1a4dc2c0c118789587c2a85c78d7,Heikki Linnakangas,2025-04-02 18:21:07+03:00,docs: Fix column count attribute in table,2025,41
0b53c08677a6515786bde9d4471b42ef7289759e,Thomas Munro,2025-03-19 17:26:16+13:00,Fix compiler warning for commit 434dbf69.,2025,41
cc5d98525d43c22b98f360ef0f2c8d7dc57f04dc,Richard Guo,2025-03-13 16:36:03+09:00,Fix incorrect handling of subquery pullup,2025,41
ab84d0ff806dd791ea9da5f1ca302daf3cf42980,Jeff Davis,2025-02-20 10:21:24-08:00,Trial fix for old cross-version upgrades.,2025,41
c9238ad853258c3f72d8671df5690f526c973f68,Michael Paquier,2025-02-11 07:40:03+09:00,Fix indentation of comment in plannodes.h,2025,41
6fc4fc42da07c47a9b8d014ab18d005cf8b3e176,Amit Kapila,2025-01-24 08:25:21+05:30,Doc: Fix a typo introduced in 4a0e7314f1.,2025,41
ff030ebe25022bdb90cecb7bfe45c6f863e3be30,Peter Eisentraut,2025-01-16 08:35:57+01:00,Check return of pg_b64_encode() for error,2025,41
06761b6096b661e838512e3a83f71345b59710b9,Michael Paquier,2025-12-11 10:25:21+09:00,Fix allocation formula in llvmjit_expr.c,2025,40
c5c74282f2ea222beb7e07fc91b7afd7a06020c2,Nathan Bossart,2025-11-12 14:57:48-06:00,test_dsa: Avoid leaking LWLock tranches.,2025,40
0ab208fa505c04e2b3483de53a73edb71f9b9106,Fujii Masao,2025-11-07 19:17:37+09:00,pgbench: Add --continue-on-error option.,2025,40
bc310c6ff3463c65ce532a437f1d27a4318c8b4a,Tom Lane,2025-10-22 15:19:19-04:00,Fix memory leaks in scripts/vacuuming.c.,2025,40
928df067d1e6ca5b747722d32c79bc3efa891a32,David Rowley,2025-10-07 14:15:04+13:00,Fix incorrect targetlist in dummy UNIONs,2025,40
1f7e9ba3ac4eff13041abcc4c9c517ad835fa449,Amit Kapila,2025-09-08 06:10:15+00:00,Post-commit review fixes for 228c370868.,2025,40
a98ccf727ebbb6d620b1a7995012f1751f261075,David Rowley,2025-08-19 11:14:21+12:00,Remove HASH_DEBUG output from dynahash.c,2025,40
a6c0bf93031dac8701b8d6c1093230dc5caf190d,Daniel Gustafsson,2025-07-10 23:26:51+02:00,Fix sslkeylogfile error handling logging,2025,40
8aa54aa7eefbf738999ae855d9192bc57756201e,Michael Paquier,2025-07-07 08:53:57+09:00,Fix incompatibility with libxml2 >= 2.14,2025,40
43da394304fba820830da2cef2c0214fe292c037,John Naylor,2025-06-23 18:03:56+07:00,Properly fix AVX-512 CRC calculation bug,2025,40
8cfbdf8f4dfbb2204df32fbc7d5dcd4d1b465723,Tom Lane,2025-04-07 15:54:16-04:00,Fix some issues in contrib/spi/refint.c.,2025,40
b52a4a5f285df49399fe6deefa1bf63dc88cd3d1,Andrew Dunstan,2025-04-07 12:22:41-04:00,Clean up error messages from 1495eff7bdb,2025,40
8ab6ef2bb8d9a00d205742932eb0b6daf62b34e0,Tom Lane,2025-04-06 11:57:22-04:00,Fix memory leaks in px_crypt_shacrypt().,2025,40
ec4327d106be745534592e8aff14effb716f4dc9,Tomas Vondra,2025-03-29 16:47:44+01:00,amcheck: Fix indentation in verify_gin.c,2025,40
463a2ebd9fda4fa94833838d0a372f7fd53b5b8a,Andres Freund,2025-01-24 17:08:31-05:00,postmaster: Commonalize FatalError paths,2025,40
d2181b321852d4dbea8a909d2f039ebdcbf0e009,Michael Paquier,2025-01-14 12:19:51+09:00,Remove assertion in pgstat_count_io_op(),2025,40
23792d7381583d04c4bbd0a8507566401ec013d3,Alexander Korotkov,2025-11-15 12:27:42+02:00,Fix incorrect function name in comments,2025,39
e7ccb247b38fff342c13aa7bdf61ce5ab45b2a85,Masahiko Sawada,2025-11-03 10:34:49-08:00,Fix outdated comment of COPY in gram.y.,2025,39
f83fe65f3fc1cae177f6c75f7b38eb951dd217b5,Michael Paquier,2025-09-24 08:20:23+09:00,Fix compiler warnings in test_bitmapset,2025,39
e3a0304eba2813821f3db8ab9d45fc584c23575b,Richard Guo,2025-09-22 10:04:39+09:00,Fix misleading comment in RangeTblEntry,2025,39
6ede13d1b5f515df0a199a7a830e448dab1511c0,Dean Rasheed,2025-09-05 08:18:18+01:00,Fix concurrent update issue with MERGE.,2025,39
0f5ade7a367c16d823c75a81abb10e2ec98b4206,Peter Eisentraut,2025-08-05 12:11:36+02:00,Fix varatt versus Datum type confusions,2025,39
eca624c6591be14a1a03f0b2d374043cdf276431,Dean Rasheed,2025-06-26 09:36:05+01:00,doc: Fix indentation of MERGE synopsis.,2025,39
f83f14881c7a09198863cb46033af8959a462d8b,John Naylor,2025-06-16 09:27:15+07:00,Workaround code generation bug in clang,2025,39
0f65f3eec478db8ac4f217a608b4478fed023bac,Álvaro Herrera,2025-06-12 14:21:21+02:00,Fix squashing algorithm for query texts,2025,39
b7ab88ddb1b9872cd997aea921df99eed8ac220b,Tom Lane,2025-05-22 20:35:32-04:00,Fix assorted new memory leaks in libpq.,2025,39
c4c236ab5c416131baa7109cdc25ccaadd4d7158,Michael Paquier,2025-05-07 14:55:57+09:00,Fix some comments related to IO workers,2025,39
08ccd56ac765496a152ba50cf0ae743c39396f52,Andres Freund,2025-03-29 14:45:42-04:00,"aio, bufmgr: Comment fixes/improvements",2025,39
0f3604a518f8b3fd35ffc344d85c71693ded0dde,Daniel Gustafsson,2025-03-27 14:09:25+01:00,psql: Fix incorrect equality comparison,2025,39
7f24c0274385ea3d4c797cc2fd60d9a55f3a8d74,Peter Eisentraut,2025-03-07 11:46:33+01:00,Improve possible performance regression,2025,39
70b4d9043931a5c4cdbf7bb08b7e3cb6e8beee1b,Heikki Linnakangas,2025-12-10 15:33:29+02:00,Fix comment in GetPublicationRelations,2025,38
e396a18f32e1a174be2492a83e7a8bfce568e6ab,Daniel Gustafsson,2025-11-27 09:25:56+01:00,doc: Fix typo in pg_dump documentation,2025,38
8934f2136cd82333fd148954a13a8ab01f7bd7ef,Jacob Champion,2025-11-24 09:59:38-08:00,Add pg_add_size_overflow() and friends,2025,38
3e908fb54ff8fa857180bc212ca79c7bd95dcc2c,Peter Eisentraut,2025-10-01 17:13:52+02:00,Fix compiler warnings around _CRT_glob,2025,38
123e65fdb7fe51920ad29119484148ea1b0afcd2,Amit Kapila,2025-08-22 05:29:36+00:00,Doc: Fix typo in logicaldecoding.sgml.,2025,38
c6abf24ebfecf0ef4f7d21750e198959b8b61586,Nathan Bossart,2025-08-19 10:43:15-05:00,"Fix misspelling of ""tranche"" in dsa.h.",2025,38
66f8765c5331a7a27eafb1d498a12ac04bfbdab2,Andres Freund,2025-08-13 15:52:10-04:00,ci: windows: Stop using DEBUG:FASTLINK,2025,38
ce6513e96a170510e2c54e82e3ad39fa46babb40,Amit Kapila,2025-07-22 06:00:21+00:00,Doc: Fix logical replication examples.,2025,38
7376e6085468054328a66e8c10c007bdaaf88f91,Jacob Champion,2025-07-07 13:41:55-07:00,oauth: Fix kqueue detection on OpenBSD,2025,38
cbf53e2b8a8ed3fc6f554095a4e99591bd5193f6,Heikki Linnakangas,2025-05-20 10:39:14+03:00,Fix cross-version upgrade test failure,2025,38
0d4dad200d78da6c1c2c705315a04c2080cdd975,Daniel Gustafsson,2025-05-18 10:05:38+02:00,Fix function name reference in comment,2025,38
1681a70df3d68b6f9dc82645f97f8d4668edc42f,Tomas Vondra,2025-05-02 23:05:18+02:00,Fix memory leak in _gin_parallel_merge,2025,38
385959bdeafb2e4c4b02adb55b78bde6eac616f7,Peter Eisentraut,2025-04-25 16:26:28+02:00,Fix terminology in comment and message,2025,38
64e7fa43a948a82f97e305f020f924c02671a434,Melanie Plageman,2025-04-04 11:34:06-04:00,Fix autoprewarm neglect of tablespaces,2025,38
9370978da8ac8f0e31867859282b0f2be724fe48,Heikki Linnakangas,2025-04-03 13:39:33+03:00,Fix boilerplate comments in btree_gist,2025,38
71d02dc478d574c75bd0af82cec774c7b9059a61,Richard Guo,2025-02-19 11:05:35+09:00,Fix unsafe access to BufferDescriptors,2025,38
7f007e4a044a713df5320fca09621d6ba8e632ba,Jeff Davis,2025-12-16 12:57:00-08:00,ltree: fix case-insensitive matching.,2025,37
f275afc997d77ada991307d22703b08f1dedef13,David Rowley,2025-12-10 12:01:14+13:00,Fix misleading comment in tuplesort.c,2025,37
c88ce73eda2e0a818d730c5b72475ef99cc9c4cf,Michael Paquier,2025-09-11 10:15:33+09:00,Fix incorrect file reference in guc.h,2025,37
fc6600fc1cd13b695fbde4b5f3ff0d2e97c36dea,Dean Rasheed,2025-09-04 11:45:44+01:00,Fix replica identity check for MERGE.,2025,37
ca38912512a9b913542fa4f535885b4e5ccff02f,David Rowley,2025-08-15 17:23:45+12:00,Fix failing -D HASH_STATISTICS builds,2025,37
fe29b2a1dab2b3d81e6c350679b7d9b0e1c8c850,Richard Guo,2025-05-15 17:09:04+09:00,Fix Assert failure in XMLTABLE parser,2025,37
a675149e87706d01e4007150a0124b89bdef08be,Bruce Momjian,2025-05-03 18:50:03-04:00,doc PG 18 relnotes: fix libpq wording,2025,37
84fd3bc141039b32f25c3c9f6157163a56ab5f66,David Rowley,2025-04-21 10:41:18+12:00,Fix a few duplicate words in comments,2025,37
4909b38af034fa4d2c67c5c71fd8509f870c1695,Amit Kapila,2025-04-10 13:14:40+05:30,Fix data loss in logical replication.,2025,37
3abbd8dbeb8f0e4764ad6edb1ab3a71d4c3023f0,Peter Eisentraut,2025-03-04 09:45:01+01:00,Fix accidental use of = instead of ==,2025,37
b50a554cc84066577f0f0a3baafe2f1fac302006,Jeff Davis,2025-02-20 22:31:22-08:00,Fix for pg_restore_attribute_stats().,2025,37
95ef3d902950317650ccea4b9a8bef47936eae35,Daniel Gustafsson,2025-02-18 13:23:13+01:00,Add PGErrorVerbosity to typedefs.list,2025,37
59d6c03956193f622c069a4ab985bade27384ac4,Daniel Gustafsson,2025-01-31 10:44:21+01:00,doc: Fix pg_buffercache_evict() title,2025,37
d278541be422f348b10c89c638942c25229c5e07,Peter Eisentraut,2025-01-16 09:02:21+01:00,Fix error handling of pg_b64_decode(),2025,37
bd298f54a0d60a0376959e10074aa07cbad267f2,Melanie Plageman,2025-12-10 11:10:01-05:00,Simplify vacuum visibility assertion,2025,36
80f6e2fb4addb03e2e163a380b5e6e1f4b321286,Nathan Bossart,2025-12-04 15:42:18-06:00,Fix key size of PrivateRefCountHash.,2025,36
9790affcce032710c907aced834e968f2fc41bce,Peter Eisentraut,2025-12-03 14:44:14+01:00,Fix stray references to SubscriptRef,2025,36
5a4eba558aa76c36ecf2aab7587b233c0e2003e2,Amit Kapila,2025-11-06 08:52:31+00:00,Fix few issues in commit 5509055d69.,2025,36
0a8a4be8660dc507288961042d8994cac0045c80,Andres Freund,2025-10-30 13:06:42-04:00,ci: Fix Windows and MinGW task names,2025,36
035b09131daab84f2ed9a4a3f766bf4781fd5cbf,Amit Kapila,2025-10-08 03:17:05+00:00,Fix typo in function header comment.,2025,36
a1b064e4b22686ecaecdf1cee0abfe53b81f6aaf,Daniel Gustafsson,2025-10-02 22:41:24+02:00,Fixes for comments in test_bitmapset,2025,36
abdeacdb0920d94dec7500d09f6f29fbb2f6310d,Tom Lane,2025-09-10 16:05:03-04:00,Fix memory leakage in nodeSubplan.c.,2025,36
01d6e5b2cf90737395344a8233cae5891c191357,Peter Eisentraut,2025-09-03 11:48:35+02:00,Fix mistake in new GUC tables source,2025,36
12f3639ee70254dc5d83f170c2f34cfeb444980e,Fujii Masao,2025-08-14 11:12:03+09:00,Fix incorrect LSN format in comment.,2025,36
4ae03be5473417ba5850bb0c1f0e60c1a0998dc9,Jacob Champion,2025-08-07 15:31:28-07:00,meson: Fix install-quiet after clean,2025,36
b8926a5b4bb82e3c56855185da4106d24d26154c,Álvaro Herrera,2025-07-17 17:40:22+02:00,Remove assertion from PortalRunMulti,2025,36
5201bba266d7127397e08a2d954faa5a996c0139,Etsuro Fujita,2025-05-03 20:00:00+09:00,Fix memory allocation/copy mistakes.,2025,36
67a02341572e0dcf27a290953317a39c7f15cc82,Daniel Gustafsson,2025-02-14 11:50:56+01:00,Fix assertion on dereferenced object,2025,36
3a872ddd64f908ac3dd65c544c2439ecbe737799,Daniel Gustafsson,2025-11-10 12:51:47+01:00,Fix typos in nodeWindowAgg comments,2025,35
b85c4700fc5124999e22ea7300ecc0a290c81cbc,Tomas Vondra,2025-10-17 22:21:50+02:00,Fix hashjoin memory balancing logic,2025,35
c53775185dc4b17cd951f5fff74c020a2469da27,Álvaro Herrera,2025-10-07 10:45:57+02:00,Fix compile of src/tutorial/funcs.c,2025,35
668de0430942829cc6085ab6ee99fd8080d21f0a,Fujii Masao,2025-09-25 14:06:12+09:00,pgbench: Fix typo in documentation.,2025,35
4cff01c4a3472ecd2a53f957f13ab20a2970db4c,Tatsuo Ishii,2025-07-11 10:34:57+09:00,Doc: fix outdated protocol version.,2025,35
f20a347e1a613cfc9053e7bc3d254608ae968386,Andres Freund,2025-06-30 10:22:02-04:00,aio: Fix reference to outdated name,2025,35
f0446384ea7c4274894d7f5b215bfc2496ace85d,Noah Misch,2025-03-23 06:12:02-07:00,"Fix ""make clean"" for new TAP suite.",2025,35
c09a06918dff9a1651ed12a24eb03712331b234b,Peter Eisentraut,2025-11-04 12:25:04+01:00,Error message stylistic correction,2025,34
079480dc20223dfe03d60fcabda9c0a65e30d0d5,Nathan Bossart,2025-10-15 16:32:40-05:00,Fix lookup code for REINDEX INDEX.,2025,34
36fd8bde1b77191eaf7d3499052c0636b6b93a87,Richard Guo,2025-10-09 17:50:54+09:00,Fix comment in eager_aggregate.sql,2025,34
3eec0e65331e4a38d0c8b3ac251ea3885452fd71,Nathan Bossart,2025-08-19 16:48:22-05:00,Fix comment for MAX_SIMUL_LWLOCKS.,2025,34
a2c6c4ed3145a411c2591ebd7ca14f30dd98b896,Masahiko Sawada,2025-08-01 18:02:41+00:00,Fix typo in AutoVacLauncherMain().,2025,34
d3f97fd1dda31d7bc925b226c2d9bec31bb7a6eb,Andres Freund,2025-07-22 08:30:52-04:00,"aio: Fix assertion, clarify README",2025,34
9e5fee822846763a9c04a60bd5076d6fe3248faf,Peter Eisentraut,2025-07-01 20:12:36+02:00,Fix outdated comment for IndexInfo,2025,34
4ea1254f35b27ed35a389e720ab2e614fc1e1d4d,Jacob Champion,2025-05-01 12:35:52-07:00,oauth: Fix Autoconf build on macOS,2025,34
2970c75dd9824a0eeb1d1aeb5a42f59d5c9904d8,Daniel Gustafsson,2025-04-13 21:53:03+02:00,Mark sslkeylogfile as Debug option,2025,34
dbd437e670b88ca67f6b2477e853412a0e82a8cc,Tom Lane,2025-04-03 16:03:12-04:00,Fix oversight in commit 0dca5d68d.,2025,34
593509202f669dbc4a9db33bb3aca2bd68f7ab5c,David Rowley,2025-02-19 00:42:22+13:00,Fix poorly written regression test,2025,34
fcd77a6873018c06a34761b7be0c0d1fd847fdd5,Tom Lane,2025-02-12 15:46:31-05:00,Fix minor memory leaks in pg_dump.,2025,34
1e380fa7d82df8a1730b80a911f50952c711f2a8,Michael Paquier,2025-01-31 11:05:57+09:00,Fix comment of StrategySyncStart(),2025,34
a9123db14a12e2e2dfb93dbbef4f2cdc2986023b,Daniel Gustafsson,2025-12-27 23:47:40+01:00,Fix incorrectly spelled city name,2025,33
17f446784d54da827f74c2acc0fa772a41b92354,Peter Eisentraut,2025-12-15 11:54:23+01:00,Refactor static_assert() support.,2025,33
95e12d4d9b228855af8a2a34ca28c33924d4edd1,Peter Eisentraut,2025-06-26 22:02:16+02:00,Correct misleading error messages,2025,33
58fbfde152b28ca119fef4168550a1a4fef61560,Peter Eisentraut,2025-06-03 21:38:04+02:00,Fix incorrect format placeholders,2025,33
fc32be3c941f9d98dd9f549153a5fcea6c3e9b8b,Peter Eisentraut,2025-06-02 10:12:58+02:00,Fix incorrect format placeholders,2025,33
2260c7f6d90ecf76d3806d32890a0890688b41e8,Alexander Korotkov,2025-04-29 14:34:44+03:00,Fixes for ChangeVarNodes_walker(),2025,33
76d52e71659149d20d616c8a94c02793cedce066,Peter Eisentraut,2025-04-25 16:49:30+02:00,Fix incorrect format placeholders,2025,33
88e947136b47664b6936b35542f2d1eda0c90588,Michael Paquier,2025-04-19 19:17:42+09:00,Fix typos and grammar in the code,2025,33
c55df7c6eae5a5c6f91cd029fb91913db7f2089c,Peter Eisentraut,2025-04-14 08:56:33+02:00,Fix incorrect format placeholders,2025,33
64e193f5dda2075ecc6356625992e190a4347df6,Andrew Dunstan,2025-04-13 14:39:45-04:00,Make AIO error test more portable,2025,33
9ad19295e934e261bb22463d71af3f69699053ea,Peter Eisentraut,2025-04-10 08:04:35+02:00,Fix incorrect format placeholders,2025,33
c462b054ba605d23c1ec139fcca3d758ac139026,Masahiko Sawada,2025-03-17 21:34:10-07:00,Fix the test 005_char_signedness.,2025,33
9b1cb58c5f2127ddc682778b486739059ea2479d,Michael Paquier,2025-02-20 09:30:54+09:00,test_escape: Fix output of --help,2025,33
489ec6b2fcd09621a2ac146298193a8231810e60,Peter Eisentraut,2025-11-06 08:00:57+01:00,Fix spurious output in configure,2025,32
8ce795fcb70df7a8fdf3303eec0cfcd703b0d122,Peter Eisentraut,2025-10-30 11:20:04+01:00,Fix some confusing uses of const,2025,32
3a661580685964dd2ca192306a202934f268fc5c,David Rowley,2025-10-01 18:50:28+13:00,Minor fixups of test_bitmapset.c,2025,32
39729ec01d25dbe12e0dd8322c68f242650235c9,Andrew Dunstan,2025-04-10 19:08:04-04:00,Fix fat fingering in 22cb6d28950,2025,32
8969194b73dbc9642a0302225f686f9febd95c90,Peter Eisentraut,2025-04-08 19:12:03+02:00,Fix incorrect format placeholder,2025,32
b7076c1e7f43f61515fa9a8c4f75e4329aef69ce,Peter Eisentraut,2025-03-20 10:53:59+01:00,Fix extension control path tests,2025,32
9cdc21b533d43829eb1337c8b16e147f6de7c53e,Daniel Gustafsson,2025-02-17 20:23:34+01:00,Fix translator notes in comments,2025,32
29dfffae0a6db6cb880ae873169f5512ddab703d,Tom Lane,2025-01-11 11:45:56-05:00,Repair memory leaks in plpython.,2025,32
23100645104f63bf7c35304f36f8a7d91f5ddd73,David Rowley,2025-01-10 14:30:25+13:00,Fix UNION planner datatype issue,2025,32
d31276f0e290a58c3df999116bc59d2332ca3148,Michael Paquier,2025-12-22 12:38:40+09:00,Fix another typo in gininsert.c,2025,31
2fcc5a715130fbe9fb6eadf338e3bfe560eb0cb5,Peter Eisentraut,2025-12-01 16:41:08+01:00,Fix a strict aliasing violation,2025,31
150e24501bc218057a7b9a24b19a145fa8b5c678,Peter Eisentraut,2025-11-06 10:47:45+01:00,Fix redundancy in error message,2025,31
d74cfe3263fa0a35cb962570697f422775cd12d6,Tom Lane,2025-10-20 08:45:57-04:00,Fix thinko in commit 7d129ba54.,2025,31
6ad9378c9a7bf10840c884286009956f51e4924c,Álvaro Herrera,2025-10-16 20:21:05+02:00,Fix update-po for the PGXS case,2025,31
567d27e8e2b752743626eb259ba75ecdc936eaf3,Michael Paquier,2025-09-05 14:10:08+09:00,Fix outdated comments in slru.c,2025,31
5d7f58848ce59d9e09b7214d2541ab3ec853f89c,Daniel Gustafsson,2025-08-29 13:08:32+02:00,Fix typo in isolation test spec,2025,31
e9c043a11ac402d376def531a12883d1dac15315,Peter Eisentraut,2025-08-20 18:14:24+02:00,Minor error message enhancement,2025,31
4ec6e22b4358e8c8fbfa7cfd6d3314ae41663247,Heikki Linnakangas,2025-08-14 13:31:18+03:00,Fix LSN format in debug message,2025,31
9e345415bcd3c4358350b89edfd710469b8bfaf9,Tomas Vondra,2025-07-01 15:23:07+02:00,Fix indentation in pg_numa code,2025,31
a0c7b765372d949cec54960dafcaadbc04b3204e,Jeff Davis,2025-06-13 10:02:24-07:00,Comment fixups from 626df47ad9.,2025,31
08b8aa1748400ca7dcecb289ffca5e90ac33d274,Bruce Momjian,2025-05-27 17:34:45-04:00,doc PG 18 relnotes:  fix markup,2025,31
0e091ce409e06cd89baf81306cc92c496d8ba58d,Amit Kapila,2025-04-23 11:08:24+05:30,Fix an oversight in 3f28b2fcac.,2025,31
5ee476294c517ce0024e865e6f51c4ce34bc044e,Daniel Gustafsson,2025-04-15 21:32:18+02:00,doc: Fix typos in documentation,2025,31
22cb6d289500ef22163a9d7cf2afa496f41b4d4c,Andrew Dunstan,2025-04-10 14:57:02-04:00,Fix memory leak in pg_restore.c,2025,31
683df3f4de00bf50b20eae92369e006badf7cd57,Daniel Gustafsson,2025-04-05 22:10:28+02:00,Quote filename in error message,2025,31
b87ced747df74fd094aba3902bca3d3c6b5b247d,Amit Kapila,2025-03-25 09:26:23+05:30,Fix an oversight in 3abe9dc188.,2025,31
02ed3c2bdcefab453b548bc9c7e0e8874a502790,Peter Eisentraut,2025-01-24 10:26:12+01:00,meson: Fix sepgsql installation,2025,31
d8f07dbb81a169ff8d54c6684c0ca385b83de757,Daniel Gustafsson,2025-09-25 15:24:41+02:00,Fix comments in recovery tests,2025,30
2ad6e80de9a6300daffcc0987667e45012fbecde,Peter Eisentraut,2025-08-05 11:47:23+02:00,Fix various hash function uses,2025,30
1f62dbf5f0ae375320b11362e0fccf8ec2766288,Daniel Gustafsson,2025-05-26 13:30:01+02:00,doc: Fix wording in JIT README,2025,30
d010cc6ccacf88926255d3ae2d67dad3e332ae8a,David Rowley,2025-04-22 11:04:04+12:00,Doc: fix incorrect punctuation,2025,30
34f04aa6533b6f6f9894907cd29f5d52d9e0df92,Peter Eisentraut,2025-04-03 09:20:25+02:00,Fix update-unicode make target,2025,30
e51ca405ed823b28358f216642b5a80f1f886f5d,Thomas Munro,2025-03-22 10:13:23+13:00,Fix ps display for IO workers.,2025,30
07b3df5d00cb01b024ee3c080cf15cee69ee3d95,John Naylor,2025-11-06 16:35:40+07:00,Cosmetic fixes in GiST README,2025,29
20628b62e46e3a2e66c3bb9396720077c7c47018,Tatsuo Ishii,2025-10-23 10:58:41+09:00,"Fix coding style with ""else"".",2025,29
0c7f103028202cec94e12cbe45cebdb5c8fbc392,Michael Paquier,2025-10-06 11:18:30+09:00,Fix two comments in numeric.c,2025,29
bce18ef3c67be63ad2dd8d585260dcb813f5a525,Peter Eisentraut,2025-09-16 07:27:32+02:00,Fix incorrect const qualifier,2025,29
88f0fdabead51539aa5bdefcf188f07d4651ee10,Dean Rasheed,2025-08-04 16:18:59+01:00,Fix typo in create_index.sql.,2025,29
b5cd0ecd4d4fa89b716785f22e9f009624104d61,Amit Kapila,2025-07-01 15:17:03+05:30,Fix typo in pg_publication.h.,2025,29
d8555e522eca00f1b4b6cd0b75269b7176fb7931,David Rowley,2025-04-30 13:40:46+12:00,Fix a couple of comment typos,2025,29
eec34099c3bfe0ed4b33e77f38cab3b221cd3b37,Peter Eisentraut,2025-04-29 19:16:11+02:00,Fix whitespace typo in string,2025,29
847bbb21f8c4eb0e2b47417684ad2ba9255c9e80,Daniel Gustafsson,2025-04-11 22:17:12+02:00,Fix recently introduced typos,2025,29
7bbc46213de9301795da90923a015070239c1fcc,Álvaro Herrera,2025-03-04 20:07:30+01:00,Fix ALTER TABLE error message,2025,29
c56e8af75e081383e05cf544f372506c8da4efe7,Nathan Bossart,2025-02-24 15:02:09-06:00,Fix comment for MAX_BACKENDS.,2025,29
0588656366687887d06b0b1f79c9adc142ea1595,Álvaro Herrera,2025-05-11 09:47:10-04:00,Fix comment of tsquerysend(),2025,28
e033696596566d422a0eae47adca371a210ed730,David Rowley,2025-03-10 13:36:04+13:00,Fix incorrect #endif comment,2025,28
979205e47bdc094787b10142e84a7634f7c720dd,Andres Freund,2025-02-10 12:12:14-05:00,Fix type in test_escape test,2025,28
69ab44651422c49a6256d1b6cca6c20b5060ad92,Álvaro Herrera,2025-01-09 07:39:05+01:00,Fix SLRU bank selection code,2025,28
473cb1b9512ef8ae5ec3ea42bcebeb7d39e79ce4,Peter Geoghegan,2025-12-10 19:31:13-05:00,Fix MULTIXACT_DEBUG builds.,2025,27
282d0bdee6192f1a859ee34672ae73abf49794dc,Peter Eisentraut,2025-09-15 08:31:11+02:00,jit: fix build with LLVM-21,2025,27
2106fe25a1c025a75effb7fefcbd47c68d4b9914,Michael Paquier,2025-08-02 19:54:23+09:00,Fix typo in foreign_key.sql,2025,27
0bc34ad69204dded9cd06d03c3ced656eb137dc3,John Naylor,2025-02-12 13:18:14+07:00,Doc: Fix punctuation errors,2025,27
ffdcc9c638eeb71d2e6990e27f91623736603b58,Michael Paquier,2025-12-30 16:42:21+09:00,Fix comment in lsyscache.c,2025,26
7bc88c3d6f3af3af5330c0e209c8a3c411267d00,Michael Paquier,2025-12-05 12:30:43+09:00,Fix some compiler warnings,2025,26
2e2e7ff7b891fcb880c1c221e41208dcb0787290,Peter Eisentraut,2025-08-15 10:32:35+02:00,Fix git whitespace warning,2025,26
113ecf1f8c8c783d4c5ffb4ff934fcb441b3bc2a,Peter Eisentraut,2025-04-01 15:28:22+02:00,Fix minor C type confusion,2025,26
123661427b974777ed00abcfa10443d0ca525b3c,Nathan Bossart,2025-10-27 10:30:05-05:00,Fix a couple of comments.,2025,25
fb9dff76635d4c32198f30a3cb503588d557d156,Tomas Vondra,2025-03-29 15:14:25+01:00,Fix grammar in GIN README,2025,25
549ea06e4217aca10d3a73dc09cf5018c51bc23a,Jeff Davis,2025-03-18 08:37:07-07:00,Fix headerscheck warning.,2025,25
0e5b14410e2bb54d191bbb7bb21a674ccabe768e,Álvaro Herrera,2025-01-07 20:07:32+01:00,Fix error message wording,2025,25
eee19a30d60dacf571f44c252f3f8d455fee2b4f,Michael Paquier,2025-12-26 07:53:46+09:00,Fix typo in stat_utils.c,2025,24
5cdbec5aa9dcf5b30ad68485abdb1ec88324999f,Michael Paquier,2025-12-19 14:33:38+09:00,Fix typos in gininsert.c,2025,24
2c0d8b95080e1d51c60d9c6f6a2e4460d6dfaf77,Peter Eisentraut,2025-06-22 14:13:46+02:00,meson: Fix meson warning,2025,24
ee1ae8b99f964ca1edc038dd558e541832164d52,Peter Eisentraut,2025-04-04 14:45:53+02:00,Fix crash/valgrind error,2025,24
cd83ed9a91bbd4d05fffd059161b060b7473f5ad,David Rowley,2025-12-15 17:17:04+13:00,Fix typo in tablecmds.c,2025,23
9d7e851a2118286f123fd8cfc699e3db9318fba8,Michael Paquier,2025-11-09 08:17:31+09:00,Fix comment in copyto.c,2025,23
006fc975a2b984249283e953900ac0ee814c5d6b,Michael Paquier,2025-07-15 16:05:59+09:00,Fix comments in index.c,2025,23
13a255c195c9911d6b66179f5c2344597dc47155,Peter Eisentraut,2025-01-24 17:45:55+01:00,Fix copy-and-paste typo,2025,23
b853e644d78d99ef1779c9bf7bc3944694460aa2,Tom Lane,2025-12-14 12:09:56-05:00,Fix double assignment.,2025,22
4d3f623ea887a7b6e74d7567e3e0c4b66fd58e50,Richard Guo,2025-11-19 11:04:03+09:00,Fix typo in nodeHash.c,2025,22
928da6ff1254f471941e43f9ad258cc6b1f037e4,Masahiko Sawada,2025-08-16 01:11:40-07:00,Fix typos in comments.,2025,22
6e91b9c16ff53fadf75a545aabe5907f1c046d2f,Etsuro Fujita,2025-05-03 19:10:00+09:00,Fix typos in comments.,2025,22
918e7287ed20eb1fe280ab6c4056ccf94dcd53a8,David Rowley,2025-04-30 19:18:30+12:00,Fix broken indentation,2025,22
796bdda484c838313959f65e2b700f14ac7c0e66,Robert Haas,2025-03-18 09:02:36-04:00,Fix indentation again.,2025,22
c2b0e3a0351e021dea9b61fe2f759570d3fedb70,Michael Paquier,2025-11-13 14:25:21+09:00,Fix indentation issue,2025,21
c67989789cec3953effca4e01dff834abff9116a,Amit Langote,2025-07-01 13:13:48+09:00,Fix typos in comments,2025,21
b955df443405e056fd9047ef819a1465654f9d79,David Rowley,2025-03-13 12:41:44+13:00,Fix indentation issue,2025,21
2509b857cc1067be628291864289f27325760477,Thomas Munro,2025-02-18 14:44:59+13:00,Fix typo in 2a8a0067.,2025,21
502e256f2262351e92994878eea3332da64834b0,Álvaro Herrera,2025-12-08 16:30:52+01:00,Unify error messages,2025,20
99139c46cbf2bda7880592c4e5da1ebf177888ac,Fujii Masao,2025-08-06 22:52:13+09:00,Fix typo in comment.,2025,20
d2e7068392b22218b83b7e275b77968027ac3d29,Heikki Linnakangas,2025-03-04 15:33:19+02:00,Fix outdated comment,2025,20
97698cc517c75d3cbb9c680aab3afd36e471b83a,Daniel Gustafsson,2025-01-12 23:44:39+01:00,Fix HBA option count,2025,20
bae9d2f892bc7733667fa68f416b5abd8dd2fc57,Heikki Linnakangas,2025-12-10 01:06:03+02:00,Fix typo in comment,2025,19
81a61fde84ffc74f7b3c7854ed4193cc4d31f78b,Peter Eisentraut,2025-09-09 15:33:46+02:00,Fix typo in comment,2025,19
a3994ec6acb27545300ce1e336e4d119d8000ba9,Álvaro Herrera,2025-06-26 18:33:48+02:00,Fix typo in comment,2025,19
5e6f9a9c4e7edbe110eab25f9fc05a6d136b950a,David Rowley,2025-04-22 11:10:08+12:00,Doc: various fixups,2025,19
47929324c522cecfa8e0f64c6833f1dc3a67a735,Peter Eisentraut,2025-03-20 10:44:12+01:00,Fix typo in comment,2025,19
6e826278f1ebd9967c0f8adda29c8960a812e344,Richard Guo,2025-01-13 11:27:32+09:00,Fix pgindent damage,2025,19
b4cbc106a6ced69a0a13a980e1b4b212bb127458,Nathan Bossart,2025-12-11 15:13:04-06:00,Fix some comments.,2025,18
fcce828529ee36ac452aead60fe95648bde3256c,Michael Paquier,2025-02-03 09:22:45+09:00,Fix typo in xlog.c,2025,18
d2ca16bb509c453eac181c1ef805ff55289df779,Jeff Davis,2025-01-25 00:12:30-08:00,Fix PDF doc build.,2025,18
7ea21f4ee2721be4239657e74c2ae8f88fb5a3ef,Thomas Munro,2025-04-08 22:02:45+12:00,Fix typo in docs.,2025,17
8b3e2c622a85208b94808c54d9b40b10b030d304,Peter Eisentraut,2025-11-28 08:33:07+01:00,Fix pg_isblank(),2025,16
748e98d05b752e05c0f860f35f17bb0ba83631ed,Peter Eisentraut,2025-04-02 14:46:47+02:00,Fix code comment,2025,16
203c1b4cc49455364b6bcab8034900d1c016b9cd,Robert Haas,2025-03-17 16:06:17-04:00,Fix indentation.,2025,16
86b276a4a9b4b2c63ef00765f0e2867e1bcac4ca,Peter Eisentraut,2025-11-19 10:41:28+01:00,Fix indentation,2025,15
00c977177956c4b4d12f8c6518d4269b086deca8,Peter Eisentraut,2025-07-30 09:51:45+02:00,Fix whitespace,2025,14
81a2625eb2e4608ba6ca41b2bf548dce8d81ced7,Álvaro Herrera,2025-07-03 16:27:09+02:00,Fix broken XML,2025,14
a6a4641252ed166ba187d7fbe0504ddb5a5f0e33,Peter Eisentraut,2025-06-30 11:38:18+02:00,Fix whitespace,2025,14
48c80aba7538d7c515d0c89f4d11f88974fee851,Álvaro Herrera,2025-06-26 18:25:05+02:00,docs: fix typo,2025,14
09a47c68e2fce446849ce0262eff1bfbf921fa18,Peter Eisentraut,2025-05-07 07:01:03+02:00,Fix whitespace,2025,14
122a9af5def2db78f2c2131958eab8873bfee93b,Amit Kapila,2025-03-18 14:18:09+05:30,Fix typo.,2025,9
77fb3959a45d1a748cb28f3f58da18c6645b45d3,Álvaro Herrera,2025-11-18 19:31:23+01:00,Fix typo,2025,8
0e3e0ec06b995f6809f315752cbf5ff67902e095,Álvaro Herrera,2025-03-24 17:36:44+01:00,Fix typo,2025,8
661781f3a3ed37249cd468db27050ab3d4d662b7,Peter Eisentraut,2025-03-08 08:06:30+01:00,Fix typo,2025,8
